event_id,timestamp,user_id,username,application,duration_minutes,device
APP031504,2026-06-01 07:43:00,U1078,michelle.miller,DocuSign,18,WKSTN-U1078
APP023111,2026-06-01 08:35:00,U1057,nancy.sanchez,Excel,55,WKSTN-U1057
APP014339,2026-06-01 08:40:00,U1035,nancy.rodriguez82,Excel,60,WKSTN-U1035
APP017116,2026-06-01 07:50:00,U1042,michael.hill56,Outlook,55,WKSTN-U1042
APP023498,2026-06-01 08:35:00,U1058,jennifer.ramirez18,Outlook,11,WKSTN-U1058
APP028731,2026-06-01 07:54:00,U1071,matthew.robinson35,docusign,69,WKSTN-U1071
APP029131,2026-06-01 08:44:00,U1072,kenneth.lopez,DocuSign,10,WKSTN-U1072
APP014341,2026-06-01 07:44:00,U1035,nancy.rodriguez82,Outlook,26,WKSTN-U1035
APP012296,2026-06-01 07:51:00,U1030,betty.rodriguez86,VSCode,,WKSTN-U1030
APP016310,2026-06-01 07:40:00,U1040,matthew.martin,Workday,84,WKSTN-U1040
APP019131,2026-06-01 07:03:00,U1047,sandra.lewis,Chrome,22,WKSTN-U1047
APP031503,2026-06-01 08:44:00,U1078,michelle.miller,Outlook,55,WKSTN-U1078
APP002424,2026-06-01 08:27:00,U1007,sarah.robinson82,SAP,35,WKSTN-U1007
APP021909,2026-06-01 08:40:00,U1054,anthony.martinez,Salesforce,81,WKSTN-U1054
APP016308,2026-06-01 07:58:00,U1040,matthew.martin,Workday,-80.0,WKSTN-U1040
APP022327,2026-06-01 08:44:00,U1055,patricia.wilson54,Outlook,81,WKSTN-U1055
APP010957,2026-06-01 08:21:00,U1027,patricia.brown75,Docker Desktop,6,WKSTN-U1027
APP038148,2026-06-01 07:31:00,U1093,sarah.clark44,  Wireshark ,14,WKSTN-U1093
APP039017,2026-06-01 08:22:00,U1095,richard.thomas74,Chrome,53,WKSTN-U1095
APP023499,2026-06-01 08:03:00,U1058,jennifer.ramirez18,Chrome,81,WKSTN-U1058
APP015938,2026-06-01 08:35:00,U1039,mark.thomas,Workday,3,WKSTN-U1039
APP009171,2026-06-01 08:33:00,U1023,richard.wright,Slack,15,WKSTN-U1023
APP037251,2026-06-01 07:54:00,U1091,linda.robinson,Slack,44,WKSTN-U1091
APP019130,2026-06-01 07:42:00,U1047,sandra.lewis,Zoom,57,WKSTN-U1047
APP010956,2026-06-01 08:06:00,U1027,patricia.brown75,VSCode,59,WKSTN-U1027
APP025517,2026-06-01 09:02:00,U1063,john.nguyen,Outlook,33,WKSTN-U1063
APP002426,2026-06-01 08:49:00,U1007,sarah.robinson82,QuickBooks,11,WKSTN-U1007
APP016728,2026-06-01 09:08:00,U1041,matthew.allen52,Excel,47,WKSTN-U1041
APP034080,2026-06-01 09:33:00,U1084,joshua.taylor,Active Directory Console,83,WKSTN-U1084
APP017525,2026-06-01 09:27:00,U1043,thomas.williams91,Excel,41,WKSTN-U1043
APP011860,2026-06-01 09:30:00,U1029,michelle.garcia54,Slack,63,WKSTN-U1029
APP001244,2026-06-01 09:27:00,U1004,elizabeth.wilson98,SAP,74,WKSTN-U1004
APP003951,2026-06-01 09:17:00,U1011,donna.ramirez75,Chrome,59,WKSTN-U1011
APP014338,2026-06-01 09:03:00,U1035,nancy.rodriguez82,Excel,45,WKSTN-U1035
APP017115,2026-06-01 09:18:00,U1042,michael.hill56,Excel,28,
APP032771,2026-06-01 09:32:00,U1081,margaret.davis,Active Directory Console,90,WKSTN-U1081
APP003587,2026-06-01 09:35:00,U1010,susan.young51,Outlook,57,WKSTN-U1010
APP011859,2026-06-01 09:00:00,U1029,michelle.garcia54,Git,77,
APP038144,2026-06-01 08:51:00,U1093,sarah.clark44,Slack,57,WKSTN-U1093
APP011858,2026-06-01 08:46:00,U1029,,Jenkins,90,WKSTN-U1029
APP025514,2026-06-01 09:36:00,U1063,john.nguyen,Word,19,WKSTN-U1063
APP036780,2026-06-01 08:52:00,U1090,mary.hill,Wireshark,87,WKSTN-U1090
APP037699,2026-06-01 09:23:00,U1092,steven.thomas,Chrome,4,WKSTN-U1092
APP017526,2026-06-01 09:16:00,U1043,thomas.williams91,Excel,37,WKSTN-U1043
APP035426,2026-06-01 08:53:00,U1087,  charles.sanchez ,Wireshark	,12,WKSTN-U1087
APP037698,2026-06-01 08:53:00,U1092,steven.thomas,Slack,16,WKSTN-U1092
APP019132,2026-06-01 08:54:00,U1047,sandra.lewis,Salesforce,36,WKSTN-U1047
APP020713,2026-06-01 09:18:00,U1051,sandra.king72,Outlook,86,WKSTN-U1051
APP014731,2026-06-01 09:01:00,U1036,,Outlook,43,WKSTN-U1036
APP034079,2026-06-01 09:27:00,U1084,joshua.taylor,Terminal,56,WKSTN-U1084
APP013944,2026-06-01 10:03:00,U1034,thomas.allen63,Outlook,5,WKSTN-U1034
APP006429,2026-06-01 10:00:00,U1017,emily.hernandez34,Jenkins,75,WKSTN-U1017
APP006431,2026-06-01 09:51:00,U1017,emily.hernandez34,Jenkins,51,WKSTN-U1017
APP005574,2026-06-01 10:13:00,U1015,lisa.hernandez,QuickBooks,31,WKSTN-U1015
APP033645,2026-06-01 10:13:00,U1083,,Slack,51,WKSTN-U1083
APP030720,2026-06-01 09:48:00,U1076,john.torres,Word,83,WKSTN-U1076
APP024691,2026-06-01 10:25:00,U1061,jessica.rodriguez,Outlook,15,WKSTN-U1061
APP002423,2026-06-01 10:02:00,U1007,sarah.robinson82,QuickBooks,70,WKSTN-U1007
APP008718,2026-06-01 09:46:00,U1022,sandra.brown,VSCode,66,WKSTN-U1022
APP037697,2026-06-01 09:43:00,U1092,steven.thomas,Active Directory Console,31,WKSTN-U1092
APP029932,2026-06-01 10:09:00,U1074,  sarah.williams7 ,Chrome,26,WKSTN-U1074
APP012295,2026-06-01 09:48:00,U1030,betty.rodriguez86,Chrome,34,WKSTN-U1030
APP009623,2026-06-01 10:05:00,U1024,emily.miller,Chrome,2,WKSTN-U1024
APP036343,2026-06-01 10:11:00,U1089,paul.brown27,Slack,72,WKSTN-U1089
APP000404,2026-06-01 09:57:00,U1002,donna.ramirez,Outlook,15,WKSTN-U1002
APP001247,2026-06-01 09:50:00,U1004,elizabeth.wilson98,Excel,69,WKSTN-U1004
APP030721,2026-06-01 10:16:00,U1076,john.torres,Outlook,76,WKSTN-U1076
APP019912,2026-06-01 09:55:00,U1049,michelle.jones59,Zoom,23,WKSTN-U1049
APP004328,2026-06-01 10:13:00,U1012,linda.martinez,chrome,19,WKSTN-U1012
APP002422,2026-06-01 10:20:00,U1007,sarah.robinson82,Excel,13,
APP003589,2026-06-01 10:10:00,U1010,susan.young51,Outlook,,WKSTN-U1010
APP026740,2026-06-01 09:51:00,U1066,michelle.wright62,Word,5,WKSTN-U1066
APP029540,2026-06-01 10:15:00,U1073,  michael.gonzalez ,Chrome	,25,WKSTN-U1073
APP038147,2026-06-01 10:18:00,U1093,sarah.clark44,Terminal,82,WKSTN-U1093
APP028732,2026-06-01 09:44:00,U1071,matthew.robinson35,DocuSign,69,WKSTN-U1071
APP004745,2026-06-01 10:39:00,U1013,emily.smith,Excel,51,
APP025906,2026-06-01 10:52:00,U1064,matthew.wright55,Chrome,46,WKSTN-U1064
APP039410,2026-06-01 10:37:00,U1096,david.allen76,Outlook	,73,WKSTN-U1096
APP002026,2026-06-01 10:57:00,U1006,george.gonzalez,QuickBooks,89,WKSTN-U1006
APP006928,2026-06-01 10:33:00,U1018,betty.white57,VSCode,67,WKSTN-U1018
APP000009,2026-06-01 10:40:00,U1001,linda.johnson95,SAP,74,WKSTN-U1001	
APP009619,2026-06-01 10:56:00,U1024,emily.miller,Jenkins,11,WKSTN-U1024
APP030342,2026-06-01 10:53:00,U1075,,Chrome,7,WKSTN-U1075
APP008270,2026-06-01 10:42:00,U1021,jessica.walker,Slack,55,WKSTN-U1021
APP005182,2026-06-01 10:37:00,U1014,james.taylor,  QuickBooks ,71,WKSTN-U1014
APP020712,2026-06-01 10:55:00,U1051,sandra.king72,Outlook,3,WKSTN-U1051
APP000406,2026-06-01 10:44:00,U1002,DONNA.RAMIREZ,,46,WKSTN-U1002
APP037696,2026-06-01 10:52:00,U1092,steven.thomas,Terminal,26,WKSTN-U1092
APP004330,2026-06-01 10:42:00,U1012,linda.martinez,SAP,89,WKSTN-U1012
APP022718,2026-06-01 10:45:00,U1056,anthony.clark,Salesforce,39,WKSTN-U1056
APP005983,2026-06-01 10:53:00,U1016,patricia.thomas,Slack,60,WKSTN-U1016
APP030344,2026-06-01 10:28:00,U1075,steven.lewis,DocuSign,57,WKSTN-U1075
APP000826,2026-06-01 10:57:00,U1003,KENNETH.CLARK29,Chrome,29,WKSTN-U1003
APP005183,2026-06-01 10:57:00,U1014,james.taylor,Chrome,57,WKSTN-U1014
APP034546,2026-06-01 10:45:00,U1085,barbara.walker67	,Chrome,48,WKSTN-U1085
APP029931,2026-06-01 10:57:00,U1074,sarah.williams7,Outlook,29,WKSTN-U1074
APP034547,2026-06-01 10:44:00,U1085,barbara.walker67,Terminal,3,WKSTN-U1085
APP012739,2026-06-01 10:32:00,U1031,john.wright28,Workday,76,WKSTN-U1031
APP029541,2026-06-01 10:51:00,U1073,michael.gonzalez,DocuSign,70,WKSTN-U1073
APP025516,2026-06-01 10:27:00,U1063,john.nguyen,Chrome,14,WKSTN-U1063
APP023501,2026-06-01 11:08:00,U1058,jennifer.ramirez18,Chrome,59,WKSTN-U1058
APP013943,2026-06-01 11:37:00,U1034,thomas.allen63,Chrome,50,WKSTN-U1034
APP005184,2026-06-01 10:58:00,U1014,james.taylor,Outlook,7,WKSTN-U1014
APP026741,2026-06-01 11:18:00,U1066,michelle.wright62,Chrome,88,WKSTN-U1066
APP007824,2026-06-01 11:15:00,U1020,andrew.thomas36,Chrome,72,WKSTN-U1020
APP040617,2026-06-01 11:04:00,U1099,joseph.garcia,,60,WKSTN-U1099
APP040231,2026-06-01 11:33:00,U1098,nancy.wright49,PowerPoint,41,WKSTN-U1098
APP033644,2026-06-01 11:33:00,U1083,sarah.allen70,Terminal,55,WKSTN-U1083
APP003950,2026-06-01 11:18:00,U1011,donna.ramirez75,QuickBooks,72,WKSTN-U1011
APP005573,2026-06-01 11:02:00,U1015,lisa.hernandez,Chrome,69,WKSTN-U1015
APP012740,2026-06-01 11:14:00,U1031,john.wright28,Chrome,6,WKSTN-U1031
APP021908,2026-06-01 11:04:00,U1054,anthony.martinez,Excel,41,WKSTN-U1054
APP016307,2026-06-01 11:34:00,U1040,matthew.martin,Chrome,51,WKSTN-U1040
APP029130,2026-06-01 10:57:00,U1072,kenneth.lopez,DocuSign,35,WKSTN-U1072
APP040229,2026-06-01 11:06:00,U1098,nancy.wright49	,Chrome,9,WKSTN-U1098
APP013556,2026-06-01 11:26:00,U1033,linda.miller,Workday,86,WKSTN-U1033
APP019547,2026-06-01 11:33:00,U1048,jennifer.thomas87,Outlook,13,WKSTN-U1048
APP011432,2026-06-01 11:04:00,U1028,john.hill,Slack,72,WKSTN-U1028
APP021906,2026-06-01 11:21:00,U1054,anthony.martinez,Salesforce,11,WKSTN-U1054
APP034981,2026-06-01 11:39:00,U1086,steven.thompson53	,Chrome,5,WKSTN-U1086
APP032770,2026-06-01 11:26:00,U1081,margaret.davis,Active Directory Console,18,WKSTN-U1081
APP034982,2026-06-01 11:28:00,U1086,steven.thompson53,Chrome,23,  WKSTN-U1086 
APP014340,2026-06-01 11:05:00,U1035,nancy.rodriguez82,  Workday ,46,WKSTN-U1035
APP026299,2026-06-01 11:05:00,U1065,michael.ramirez47,Chrome,71,WKSTN-U1065
APP040985,2026-06-01 11:09:00,U1100,daniel.brown38,Outlook,40,WKSTN-U1100
APP028327,2026-06-01 11:47:00,U1070,betty.thomas40,Word,35,WKSTN-U1070
APP004327,2026-06-01 11:50:00,U1012,linda.martinez,SAP,16,WKSTN-U1012
APP035427,2026-06-01 11:53:00,U1087,,Chrome,48,WKSTN-U1087
APP022719,2026-06-01 11:53:00,U1056,anthony.clark,Outlook,26,WKSTN-U1056
APP018717,2026-06-01 12:06:00,U1046,michelle.torres39,  Chrome ,27,WKSTN-U1046
APP006929,2026-06-01 11:45:00,U1018,betty.white57,Git,,WKSTN-U1018
APP010064,2026-06-01 11:44:00,U1025,betty.brown22,CHROME,12,WKSTN-U1025
APP012741,2026-06-01 11:49:00,U1031,john.wright28,  Excel ,35,WKSTN-U1031
APP022328,2026-06-01 11:47:00,U1055,patricia.wilson54,Outlook,45,WKSTN-U1055
APP014337,2026-06-01 11:41:00,U1035,nancy.rodriguez82,Outlook,54,WKSTN-U1035
APP035872,2026-06-01 12:01:00,U1088,andrew.smith85,Wireshark,38,WKSTN-U1088
APP018716,2026-06-01 12:21:00,U1046,michelle.torres39,Chrome,74,WKSTN-U1046
APP021499,2026-06-01 12:20:00,U1053,john.jackson31	,Chrome,89,WKSTN-U1053
APP016309,2026-06-01 11:49:00,U1040,matthew.martin,Excel,75,WKSTN-U1040
APP013149,2026-06-01 12:22:00,U1032,paul.wright91,Chrome,42,WKSTN-U1032
APP012294,2026-06-01 12:04:00,U1030,betty.rodriguez86,Docker Desktop,63,
APP020299,2026-06-01 11:42:00,U1050,michael.ramirez	,Chrome,76,WKSTN-U1050
APP000405,2026-06-01 12:16:00,U1002,donna.ramirez,Outlook,12,WKSTN-U1002
APP039016,2026-06-01 11:55:00,U1095,richard.thomas74,Zoom,33,WKSTN-U1095
APP024693,2026-06-01 12:15:00,U1061,jessica.rodriguez,Excel,48,WKSTN-U1061
APP040987,2026-06-01 12:12:00,U1100,daniel.brown38,Excel,50,WKSTN-U1100
APP039411,2026-06-01 11:52:00,U1096,david.allen76,,28,WKSTN-U1096
APP015537,2026-06-01 12:03:00,U1038,emily.clark,Excel,86,WKSTN-U1038
APP014732,2026-06-01 11:49:00,U1036,linda.jones,Workday,33,WKSTN-U1036
APP021105,2026-06-01 11:57:00,U1052,paul.taylor,Excel,45,WKSTN-U1052
APP031914,2026-06-01 12:34:00,U1079,emily.jones,PuTTY,3,WKSTN-U1079
APP008719,2026-06-01 12:33:00,U1022,sandra.brown,Docker Desktop,8,WKSTN-U1022
APP002805,2026-06-01 12:47:00,U1008,joshua.hernandez,SAP,37,WKSTN-U1008
APP018314,2026-06-01 12:48:00,U1045,daniel.sanchez90,Workday,88,  WKSTN-U1045 
APP031110,2026-06-01 12:25:00,U1077,kimberly.harris58,Chrome,62,WKSTN-U1077
APP000407,2026-06-01 12:24:00,U1002,donna.ramirez,QuickBooks,60,WKSTN-U1002
APP001634,2026-06-01 12:27:00,U1005,robert.robinson,QuickBooks,61,
APP033203,2026-06-01 12:48:00,U1082,karen.hill96,PuTTY,73,WKSTN-U1082
APP038589,2026-06-01 12:24:00,U1094,elizabeth.lewis69,Terminal,11,WKSTN-U1094
APP006430,2026-06-01 12:31:00,U1017,emily.hernandez34,Slack,74,WKSTN-U1017
APP028326,2026-06-01 12:48:00,U1070,betty.thomas40,Chrome,26,WKSTN-U1070
APP005982,2026-06-01 12:25:00,U1016,,Git,55,WKSTN-U1016
APP003591,2026-06-01 12:32:00,U1010,,QuickBooks,63,WKSTN-U1010
APP008267,2026-06-01 12:38:00,U1021,jessica.walker,Slack,83,WKSTN-U1021
APP025114,2026-06-01 12:25:00,U1062,william.martin,Zoom,90,WKSTN-U1062
APP017117,2026-06-01 12:47:00,U1042,michael.hill56,Chrome,66,WKSTN-U1042
APP015535,2026-06-01 12:25:00,U1038,emily.clark,Workday,76,WKSTN-U1038
APP029933,2026-06-01 12:41:00,U1074,sarah.williams7,DocuSign,25,WKSTN-U1074
APP040984,2026-06-01 12:31:00,U1100,daniel.brown38,Chrome,66,WKSTN-U1100
APP037700,2026-06-01 12:24:00,U1092,steven.thomas,Slack,45,WKSTN-U1092
APP007385,2026-06-01 12:26:00,U1019,donna.anderson,Git,60,WKSTN-U1019
APP003590,2026-06-01 12:23:00,U1010,susan.young51,Excel,36,WKSTN-U1010
APP029929,2026-06-01 12:41:00,U1074,sarah.williams7,Outlook,54,WKSTN-U1074
APP018718,2026-06-01 12:48:00,U1046,michelle.torres39,Excel,51,WKSTN-U1046	
APP025518,2026-06-01 12:46:00,U1063,john.nguyen,DocuSign,66,WKSTN-U1063
APP011857,2026-06-01 13:16:00,U1029,michelle.garcia54,Chrome,11,WKSTN-U1029
APP002030,2026-06-01 13:17:00,U1006,george.gonzalez,SAP,47,WKSTN-U1006
APP019911,2026-06-01 13:11:00,U1049,michelle.jones59,Excel,17,WKSTN-U1049
APP001245,2026-06-01 13:17:00,U1004,elizabeth.wilson98,QuickBooks,16,WKSTN-U1004
APP025515,2026-06-01 12:49:00,U1063,john.nguyen,DocuSign,67,WKSTN-U1063
APP036778,2026-06-01 12:54:00,U1090,mary.hill,PuTTY,62,WKSTN-U1090
APP021500,2026-06-01 12:50:00,U1053,john.jackson31,Salesforce,25,WKSTN-U1053
APP036779,2026-06-01 13:16:00,U1090,mary.hill,PuTTY,58,WKSTN-U1090
APP022326,2026-06-01 13:17:00,U1055,patricia.wilson54,Zoom,8,WKSTN-U1055
APP013148,2026-06-01 13:10:00,U1032,paul.wright91,Chrome,58,WKSTN-U1032
APP013942,2026-06-01 13:16:00,U1034,thomas.allen63,Chrome,6,  WKSTN-U1034 
APP039823,2026-06-01 13:09:00,U1097,mark.martinez10,Excel,72,WKSTN-U1097
APP030343,2026-06-01 12:56:00,U1075,steven.lewis,Outlook,7,WKSTN-U1075
APP021106,2026-06-01 13:08:00,U1052,paul.taylor,Salesforce,59,WKSTN-U1052
APP011433,2026-06-01 13:08:00,U1028,john.hill,Chrome,29,WKSTN-U1028
APP009169,2026-06-01 13:12:00,U1023,richard.wright,Git,42,WKSTN-U1023
APP005185,2026-06-01 12:58:00,U1014,james.taylor,Excel,17,WKSTN-U1014
APP002807,2026-06-01 13:18:00,U1008,joshua.hernandez,OUTLOOK,24,WKSTN-U1008
APP037254,2026-06-01 13:21:00,U1091,linda.robinson,Terminal,77,WKSTN-U1091
APP030341,2026-06-01 13:05:00,U1075,steven.lewis,Word,34,WKSTN-U1075
APP013554,2026-06-01 13:04:00,U1033,linda.miller,Outlook,33,WKSTN-U1033
APP014733,2026-06-01 13:14:00,U1036,linda.jones,Outlook,48,WKSTN-U1036
APP033643,2026-06-01 13:01:00,U1083,sarah.allen70,Wireshark,88,WKSTN-U1083
APP017916,2026-06-01 12:59:00,U1044,lisa.ramirez9,Chrome,12,WKSTN-U1044
APP027504,2026-06-01 12:56:00,U1068,susan.thompson34,Chrome,49,WKSTN-U1068	
APP008268,2026-06-01 13:53:00,U1021,jessica.walker,VSCode,53,WKSTN-U1021
APP002029,2026-06-01 13:45:00,U1006,george.gonzalez,Outlook,50,WKSTN-U1006
APP018315,2026-06-01 13:57:00,U1045,daniel.sanchez90,Chrome,88,WKSTN-U1045
APP026742,2026-06-01 13:25:00,U1066,michelle.wright62,Word,39,WKSTN-U1066
APP017915,2026-06-01 13:58:00,U1044,lisa.ramirez9,Outlook,57,WKSTN-U1044
APP039824,2026-06-01 13:35:00,U1097,mark.martinez10,PowerPoint,-7.0,WKSTN-U1097	
APP024692,2026-06-01 13:46:00,U1061,jessica.rodriguez,  Chrome ,56,WKSTN-U1061
APP029129,2026-06-01 13:33:00,U1072,kenneth.lopez,Outlook,70,WKSTN-U1072
APP023112,2026-06-01 13:33:00,U1057,nancy.sanchez,Chrome,50,WKSTN-U1057
APP039408,2026-06-01 13:28:00,U1096,david.allen76,Outlook,16,WKSTN-U1096
APP015534,2026-06-01 13:54:00,U1038,emily.clark,Excel,11,
APP031912,2026-06-01 13:49:00,U1079,emily.jones,Chrome,32,WKSTN-U1079
APP005575,2026-06-01 13:37:00,U1015,,Chrome,,WKSTN-U1015
APP031913,2026-06-01 13:30:00,U1079,emily.jones,Active Directory Console,74,WKSTN-U1079
APP016727,2026-06-01 13:45:00,U1041,matthew.allen52,Workday,58,WKSTN-U1041
APP027120,2026-06-01 13:54:00,U1067,PAUL.THOMAS97,Outlook,31,WKSTN-U1067
APP008269,2026-06-01 13:40:00,U1021,jessica.walker,Slack,30,WKSTN-U1021
APP023889,2026-06-01 13:41:00,U1059,daniel.perez98,Excel,78,WKSTN-U1059
APP001635,2026-06-01 13:51:00,U1005,robert.robinson,Excel,84,WKSTN-U1005
APP022716,2026-06-01 13:52:00,U1056,anthony.clark,Salesforce,16,WKSTN-U1056
APP018719,2026-06-01 13:23:00,U1046,michelle.torres39,Workday,68,WKSTN-U1046
APP022329,2026-06-01 13:47:00,U1055,patricia.wilson54,Zoom,61,WKSTN-U1055
APP034980,2026-06-01 13:29:00,U1086,steven.thompson53,Active Directory Console,43,
APP025115,2026-06-01 13:52:00,U1062,william.martin,Outlook,85,WKSTN-U1062
APP023110,2026-06-01 13:34:00,U1057,nancy.sanchez,Outlook,10,WKSTN-U1057
APP034545,2026-06-01 14:04:00,U1085,barbara.walker67,chrome,12,WKSTN-U1085
APP001246,2026-06-01 14:07:00,U1004,elizabeth.wilson98,Outlook,90,WKSTN-U1004
APP003177,2026-06-01 14:34:00,U1009,daniel.brown,Excel,10,WKSTN-U1009
APP004746,2026-06-01 14:40:00,U1013,emily.smith,QuickBooks,56,WKSTN-U1013
APP040228,2026-06-01 14:15:00,U1098,nancy.wright49,Excel,9,WKSTN-U1098
APP010510,2026-06-01 14:29:00,U1026,elizabeth.gonzalez,Slack,84,  WKSTN-U1026 
APP015536,2026-06-01 14:22:00,U1038,emily.clark,Excel,79,WKSTN-U1038
APP002806,2026-06-01 14:11:00,U1008,,Excel,90,WKSTN-U1008
APP036342,2026-06-01 14:12:00,U1089,paul.brown27,Slack,27,WKSTN-U1089
APP010511,2026-06-01 13:58:00,U1026,elizabeth.gonzalez,Slack,,WKSTN-U1026
APP024304,2026-06-01 14:25:00,U1060,matthew.anderson,Salesforce,72,WKSTN-U1060
APP005576,2026-06-01 14:27:00,U1015,lisa.hernandez,Excel,8,WKSTN-U1015
APP038587,2026-06-01 14:32:00,U1094,elizabeth.lewis69,Slack,75,WKSTN-U1094
APP007384,2026-06-01 14:39:00,U1019,donna.anderson,Chrome,70,WKSTN-U1019
APP037253,2026-06-01 14:39:00,U1091,linda.robinson,Wireshark,65,WKSTN-U1091
APP027888,2026-06-01 14:33:00,U1069,JESSICA.CLARK,Word,71,WKSTN-U1069
APP035873,2026-06-01 14:09:00,U1088,andrew.smith85,PuTTY,75,
APP037252,2026-06-01 14:34:00,U1091,linda.robinson,Active Directory Console,78,WKSTN-U1091
APP009170,2026-06-01 14:06:00,U1023,richard.wright,Slack,17,WKSTN-U1023
APP038145,2026-06-01 14:13:00,U1093,sarah.clark44,Active Directory Console,36,WKSTN-U1093
APP000825,2026-06-01 14:26:00,U1003,kenneth.clark29,Chrome,76,WKSTN-U1003
APP039018,2026-06-01 14:14:00,U1095,richard.thomas74,Excel	,,WKSTN-U1095
APP030722,2026-06-01 14:11:00,U1076,john.torres,Word,60,WKSTN-U1076
APP039820,2026-06-01 14:29:00,U1097,mark.martinez10,Zoom,43,WKSTN-U1097
APP040230,2026-06-01 14:18:00,U1098,nancy.wright49,PowerPoint,5,WKSTN-U1098
APP032333,2026-06-01 14:55:00,U1080,joseph.jackson91,Wireshark,79,WKSTN-U1080
APP010065,2026-06-01 14:43:00,U1025,betty.brown22,VSCode,57,WKSTN-U1025
APP025907,2026-06-01 14:51:00,U1064,matthew.wright55,Outlook,89,WKSTN-U1064
APP004329,2026-06-01 15:19:00,U1012,linda.martinez,Chrome,88,WKSTN-U1012
APP002028,2026-06-01 15:03:00,U1006,george.gonzalez,Excel,48,WKSTN-U1006
APP030340,2026-06-01 14:52:00,U1075,steven.lewis,Outlook,14,WKSTN-U1075
APP022717,2026-06-01 15:20:00,U1056,anthony.clark,Excel,64,WKSTN-U1056
APP000011,2026-06-01 14:41:00,U1001,linda.johnson95,outlook,38,WKSTN-U1001
APP027121,2026-06-01 14:55:00,U1067,paul.thomas97,Chrome,35,WKSTN-U1067
APP031109,2026-06-01 15:20:00,U1077,kimberly.harris58,Chrome,17,WKSTN-U1077
APP009621,2026-06-01 14:48:00,U1024,emily.miller,VSCode,,WKSTN-U1024
APP028730,2026-06-01 15:13:00,U1071,matthew.robinson35,DocuSign,15,WKSTN-U1071
APP035425,2026-06-01 15:22:00,U1087,charles.sanchez,Wireshark,9,WKSTN-U1087
APP024302,2026-06-01 15:13:00,U1060,matthew.anderson,Chrome,62,WKSTN-U1060
APP000013,2026-06-01 15:10:00,U1001,linda.johnson95,QuickBooks,30,WKSTN-U1001
APP031111,2026-06-01 15:01:00,U1077,kimberly.harris58,Chrome,44,WKSTN-U1077
APP027503,2026-06-01 14:54:00,U1068,susan.thompson34,Outlook,59,
APP036341,2026-06-01 14:43:00,U1089,paul.brown27,PuTTY,26,WKSTN-U1089
APP012297,2026-06-01 14:54:00,U1030,betty.rodriguez86,Git,55,WKSTN-U1030
APP038146,2026-06-01 14:42:00,U1093,sarah.clark44	,Slack,5,WKSTN-U1093
APP029930,2026-06-01 14:58:00,U1074,sarah.williams7,DocuSign,77,WKSTN-U1074
APP031112,2026-06-01 14:49:00,U1077,kimberly.harris58,Word,80,WKSTN-U1077
APP000012,2026-06-01 14:57:00,U1001,linda.johnson95,Excel,79,WKSTN-U1001
APP024303,2026-06-01 15:10:00,U1060,matthew.anderson,salesforce,32,WKSTN-U1060
APP003176,2026-06-01 14:48:00,U1009,daniel.brown,quickbooks,63,WKSTN-U1009
APP023500,2026-06-01 15:42:00,U1058,jennifer.ramirez18,Zoom,28,WKSTN-U1058
APP034081,2026-06-01 15:30:00,U1084,joshua.taylor,Wireshark,75,WKSTN-U1084
APP010509,2026-06-01 15:34:00,U1026,elizabeth.gonzalez,Slack,5,WKSTN-U1026
APP021907,2026-06-01 15:41:00,U1054,anthony.martinez,Chrome,19,WKSTN-U1054
APP032772,2026-06-01 15:30:00,U1081,margaret.davis,Wireshark,86,WKSTN-U1081
APP019546,2026-06-01 15:40:00,U1048,jennifer.thomas87,  Chrome ,-71.0,
APP038588,2026-06-01 15:39:00,U1094,elizabeth.lewis69,Terminal,45,WKSTN-U1094
APP023888,2026-06-01 15:47:00,U1059,,Excel,55,WKSTN-U1059
APP028729,2026-06-01 15:39:00,U1071,matthew.robinson35,DocuSign,27,WKSTN-U1071
APP036340,2026-06-01 15:49:00,U1089,paul.brown27,Slack,50,WKSTN-U1089
APP007823,2026-06-01 15:51:00,U1020,  andrew.thomas36 ,VSCode,23,WKSTN-U1020
APP027889,2026-06-01 15:50:00,U1069,jessica.clark,DocuSign,39,WKSTN-U1069
APP003588,2026-06-01 15:35:00,U1010,  susan.young51 ,Outlook,56,WKSTN-U1010
APP024694,2026-06-01 15:49:00,U1061,jessica.rodriguez,Zoom,8,WKSTN-U1061
APP011434,2026-06-01 15:22:00,U1028,john.hill,Slack,83,WKSTN-U1028
APP036339,2026-06-01 15:40:00,U1089,paul.brown27,Slack,,WKSTN-U1089
APP008717,2026-06-01 15:51:00,U1022,sandra.brown,,76,WKSTN-U1022
APP000010,2026-06-01 15:42:00,U1001,linda.johnson95,SAP,79,WKSTN-U1001
APP039015,2026-06-01 15:31:00,U1095,,Outlook,62,WKSTN-U1095
APP008266,2026-06-01 15:38:00,U1021,jessica.walker,,85,WKSTN-U1021
APP002027,2026-06-01 15:40:00,U1006,,QuickBooks,42,WKSTN-U1006
APP009172,2026-06-01 15:43:00,U1023,richard.wright,Docker Desktop,42,WKSTN-U1023
APP008716,2026-06-01 15:28:00,U1022,sandra.brown,VSCode,40,WKSTN-U1022
APP015937,2026-06-01 15:24:00,U1039,  mark.thomas ,Outlook	,79,WKSTN-U1039
APP026300,2026-06-01 15:32:00,U1065,michael.ramirez47,Outlook,41,WKSTN-U1065
APP039821,2026-06-01 16:01:00,U1097,mark.martinez10,Chrome,78,WKSTN-U1097
APP031911,2026-06-01 15:58:00,U1079,emily.jones,Active Directory Console,34,WKSTN-U1079
APP039822,2026-06-01 16:15:00,U1097,mark.martinez10,Excel,41,WKSTN-U1097
APP035428,2026-06-01 16:24:00,U1087,charles.sanchez,Slack,55,WKSTN-U1087
APP040986,2026-06-01 16:00:00,U1100,daniel.brown38,PowerPoint,87,WKSTN-U1100
APP002425,2026-06-01 15:57:00,U1007,sarah.robinson82,SAP,16,WKSTN-U1007
APP013945,2026-06-01 16:04:00,U1034,thomas.allen63,Workday,49,WKSTN-U1034
APP039412,2026-06-01 17:10:00,U1096,david.allen76,Excel,82,WKSTN-U1096
APP015117,2026-06-01 16:14:00,U1037,robert.martin,CHROME,35,WKSTN-U1037
APP011435,2026-06-01 17:07:00,U1028,john.hill,Slack,8,WKSTN-U1028
APP040616,2026-06-01 16:02:00,U1099,joseph.garcia,Zoom,25,WKSTN-U1099
APP009622,2026-06-01 15:52:00,U1024,emily.miller,Git,87,WKSTN-U1024
APP010066,2026-06-01 16:13:00,U1025,betty.brown22,Git,34,WKSTN-U1025
APP022715,2026-06-01 17:05:00,U1056,anthony.clark,Outlook,3,WKSTN-U1056
APP021501,2026-06-01 16:45:00,U1053,JOHN.JACKSON31,Zoom,82,WKSTN-U1053
APP033202,2026-06-01 16:03:00,U1082,karen.hill96,Wireshark,68,WKSTN-U1082
APP010068,2026-06-01 16:39:00,U1025,betty.brown22,Docker Desktop,6000.0,WKSTN-U1025
APP015116,2026-06-01 15:57:00,U1037,robert.martin,Excel,68,WKSTN-U1037
APP032769,2026-06-01 17:04:00,U1081,margaret.davis,Chrome,39,WKSTN-U1081
APP020300,2026-06-01 16:01:00,U1050,michael.ramirez,Outlook,76,WKSTN-U1050
APP032334,2026-06-01 16:25:00,U1080,joseph.jackson91,WIRESHARK,72,WKSTN-U1080
APP009620,2026-06-01 16:17:00,U1024,emily.miller,Slack,61,WKSTN-U1024
APP023497,2026-06-01 16:18:00,U1058,jennifer.ramirez18,Zoom,65,WKSTN-U1058
APP010067,2026-06-01 16:36:00,U1025,betty.brown22,,30,WKSTN-U1025
APP028733,2026-06-01 16:05:00,U1071,matthew.robinson35,Chrome,71,WKSTN-U1071
APP032790,2026-06-02 07:48:00,U1081,margaret.davis,Chrome,5,WKSTN-U1081
APP021502,2026-06-01 17:13:00,U1053,john.jackson31,Outlook,40,WKSTN-U1053
APP038609,2026-06-02 07:08:00,U1094,elizabeth.lewis69,Terminal,65,WKSTN-U1094
APP009192,2026-06-02 07:49:00,U1023,richard.wright,Slack,3,WKSTN-U1023
APP026322,2026-06-02 08:01:00,U1065,michael.ramirez47,Chrome,44,WKSTN-U1065
APP004764,2026-06-02 08:02:00,U1013,emily.smith,Outlook,74,WKSTN-U1013
APP029151,2026-06-02 08:10:00,U1072,kenneth.lopez,Word,43,WKSTN-U1072
APP028753,2026-06-02 08:03:00,U1071,matthew.robinson35,Word,48,WKSTN-U1071
APP025925,2026-06-02 07:46:00,U1064,matthew.wright55	,Chrome,22,WKSTN-U1064
APP014747,2026-06-02 08:26:00,U1036,linda.jones,Excel,34,WKSTN-U1036
APP018333,2026-06-02 08:26:00,U1045,daniel.sanchez90,Chrome,40,
APP025537,2026-06-02 07:48:00,U1063,john.nguyen,Chrome,7,WKSTN-U1063
APP041002,2026-06-02 07:26:00,U1100,daniel.brown38,Excel,10,WKSTN-U1100
APP039409,2026-06-01 17:22:00,U1096,david.allen76,PowerPoint,82,WKSTN-U1096
APP013168,2026-06-02 08:27:00,U1032,paul.wright91,Excel,84,  WKSTN-U1032 
APP034099,2026-06-02 08:34:00,U1084,JOSHUA.TAYLOR,Slack,75,WKSTN-U1084
APP013555,2026-06-01 17:44:00,U1033,linda.miller,Excel,24,WKSTN-U1033
APP006453,2026-06-02 08:11:00,U1017,emily.hernandez34,Chrome,78,WKSTN-U1017
APP035451,2026-06-02 07:59:00,U1087,charles.sanchez,Active Directory Console,77,WKSTN-U1087
APP031129,2026-06-02 08:35:00,U1077,kimberly.harris58,Word,18,WKSTN-U1077
APP000838,2026-06-02 08:02:00,U1003,kenneth.clark29,Chrome,83,WKSTN-U1003
APP014748,2026-06-02 07:58:00,U1036,linda.jones,Excel	,45,WKSTN-U1036
APP033668,2026-06-02 07:34:00,U1083,sarah.allen70,Active Directory Console,12,WKSTN-U1083
APP013960,2026-06-02 08:18:00,U1034,thomas.allen63,Workday,18,WKSTN-U1034
APP000030,2026-06-02 08:29:00,U1001,linda.johnson95,Excel,70,WKSTN-U1001
APP031521,2026-06-02 09:29:00,U1078,michelle.miller,Outlook,67,  WKSTN-U1078 
APP035449,2026-06-02 08:59:00,U1087,charles.sanchez,Active Directory Console,47,WKSTN-U1087
APP011457,2026-06-02 09:23:00,U1028,john.hill,Git,11,WKSTN-U1028
APP013959,2026-06-02 09:06:00,U1034,thomas.allen63,Workday,14,WKSTN-U1034
APP012759,2026-06-02 08:53:00,U1031,john.wright28,Chrome,29,WKSTN-U1031
APP010978,2026-06-02 09:26:00,U1027,patricia.brown75,JENKINS,54,WKSTN-U1027
APP002821,2026-06-02 09:24:00,U1008,joshua.hernandez,Chrome,74,WKSTN-U1008
APP010976,2026-06-02 09:17:00,U1027,patricia.brown75,VSCode,3,WKSTN-U1027
APP026765,2026-06-02 08:47:00,U1066,michelle.wright62,Outlook,38,WKSTN-U1066
APP031131,2026-06-02 08:39:00,U1077,kimberly.harris58,Word,53,WKSTN-U1077
APP029945,2026-06-02 09:03:00,U1074,sarah.williams7,Outlook,13,WKSTN-U1074
APP028752,2026-06-02 09:04:00,U1071,matthew.robinson35,Word,30,WKSTN-U1071
APP019562,2026-06-02 09:13:00,U1048,jennifer.thomas87,Excel,82,WKSTN-U1048
APP006944,2026-06-02 09:31:00,U1018,betty.white57,Slack,15,WKSTN-U1018
APP027517,2026-06-02 09:05:00,U1068,susan.thompson34,Outlook,85,WKSTN-U1068
APP000031,2026-06-02 08:49:00,U1001,linda.johnson95,Outlook,60,WKSTN-U1001
APP000841,2026-06-02 08:39:00,U1003,kenneth.clark29,Outlook,85,WKSTN-U1003
APP019564,2026-06-02 09:14:00,U1048,,Outlook,10,WKSTN-U1048
APP019928,2026-06-02 09:16:00,U1049,michelle.jones59,Chrome,68,WKSTN-U1049
APP011877,2026-06-02 09:04:00,U1029,michelle.garcia54,Slack,71,WKSTN-U1029
APP022344,2026-06-02 09:05:00,U1055,patricia.wilson54,Chrome,66,WKSTN-U1055
APP002444,2026-06-02 08:41:00,U1007,sarah.robinson82,  sap ,37,WKSTN-U1007
APP025129,2026-06-02 09:18:00,U1062,william.martin,CHROME,31,WKSTN-U1062
APP024713,2026-06-02 09:04:00,U1061,jessica.rodriguez,Zoom,31,WKSTN-U1061
APP039030,2026-06-02 09:25:00,U1095,richard.thomas74,PowerPoint,37,WKSTN-U1095
APP002446,2026-06-02 09:42:00,U1007,sarah.robinson82,Chrome,84,WKSTN-U1007
APP039428,2026-06-02 09:48:00,U1096,david.allen76,  Chrome ,67,
APP039843,2026-06-02 09:52:00,U1097,mark.martinez10,Chrome,40,WKSTN-U1097
APP038164,2026-06-02 10:05:00,U1093,sarah.clark44,Terminal,17,WKSTN-U1093
APP006000,2026-06-02 09:41:00,U1016,patricia.thomas,Chrome,51,WKSTN-U1016
APP020321,2026-06-02 10:03:00,U1050,michael.ramirez,Zoom,25,WKSTN-U1050
APP021517,2026-06-02 09:34:00,U1053,john.jackson31,Chrome,77,WKSTN-U1053
APP010977,2026-06-02 09:35:00,U1027,patricia.brown75,Jenkins,6,WKSTN-U1027
APP029946,2026-06-02 09:58:00,U1074,sarah.williams7,,78,WKSTN-U1074
APP039845,2026-06-02 09:57:00,U1097,mark.martinez10,Outlook,18,WKSTN-U1097
APP023904,2026-06-02 09:49:00,U1059,daniel.perez98,Excel,67,WKSTN-U1059
APP025128,2026-06-02 09:41:00,U1062,william.martin,CHROME,42,WKSTN-U1062
APP004762,2026-06-02 09:37:00,U1013,emily.smith,QuickBooks,11,WKSTN-U1013
APP002822,2026-06-02 09:52:00,U1008,joshua.hernandez,Outlook,46,WKSTN-U1008
APP041003,2026-06-02 10:11:00,U1100,daniel.brown38,Outlook,45,WKSTN-U1100
APP039031,2026-06-02 10:08:00,U1095,richard.thomas74,PowerPoint	,28,WKSTN-U1095
APP032349,2026-06-02 10:05:00,U1080,  joseph.jackson91 ,  Chrome ,74,WKSTN-U1080
APP012312,2026-06-02 09:32:00,U1030,betty.rodriguez86,Git,46,WKSTN-U1030
APP029559,2026-06-02 09:48:00,U1073,michael.gonzalez,Outlook	,43,
APP028341,2026-06-02 10:01:00,U1070,betty.thomas40,Outlook,47,WKSTN-U1070
APP027139,2026-06-02 10:06:00,U1067,paul.thomas97,Chrome,,WKSTN-U1067
APP035005,2026-06-02 09:39:00,U1086,steven.thompson53,Terminal,31,WKSTN-U1086
APP008290,2026-06-02 09:52:00,U1021,  jessica.walker ,Docker Desktop,28,WKSTN-U1021
APP002054,2026-06-02 09:43:00,U1006,george.gonzalez,QuickBooks,50,WKSTN-U1006
APP002052,2026-06-02 09:56:00,U1006,george.gonzalez,QuickBooks,30,WKSTN-U1006
APP017135,2026-06-02 10:19:00,U1042,michael.hill56,Chrome	,78,WKSTN-U1042
APP040244,2026-06-02 10:33:00,U1098,nancy.wright49,PowerPoint,44,WKSTN-U1098
APP036799,2026-06-02 10:22:00,U1090,mary.hill,Active Directory Console,84,WKSTN-U1090
APP022345,2026-06-02 10:16:00,U1055,,Excel,56,WKSTN-U1055
APP027905,2026-06-02 10:28:00,U1069,jessica.clark,Outlook,70,WKSTN-U1069
APP017933,2026-06-02 10:29:00,U1044,lisa.ramirez9,Workday,26,WKSTN-U1044
APP029150,2026-06-02 10:24:00,U1072,kenneth.lopez,Word,6,WKSTN-U1072
APP020733,2026-06-02 10:23:00,U1051,sandra.king72,Chrome,13,WKSTN-U1051
APP005594,2026-06-02 10:41:00,U1015,lisa.hernandez,SAP,11,WKSTN-U1015
APP009643,2026-06-02 10:40:00,U1024,emily.miller,Git,62,WKSTN-U1024
APP022732,2026-06-02 10:16:00,U1056,anthony.clark,Salesforce,57,WKSTN-U1056
APP038606,2026-06-02 10:31:00,U1094,elizabeth.lewis69,Terminal,47,WKSTN-U1094
APP023128,2026-06-02 10:17:00,U1057,nancy.sanchez,Outlook,54,WKSTN-U1057
APP026764,2026-06-02 10:35:00,U1066,MICHELLE.WRIGHT62,Outlook,63,WKSTN-U1066
APP031934,2026-06-02 10:32:00,U1079,emily.jones,Wireshark,16,WKSTN-U1079
APP033669,2026-06-02 10:11:00,U1083,sarah.allen70,PuTTY,63,WKSTN-U1083
APP000423,2026-06-02 10:38:00,U1002,donna.ramirez,QuickBooks,17,WKSTN-U1002
APP038163,2026-06-02 10:27:00,U1093,sarah.clark44,Active Directory Console,87,WKSTN-U1093
APP015951,2026-06-02 10:16:00,U1039,mark.thomas,Workday,44,
APP016323,2026-06-02 10:34:00,U1040,matthew.martin,Outlook,7,WKSTN-U1040
APP017133,2026-06-02 10:12:00,U1042,michael.hill56,Excel,87,  WKSTN-U1042 
APP002445,2026-06-02 10:41:00,U1007,sarah.robinson82,Excel,89,WKSTN-U1007
APP012313,2026-06-02 10:29:00,U1030,betty.rodriguez86,Chrome,90,WKSTN-U1030
APP026321,2026-06-02 10:19:00,U1065,michael.ramirez47,Outlook,31,WKSTN-U1065
APP037718,2026-06-02 10:29:00,U1092,steven.thomas,Slack,49,WKSTN-U1092
APP028342,2026-06-02 10:53:00,U1070,betty.thomas40,Outlook,66,WKSTN-U1070
APP015548,2026-06-02 11:17:00,U1038,emily.clark,Chrome,24,WKSTN-U1038
APP031520,2026-06-02 11:14:00,U1078,michelle.miller,Outlook,78,WKSTN-U1078
APP026320,2026-06-02 11:00:00,U1065,michael.ramirez47,Chrome,58,WKSTN-U1065
APP039846,2026-06-02 11:01:00,U1097,mark.martinez10,Zoom,61,WKSTN-U1097
APP009193,2026-06-02 10:42:00,U1023,richard.wright,Chrome,70,WKSTN-U1023
APP014356,2026-06-02 11:03:00,U1035,nancy.rodriguez82,Chrome,,WKSTN-U1035
APP018334,2026-06-02 10:47:00,U1045,daniel.sanchez90	,Excel,20,WKSTN-U1045
APP023518,2026-06-02 10:47:00,U1058,jennifer.ramirez18,Outlook,33,WKSTN-U1058
APP013574,2026-06-02 10:45:00,U1033,linda.miller,Chrome,16,WKSTN-U1033
APP022346,2026-06-02 11:01:00,U1055,patricia.wilson54,,23,WKSTN-U1055
APP023905,2026-06-02 11:11:00,U1059,daniel.perez98,Excel,46,WKSTN-U1059
APP031132,2026-06-02 11:11:00,U1077,  kimberly.harris58 ,Word,14,WKSTN-U1077
APP025927,2026-06-02 10:46:00,U1064,matthew.wright55,  Outlook ,38,WKSTN-U1064
APP041000,2026-06-02 11:07:00,U1100,daniel.brown38,Excel,72,WKSTN-U1100
APP034571,2026-06-02 10:47:00,U1085,barbara.walker67,Active Directory Console,13,WKSTN-U1085
APP006001,2026-06-02 10:51:00,U1016,patricia.thomas,Slack,18,WKSTN-U1016
APP038162,2026-06-02 10:56:00,U1093,sarah.clark44	,Chrome,22,WKSTN-U1093
APP024323,2026-06-02 10:46:00,U1060,matthew.anderson,Excel,5,WKSTN-U1060
APP020734,2026-06-02 10:52:00,U1051,sandra.king72,Outlook,64,WKSTN-U1051
APP001650,2026-06-02 11:17:00,U1005,robert.robinson,Outlook,60,WKSTN-U1005
APP032791,2026-06-02 10:53:00,U1081,margaret.davis,Chrome,24,WKSTN-U1081
APP025926,2026-06-02 10:58:00,U1064,matthew.wright55,DocuSign,18,WKSTN-U1064
APP008739,2026-06-02 10:51:00,U1022,sandra.brown,Slack,33,WKSTN-U1022
APP017935,2026-06-02 11:02:00,U1044,lisa.ramirez9,Chrome,42,WKSTN-U1044
APP038608,2026-06-02 11:33:00,U1094,elizabeth.lewis69,Active Directory Console,24,WKSTN-U1094
APP010979,2026-06-02 11:25:00,U1027,patricia.brown75,Jenkins,34,WKSTN-U1027
APP034097,2026-06-02 11:32:00,U1084,joshua.taylor,Terminal,55,WKSTN-U1084
APP013575,2026-06-02 11:36:00,U1033,linda.miller,Outlook,34,WKSTN-U1033
APP010087,2026-06-02 11:40:00,U1025,betty.brown22,Jenkins,9,  WKSTN-U1025 
APP019927,2026-06-02 11:21:00,U1049,michelle.jones59,Salesforce,4,WKSTN-U1049
APP028750,2026-06-02 11:25:00,U1071,matthew.robinson35,Outlook	,4,WKSTN-U1071
APP021921,2026-06-02 11:18:00,U1054,anthony.martinez,SALESFORCE,37,WKSTN-U1054
APP030356,2026-06-02 11:39:00,U1075,steven.lewis,DocuSign,45,WKSTN-U1075
APP034100,2026-06-02 11:19:00,U1084,joshua.taylor,,39,WKSTN-U1084
APP010535,2026-06-02 11:23:00,U1026,,Jenkins,46,WKSTN-U1026
APP013961,2026-06-02 11:23:00,U1034,thomas.allen63,Chrome,88,WKSTN-U1034
APP015954,2026-06-02 11:33:00,U1039,mark.thomas,Chrome,61,WKSTN-U1039
APP002443,2026-06-02 11:27:00,U1007,sarah.robinson82,Excel,53,WKSTN-U1007
APP039427,2026-06-02 11:40:00,U1096,david.allen76,Chrome,62,WKSTN-U1096
APP018739,2026-06-02 11:20:00,U1046,michelle.torres39,Outlook,26,WKSTN-U1046
APP017934,2026-06-02 11:20:00,U1044,,Workday,85,WKSTN-U1044
APP023520,2026-06-02 11:29:00,U1058,jennifer.ramirez18,Zoom	,80,WKSTN-U1058
APP035003,2026-06-02 11:19:00,U1086,steven.thompson53,PuTTY,42,WKSTN-U1086
APP013170,2026-06-02 11:24:00,U1032,paul.wright91,Chrome,27,WKSTN-U1032
APP035891,2026-06-02 11:24:00,U1088,andrew.smith85,Chrome,64,WKSTN-U1088
APP021516,2026-06-02 11:18:00,U1053,john.jackson31,Outlook,57,WKSTN-U1053
APP023517,2026-06-02 11:22:00,U1058,  jennifer.ramirez18 ,,48,  WKSTN-U1058 
APP009644,2026-06-02 11:22:00,U1024,emily.miller,Jenkins,30,WKSTN-U1024
APP021518,2026-06-02 11:38:00,U1053,john.jackson31,Outlook,40,WKSTN-U1053
APP034570,2026-06-02 12:14:00,U1085,barbara.walker67,Active Directory Console,48,WKSTN-U1085
APP033220,2026-06-02 12:15:00,U1082,karen.hill96,,10,WKSTN-U1082
APP017932,2026-06-02 11:57:00,U1044,lisa.ramirez9,Excel,63,WKSTN-U1044
APP017546,2026-06-02 12:07:00,U1043,thomas.williams91,Workday,44,WKSTN-U1043
APP027137,2026-06-02 12:01:00,U1067,paul.thomas97,Word,N/A,WKSTN-U1067
APP015952,2026-06-02 11:47:00,U1039,mark.thomas,Workday,22,WKSTN-U1039
APP021515,2026-06-02 11:44:00,U1053,john.jackson31,Outlook,24,WKSTN-U1053
APP040630,2026-06-02 11:52:00,U1099,  joseph.garcia ,Excel,75,  WKSTN-U1099 
APP030738,2026-06-02 12:10:00,U1076,john.torres,Chrome,60,WKSTN-U1076
APP003610,2026-06-02 12:06:00,U1010,susan.young51,Excel,23,WKSTN-U1010
APP023129,2026-06-02 11:52:00,U1057,nancy.sanchez,Zoom,6,WKSTN-U1057
APP017545,2026-06-02 12:14:00,U1043,thomas.williams91,Chrome,87,
APP039844,2026-06-02 12:15:00,U1097,mark.martinez10,POWERPOINT,28,WKSTN-U1097
APP000840,2026-06-02 12:06:00,U1003,kenneth.clark29,Chrome,74,WKSTN-U1003
APP038165,2026-06-02 12:14:00,U1093,  sarah.clark44 ,TERMINAL,27,WKSTN-U1093
APP024325,2026-06-02 12:15:00,U1060,matthew.anderson,Chrome,19,WKSTN-U1060
APP029558,2026-06-02 12:09:00,U1073,,Word,49,WKSTN-U1073
APP001263,2026-06-02 12:05:00,U1004,elizabeth.wilson98,SAP,20,  WKSTN-U1004 
APP020319,2026-06-02 12:11:00,U1050,michael.ramirez,  Zoom ,40,WKSTN-U1050
APP023519,2026-06-02 12:13:00,U1058,jennifer.ramirez18,Excel,85,WKSTN-U1058
APP022733,2026-06-02 12:11:00,U1056,anthony.clark,Excel,73,WKSTN-U1056
APP005595,2026-06-02 11:54:00,U1015,lisa.hernandez,Chrome,2,WKSTN-U1015
APP016748,2026-06-02 11:43:00,U1041,matthew.allen52,Excel,86,WKSTN-U1041
APP025536,2026-06-02 12:08:00,U1063,john.nguyen,DocuSign,82,WKSTN-U1063
APP024716,2026-06-02 11:46:00,U1061,jessica.rodriguez,Salesforce,26,WKSTN-U1061
APP024322,2026-06-02 13:07:00,U1060,matthew.anderson,Salesforce,22,WKSTN-U1060
APP037717,2026-06-02 12:29:00,U1092,steven.thomas,Slack,74,WKSTN-U1092
APP003968,2026-06-02 12:36:00,U1011,donna.ramirez75,Chrome,73,WKSTN-U1011
APP037721,2026-06-02 12:44:00,U1092,steven.thomas,Wireshark,87,WKSTN-U1092
APP025924,2026-06-02 12:51:00,U1064,matthew.wright55,Outlook,11,WKSTN-U1064
APP004346,2026-06-02 12:22:00,U1012,linda.martinez,  Excel ,33,WKSTN-U1012
APP011878,2026-06-02 12:46:00,U1029,michelle.garcia54,Chrome,56,WKSTN-U1029
APP027904,2026-06-02 12:47:00,U1069,jessica.clark,Chrome,55,WKSTN-U1069
APP013573,2026-06-02 12:39:00,U1033,linda.miller,,17,WKSTN-U1033
APP036362,2026-06-02 12:31:00,U1089,paul.brown27,Slack,64,WKSTN-U1089
APP019566,2026-06-02 12:16:00,U1048,jennifer.thomas87,Excel,60,WKSTN-U1048
APP015549,2026-06-02 12:29:00,U1038,emily.clark,Outlook,14,WKSTN-U1038
APP003609,2026-06-02 13:01:00,U1010,susan.young51,,9,WKSTN-U1010
APP035895,2026-06-02 12:47:00,U1088,andrew.smith85,Active Directory Console,81,WKSTN-U1088
APP041001,2026-06-02 12:47:00,U1100,daniel.brown38,PowerPoint,32,WKSTN-U1100
APP024324,2026-06-02 12:55:00,U1060,matthew.anderson,salesforce,25,WKSTN-U1060
APP015132,2026-06-02 12:22:00,U1037,,Workday,21,WKSTN-U1037
APP034573,2026-06-02 12:31:00,U1085,barbara.walker67,Active Directory Console,66,WKSTN-U1085
APP020320,2026-06-02 13:08:00,U1050,michael.ramirez,Excel,84,WKSTN-U1050
APP017548,2026-06-02 13:09:00,U1043,thomas.williams91,Workday,25,WKSTN-U1043
APP026319,2026-06-02 12:48:00,U1065,michael.ramirez47,Word,10,WKSTN-U1065
APP023130,2026-06-02 13:00:00,U1057,nancy.sanchez,Chrome,52,WKSTN-U1057
APP013169,2026-06-02 13:12:00,U1032,paul.wright91,Excel,31,WKSTN-U1032
APP036800,2026-06-02 12:54:00,U1090,MARY.HILL,Chrome,30,WKSTN-U1090
APP037272,2026-06-02 12:54:00,U1091,linda.robinson,PUTTY,77,WKSTN-U1091
APP034569,2026-06-02 13:16:00,U1085,barbara.walker67,Wireshark,,WKSTN-U1085
APP038607,2026-06-02 13:37:00,U1094,elizabeth.lewis69,Active Directory Console,50,WKSTN-U1094	
APP016747,2026-06-02 13:14:00,U1041,matthew.allen52,Chrome,8,WKSTN-U1041	
APP017134,2026-06-02 13:16:00,U1042,michael.hill56,Chrome,39,WKSTN-U1042
APP007841,2026-06-02 13:42:00,U1020,andrew.thomas36,Git,53,WKSTN-U1020
APP015134,2026-06-02 13:35:00,U1037,robert.martin,Chrome,21,WKSTN-U1037
APP024712,2026-06-02 13:35:00,U1061,jessica.rodriguez,Outlook,33,WKSTN-U1061
APP031523,2026-06-02 13:28:00,U1078,michelle.miller,Word,21,WKSTN-U1078
APP002823,2026-06-02 13:35:00,U1008,joshua.hernandez,QuickBooks,28,WKSTN-U1008
APP034572,2026-06-02 13:37:00,U1085,  barbara.walker67 ,Chrome,4,WKSTN-U1085
APP007401,2026-06-02 13:35:00,U1019,donna.anderson,Docker Desktop,62,WKSTN-U1019
APP011456,2026-06-02 13:14:00,U1028,john.hill,Jenkins,30,WKSTN-U1028
APP027140,2026-06-02 13:13:00,U1067,PAUL.THOMAS97,CHROME,38,WKSTN-U1067
APP008738,2026-06-02 13:35:00,U1022,sandra.brown,Slack,59,WKSTN-U1022
APP038166,2026-06-02 13:17:00,U1093,sarah.clark44,Terminal,66,WKSTN-U1093
APP037720,2026-06-02 13:25:00,U1092,steven.thomas,Active Directory Console,70,WKSTN-U1092
APP019152,2026-06-02 13:17:00,U1047,sandra.lewis,Zoom,48,WKSTN-U1047
APP015551,2026-06-02 13:27:00,U1038,emily.clark,Workday,3,WKSTN-U1038
APP040245,2026-06-02 13:25:00,U1098,nancy.wright49,Chrome,33,WKSTN-U1098
APP027138,2026-06-02 13:42:00,U1067,paul.thomas97,Outlook,37,WKSTN-U1067
APP011879,2026-06-02 13:14:00,U1029,michelle.garcia54,VSCode,63,WKSTN-U1029
APP028754,2026-06-02 13:28:00,U1071,matthew.robinson35,DocuSign,68,WKSTN-U1071
APP001649,2026-06-02 13:12:00,U1005,robert.robinson,SAP,,WKSTN-U1005
APP007400,2026-06-02 13:32:00,U1019,donna.anderson,Jenkins,10,WKSTN-U1019
APP032350,2026-06-02 13:41:00,U1080,joseph.jackson91,PuTTY,72,WKSTN-U1080
APP035894,2026-06-02 14:00:00,U1088,andrew.smith85,Wireshark,40,WKSTN-U1088
APP018738,2026-06-02 14:08:00,U1046,michelle.torres39,Outlook,25,WKSTN-U1046
APP033670,2026-06-02 14:34:00,U1083,sarah.allen70,WIRESHARK,35,WKSTN-U1083
APP031522,2026-06-02 13:54:00,U1078,michelle.miller,Word,11,WKSTN-U1078
APP004763,2026-06-02 13:45:00,U1013,emily.smith,QuickBooks,80,WKSTN-U1013
APP021123,2026-06-02 14:13:00,U1052,paul.taylor,Excel,39,WKSTN-U1052	
APP015950,2026-06-02 13:48:00,U1039,mark.thomas,Chrome,26,WKSTN-U1039
APP007399,2026-06-02 14:33:00,U1019,donna.anderson,Docker Desktop,41,WKSTN-U1019
APP008289,2026-06-02 14:33:00,U1021,jessica.walker,Docker Desktop,25,WKSTN-U1021
APP001264,2026-06-02 14:14:00,U1004,elizabeth.wilson98,Excel,65,WKSTN-U1004
APP001648,2026-06-02 14:23:00,U1005,robert.robinson,SAP,2,WKSTN-U1005
APP033221,2026-06-02 13:47:00,U1082,karen.hill96,Chrome,,WKSTN-U1082
APP005593,2026-06-02 13:48:00,U1015,lisa.hernandez,Outlook,82,WKSTN-U1015
APP028751,2026-06-02 13:51:00,U1071,matthew.robinson35,Word,72,WKSTN-U1071
APP031133,2026-06-02 14:32:00,U1077,kimberly.harris58,Outlook,19,WKSTN-U1077
APP003195,2026-06-02 13:43:00,U1009,daniel.brown,QuickBooks,4,WKSTN-U1009
APP016324,2026-06-02 14:28:00,U1040,matthew.martin,Excel,30,WKSTN-U1040
APP035452,2026-06-02 14:20:00,U1087,,Slack,78,WKSTN-U1087
APP023516,2026-06-02 13:48:00,U1058,jennifer.ramirez18,Excel,8,WKSTN-U1058
APP006452,2026-06-02 13:54:00,U1017,emily.hernandez34,VSCode,77,WKSTN-U1017
APP000839,2026-06-02 14:14:00,U1003,kenneth.clark29,QuickBooks,35,WKSTN-U1003
APP032789,2026-06-02 14:25:00,U1081,margaret.davis,Slack,79,WKSTN-U1081
APP000422,2026-06-02 14:32:00,U1002,donna.ramirez,SAP,88,WKSTN-U1002
APP034098,2026-06-02 14:18:00,U1084,joshua.taylor,PuTTY,11,WKSTN-U1084
APP035892,2026-06-02 14:29:00,U1088,andrew.smith85,Chrome,55,WKSTN-U1088
APP008287,2026-06-02 14:41:00,U1021,jessica.walker,Slack,86,WKSTN-U1021
APP023906,2026-06-02 14:57:00,U1059,daniel.perez98,Chrome,56,WKSTN-U1059
APP007842,2026-06-02 15:11:00,U1020,andrew.thomas36,Docker Desktop,11,WKSTN-U1020
APP002056,2026-06-02 14:38:00,U1006,  george.gonzalez ,Chrome,57,WKSTN-U1006
APP033666,2026-06-02 15:07:00,U1083,sarah.allen70,Chrome,18,WKSTN-U1083
APP015550,2026-06-02 14:38:00,U1038,emily.clark,Excel,8,WKSTN-U1038
APP002819,2026-06-02 15:09:00,U1008,joshua.hernandez,Excel,6,WKSTN-U1008
APP024326,2026-06-02 15:14:00,U1060,matthew.anderson,Chrome,7,WKSTN-U1060
APP011454,2026-06-02 15:01:00,U1028,john.hill,Chrome,65,WKSTN-U1028
APP014357,2026-06-02 14:38:00,U1035,nancy.rodriguez82,Workday,36,WKSTN-U1035
APP010536,2026-06-02 14:58:00,U1026,elizabeth.gonzalez,VSCode,58,WKSTN-U1026
APP009642,2026-06-02 14:53:00,U1024,emily.miller	,Slack,53,WKSTN-U1024
APP019565,2026-06-02 14:48:00,U1048,jennifer.thomas87,Chrome,18,WKSTN-U1048	
APP027516,2026-06-02 14:59:00,U1068,susan.thompson34,Outlook,20,WKSTN-U1068
APP008288,2026-06-02 15:11:00,U1021,jessica.walker,Slack,28,  WKSTN-U1021 
APP031935,2026-06-02 15:10:00,U1079,EMILY.JONES,Active Directory Console,63,WKSTN-U1079
APP015133,2026-06-02 14:45:00,U1037,robert.martin,Workday,61,WKSTN-U1037
APP019563,2026-06-02 14:55:00,U1048,jennifer.thomas87,Excel,61,WKSTN-U1048
APP021920,2026-06-02 15:06:00,U1054,anthony.martinez,Zoom,2,WKSTN-U1054
APP037273,2026-06-02 14:42:00,U1091,linda.robinson,Terminal,70,WKSTN-U1091
APP033667,2026-06-02 14:39:00,U1083,  sarah.allen70 ,Chrome,28,WKSTN-U1083
APP021122,2026-06-02 14:37:00,U1052,PAUL.TAYLOR,Excel,13,WKSTN-U1052
APP030735,2026-06-02 15:09:00,U1076,john.torres,Outlook,27,WKSTN-U1076
APP036797,2026-06-02 14:52:00,U1090,mary.hill,Wireshark,25,WKSTN-U1090
APP031130,2026-06-02 14:54:00,U1077,kimberly.harris58,Word,21,WKSTN-U1077
APP024715,2026-06-02 15:23:00,U1061,jessica.rodriguez,Outlook,49,WKSTN-U1061
APP029152,2026-06-02 15:22:00,U1072,kenneth.lopez,Outlook,67,WKSTN-U1072
APP040243,2026-06-02 15:15:00,U1098,nancy.wright49,Zoom,48,WKSTN-U1098
APP012758,2026-06-02 15:29:00,U1031,john.wright28,Chrome,22,WKSTN-U1031
APP016322,2026-06-02 15:46:00,U1040,matthew.martin,Workday,60,WKSTN-U1040
APP005199,2026-06-02 15:14:00,U1014,james.taylor,Chrome,75,WKSTN-U1014
APP002442,2026-06-02 15:24:00,U1007,,Outlook,81,WKSTN-U1007
APP029948,2026-06-02 15:43:00,U1074,sarah.williams7,DocuSign,29,WKSTN-U1074
APP005200,2026-06-02 15:42:00,U1014,james.taylor,Outlook,81,
APP024714,2026-06-02 15:36:00,U1061,jessica.rodriguez,Salesforce,36,WKSTN-U1061
APP040631,2026-06-02 15:29:00,U1099,joseph.garcia,Zoom,8,WKSTN-U1099
APP026766,2026-06-02 15:48:00,U1066,michelle.wright62,DocuSign,7,WKSTN-U1066
APP020732,2026-06-02 15:15:00,U1051,sandra.king72,Salesforce	,90,WKSTN-U1051
APP039842,2026-06-02 15:33:00,U1097,mark.martinez10,PowerPoint,64,WKSTN-U1097
APP035450,2026-06-02 15:33:00,U1087,charles.sanchez,PuTTY,20,WKSTN-U1087
APP007843,2026-06-02 15:22:00,U1020,andrew.thomas36	,Docker Desktop,50,WKSTN-U1020
APP030737,2026-06-02 15:25:00,U1076,john.torres,DocuSign,25,  WKSTN-U1076 
APP037274,2026-06-02 15:31:00,U1091,linda.robinson,Terminal,86,WKSTN-U1091
APP030736,2026-06-02 15:23:00,U1076,john.torres,Word,40,WKSTN-U1076
APP029153,2026-06-02 15:20:00,U1072,kenneth.lopez,Word,28,WKSTN-U1072
APP037271,2026-06-02 15:29:00,U1091,linda.robinson,Slack,69,WKSTN-U1091
APP010088,2026-06-02 15:27:00,U1025,betty.brown22,Git,89,WKSTN-U1025
APP035004,2026-06-02 15:27:00,U1086,steven.thompson53,PuTTY,16,WKSTN-U1086
APP035448,2026-06-02 15:39:00,U1087,charles.sanchez,PuTTY,15,WKSTN-U1087
APP019151,2026-06-02 15:30:00,U1047,sandra.lewis	,Zoom,82,WKSTN-U1047
APP036798,2026-06-02 16:13:00,U1090,mary.hill,Slack,54,WKSTN-U1090
APP019150,2026-06-02 16:18:00,U1047,sandra.lewis,Excel,3,WKSTN-U1047
APP030355,2026-06-02 15:50:00,U1075,steven.lewis,Chrome,42,WKSTN-U1075
APP003966,2026-06-02 16:19:00,U1011,donna.ramirez75,Excel,39,WKSTN-U1011
APP009645,2026-06-02 16:20:00,U1024,emily.miller,Git,41,WKSTN-U1024
APP005592,2026-06-02 16:27:00,U1015,lisa.hernandez,,25,WKSTN-U1015
APP011455,2026-06-02 15:55:00,U1028,john.hill,VSCode,48,WKSTN-U1028
APP003967,2026-06-02 15:49:00,U1011,donna.ramirez75,Excel,,WKSTN-U1011
APP035893,2026-06-02 16:16:00,U1088,andrew.smith85,SLACK,41,WKSTN-U1088
APP027136,2026-06-02 16:23:00,U1067,paul.thomas97,DocuSign,3,WKSTN-U1067
APP018332,2026-06-02 16:18:00,U1045,daniel.sanchez90,Workday,27,WKSTN-U1045
APP002820,2026-06-02 16:11:00,U1008,joshua.hernandez,Chrome,51,WKSTN-U1008
APP005999,2026-06-02 16:09:00,U1016,patricia.thomas,Slack,8,WKSTN-U1016
APP036801,2026-06-02 16:12:00,U1090,mary.hill,Chrome,11,WKSTN-U1090
APP011458,2026-06-02 16:04:00,U1028,john.hill,Docker Desktop,59,WKSTN-U1028
APP000421,2026-06-02 16:26:00,U1002,donna.ramirez,QuickBooks,80,WKSTN-U1002
APP029947,2026-06-02 16:05:00,U1074,sarah.williams7,DocuSign,35,  WKSTN-U1074 
APP018737,2026-06-02 15:58:00,U1046,michelle.torres39,Chrome,84,WKSTN-U1046	
APP013572,2026-06-02 16:25:00,U1033,linda.miller,Chrome,46,WKSTN-U1033
APP019149,2026-06-02 16:19:00,U1047,sandra.lewis,Outlook,70,WKSTN-U1047
APP004347,2026-06-02 16:03:00,U1012,linda.martinez,QuickBooks,35,WKSTN-U1012
APP018335,2026-06-02 16:00:00,U1045,daniel.sanchez90,,83,WKSTN-U1045
APP017547,2026-06-02 16:17:00,U1043,thomas.williams91,Workday,55,WKSTN-U1043
APP025535,2026-06-02 15:55:00,U1063,john.nguyen,  outlook ,76,WKSTN-U1063
APP022734,2026-06-02 16:03:00,U1056,anthony.clark,Zoom,76,WKSTN-U1056
APP005198,2026-06-02 17:28:00,U1014,james.taylor,Outlook,76,WKSTN-U1014
APP035022,2026-06-03 08:11:00,U1086,steven.thompson53,TERMINAL,73,WKSTN-U1086
APP027921,2026-06-03 07:56:00,U1069,jessica.clark,DocuSign,74,WKSTN-U1069	
APP031936,2026-06-02 16:34:00,U1079,emily.jones,PuTTY,54,WKSTN-U1079
APP036363,2026-06-02 17:28:00,U1089,paul.brown27	,Terminal,16,WKSTN-U1089
APP000864,2026-06-03 07:19:00,U1003,kenneth.clark29,Chrome,66,WKSTN-U1003
APP000862,2026-06-03 07:49:00,U1003,kenneth.clark29,Excel,62,WKSTN-U1003
APP037719,2026-06-02 16:47:00,U1092,steven.thomas,PuTTY,65,WKSTN-U1092
APP009646,2026-06-02 16:53:00,U1024,emily.miller,VSCode,51,WKSTN-U1024
APP025152,2026-06-03 08:09:00,U1062,william.martin,Excel,68,WKSTN-U1062
APP023907,2026-06-02 17:27:00,U1059,daniel.perez98,Zoom,18,WKSTN-U1059
APP031933,2026-06-02 16:28:00,U1079,emily.jones,Wireshark,,WKSTN-U1079
APP006945,2026-06-02 17:09:00,U1018,betty.white57,Docker Desktop,50,WKSTN-U1018
APP001647,2026-06-02 17:16:00,U1005,robert.robinson,SAP,57,WKSTN-U1005
APP020749,2026-06-03 08:04:00,U1051,sandra.king72,Zoom,62,WKSTN-U1051
APP029577,2026-06-03 07:49:00,U1073,michael.gonzalez,  DocuSign ,,WKSTN-U1073
APP015953,2026-06-02 18:06:00,U1039,mark.thomas,Outlook,28,WKSTN-U1039
APP035472,2026-06-03 07:56:00,U1087,charles.sanchez	,Terminal,64,WKSTN-U1087
APP018736,2026-06-02 17:01:00,U1046,michelle.torres39,Chrome,9,WKSTN-U1046
APP031519,2026-06-02 16:52:00,U1078,michelle.miller,Outlook,27,WKSTN-U1078
APP017931,2026-06-02 16:41:00,U1044,lisa.ramirez9,Workday,79,WKSTN-U1044
APP016764,2026-06-03 07:32:00,U1041,matthew.allen52,Excel,9,  WKSTN-U1041 
APP002053,2026-06-02 17:07:00,U1006,GEORGE.GONZALEZ,Chrome,78,WKSTN-U1006
APP002055,2026-06-02 16:56:00,U1006,george.gonzalez,Outlook,85,WKSTN-U1006
APP003196,2026-06-02 16:45:00,U1009,daniel.brown,Chrome,9,WKSTN-U1009
APP025947,2026-06-03 08:17:00,U1064,matthew.wright55,Chrome,14,WKSTN-U1064
APP023538,2026-06-03 08:18:00,U1058,  jennifer.ramirez18 ,Salesforce,70,WKSTN-U1058
APP039864,2026-06-03 09:12:00,U1097,mark.martinez10,Chrome,67,WKSTN-U1097
APP007421,2026-06-03 08:24:00,U1019,donna.anderson,Jenkins,52,WKSTN-U1019
APP028771,2026-06-03 09:11:00,U1071,matthew.robinson35,DocuSign,65,WKSTN-U1071
APP025944,2026-06-03 08:54:00,U1064,matthew.wright55,DocuSign,51,WKSTN-U1064
APP035914,2026-06-03 08:58:00,U1088,andrew.smith85,Slack,34,WKSTN-U1088
APP020341,2026-06-03 09:11:00,U1050,michael.ramirez,Chrome,74,WKSTN-U1050
APP036821,2026-06-03 08:47:00,U1090,mary.hill,Chrome,71,WKSTN-U1090
APP005614,2026-06-03 09:18:00,U1015,lisa.hernandez,QuickBooks,7,WKSTN-U1015	
APP020751,2026-06-03 08:18:00,U1051,sandra.king72,Outlook,61,WKSTN-U1051
APP021942,2026-06-03 08:58:00,U1054,anthony.martinez,Chrome,60,WKSTN-U1054
APP008309,2026-06-03 08:15:00,U1021,jessica.walker,DOCKER DESKTOP,44,WKSTN-U1021
APP009216,2026-06-03 08:53:00,U1023,richard.wright,Slack,26,WKSTN-U1023
APP021140,2026-06-03 08:48:00,U1052,paul.taylor,Outlook,,WKSTN-U1052
APP008308,2026-06-03 09:06:00,U1021,jessica.walker,Chrome,75,WKSTN-U1021
APP011898,2026-06-03 08:49:00,U1029,michelle.garcia54,Jenkins,18,WKSTN-U1029
APP028358,2026-06-03 09:04:00,U1070,betty.thomas40,DocuSign,41,WKSTN-U1070
APP009668,2026-06-03 08:36:00,U1024,emily.miller,Chrome,78,WKSTN-U1024
APP002838,2026-06-03 09:03:00,U1008,joshua.hernandez,Chrome,23,WKSTN-U1008
APP018761,2026-06-03 09:07:00,U1046,,Outlook,31,WKSTN-U1046
APP010108,2026-06-03 08:37:00,U1025,betty.brown22,Git,78,WKSTN-U1025
APP034591,2026-06-03 08:25:00,U1085,barbara.walker67,Slack,32,WKSTN-U1085
APP006025,2026-06-03 08:48:00,U1016,patricia.thomas,Jenkins,13,WKSTN-U1016	
APP011900,2026-06-03 08:32:00,U1029,michelle.garcia54,Git,46,WKSTN-U1029
APP021142,2026-06-03 09:50:00,U1052,paul.taylor,Excel,3,WKSTN-U1052
APP000052,2026-06-03 09:37:00,U1001,linda.johnson95,Chrome,40,WKSTN-U1001
APP027923,2026-06-03 09:21:00,U1069,jessica.clark,Chrome,52,WKSTN-U1069
APP033691,2026-06-03 09:26:00,U1083,sarah.allen70,Chrome,65,WKSTN-U1083
APP028356,2026-06-03 09:34:00,U1070,betty.thomas40,Word,4,WKSTN-U1070
APP002460,2026-06-03 09:45:00,U1007,sarah.robinson82,Excel,28,WKSTN-U1007
APP013595,2026-06-03 09:58:00,U1033,linda.miller,Outlook,83,WKSTN-U1033
APP034121,2026-06-03 09:38:00,U1084,joshua.taylor,PuTTY,35,WKSTN-U1084
APP028355,2026-06-03 09:36:00,U1070,betty.thomas40,Word,82,WKSTN-U1070
APP031149,2026-06-03 09:33:00,U1077,kimberly.harris58,Word,15,  WKSTN-U1077 
APP016337,2026-06-03 09:26:00,U1040,matthew.martin,Excel	,73,WKSTN-U1040
APP035913,2026-06-03 09:50:00,U1088,andrew.smith85,Active Directory Console,89,WKSTN-U1088
APP021141,2026-06-03 09:26:00,U1052,paul.taylor,Salesforce,78,WKSTN-U1052
APP018349,2026-06-03 09:43:00,U1045,daniel.sanchez90,Workday,13,WKSTN-U1045
APP039052,2026-06-03 09:43:00,U1095,richard.thomas74,Chrome,5,WKSTN-U1095
APP006027,2026-06-03 10:02:00,U1016,patricia.thomas,Slack,63,WKSTN-U1016
APP002459,2026-06-03 09:52:00,U1007,sarah.robinson82,QuickBooks,65,WKSTN-U1007
APP033245,2026-06-03 10:00:00,U1082,karen.hill96,Wireshark,70,WKSTN-U1082
APP031953,2026-06-03 09:48:00,U1079,emily.jones,Chrome,27,WKSTN-U1079
APP004367,2026-06-03 09:57:00,U1012,linda.martinez,Excel,69,WKSTN-U1012
APP017566,2026-06-03 09:31:00,U1043,thomas.williams91,Chrome,70,WKSTN-U1043
APP037737,2026-06-03 09:25:00,U1092,steven.thomas,Slack,59,WKSTN-U1092
APP032810,2026-06-03 09:51:00,U1081,margaret.davis,Active Directory Console,46,WKSTN-U1081
APP022748,2026-06-03 09:30:00,U1056,anthony.clark,Salesforce,77,WKSTN-U1056
APP014765,2026-06-03 09:23:00,U1036,linda.jones,Excel,80,WKSTN-U1036
APP017948,2026-06-03 10:04:00,U1044,lisa.ramirez9,Chrome,30,WKSTN-U1044
APP019948,2026-06-03 10:16:00,U1049,michelle.jones59,Zoom,29,WKSTN-U1049
APP018350,2026-06-03 10:09:00,U1045,daniel.sanchez90,Workday,,WKSTN-U1045
APP037289,2026-06-03 10:26:00,U1091,linda.robinson,Chrome,28,WKSTN-U1091
APP027530,2026-06-03 10:13:00,U1068,susan.thompson34,Outlook,23,WKSTN-U1068
APP001279,2026-06-03 10:03:00,U1004,elizabeth.wilson98,SAP,5,WKSTN-U1004
APP025553,2026-06-03 10:05:00,U1063,john.nguyen,Outlook,82,WKSTN-U1063
APP025554,2026-06-03 10:07:00,U1063,john.nguyen,Word,12,WKSTN-U1063
APP028774,2026-06-03 10:26:00,U1071,matthew.robinson35,Outlook,17,WKSTN-U1071
APP019167,2026-06-03 10:21:00,U1047,sandra.lewis,Chrome,86,WKSTN-U1047
APP016761,2026-06-03 10:21:00,U1041,matthew.allen52,Chrome,3,WKSTN-U1041
APP011000,2026-06-03 10:24:00,U1027,patricia.brown75,Jenkins,84,WKSTN-U1027
APP004789,2026-06-03 10:16:00,U1013,emily.smith,SAP,35,WKSTN-U1013
APP004785,2026-06-03 10:02:00,U1013,emily.smith	,QuickBooks,76,WKSTN-U1013
APP023151,2026-06-03 10:09:00,U1057,nancy.sanchez,Salesforce,88,WKSTN-U1057
APP030759,2026-06-03 10:12:00,U1076,john.torres,Outlook,33,WKSTN-U1076
APP013187,2026-06-03 10:02:00,U1032,paul.wright91,Excel,34,WKSTN-U1032
APP010107,2026-06-03 10:27:00,U1025,betty.brown22,Docker Desktop,78,WKSTN-U1025	
APP015971,2026-06-03 10:13:00,U1039,mark.thomas,WORKDAY,41,WKSTN-U1039
APP017153,2026-06-03 10:17:00,U1042,michael.hill56,Excel,81,WKSTN-U1042
APP039051,2026-06-03 10:23:00,U1095,richard.thomas74,,82,WKSTN-U1095
APP011002,2026-06-03 10:08:00,U1027,patricia.brown75,Docker Desktop,41,WKSTN-U1027
APP005613,2026-06-03 10:14:00,U1015,lisa.hernandez,Outlook,42,WKSTN-U1015
APP031145,2026-06-03 10:20:00,U1077,kimberly.harris58,Chrome,59,WKSTN-U1077
APP002462,2026-06-03 10:27:00,U1007,sarah.robinson82,  SAP ,14,
APP036819,2026-06-03 10:50:00,U1090,mary.hill,PuTTY,72,WKSTN-U1090
APP023923,2026-06-03 10:37:00,U1059,daniel.perez98,Zoom,63,WKSTN-U1059
APP010109,2026-06-03 10:36:00,U1025,betty.brown22,Git,8,WKSTN-U1025
APP027157,2026-06-03 10:45:00,U1067,paul.thomas97,Chrome,74,WKSTN-U1067
APP027920,2026-06-03 10:35:00,U1069,jessica.clark,Outlook,4,WKSTN-U1069
APP020340,2026-06-03 10:50:00,U1050,michael.ramirez,Salesforce,N/A,WKSTN-U1050
APP003625,2026-06-03 10:35:00,U1010,susan.young51,Excel,4,
APP029963,2026-06-03 10:28:00,U1074,sarah.williams7,Chrome,59,  WKSTN-U1074 
APP030378,2026-06-03 10:27:00,U1075,steven.lewis,Chrome,62,WKSTN-U1075
APP039444,2026-06-03 10:45:00,U1096,david.allen76,Zoom,87,WKSTN-U1096
APP000439,2026-06-03 10:31:00,U1002,donna.ramirez,Outlook,15,WKSTN-U1002
APP029168,2026-06-03 10:27:00,U1072,,Chrome,85,WKSTN-U1072
APP012333,2026-06-03 10:43:00,U1030,betty.rodriguez86,Jenkins,59,WKSTN-U1030
APP040649,2026-06-03 10:37:00,U1099,joseph.garcia,PowerPoint,10,WKSTN-U1099
APP025945,2026-06-03 10:31:00,U1064,matthew.wright55,Word,46,WKSTN-U1064
APP038631,2026-06-03 10:38:00,U1094,elizabeth.lewis69,Active Directory Console,76,WKSTN-U1094
APP038185,2026-06-03 10:39:00,U1093,sarah.clark44,Slack,42,WKSTN-U1093
APP011899,2026-06-03 10:47:00,U1029,michelle.garcia54,Jenkins,43,WKSTN-U1029
APP006024,2026-06-03 10:44:00,U1016,patricia.thomas,Git,76,WKSTN-U1016
APP012777,2026-06-03 10:50:00,U1031,john.wright28,Excel,63,WKSTN-U1031
APP030376,2026-06-03 10:28:00,U1075,steven.lewis,Outlook,28,WKSTN-U1075
APP012334,2026-06-03 10:34:00,U1030,betty.rodriguez86,Docker Desktop,47,WKSTN-U1030
APP004366,2026-06-03 10:45:00,U1012,  linda.martinez ,SAP,23,WKSTN-U1012
APP020338,2026-06-03 10:38:00,U1050,michael.ramirez,Salesforce,27,WKSTN-U1050
APP025946,2026-06-03 10:40:00,U1064,matthew.wright55,Outlook,13,WKSTN-U1064
APP026780,2026-06-03 11:24:00,U1066,michelle.wright62,DOCUSIGN,90,WKSTN-U1066
APP005615,2026-06-03 11:10:00,U1015,lisa.hernandez,QuickBooks,30,WKSTN-U1015
APP033687,2026-06-03 11:24:00,U1083,sarah.allen70,PuTTY,25,WKSTN-U1083
APP003215,2026-06-03 10:54:00,U1009,daniel.brown,Outlook,27,WKSTN-U1009
APP032809,2026-06-03 11:26:00,U1081,margaret.davis,Slack,86,WKSTN-U1081
APP038184,2026-06-03 10:58:00,U1093,SARAH.CLARK44,PuTTY,35,WKSTN-U1093
APP010999,2026-06-03 11:14:00,U1027,patricia.brown75,Chrome,55,WKSTN-U1027
APP017949,2026-06-03 11:27:00,U1044,lisa.ramirez9,Excel,43,WKSTN-U1044
APP040260,2026-06-03 11:15:00,U1098,nancy.wright49,Zoom,55,WKSTN-U1098
APP026345,2026-06-03 11:29:00,U1065,michael.ramirez47,DocuSign,52,WKSTN-U1065
APP017947,2026-06-03 11:21:00,U1044,lisa.ramirez9,Chrome,79,WKSTN-U1044
APP014378,2026-06-03 11:22:00,U1035,nancy.rodriguez82,Chrome,9,WKSTN-U1035
APP002461,2026-06-03 10:57:00,U1007,sarah.robinson82,QuickBooks,78,WKSTN-U1007
APP003214,2026-06-03 11:27:00,U1009,daniel.brown,QuickBooks,43,WKSTN-U1009
APP005212,2026-06-03 11:03:00,U1014,james.taylor,QuickBooks,50,WKSTN-U1014
APP025943,2026-06-03 11:07:00,U1064,matthew.wright55,Chrome,32,WKSTN-U1064
APP039050,2026-06-03 11:09:00,U1095,richard.thomas74,Zoom,31,WKSTN-U1095
APP021941,2026-06-03 11:02:00,U1054,anthony.martinez,Outlook,81,WKSTN-U1054
APP002458,2026-06-03 11:20:00,U1007,sarah.robinson82,Outlook,14,  WKSTN-U1007 
APP004786,2026-06-03 11:17:00,U1013,EMILY.SMITH,Outlook,2,WKSTN-U1013
APP019168,2026-06-03 11:05:00,U1047,sandra.lewis	,Outlook,31,
APP012780,2026-06-03 11:20:00,U1031,john.wright28,Outlook,10,WKSTN-U1031
APP008310,2026-06-03 11:19:00,U1021,jessica.walker,Slack,46,
APP021538,2026-06-03 11:04:00,U1053,john.jackson31,Salesforce,55,WKSTN-U1053
APP035471,2026-06-03 11:22:00,U1087,charles.sanchez,Slack,21,WKSTN-U1087
APP033243,2026-06-03 12:18:00,U1082,karen.hill96,Slack,56,WKSTN-U1082	
APP024729,2026-06-03 11:41:00,U1061,jessica.rodriguez,Chrome,83,WKSTN-U1061
APP024341,2026-06-03 12:03:00,U1060,matthew.anderson,Chrome,69,WKSTN-U1060
APP036380,2026-06-03 12:07:00,U1089,paul.brown27,Terminal,36,WKSTN-U1089
APP023152,2026-06-03 12:17:00,U1057,nancy.sanchez,Chrome,57,WKSTN-U1057
APP040262,2026-06-03 11:29:00,U1098,nancy.wright49,Excel,77,WKSTN-U1098
APP015571,2026-06-03 11:30:00,U1038,emily.clark,Workday,36,WKSTN-U1038
APP015569,2026-06-03 12:12:00,U1038,emily.clark,Workday,8,WKSTN-U1038
APP029167,2026-06-03 11:59:00,U1072,kenneth.lopez,Word,11,WKSTN-U1072
APP038187,2026-06-03 11:59:00,U1093,sarah.clark44,Terminal,25,WKSTN-U1093
APP022360,2026-06-03 11:42:00,U1055,patricia.wilson54,Zoom,13,WKSTN-U1055
APP009666,2026-06-03 12:17:00,U1024,emily.miller,Git,34,WKSTN-U1024
APP014377,2026-06-03 11:35:00,U1035,nancy.rodriguez82,Workday,75,WKSTN-U1035
APP036818,2026-06-03 12:06:00,U1090,mary.hill,WIRESHARK,-23.0,WKSTN-U1090
APP015149,2026-06-03 11:44:00,U1037,robert.martin,Excel,17,WKSTN-U1037
APP027158,2026-06-03 12:14:00,U1067,paul.thomas97,Chrome,89,WKSTN-U1067
APP032370,2026-06-03 11:46:00,U1080,joseph.jackson91,Terminal,18,WKSTN-U1080
APP031148,2026-06-03 11:33:00,U1077,kimberly.harris58,Outlook,5,WKSTN-U1077
APP022747,2026-06-03 11:30:00,U1056,anthony.clark,Zoom,,WKSTN-U1056
APP024728,2026-06-03 11:39:00,U1061,,Salesforce,59,WKSTN-U1061
APP024339,2026-06-03 12:03:00,U1060,matthew.anderson,Zoom,,WKSTN-U1060
APP026782,2026-06-03 11:50:00,U1066,michelle.wright62,Outlook,42,WKSTN-U1066
APP034589,2026-06-03 12:01:00,U1085,barbara.walker67,Chrome,64,WKSTN-U1085
APP025151,2026-06-03 12:07:00,U1062,william.martin,Zoom,28,WKSTN-U1062
APP003216,2026-06-03 12:14:00,U1009,daniel.brown,Outlook,53,WKSTN-U1009
APP027922,2026-06-03 12:26:00,U1069,jessica.clark,Outlook,53,WKSTN-U1069
APP018763,2026-06-03 12:50:00,U1046,michelle.torres39,Workday,72,
APP033242,2026-06-03 12:20:00,U1082,karen.hill96,Terminal,36,WKSTN-U1082
APP039863,2026-06-03 12:55:00,U1097,mark.martinez10,Zoom,88,WKSTN-U1097
APP019578,2026-06-03 12:55:00,U1048,jennifer.thomas87,,16,WKSTN-U1048
APP021537,2026-06-03 12:37:00,U1053,john.jackson31,Outlook,36,WKSTN-U1053
APP030757,2026-06-03 12:50:00,U1076,john.torres,Chrome,42,WKSTN-U1076
APP006473,2026-06-03 12:42:00,U1017,emily.hernandez34,Slack,56,WKSTN-U1017
APP017564,2026-06-03 12:22:00,U1043,thomas.williams91,Excel,73,WKSTN-U1043	
APP015970,2026-06-03 12:33:00,U1039,mark.thomas,Outlook,65,WKSTN-U1039
APP019945,2026-06-03 12:53:00,U1049,michelle.jones59,Excel,40,WKSTN-U1049
APP017565,2026-06-03 12:38:00,U1043,thomas.williams91,Outlook,67,WKSTN-U1043
APP012779,2026-06-03 12:42:00,U1031,john.wright28,Excel,68,WKSTN-U1031
APP016762,2026-06-03 12:41:00,U1041,matthew.allen52,Workday,51,WKSTN-U1041
APP015570,2026-06-03 12:51:00,U1038,emily.clark,Chrome,34,WKSTN-U1038
APP007420,2026-06-03 12:40:00,U1019,donna.anderson,Chrome,28,WKSTN-U1019
APP033689,2026-06-03 12:19:00,U1083,sarah.allen70,Wireshark,65,WKSTN-U1083
APP034118,2026-06-03 12:55:00,U1084,joshua.taylor,Terminal,13,WKSTN-U1084
APP026343,2026-06-03 12:29:00,U1065,michael.ramirez47,Chrome,,WKSTN-U1065
APP027533,2026-06-03 12:51:00,U1068,susan.thompson34,Chrome,37,WKSTN-U1068
APP011001,2026-06-03 12:18:00,U1027,patricia.brown75,Chrome,,WKSTN-U1027
APP033690,2026-06-03 12:55:00,U1083,sarah.allen70,PuTTY,38,WKSTN-U1083
APP001674,2026-06-03 12:49:00,U1005,robert.robinson,Excel,39,WKSTN-U1005
APP009667,2026-06-03 12:43:00,U1024,emily.miller,Slack,38,WKSTN-U1024
APP022361,2026-06-03 12:22:00,U1055,patricia.wilson54,Excel,85,WKSTN-U1055
APP010553,2026-06-03 13:00:00,U1026,elizabeth.gonzalez,VSCode,74,WKSTN-U1026
APP026344,2026-06-03 13:17:00,U1065,michael.ramirez47,Outlook,28,WKSTN-U1065
APP016339,2026-06-03 13:03:00,U1040,matthew.martin,Excel,85,WKSTN-U1040
APP018762,2026-06-03 13:11:00,U1046,michelle.torres39,Outlook,27,WKSTN-U1046
APP032369,2026-06-03 13:10:00,U1080,joseph.jackson91,Chrome,69,WKSTN-U1080
APP016765,2026-06-03 13:09:00,U1041,matthew.allen52,Chrome,39,WKSTN-U1041
APP031952,2026-06-03 13:16:00,U1079,emily.jones,Terminal,61,WKSTN-U1079
APP029962,2026-06-03 13:08:00,U1074,sarah.williams7,Word,76,WKSTN-U1074
APP034119,2026-06-03 13:20:00,U1084,joshua.taylor,Wireshark,14,
APP004787,2026-06-03 13:09:00,U1013,emily.smith,Outlook,12,WKSTN-U1013
APP027531,2026-06-03 13:03:00,U1068,susan.thompson34,Outlook,72,WKSTN-U1068
APP028772,2026-06-03 13:12:00,U1071,matthew.robinson35,Word,85,WKSTN-U1071
APP030377,2026-06-03 13:03:00,U1075,steven.lewis	,Word,85,WKSTN-U1075
APP006474,2026-06-03 13:20:00,U1017,emily.hernandez34,Docker Desktop,,WKSTN-U1017
APP032371,2026-06-03 13:22:00,U1080,JOSEPH.JACKSON91,Wireshark,40,WKSTN-U1080	
APP029576,2026-06-03 13:02:00,U1073,michael.gonzalez	,Outlook,83,WKSTN-U1073
APP021539,2026-06-03 13:13:00,U1053,john.jackson31,Excel,26,WKSTN-U1053
APP021536,2026-06-03 12:56:00,U1053,john.jackson31,Excel,22,WKSTN-U1053
APP019947,2026-06-03 13:09:00,U1049,michelle.jones59,  Excel ,46,WKSTN-U1049
APP021940,2026-06-03 13:13:00,U1054,anthony.martinez,Salesforce,71,WKSTN-U1054
APP040651,2026-06-03 13:20:00,U1099,joseph.garcia,Chrome,35,
APP033244,2026-06-03 13:01:00,U1082,karen.hill96,Chrome,88,WKSTN-U1082
APP033688,2026-06-03 13:07:00,U1083,sarah.allen70,Terminal,64,WKSTN-U1083
APP026781,2026-06-03 13:18:00,U1066,michelle.wright62,Outlook,15,WKSTN-U1066
APP000053,2026-06-03 13:09:00,U1001,linda.johnson95,SAP,9,WKSTN-U1001
APP014379,2026-06-03 13:24:00,U1035,nancy.rodriguez82,Excel,12,WKSTN-U1035
APP027532,2026-06-03 13:35:00,U1068,SUSAN.THOMPSON34,Outlook,85,WKSTN-U1068
APP023150,2026-06-03 13:42:00,U1057,nancy.sanchez,Outlook,52,WKSTN-U1057
APP009219,2026-06-03 13:37:00,U1023,richard.wright,Docker Desktop,20,WKSTN-U1023
APP023149,2026-06-03 13:42:00,U1057,NANCY.SANCHEZ,Salesforce,12,
APP009217,2026-06-03 13:36:00,U1023,richard.wright,VSCode,65,WKSTN-U1023
APP009215,2026-06-03 13:40:00,U1023,richard.wright,Chrome,16,WKSTN-U1023
APP006475,2026-06-03 13:35:00,U1017,emily.hernandez34,Slack,63,WKSTN-U1017
APP010555,2026-06-03 13:45:00,U1026,elizabeth.gonzalez,Chrome,43,WKSTN-U1026	
APP025150,2026-06-03 13:40:00,U1062,william.martin,Zoom,58,WKSTN-U1062
APP019946,2026-06-03 13:35:00,U1049,michelle.jones59,Salesforce,58,WKSTN-U1049
APP036379,2026-06-03 13:50:00,U1089,paul.brown27,Terminal,77,WKSTN-U1089
APP029961,2026-06-03 13:25:00,U1074,sarah.williams7,Word,41,WKSTN-U1074
APP000865,2026-06-03 13:25:00,U1003,kenneth.clark29,SAP,13,WKSTN-U1003
APP016763,2026-06-03 13:35:00,U1041,matthew.allen52,Workday,56,WKSTN-U1041
APP000051,2026-06-03 13:32:00,U1001,linda.johnson95,Excel,80,WKSTN-U1001
APP037290,2026-06-03 13:41:00,U1091,linda.robinson	,Active Directory Console,82,WKSTN-U1091	
APP035021,2026-06-03 13:34:00,U1086,steven.thompson53,Active Directory Console,76,WKSTN-U1086
APP029170,2026-06-03 13:32:00,U1072,kenneth.lopez,DocuSign,44,WKSTN-U1072
APP003217,2026-06-03 13:27:00,U1009,daniel.brown,Outlook,12,WKSTN-U1009
APP009665,2026-06-03 13:30:00,U1024,emily.miller,Slack,84,WKSTN-U1024
APP001280,2026-06-03 13:42:00,U1004,elizabeth.wilson98,SAP,9,  WKSTN-U1004 
APP010554,2026-06-03 13:45:00,U1026,elizabeth.gonzalez,Docker Desktop,74,WKSTN-U1026
APP018348,2026-06-03 13:27:00,U1045,daniel.sanchez90,excel,53,WKSTN-U1045
APP009218,2026-06-03 13:28:00,U1023,richard.wright,Jenkins,89,WKSTN-U1023
APP037736,2026-06-03 14:01:00,U1092,steven.thomas,PuTTY,84,WKSTN-U1092
APP000050,2026-06-03 14:18:00,U1001,linda.johnson95,SAP,59,WKSTN-U1001
APP018759,2026-06-03 13:52:00,U1046,michelle.torres39,Outlook,90,WKSTN-U1046
APP008756,2026-06-03 14:10:00,U1022,sandra.brown,Slack,76,WKSTN-U1022
APP038186,2026-06-03 14:13:00,U1093,sarah.clark44,Wireshark,79,WKSTN-U1093
APP040261,2026-06-03 14:18:00,U1098,nancy.wright49,PowerPoint,79,WKSTN-U1098
APP021943,2026-06-03 13:51:00,U1054,anthony.martinez,Chrome,77,WKSTN-U1054
APP029575,2026-06-03 13:54:00,U1073,michael.gonzalez,Chrome,67,WKSTN-U1073
APP028359,2026-06-03 13:57:00,U1070,,DocuSign,-72.0,WKSTN-U1070
APP013593,2026-06-03 13:55:00,U1033,linda.miller,Workday,30,WKSTN-U1033
APP028357,2026-06-03 14:07:00,U1070,betty.thomas40,Outlook,39,WKSTN-U1070
APP006963,2026-06-03 14:11:00,U1018,betty.white57,Git,82,WKSTN-U1018
APP011902,2026-06-03 13:57:00,U1029,michelle.garcia54,VSCode,21,WKSTN-U1029
APP019944,2026-06-03 13:51:00,U1049,michelle.jones59,Chrome,87,WKSTN-U1049
APP003624,2026-06-03 14:02:00,U1010,susan.young51,QuickBooks,52,WKSTN-U1010
APP000861,2026-06-03 14:03:00,U1003,kenneth.clark29,Excel,79,  WKSTN-U1003 
APP005616,2026-06-03 14:07:00,U1015,lisa.hernandez,OUTLOOK,34,WKSTN-U1015
APP023537,2026-06-03 13:58:00,U1058,jennifer.ramirez18,SALESFORCE,11000.0,WKSTN-U1058
APP034590,2026-06-03 14:17:00,U1085,barbara.walker67,Chrome,46,WKSTN-U1085
APP015969,2026-06-03 14:09:00,U1039,mark.thomas,Chrome,3,WKSTN-U1039	
APP014764,2026-06-03 13:57:00,U1036,  linda.jones ,  Chrome ,58,WKSTN-U1036
APP019577,2026-06-03 14:11:00,U1048,jennifer.thomas87,Excel,62,WKSTN-U1048
APP036820,2026-06-03 13:56:00,U1090,mary.hill,Chrome,80,WKSTN-U1090
APP013186,2026-06-03 14:13:00,U1032,paul.wright91,Chrome,4,WKSTN-U1032
APP020750,2026-06-03 14:16:00,U1051,sandra.king72,Chrome,N/A,WKSTN-U1051
APP024340,2026-06-03 15:13:00,U1060,matthew.anderson,Excel,73,WKSTN-U1060
APP035023,2026-06-03 14:43:00,U1086,steven.thompson53,Wireshark,24,WKSTN-U1086
APP003982,2026-06-03 14:54:00,U1011,DONNA.RAMIREZ75,Excel,26,WKSTN-U1011
APP041020,2026-06-03 14:28:00,U1100,daniel.brown38,Outlook,25,WKSTN-U1100
APP013976,2026-06-03 14:57:00,U1034,thomas.allen63,Excel,81,WKSTN-U1034
APP027529,2026-06-03 14:54:00,U1068,susan.thompson34,DocuSign,70,WKSTN-U1068
APP021139,2026-06-03 15:04:00,U1052,,Salesforce,46,WKSTN-U1052
APP029169,2026-06-03 15:13:00,U1072,kenneth.lopez,DocuSign,23,WKSTN-U1072
APP041021,2026-06-03 15:07:00,U1100,daniel.brown38,Outlook,12,WKSTN-U1100
APP031543,2026-06-03 15:06:00,U1078,michelle.miller,DocuSign,73,WKSTN-U1078
APP034120,2026-06-03 15:16:00,U1084,joshua.taylor,Active Directory Console,54,WKSTN-U1084
APP000863,2026-06-03 14:41:00,U1003,kenneth.clark29,Chrome,78,WKSTN-U1003
APP028775,2026-06-03 15:08:00,U1071,matthew.robinson35,Chrome,11,WKSTN-U1071
APP007859,2026-06-03 14:30:00,U1020,andrew.thomas36,VSCode,62,WKSTN-U1020
APP000438,2026-06-03 15:09:00,U1002,donna.ramirez,Outlook,71,WKSTN-U1002
APP008757,2026-06-03 15:18:00,U1022,sandra.brown,VSCode,73,WKSTN-U1022
APP001278,2026-06-03 14:36:00,U1004,elizabeth.wilson98,QuickBooks,34,WKSTN-U1004
APP020339,2026-06-03 14:58:00,U1050,,Chrome,31,WKSTN-U1050
APP013185,2026-06-03 14:41:00,U1032,paul.wright91,Chrome,83,
APP031146,2026-06-03 14:26:00,U1077,kimberly.harris58,DocuSign,48,WKSTN-U1077
APP023924,2026-06-03 15:06:00,U1059,daniel.perez98,,89,WKSTN-U1059
APP031147,2026-06-03 15:17:00,U1077,kimberly.harris58,OUTLOOK,7,WKSTN-U1077
APP021143,2026-06-03 14:48:00,U1052,paul.taylor,excel,67,WKSTN-U1052
APP006472,2026-06-03 14:46:00,U1017,emily.hernandez34,VSCode,15,WKSTN-U1017
APP001675,2026-06-03 15:00:00,U1005,robert.robinson,Outlook,55,WKSTN-U1005
APP039445,2026-06-03 15:53:00,U1096,david.allen76,PowerPoint,26,WKSTN-U1096
APP018760,2026-06-03 15:32:00,U1046,michelle.torres39,Outlook,51,WKSTN-U1046
APP040650,2026-06-03 15:38:00,U1099,joseph.garcia,PowerPoint,18,WKSTN-U1099
APP039447,2026-06-03 15:50:00,U1096,david.allen76,OUTLOOK,70,WKSTN-U1096
APP028773,2026-06-03 15:36:00,U1071,,Word,57,WKSTN-U1071
APP014766,2026-06-03 15:43:00,U1036,linda.jones,Excel,72,WKSTN-U1036
APP038630,2026-06-03 15:48:00,U1094,elizabeth.lewis69,Terminal,53,WKSTN-U1094
APP035019,2026-06-03 15:42:00,U1086,steven.thompson53,Chrome,71,WKSTN-U1086
APP013594,2026-06-03 15:25:00,U1033,linda.miller,Workday,16,WKSTN-U1033
APP022362,2026-06-03 15:32:00,U1055,patricia.wilson54,Excel,62,WKSTN-U1055
APP016338,2026-06-03 15:52:00,U1040,matthew.martin,  Chrome ,6,WKSTN-U1040
APP030375,2026-06-03 15:43:00,U1075,steven.lewis,Chrome,21,WKSTN-U1075
APP011901,2026-06-03 15:36:00,U1029,michelle.garcia54,Slack,65,WKSTN-U1029
APP002072,2026-06-03 15:27:00,U1006,george.gonzalez,Outlook,40,WKSTN-U1006
APP015568,2026-06-03 15:49:00,U1038,emily.clark,Excel,66,WKSTN-U1038
APP008311,2026-06-03 15:50:00,U1021,jessica.walker,VSCode,72,WKSTN-U1021
APP005213,2026-06-03 15:18:00,U1014,james.taylor,Chrome,79,WKSTN-U1014
APP039446,2026-06-03 15:45:00,U1096,david.allen76,Outlook,20,WKSTN-U1096
APP007860,2026-06-03 15:23:00,U1020,andrew.thomas36,Jenkins,9,WKSTN-U1020
APP012332,2026-06-03 15:26:00,U1030,betty.rodriguez86,chrome,63,WKSTN-U1030
APP002839,2026-06-03 15:32:00,U1008,joshua.hernandez,QuickBooks,78,WKSTN-U1008
APP021540,2026-06-03 15:53:00,U1053,john.jackson31,Excel,11,
APP011483,2026-06-03 15:27:00,U1028,john.hill,Jenkins,42,WKSTN-U1028
APP017151,2026-06-03 15:44:00,U1042,michael.hill56,Workday,35,WKSTN-U1042
APP011482,2026-06-03 15:51:00,U1028,john.hill,Chrome,50,WKSTN-U1028
APP026342,2026-06-03 16:06:00,U1065,  michael.ramirez47 ,Word,42,WKSTN-U1065
APP006023,2026-06-03 16:19:00,U1016,,git,12,WKSTN-U1016
APP006026,2026-06-03 16:05:00,U1016,patricia.thomas,VSCode,34,WKSTN-U1016
APP036817,2026-06-03 16:09:00,U1090,mary.hill,Active Directory Console,70,WKSTN-U1090
APP030758,2026-06-03 15:57:00,U1076,john.torres,Chrome,41,WKSTN-U1076
APP035020,2026-06-03 15:57:00,U1086,steven.thompson53,Wireshark,6,WKSTN-U1086
APP001676,2026-06-03 15:56:00,U1005,robert.robinson,QuickBooks,62,
APP002070,2026-06-03 16:29:00,U1006,  george.gonzalez ,Excel,8,WKSTN-U1006	
APP003213,2026-06-03 16:12:00,U1009,daniel.brown,Chrome,84,WKSTN-U1009
APP003626,2026-06-03 16:11:00,U1010,susan.young51,Excel,58,WKSTN-U1010
APP015151,2026-06-03 16:29:00,U1037,robert.martin,Excel,42,WKSTN-U1037
APP006964,2026-06-03 16:15:00,U1018,betty.white57,Chrome,53,WKSTN-U1018
APP004788,2026-06-03 16:17:00,U1013,emily.smith,Chrome,80,WKSTN-U1013
APP031542,2026-06-03 15:56:00,U1078,michelle.miller,DocuSign,22,WKSTN-U1078
APP000049,2026-06-03 15:53:00,U1001,linda.johnson95,quickbooks,67,WKSTN-U1001
APP034122,2026-06-03 15:53:00,U1084,,Chrome,63,WKSTN-U1084
APP004365,2026-06-03 16:25:00,U1012,linda.martinez,Outlook,11,WKSTN-U1012
APP027159,2026-06-03 16:14:00,U1067,paul.thomas97,Word,25,WKSTN-U1067
APP017154,2026-06-03 16:38:00,U1042,michael.hill56,Outlook,90,WKSTN-U1042
APP017152,2026-06-03 16:27:00,U1042,michael.hill56,Chrome,58,WKSTN-U1042
APP022363,2026-06-03 16:15:00,U1055,patricia.wilson54,Zoom,42,WKSTN-U1055
APP010557,2026-06-03 16:14:00,U1026,elizabeth.gonzalez,VSCode,89,WKSTN-U1026
APP017563,2026-06-03 16:29:00,U1043,thomas.williams91,Workday,3,WKSTN-U1043
APP037291,2026-06-03 16:39:00,U1091,linda.robinson,Chrome,71,WKSTN-U1091
APP003983,2026-06-03 16:03:00,U1011,donna.ramirez75,Chrome,42,WKSTN-U1011
APP011481,2026-06-03 16:44:00,U1028,,VSCode,77,WKSTN-U1028
APP002071,2026-06-03 17:07:00,U1006,george.gonzalez,Excel,64,WKSTN-U1006
APP031167,2026-06-04 07:52:00,U1077,kimberly.harris58,Outlook,6,WKSTN-U1077
APP038653,2026-06-04 07:55:00,U1094,elizabeth.lewis69,Chrome,24,WKSTN-U1094
APP002478,2026-06-04 07:15:00,U1007,sarah.robinson82,Excel,75,WKSTN-U1007
APP031954,2026-06-03 17:03:00,U1079,emily.jones,Slack,12,WKSTN-U1079
APP034141,2026-06-04 07:32:00,U1084,joshua.taylor,CHROME,12,WKSTN-U1084
APP010556,2026-06-03 17:26:00,U1026,elizabeth.gonzalez,Jenkins,N/A,WKSTN-U1026
APP014376,2026-06-03 17:02:00,U1035,nancy.rodriguez82,WORKDAY,14,WKSTN-U1035
APP035042,2026-06-04 07:58:00,U1086,steven.thompson53,Chrome,57,WKSTN-U1086
APP001673,2026-06-03 16:41:00,U1005,robert.robinson,Chrome,86,WKSTN-U1005
APP031973,2026-06-04 08:04:00,U1079,emily.jones,Wireshark,36,WKSTN-U1079
APP008758,2026-06-03 16:50:00,U1022,sandra.brown,Chrome,50,WKSTN-U1022
APP012778,2026-06-03 16:51:00,U1031,john.wright28,Workday,10,WKSTN-U1031
APP021963,2026-06-04 08:00:00,U1054,anthony.martinez,Zoom,62,WKSTN-U1054
APP015968,2026-06-03 16:46:00,U1039,mark.thomas,Workday,40,WKSTN-U1039
APP011484,2026-06-03 18:06:00,U1028,john.hill,Docker Desktop,75,WKSTN-U1028
APP031165,2026-06-04 08:01:00,U1077,kimberly.harris58,Word,82,WKSTN-U1077
APP017578,2026-06-04 08:01:00,U1043,thomas.williams91,Workday,77,WKSTN-U1043
APP017171,2026-06-04 08:03:00,U1042,michael.hill56,Outlook,44,WKSTN-U1042
APP013975,2026-06-03 17:52:00,U1034,thomas.allen63,Chrome,60,WKSTN-U1034
APP015150,2026-06-03 17:29:00,U1037,robert.martin,Chrome,17,WKSTN-U1037
APP004364,2026-06-03 16:46:00,U1012,linda.martinez,Excel,83,WKSTN-U1012
APP027156,2026-06-03 16:50:00,U1067,paul.thomas97,Outlook,,WKSTN-U1067
APP025555,2026-06-03 16:41:00,U1063,john.nguyen,DocuSign,63,WKSTN-U1063
APP014781,2026-06-04 08:51:00,U1036,linda.jones,Chrome,,WKSTN-U1036	
APP019967,2026-06-04 08:20:00,U1049,michelle.jones59,Excel,15,WKSTN-U1049
APP035039,2026-06-04 08:22:00,U1086,steven.thompson53,Slack,55,WKSTN-U1086
APP024743,2026-06-04 08:59:00,U1061,jessica.rodriguez,Zoom,66,WKSTN-U1061
APP015986,2026-06-04 08:49:00,U1039,mark.thomas,Excel,50,WKSTN-U1039
APP026797,2026-06-04 08:30:00,U1066,michelle.wright62,DocuSign,39,WKSTN-U1066
APP000073,2026-06-04 08:57:00,U1001,linda.johnson95,QuickBooks,41,WKSTN-U1001
APP026796,2026-06-04 08:56:00,U1066,michelle.wright62,Outlook,,  WKSTN-U1066 
APP013205,2026-06-04 08:55:00,U1032,paul.wright91,Outlook,33,WKSTN-U1032
APP030774,2026-06-04 09:05:00,U1076,john.torres,DocuSign,59,WKSTN-U1076
APP024742,2026-06-04 08:26:00,U1061,jessica.rodriguez,Outlook,8,WKSTN-U1061
APP016356,2026-06-04 08:52:00,U1040,matthew.martin,Workday,37,WKSTN-U1040
APP013204,2026-06-04 08:24:00,U1032,paul.wright91	,Chrome,31,WKSTN-U1032
APP002477,2026-06-04 08:12:00,U1007,sarah.robinson82,QuickBooks,65,WKSTN-U1007
APP018782,2026-06-04 09:04:00,U1046,michelle.torres39,WORKDAY,88,WKSTN-U1046
APP022765,2026-06-04 08:14:00,U1056,anthony.clark,Chrome,51,WKSTN-U1056
APP021965,2026-06-04 09:07:00,U1054,anthony.martinez,Excel,68,WKSTN-U1054
APP019187,2026-06-04 08:22:00,U1047,SANDRA.LEWIS,Salesforce,25000.0,WKSTN-U1047
APP031557,2026-06-04 08:54:00,U1078,michelle.miller,DocuSign,34,WKSTN-U1078
APP022381,2026-06-04 08:29:00,U1055,patricia.wilson54,Excel,13,WKSTN-U1055
APP034606,2026-06-04 08:59:00,U1085,barbara.walker67,Chrome,47,WKSTN-U1085
APP021158,2026-06-04 08:33:00,U1052,paul.taylor,Chrome,24,WKSTN-U1052	
APP010131,2026-06-04 08:41:00,U1025,betty.brown22,Slack,17,WKSTN-U1025
APP035487,2026-06-04 09:02:00,U1087,charles.sanchez,Slack,77,WKSTN-U1087
APP003231,2026-06-04 09:04:00,U1009,daniel.brown,Excel,78,WKSTN-U1009
APP014782,2026-06-04 09:23:00,U1036,linda.jones,Outlook	,23,WKSTN-U1036
APP015987,2026-06-04 09:12:00,U1039,mark.thomas,Chrome,9,WKSTN-U1039
APP003645,2026-06-04 09:32:00,U1010,susan.young51,QuickBooks,3,WKSTN-U1010
APP019965,2026-06-04 09:44:00,U1049,michelle.jones59,Excel,69,WKSTN-U1049
APP016357,2026-06-04 09:55:00,U1040,matthew.martin,Excel,4,WKSTN-U1040
APP015594,2026-06-04 09:56:00,U1038,emily.clark,Outlook,86,WKSTN-U1038
APP027177,2026-06-04 09:48:00,U1067,paul.thomas97,DocuSign,77,  WKSTN-U1067 
APP016778,2026-06-04 09:27:00,U1041,matthew.allen52,  Outlook ,85,WKSTN-U1041
APP003232,2026-06-04 09:51:00,U1009,daniel.brown,Chrome,87,WKSTN-U1009
APP035485,2026-06-04 09:46:00,U1087,charles.sanchez	,Chrome,35,WKSTN-U1087
APP002858,2026-06-04 09:47:00,U1008,joshua.hernandez,QuickBooks,,WKSTN-U1008
APP021159,2026-06-04 09:36:00,U1052,paul.taylor,Outlook,27,WKSTN-U1052
APP000881,2026-06-04 09:16:00,U1003,kenneth.clark29,Excel,67,WKSTN-U1003
APP032824,2026-06-04 09:53:00,U1081,margaret.davis,Terminal,51,WKSTN-U1081
APP033710,2026-06-04 09:47:00,U1083,sarah.allen70,Active Directory Console,40,WKSTN-U1083
APP031971,2026-06-04 09:30:00,U1079,emily.jones,Chrome,11,WKSTN-U1079
APP039878,2026-06-04 09:36:00,U1097,mark.martinez10,Outlook,67,
APP035486,2026-06-04 09:54:00,U1087,charles.sanchez,Chrome,71,WKSTN-U1087
APP009690,2026-06-04 09:31:00,U1024,EMILY.MILLER,Git,26,WKSTN-U1024
APP031972,2026-06-04 09:44:00,U1079,emily.jones,Wireshark,14,WKSTN-U1079
APP024353,2026-06-04 09:58:00,U1060,matthew.anderson,Outlook,88,WKSTN-U1060
APP038654,2026-06-04 09:42:00,U1094,ELIZABETH.LEWIS69,Slack,24,WKSTN-U1094
APP023941,2026-06-04 09:58:00,U1059,daniel.perez98,Salesforce,31,WKSTN-U1059
APP011920,2026-06-04 09:53:00,U1029,MICHELLE.GARCIA54,Docker Desktop,21,WKSTN-U1029
APP039068,2026-06-04 09:51:00,U1095,richard.thomas74,Outlook,35,WKSTN-U1095
APP001297,2026-06-04 10:15:00,U1004,elizabeth.wilson98,SAP,51,WKSTN-U1004
APP003642,2026-06-04 10:22:00,U1010,susan.young51,Excel,13000.0,WKSTN-U1010
APP030771,2026-06-04 10:18:00,U1076,,Chrome,53,WKSTN-U1076
APP013203,2026-06-04 10:27:00,U1032,paul.wright91,Excel,38,WKSTN-U1032
APP010128,2026-06-04 10:32:00,U1025,betty.brown22,Jenkins,62,WKSTN-U1025
APP005230,2026-06-04 10:32:00,U1014,james.taylor,SAP,35,WKSTN-U1014
APP016358,2026-06-04 10:28:00,U1040,matthew.martin,Outlook,56,WKSTN-U1040
APP027544,2026-06-04 10:06:00,U1068,susan.thompson34,Chrome,47,WKSTN-U1068
APP023942,2026-06-04 10:03:00,U1059,daniel.perez98,Excel,68,WKSTN-U1059
APP002476,2026-06-04 10:30:00,U1007,sarah.robinson82,Excel,86,WKSTN-U1007
APP024357,2026-06-04 10:24:00,U1060,matthew.anderson,Chrome,-65.0,  WKSTN-U1060 
APP004386,2026-06-04 10:30:00,U1012,linda.martinez,QuickBooks,83,WKSTN-U1012
APP031559,2026-06-04 10:03:00,U1078,michelle.miller,DocuSign,18,WKSTN-U1078
APP007881,2026-06-04 10:18:00,U1020,andrew.thomas36,Jenkins,12,WKSTN-U1020
APP008779,2026-06-04 10:18:00,U1022,,Jenkins,34,WKSTN-U1022
APP026794,2026-06-04 10:19:00,U1066,michelle.wright62,Word,28,WKSTN-U1066
APP009689,2026-06-04 10:25:00,U1024,emily.miller,Git,42,WKSTN-U1024
APP008780,2026-06-04 10:10:00,U1022,SANDRA.BROWN,  VSCode ,9,WKSTN-U1022
APP016777,2026-06-04 10:12:00,U1041,matthew.allen52,Outlook,62,WKSTN-U1041
APP041037,2026-06-04 10:29:00,U1100,daniel.brown38,PowerPoint,29,WKSTN-U1100
APP014780,2026-06-04 10:15:00,U1036,linda.jones,Excel,29,WKSTN-U1036
APP004387,2026-06-04 09:59:00,U1012,linda.martinez,SAP,51,WKSTN-U1012
APP021964,2026-06-04 10:29:00,U1054,anthony.martinez,Chrome,48,WKSTN-U1054
APP014395,2026-06-04 10:10:00,U1035,nancy.rodriguez82,Excel,53,WKSTN-U1035
APP022385,2026-06-04 10:28:00,U1055,,Zoom,31,WKSTN-U1055	
APP002084,2026-06-04 10:45:00,U1006,george.gonzalez,SAP,17,WKSTN-U1006
APP038201,2026-06-04 11:09:00,U1093,sarah.clark44,PuTTY	,31,WKSTN-U1093
APP010580,2026-06-04 10:58:00,U1026,elizabeth.gonzalez,VSCode,18,WKSTN-U1026
APP033264,2026-06-04 10:55:00,U1082,karen.hill96,PuTTY,33,WKSTN-U1082
APP002860,2026-06-04 10:43:00,U1008,joshua.hernandez,Outlook,24,WKSTN-U1008	
APP019186,2026-06-04 11:03:00,U1047,sandra.lewis,Excel,35,WKSTN-U1047
APP025173,2026-06-04 10:40:00,U1062,william.martin,Outlook,9,WKSTN-U1062
APP020359,2026-06-04 10:49:00,U1050,michael.ramirez,Zoom,81,WKSTN-U1050
APP018781,2026-06-04 10:47:00,U1046,michelle.torres39,,10,WKSTN-U1046
APP005632,2026-06-04 11:16:00,U1015,lisa.hernandez,Excel,43,WKSTN-U1015
APP003230,2026-06-04 10:55:00,U1009,daniel.brown,Outlook,7,WKSTN-U1009
APP034140,2026-06-04 11:09:00,U1084,joshua.taylor,PuTTY,69,WKSTN-U1084
APP017582,2026-06-04 10:54:00,U1043,thomas.williams91,Excel,66,WKSTN-U1043
APP035488,2026-06-04 11:10:00,U1087,charles.sanchez,Chrome,21,WKSTN-U1087
APP023173,2026-06-04 10:58:00,U1057,nancy.sanchez,Outlook,85,WKSTN-U1057
APP026793,2026-06-04 11:01:00,U1066,  michelle.wright62 ,DocuSign,60,WKSTN-U1066
APP006044,2026-06-04 10:37:00,U1016,patricia.thomas,,19,WKSTN-U1016
APP002085,2026-06-04 10:43:00,U1006,george.gonzalez,Outlook,64,WKSTN-U1006
APP011919,2026-06-04 10:39:00,U1029,michelle.garcia54,Chrome,50,WKSTN-U1029
APP039881,2026-06-04 10:56:00,U1097,mark.martinez10,PowerPoint,87,WKSTN-U1097
APP002086,2026-06-04 11:14:00,U1006,george.gonzalez,Chrome,24,WKSTN-U1006
APP023940,2026-06-04 11:06:00,U1059,daniel.perez98,Excel,25,WKSTN-U1059
APP039877,2026-06-04 10:44:00,U1097,mark.martinez10,PowerPoint,45,WKSTN-U1097
APP004805,2026-06-04 10:52:00,U1013,emily.smith,Chrome,80,WKSTN-U1013
APP022382,2026-06-04 11:03:00,U1055,patricia.wilson54,Chrome,36,WKSTN-U1055
APP000882,2026-06-04 11:50:00,U1003,kenneth.clark29,QuickBooks,72,WKSTN-U1003
APP028379,2026-06-04 11:35:00,U1070,betty.thomas40,Chrome,61,WKSTN-U1070
APP018784,2026-06-04 11:51:00,U1046,michelle.torres39,Outlook,54,WKSTN-U1046
APP031164,2026-06-04 11:31:00,U1077,kimberly.harris58,Chrome,24,WKSTN-U1077
APP031168,2026-06-04 11:44:00,U1077,kimberly.harris58,Chrome,13,WKSTN-U1077
APP017962,2026-06-04 11:43:00,U1044,lisa.ramirez9,Chrome,11,WKSTN-U1044
APP021157,2026-06-04 11:31:00,U1052,paul.taylor,Salesforce,65,WKSTN-U1052
APP011500,2026-06-04 11:40:00,U1028,john.hill,Slack,49,WKSTN-U1028
APP028377,2026-06-04 11:23:00,U1070,betty.thomas40,DocuSign,62,WKSTN-U1070
APP025962,2026-06-04 11:44:00,U1064,matthew.wright55,Outlook,67,WKSTN-U1064
APP036399,2026-06-04 11:32:00,U1089,paul.brown27,Chrome,7,WKSTN-U1089
APP017963,2026-06-04 11:19:00,U1044,lisa.ramirez9,Workday,24,WKSTN-U1044
APP024354,2026-06-04 11:21:00,U1060,matthew.anderson,Excel,51,WKSTN-U1060
APP025964,2026-06-04 11:21:00,U1064,matthew.wright55,Word,44,  WKSTN-U1064 
APP012798,2026-06-04 11:29:00,U1031,john.wright28,Excel,76,WKSTN-U1031
APP021962,2026-06-04 11:50:00,U1054,anthony.martinez,Outlook,6,WKSTN-U1054
APP018362,2026-06-04 11:49:00,U1045,daniel.sanchez90,Outlook,42,WKSTN-U1045
APP002857,2026-06-04 11:46:00,U1008,joshua.hernandez,Excel,56,WKSTN-U1008
APP032387,2026-06-04 11:38:00,U1080,joseph.jackson91,Chrome,81,WKSTN-U1080
APP016354,2026-06-04 11:30:00,U1040,matthew.martin,Excel,35,WKSTN-U1040
APP019964,2026-06-04 11:49:00,U1049,michelle.jones59,Chrome,64,WKSTN-U1049
APP002859,2026-06-04 11:48:00,U1008,joshua.hernandez,Outlook,6,
APP027176,2026-06-04 11:45:00,U1067,paul.thomas97,OUTLOOK,6,WKSTN-U1067
APP035040,2026-06-04 11:26:00,U1086,steven.thompson53,Slack,24,WKSTN-U1086
APP011020,2026-06-04 11:29:00,U1027,patricia.brown75,Git,37,WKSTN-U1027
APP031558,2026-06-04 11:56:00,U1078,michelle.miller,Word,66,WKSTN-U1078
APP025172,2026-06-04 12:06:00,U1062,william.martin,Outlook,65,WKSTN-U1062
APP008777,2026-06-04 12:10:00,U1022,sandra.brown,VSCode,34,WKSTN-U1022
APP010577,2026-06-04 12:23:00,U1026,elizabeth.gonzalez,VSCode,26,WKSTN-U1026
APP013992,2026-06-04 12:24:00,U1034,thomas.allen63,Chrome,22,WKSTN-U1034
APP029978,2026-06-04 11:58:00,U1074,sarah.williams7,Word,39,WKSTN-U1074
APP015164,2026-06-04 12:07:00,U1037,robert.martin,Chrome,27,WKSTN-U1037
APP036841,2026-06-04 12:16:00,U1090,mary.hill,Active Directory Console,50,WKSTN-U1090
APP027937,2026-06-04 12:08:00,U1069,jessica.clark,Outlook,73,WKSTN-U1069
APP012797,2026-06-04 12:24:00,U1031,john.wright28,Excel,87,WKSTN-U1031
APP021557,2026-06-04 12:26:00,U1053,john.jackson31,Outlook,82,WKSTN-U1053
APP015166,2026-06-04 11:57:00,U1037,robert.martin,Workday,51,WKSTN-U1037
APP017966,2026-06-04 12:27:00,U1044,lisa.ramirez9,Excel,27,WKSTN-U1044
APP036397,2026-06-04 12:14:00,U1089,paul.brown27,putty,17,WKSTN-U1089
APP022384,2026-06-04 11:56:00,U1055,patricia.wilson54,Zoom,81,
APP011502,2026-06-04 12:10:00,U1028,john.hill,Docker Desktop,60,WKSTN-U1028
APP019184,2026-06-04 12:13:00,U1047,sandra.lewis,Excel,71,WKSTN-U1047
APP017964,2026-06-04 12:10:00,U1044,  lisa.ramirez9 ,Excel,18,WKSTN-U1044
APP001295,2026-06-04 12:24:00,U1004,elizabeth.wilson98,Outlook,53,WKSTN-U1004
APP025963,2026-06-04 11:55:00,U1064,matthew.wright55,Chrome,45,WKSTN-U1064
APP034607,2026-06-04 11:52:00,U1085,barbara.walker67,,89,WKSTN-U1085
APP019966,2026-06-04 12:09:00,U1049,michelle.jones59,zoom,52,WKSTN-U1049
APP030773,2026-06-04 12:09:00,U1076,john.torres,Outlook,83,WKSTN-U1076
APP022383,2026-06-04 12:20:00,U1055,patricia.wilson54,Chrome,37,WKSTN-U1055
APP029976,2026-06-04 12:21:00,U1074,sarah.williams7,Outlook,3,WKSTN-U1074
APP008326,2026-06-04 12:48:00,U1021,jessica.walker,VSCode,40,WKSTN-U1021
APP024355,2026-06-04 12:28:00,U1060,matthew.anderson,Zoom,47,WKSTN-U1060
APP025171,2026-06-04 12:53:00,U1062,william.martin,Salesforce,87,WKSTN-U1062
APP011921,2026-06-04 12:49:00,U1029,michelle.garcia54,VSCode,3,WKSTN-U1029
APP011019,2026-06-04 12:36:00,U1027,patricia.brown75,Chrome,7,WKSTN-U1027
APP008329,2026-06-04 12:55:00,U1021,jessica.walker,Jenkins,N/A,WKSTN-U1021
APP011501,2026-06-04 12:39:00,U1028,john.hill,Docker Desktop,52,WKSTN-U1028
APP028794,2026-06-04 12:41:00,U1071,matthew.robinson35,Word,40,WKSTN-U1071
APP010130,2026-06-04 12:55:00,U1025,betty.brown22,VSCode,90,WKSTN-U1025
APP033261,2026-06-04 12:43:00,U1082,karen.hill96,Wireshark,45,WKSTN-U1082
APP037311,2026-06-04 12:53:00,U1091,linda.robinson,wireshark,31,WKSTN-U1091
APP004807,2026-06-04 12:50:00,U1013,emily.smith,QuickBooks,25,WKSTN-U1013
APP005229,2026-06-04 12:37:00,U1014,james.taylor,Chrome,24,WKSTN-U1014
APP007883,2026-06-04 12:48:00,U1020,andrew.thomas36,Docker Desktop,29,WKSTN-U1020
APP019595,2026-06-04 12:40:00,U1048,jennifer.thomas87,Excel,21,WKSTN-U1048
APP017174,2026-06-04 12:57:00,U1042,michael.hill56,Workday,82,WKSTN-U1042
APP019593,2026-06-04 12:31:00,U1048,jennifer.thomas87,Salesforce,67,WKSTN-U1048
APP037308,2026-06-04 12:51:00,U1091,linda.robinson,Slack,68,  WKSTN-U1091 
APP003644,2026-06-04 12:31:00,U1010,susan.young51,EXCEL,7,WKSTN-U1010
APP000072,2026-06-04 12:36:00,U1001,linda.johnson95,QuickBooks,5,WKSTN-U1001
APP032823,2026-06-04 12:39:00,U1081,margaret.davis,Wireshark,27,WKSTN-U1081	
APP030392,2026-06-04 12:55:00,U1075,steven.lewis,Word,30,WKSTN-U1075
APP024744,2026-06-04 12:39:00,U1061,jessica.rodriguez,Excel,47,WKSTN-U1061
APP019968,2026-06-04 12:56:00,U1049,michelle.jones59	,Chrome,3,WKSTN-U1049	
APP000452,2026-06-04 12:46:00,U1002,  donna.ramirez ,,37,WKSTN-U1002
APP007443,2026-06-04 13:03:00,U1019,donna.anderson,slack,35,WKSTN-U1019
APP026364,2026-06-04 13:12:00,U1065,michael.ramirez47,Outlook,57,WKSTN-U1065
APP011499,2026-06-04 12:57:00,U1028,john.hill,Slack,90,WKSTN-U1028
APP037760,2026-06-04 12:58:00,U1092,steven.thomas,Chrome,55,WKSTN-U1092
APP036839,2026-06-04 13:02:00,U1090,mary.hill,Terminal,58,WKSTN-U1090
APP019185,2026-06-04 13:10:00,U1047,sandra.lewis,Zoom,41,WKSTN-U1047
APP012796,2026-06-04 13:06:00,U1031,john.wright28,Chrome,32,
APP012799,2026-06-04 13:09:00,U1031,john.wright28,Workday,5,WKSTN-U1031
APP007882,2026-06-04 13:17:00,U1020,andrew.thomas36,Jenkins,16,WKSTN-U1020
APP013615,2026-06-04 13:23:00,U1033,linda.miller,Outlook,90,WKSTN-U1033
APP039465,2026-06-04 13:12:00,U1096,david.allen76,Outlook,75,WKSTN-U1096
APP009238,2026-06-04 13:24:00,U1023,richard.wright,Docker Desktop,76,WKSTN-U1023
APP013613,2026-06-04 13:05:00,U1033,linda.miller,Outlook,23,WKSTN-U1033
APP010129,2026-06-04 12:58:00,U1025,betty.brown22,Docker Desktop,31,WKSTN-U1025
APP031556,2026-06-04 13:16:00,U1078,michelle.miller,Word,69,WKSTN-U1078
APP009687,2026-06-04 13:14:00,U1024,emily.miller,VSCode,46,WKSTN-U1024
APP018780,2026-06-04 13:11:00,U1046,michelle.torres39,Workday,51,WKSTN-U1046
APP007445,2026-06-04 12:59:00,U1019,donna.anderson,Chrome,67,WKSTN-U1019
APP008328,2026-06-04 13:14:00,U1021,jessica.walker,Slack,35,WKSTN-U1021
APP039879,2026-06-04 12:59:00,U1097,mark.martinez10,Outlook,-83.0,WKSTN-U1097
APP027543,2026-06-04 13:18:00,U1068,susan.thompson34,Word,85,WKSTN-U1068
APP029188,2026-06-04 13:24:00,U1072,kenneth.lopez,DocuSign,36,WKSTN-U1072
APP041038,2026-06-04 13:01:00,U1100,daniel.brown38,PowerPoint,24,WKSTN-U1100
APP001299,2026-06-04 13:10:00,U1004,elizabeth.wilson98,Chrome,47,WKSTN-U1004
APP017579,2026-06-04 13:17:00,U1043,thomas.williams91,OUTLOOK,90,WKSTN-U1043
APP017173,2026-06-04 13:29:00,U1042,michael.hill56,Excel,41,WKSTN-U1042
APP007442,2026-06-04 13:41:00,U1019,donna.anderson,VSCode,35,WKSTN-U1019
APP016355,2026-06-04 13:49:00,U1040,matthew.martin,Chrome,88,WKSTN-U1040
APP040667,2026-06-04 13:40:00,U1099,,Chrome,87,WKSTN-U1099
APP011922,2026-06-04 13:55:00,U1029,michelle.garcia54,Docker Desktop,65,WKSTN-U1029
APP035936,2026-06-04 13:31:00,U1088,andrew.smith85,PuTTY,63,WKSTN-U1088
APP028792,2026-06-04 13:29:00,U1071,matthew.robinson35,Chrome,74,WKSTN-U1071
APP029589,2026-06-04 13:45:00,U1073,michael.gonzalez,Word,49,WKSTN-U1073
APP006497,2026-06-04 13:37:00,U1017,emily.hernandez34,Slack,12,WKSTN-U1017
APP026795,2026-06-04 14:03:00,U1066,michelle.wright62,Word,62,
APP033262,2026-06-04 13:35:00,U1082,karen.hill96,Wireshark,32,WKSTN-U1082
APP034605,2026-06-04 13:40:00,U1085,barbara.walker67,PuTTY,3,WKSTN-U1085
APP013206,2026-06-04 13:52:00,U1032,PAUL.WRIGHT91	,Excel,55,WKSTN-U1032
APP033709,2026-06-04 13:35:00,U1083,sarah.allen70,Chrome,22,WKSTN-U1083
APP004388,2026-06-04 13:31:00,U1012,linda.martinez,Excel,43,WKSTN-U1012
APP011923,2026-06-04 13:47:00,U1029,michelle.garcia54,Docker Desktop,2,WKSTN-U1029
APP000883,2026-06-04 13:39:00,U1003,kenneth.clark29,SAP,22,WKSTN-U1003
APP017581,2026-06-04 13:33:00,U1043,thomas.williams91,Workday,63,WKSTN-U1043
APP019591,2026-06-04 13:57:00,U1048,jennifer.thomas87,Zoom,14,WKSTN-U1048
APP001690,2026-06-04 13:34:00,U1005,robert.robinson,SAP,23,
APP017580,2026-06-04 13:59:00,U1043,thomas.williams91,Chrome,56,WKSTN-U1043
APP036400,2026-06-04 13:33:00,U1089,paul.brown27,PuTTY,18,WKSTN-U1089
APP029977,2026-06-04 14:03:00,U1074,sarah.williams7,DocuSign,25,WKSTN-U1074
APP036840,2026-06-04 14:00:00,U1090,mary.hill,Active Directory Console,82,WKSTN-U1090
APP023552,2026-06-04 13:36:00,U1058,jennifer.ramirez18,Chrome,58,WKSTN-U1058
APP039067,2026-06-04 14:31:00,U1095,richard.thomas74,Chrome,22,WKSTN-U1095
APP020360,2026-06-04 14:18:00,U1050,michael.ramirez,Zoom,42,WKSTN-U1050
APP035041,2026-06-04 14:25:00,U1086,steven.thompson53,PuTTY,21,WKSTN-U1086
APP013991,2026-06-04 14:14:00,U1034,thomas.allen63,Chrome,14000.0,WKSTN-U1034
APP037309,2026-06-04 14:30:00,U1091,linda.robinson,Slack,71,WKSTN-U1091
APP029187,2026-06-04 14:24:00,U1072,kenneth.lopez,Chrome,53,WKSTN-U1072
APP031166,2026-06-04 14:14:00,U1077,kimberly.harris58,Outlook,68,WKSTN-U1077
APP028790,2026-06-04 14:10:00,U1071,matthew.robinson35,Chrome,35,WKSTN-U1071
APP007444,2026-06-04 14:33:00,U1019,donna.anderson,VSCode,57,WKSTN-U1019
APP009237,2026-06-04 14:16:00,U1023,richard.wright,Git,79,WKSTN-U1023
APP027174,2026-06-04 14:26:00,U1067,paul.thomas97,Outlook,51,WKSTN-U1067
APP002087,2026-06-04 14:14:00,U1006,george.gonzalez,Outlook,90,WKSTN-U1006
APP028793,2026-06-04 14:28:00,U1071,MATTHEW.ROBINSON35,DocuSign,68,WKSTN-U1071
APP008325,2026-06-04 14:28:00,U1021,jessica.walker,  Jenkins ,50,WKSTN-U1021
APP012800,2026-06-04 14:28:00,U1031,john.wright28,Chrome,26,
APP003643,2026-06-04 14:25:00,U1010,susan.young51,Outlook,37,WKSTN-U1010
APP037307,2026-06-04 14:25:00,U1091,linda.robinson,  Chrome ,11,WKSTN-U1091
APP005631,2026-06-04 14:11:00,U1015,lisa.hernandez,Chrome,72,WKSTN-U1015
APP023554,2026-06-04 14:09:00,U1058,jennifer.ramirez18,,90,WKSTN-U1058
APP009688,2026-06-04 14:27:00,U1024,emily.miller,VSCode,15,WKSTN-U1024
APP018361,2026-06-04 14:12:00,U1045,DANIEL.SANCHEZ90,,17,WKSTN-U1045
APP004389,2026-06-04 14:28:00,U1012,linda.martinez,Chrome,66,WKSTN-U1012
APP008327,2026-06-04 14:10:00,U1021,jessica.walker,VSCode,29,WKSTN-U1021
APP017965,2026-06-04 14:17:00,U1044,lisa.ramirez9,,88,WKSTN-U1044
APP037759,2026-06-04 14:25:00,U1092,steven.thomas,PuTTY,37,WKSTN-U1092
APP026365,2026-06-04 14:37:00,U1065,michael.ramirez47,DocuSign,52,WKSTN-U1065
APP010579,2026-06-04 14:35:00,U1026,elizabeth.gonzalez,Slack,59,WKSTN-U1026
APP030775,2026-06-04 14:48:00,U1076,john.torres,DocuSign,23,WKSTN-U1076
APP038652,2026-06-04 14:34:00,U1094,elizabeth.lewis69,Terminal,64,WKSTN-U1094
APP025568,2026-06-04 14:33:00,U1063,john.nguyen,Word,60,WKSTN-U1063
APP006979,2026-06-04 15:21:00,U1018,betty.white57,Git,19,WKSTN-U1018
APP040666,2026-06-04 14:56:00,U1099,joseph.garcia,Outlook,67,WKSTN-U1099
APP028378,2026-06-04 15:18:00,U1070,  betty.thomas40 ,Chrome,77,WKSTN-U1070
APP025567,2026-06-04 14:39:00,U1063,john.nguyen,Word,69,WKSTN-U1063
APP015165,2026-06-04 15:04:00,U1037,,Workday,30,WKSTN-U1037
APP011498,2026-06-04 14:39:00,U1028,john.hill,Jenkins,45,WKSTN-U1028
APP006498,2026-06-04 14:36:00,U1017,emily.hernandez34,vscode,41,WKSTN-U1017
APP039464,2026-06-04 14:52:00,U1096,david.allen76,PowerPoint,49,WKSTN-U1096
APP024741,2026-06-04 14:52:00,U1061,jessica.rodriguez,Salesforce,2,WKSTN-U1061
APP033263,2026-06-04 14:47:00,U1082,karen.hill96,Chrome,86,WKSTN-U1082
APP014396,2026-06-04 14:33:00,U1035,nancy.rodriguez82,Outlook,42,WKSTN-U1035
APP032386,2026-06-04 15:16:00,U1080,joseph.jackson91,Chrome,3,WKSTN-U1080
APP028791,2026-06-04 15:22:00,U1071,matthew.robinson35,DocuSign,30,WKSTN-U1071
APP015595,2026-06-04 15:05:00,U1038,emily.clark,Outlook,24,WKSTN-U1038
APP000453,2026-06-04 15:15:00,U1002,donna.ramirez,QuickBooks,60,WKSTN-U1002
APP023171,2026-06-04 14:49:00,U1057,nancy.sanchez	,Zoom,40,WKSTN-U1057
APP012353,2026-06-04 15:00:00,U1030,betty.rodriguez86,Git,33,WKSTN-U1030
APP006983,2026-06-04 14:34:00,U1018,BETTY.WHITE57,Slack,3,WKSTN-U1018
APP020770,2026-06-04 15:10:00,U1051,sandra.king72,Outlook,16,WKSTN-U1051
APP035933,2026-06-04 15:13:00,U1088,andrew.smith85,  Slack ,38,  WKSTN-U1088 
APP006496,2026-06-04 15:55:00,U1017,emily.hernandez34,VSCode,70,WKSTN-U1017
APP003641,2026-06-04 15:24:00,U1010,susan.young51,QuickBooks,20,WKSTN-U1010
APP029189,2026-06-04 15:33:00,U1072,  kenneth.lopez ,Chrome,26,WKSTN-U1072
APP036398,2026-06-04 15:39:00,U1089,paul.brown27,Terminal,25,WKSTN-U1089
APP003999,2026-06-04 15:36:00,U1011,donna.ramirez75,Outlook,54,  WKSTN-U1011 
APP029588,2026-06-04 15:44:00,U1073,  michael.gonzalez ,Chrome,54,WKSTN-U1073
APP017172,2026-06-04 15:41:00,U1042,,Workday,56,WKSTN-U1042
APP030772,2026-06-04 15:46:00,U1076,john.torres,Word,62,WKSTN-U1076
APP027936,2026-06-04 15:23:00,U1069,jessica.clark,Chrome,71,WKSTN-U1069
APP022764,2026-06-04 15:53:00,U1056,anthony.clark,Zoom,36,WKSTN-U1056
APP007880,2026-06-04 15:32:00,U1020,andrew.thomas36,Docker Desktop,23,WKSTN-U1020
APP015163,2026-06-04 15:27:00,U1037,robert.martin,Chrome,60,WKSTN-U1037
APP005633,2026-06-04 15:34:00,U1015,lisa.hernandez,Chrome,63,WKSTN-U1015
APP010576,2026-06-04 15:44:00,U1026,elizabeth.gonzalez,Docker Desktop,5,WKSTN-U1026
APP027173,2026-06-04 15:22:00,U1067,paul.thomas97,Word,6,WKSTN-U1067
APP023553,2026-06-04 15:40:00,U1058,jennifer.ramirez18,Salesforce,9,WKSTN-U1058
APP037758,2026-06-04 15:38:00,U1092,steven.thomas,PuTTY,35,WKSTN-U1092
APP018783,2026-06-04 15:36:00,U1046,michelle.torres39,Chrome,41,WKSTN-U1046
APP001296,2026-06-04 15:32:00,U1004,elizabeth.wilson98,SAP,71,WKSTN-U1004
APP020768,2026-06-04 15:49:00,U1051,sandra.king72,Chrome,83,WKSTN-U1051
APP016779,2026-06-04 15:31:00,U1041,matthew.allen52,Chrome,66,WKSTN-U1041
APP003998,2026-06-04 15:30:00,U1011,donna.ramirez75,OUTLOOK,19,WKSTN-U1011	
APP007446,2026-06-04 15:55:00,U1019,donna.anderson,Slack,59,WKSTN-U1019	
APP002088,2026-06-04 15:27:00,U1006,george.gonzalez,,61,WKSTN-U1006
APP024356,2026-06-04 15:30:00,U1060,matthew.anderson,Outlook,71,WKSTN-U1060
APP009236,2026-06-04 16:04:00,U1023,richard.wright,Git,58,
APP006982,2026-06-04 16:39:00,U1018,betty.white57,Docker Desktop,26,WKSTN-U1018
APP001689,2026-06-04 16:16:00,U1005,robert.robinson,Chrome,,WKSTN-U1005
APP006495,2026-06-04 16:29:00,U1017,emily.hernandez34,Slack,46,WKSTN-U1017
APP023172,2026-06-04 15:57:00,U1057,nancy.sanchez,Excel,44,WKSTN-U1057
APP039880,2026-06-04 16:20:00,U1097,mark.martinez10	,Outlook,25,WKSTN-U1097
APP006043,2026-06-04 16:39:00,U1016,patricia.thomas,Docker Desktop,68,WKSTN-U1016
APP006045,2026-06-04 16:41:00,U1016,patricia.thomas,Git,37,WKSTN-U1016
APP001298,2026-06-04 16:28:00,U1004,elizabeth.wilson98,Outlook,17,WKSTN-U1004
APP027175,2026-06-04 16:40:00,U1067,paul.thomas97,DocuSign,25,WKSTN-U1067
APP033265,2026-06-04 16:29:00,U1082,karen.hill96,Terminal,90,WKSTN-U1082
APP037761,2026-06-04 16:47:00,U1092,steven.thomas,Terminal,61,WKSTN-U1092
APP020767,2026-06-04 16:40:00,U1051,sandra.king72,zoom,40,WKSTN-U1051
APP035935,2026-06-04 16:51:00,U1088,andrew.smith85,Wireshark,52,WKSTN-U1088
APP021558,2026-06-04 15:56:00,U1053,john.jackson31,Salesforce,73,WKSTN-U1053
APP040281,2026-06-04 16:08:00,U1098,  nancy.wright49 ,Excel,12,WKSTN-U1098
APP004385,2026-06-04 16:32:00,U1012,linda.martinez,Excel,7,WKSTN-U1012
APP011021,2026-06-04 16:03:00,U1027,patricia.brown75,Git,46,WKSTN-U1027
APP012354,2026-06-04 16:52:00,U1030,betty.rodriguez86,Docker Desktop,21,WKSTN-U1030
APP010578,2026-06-04 16:41:00,U1026,,vscode,54,  WKSTN-U1026 
APP008778,2026-06-04 16:52:00,U1022,sandra.brown,Slack,47,WKSTN-U1022
APP037310,2026-06-04 16:43:00,U1091,linda.robinson,  PuTTY ,74,WKSTN-U1091
APP038200,2026-06-04 16:15:00,U1093,sarah.clark44,Active Directory Console,88,WKSTN-U1093
APP040279,2026-06-04 16:41:00,U1098,nancy.wright49,Outlook,27,WKSTN-U1098
APP030394,2026-06-04 16:25:00,U1075,steven.lewis,DocuSign,83,WKSTN-U1075
APP033711,2026-06-04 17:54:00,U1083,sarah.allen70,Active Directory Console,8,WKSTN-U1083
APP020790,2026-06-05 08:01:00,U1051,sandra.king72,Chrome,89,WKSTN-U1051
APP000089,2026-06-05 07:29:00,U1001,linda.johnson95,Outlook,11,WKSTN-U1001
APP036396,2026-06-04 16:55:00,U1089,paul.brown27,Terminal,80,WKSTN-U1089
APP040280,2026-06-04 17:40:00,U1098,nancy.wright49,Zoom,,WKSTN-U1098
APP013614,2026-06-04 17:16:00,U1033,linda.miller,Chrome,58,WKSTN-U1033
APP019594,2026-06-04 17:10:00,U1048,jennifer.thomas87,Zoom,,WKSTN-U1048
APP037757,2026-06-04 17:37:00,U1092,steven.thomas,PuTTY,14,WKSTN-U1092
APP006980,2026-06-04 17:01:00,U1018,BETTY.WHITE57,Chrome,4,WKSTN-U1018
APP004806,2026-06-04 17:33:00,U1013,emily.smith,QuickBooks,56,WKSTN-U1013
APP038218,2026-06-05 07:44:00,U1093,sarah.clark44,Terminal,28,WKSTN-U1093
APP019592,2026-06-04 16:58:00,U1048,jennifer.thomas87,Chrome,32,WKSTN-U1048
APP004804,2026-06-04 17:34:00,U1013,emily.smith,SAP,22,WKSTN-U1013
APP006981,2026-06-04 17:22:00,U1018,betty.white57,VSCode,14,WKSTN-U1018
APP025582,2026-06-05 07:25:00,U1063,john.nguyen,Outlook,11,WKSTN-U1063
APP031184,2026-06-05 07:52:00,U1077,kimberly.harris58,Outlook,64,WKSTN-U1077
APP008800,2026-06-05 07:49:00,U1022,sandra.brown,Docker Desktop,25,WKSTN-U1022
APP028376,2026-06-04 17:47:00,U1070,betty.thomas40	,Chrome,21,WKSTN-U1070	
APP020769,2026-06-04 17:40:00,U1051,sandra.king72,Salesforce,63,WKSTN-U1051
APP019613,2026-06-05 08:08:00,U1048,jennifer.thomas87,Excel,41,WKSTN-U1048
APP023190,2026-06-05 08:05:00,U1057,nancy.sanchez,Salesforce,87,WKSTN-U1057
APP027193,2026-06-05 08:02:00,U1067,paul.thomas97,DocuSign,5,WKSTN-U1067
APP020358,2026-06-04 17:05:00,U1050,michael.ramirez,Outlook,13,WKSTN-U1050
APP035934,2026-06-04 16:58:00,U1088,andrew.smith85,Wireshark,14,WKSTN-U1088
APP030393,2026-06-04 17:57:00,U1075,steven.lewis,Word,54,WKSTN-U1075
APP025982,2026-06-05 08:33:00,U1064,matthew.wright55,DocuSign,59,WKSTN-U1064
APP014796,2026-06-05 08:49:00,U1036,linda.jones,Excel,80,WKSTN-U1036
APP029208,2026-06-05 09:10:00,U1072,kenneth.lopez,DocuSign,64,WKSTN-U1072
APP034627,2026-06-05 09:06:00,U1085,barbara.walker67,Active Directory Console,47,WKSTN-U1085
APP016797,2026-06-05 09:01:00,U1041,matthew.allen52,Workday,38,WKSTN-U1041
APP006522,2026-06-05 08:40:00,U1017,emily.hernandez34,Docker Desktop,50,WKSTN-U1017
APP018378,2026-06-05 08:55:00,U1045,daniel.sanchez90,Workday,26,WKSTN-U1045
APP014414,2026-06-05 08:59:00,U1035,nancy.rodriguez82,Excel,66,WKSTN-U1035
APP037334,2026-06-05 08:42:00,U1091,linda.robinson,Wireshark,48,WKSTN-U1091
APP011039,2026-06-05 08:34:00,U1027,patricia.brown75,Jenkins,4,WKSTN-U1027
APP017599,2026-06-05 08:47:00,U1043,thomas.williams91,Outlook,,WKSTN-U1043
APP014798,2026-06-05 08:59:00,U1036,linda.jones,Excel,79,WKSTN-U1036
APP000471,2026-06-05 08:57:00,U1002,donna.ramirez,QuickBooks,49,WKSTN-U1002
APP023568,2026-06-05 08:19:00,U1058,jennifer.ramirez18,excel,19,WKSTN-U1058
APP026379,2026-06-05 09:07:00,U1065,  michael.ramirez47 ,Outlook,41,WKSTN-U1065
APP001702,2026-06-05 09:08:00,U1005,  robert.robinson ,QuickBooks,42,WKSTN-U1005
APP019207,2026-06-05 09:08:00,U1047,SANDRA.LEWIS,Outlook,88,WKSTN-U1047
APP025585,2026-06-05 08:48:00,U1063,john.nguyen,Word,37,WKSTN-U1063
APP013634,2026-06-05 08:22:00,U1033,linda.miller,Workday,3,WKSTN-U1033
APP023961,2026-06-05 08:54:00,U1059,daniel.perez98,  Excel ,36,WKSTN-U1059	
APP015182,2026-06-05 09:06:00,U1037,robert.martin,Excel,54,WKSTN-U1037
APP023191,2026-06-05 08:16:00,U1057,nancy.sanchez,Salesforce,71,WKSTN-U1057
APP003249,2026-06-05 09:07:00,U1009,daniel.brown,Chrome,3,WKSTN-U1009
APP015183,2026-06-05 08:23:00,U1037,robert.martin,Excel,26,WKSTN-U1037
APP000898,2026-06-05 09:02:00,U1003,kenneth.clark29,QuickBooks,24,WKSTN-U1003
APP005249,2026-06-05 09:41:00,U1014,james.taylor,SAP,81,WKSTN-U1014
APP024376,2026-06-05 09:37:00,U1060,matthew.anderson,Salesforce,39,WKSTN-U1060
APP028815,2026-06-05 09:22:00,U1071,matthew.robinson35,  Chrome ,43,WKSTN-U1071
APP018803,2026-06-05 09:48:00,U1046,michelle.torres39,Chrome,23,WKSTN-U1046
APP004015,2026-06-05 09:40:00,U1011,donna.ramirez75,Chrome,8,WKSTN-U1011
APP008347,2026-06-05 09:52:00,U1021,jessica.walker,Slack,82,WKSTN-U1021
APP012815,2026-06-05 09:27:00,U1031,john.wright28,Outlook,6,WKSTN-U1031
APP023565,2026-06-05 09:33:00,U1058,jennifer.ramirez18,Zoom,4,WKSTN-U1058
APP029993,2026-06-05 09:33:00,U1074,sarah.williams7,Chrome,30000.0,WKSTN-U1074
APP028811,2026-06-05 09:33:00,U1071,matthew.robinson35,Word,29,WKSTN-U1071
APP037336,2026-06-05 09:50:00,U1091,  linda.robinson ,Active Directory Console,88,WKSTN-U1091
APP036418,2026-06-05 09:35:00,U1089,paul.brown27,Slack,81,WKSTN-U1089
APP011940,2026-06-05 09:49:00,U1029,michelle.garcia54,Chrome,61,WKSTN-U1029
APP027956,2026-06-05 10:04:00,U1069,jessica.clark,Chrome,63,WKSTN-U1069
APP002492,2026-06-05 10:03:00,U1007,sarah.robinson82,Excel,57,WKSTN-U1007
APP032412,2026-06-05 09:58:00,U1080,,Wireshark,55,WKSTN-U1080
APP010598,2026-06-05 09:43:00,U1026,elizabeth.gonzalez,Docker Desktop,71,WKSTN-U1026
APP004405,2026-06-05 09:15:00,U1012,LINDA.MARTINEZ,QuickBooks,50,WKSTN-U1012
APP038217,2026-06-05 09:19:00,U1093,sarah.clark44	,ACTIVE DIRECTORY CONSOLE,7,WKSTN-U1093
APP031185,2026-06-05 09:47:00,U1077,kimberly.harris58,Outlook,73,WKSTN-U1077
APP029607,2026-06-05 09:23:00,U1073,michael.gonzalez,Outlook,15,WKSTN-U1073
APP028393,2026-06-05 09:28:00,U1070,,Chrome,53,WKSTN-U1070
APP034165,2026-06-05 09:13:00,U1084,joshua.taylor,Terminal,23,WKSTN-U1084
APP039084,2026-06-05 09:59:00,U1095,richard.thomas74,Zoom,67,WKSTN-U1095
APP019611,2026-06-05 09:48:00,U1048,JENNIFER.THOMAS87,Chrome,25,WKSTN-U1048
APP032411,2026-06-05 10:09:00,U1080,joseph.jackson91,PuTTY,30,WKSTN-U1080
APP029606,2026-06-05 10:31:00,U1073,michael.gonzalez,Outlook,14,WKSTN-U1073	
APP035949,2026-06-05 10:16:00,U1088,andrew.smith85,Chrome,27,  WKSTN-U1088 
APP018802,2026-06-05 10:14:00,U1046,michelle.torres39,Excel,2,WKSTN-U1046
APP008799,2026-06-05 10:30:00,U1022,sandra.brown,Git,62,WKSTN-U1022
APP013632,2026-06-05 10:16:00,U1033,linda.miller,Excel,5,WKSTN-U1033
APP025187,2026-06-05 10:31:00,U1062,william.martin,Excel,52,WKSTN-U1062
APP024760,2026-06-05 10:05:00,U1061,jessica.rodriguez,Outlook,39,WKSTN-U1061
APP014800,2026-06-05 10:07:00,U1036,,Outlook,36,WKSTN-U1036
APP004404,2026-06-05 10:25:00,U1012,linda.martinez,Outlook,89,WKSTN-U1012
APP002105,2026-06-05 10:21:00,U1006,george.gonzalez,CHROME,64,WKSTN-U1006
APP026811,2026-06-05 10:19:00,U1066,michelle.wright62,Outlook,,WKSTN-U1066
APP020374,2026-06-05 10:10:00,U1050,michael.ramirez,Excel,23,WKSTN-U1050
APP010150,2026-06-05 10:17:00,U1025,betty.brown22,Jenkins,33,WKSTN-U1025
APP029608,2026-06-05 10:15:00,U1073,michael.gonzalez,Outlook,9,WKSTN-U1073
APP020789,2026-06-05 10:07:00,U1051,  sandra.king72 ,Zoom,52,WKSTN-U1051
APP040295,2026-06-05 10:09:00,U1098,nancy.wright49,Zoom,28,
APP006060,2026-06-05 10:16:00,U1016,patricia.thomas,Slack,60,WKSTN-U1016
APP018801,2026-06-05 10:20:00,U1046,michelle.torres39,Workday,4,WKSTN-U1046
APP040683,2026-06-05 10:09:00,U1099,joseph.garcia,Zoom,41,WKSTN-U1099
APP037335,2026-06-05 10:15:00,U1091,linda.robinson,Wireshark,18,WKSTN-U1091
APP022407,2026-06-05 10:29:00,U1055,patricia.wilson54,Salesforce,15,WKSTN-U1055
APP002879,2026-06-05 10:22:00,U1008,joshua.hernandez,QuickBooks,,WKSTN-U1008
APP014415,2026-06-05 10:24:00,U1035,nancy.rodriguez82,Outlook,55,WKSTN-U1035
APP037777,2026-06-05 10:14:00,U1092,steven.thomas,Active Directory Console,25,WKSTN-U1092
APP005246,2026-06-05 10:40:00,U1014,james.taylor,Outlook,51,WKSTN-U1014
APP012376,2026-06-05 10:38:00,U1030,betty.rodriguez86,Chrome,58,WKSTN-U1030
APP033726,2026-06-05 10:40:00,U1083,sarah.allen70,Wireshark,58,WKSTN-U1083
APP017195,2026-06-05 10:51:00,U1042,michael.hill56,Workday,40,WKSTN-U1042
APP034162,2026-06-05 10:52:00,U1084,joshua.taylor,wireshark,14,WKSTN-U1084
APP033281,2026-06-05 10:44:00,U1082,karen.hill96,Terminal,8,WKSTN-U1082
APP036858,2026-06-05 10:33:00,U1090,mary.hill,Wireshark,3,WKSTN-U1090
APP025581,2026-06-05 10:46:00,U1063,john.nguyen,Chrome,31,WKSTN-U1063
APP011041,2026-06-05 10:33:00,U1027,patricia.brown75,Jenkins,34,WKSTN-U1027
APP036421,2026-06-05 10:50:00,U1089,  paul.brown27 ,Wireshark,18,WKSTN-U1089
APP030412,2026-06-05 10:47:00,U1075,steven.lewis,Word,6,WKSTN-U1075
APP000088,2026-06-05 10:43:00,U1001,linda.johnson95,SAP,57,WKSTN-U1001
APP023964,2026-06-05 10:49:00,U1059,daniel.perez98,Outlook,40,WKSTN-U1059
APP040682,2026-06-05 10:58:00,U1099,joseph.garcia,Excel,17,WKSTN-U1099
APP012378,2026-06-05 10:41:00,U1030,betty.rodriguez86,Chrome,14,WKSTN-U1030
APP036861,2026-06-05 11:01:00,U1090,mary.hill,Terminal,70,WKSTN-U1090
APP032839,2026-06-05 10:37:00,U1081,margaret.davis,Slack,74,WKSTN-U1081
APP025980,2026-06-05 11:01:00,U1064,matthew.wright55,Chrome,51,WKSTN-U1064
APP022780,2026-06-05 10:40:00,U1056,anthony.clark,Salesforce,41,WKSTN-U1056
APP020373,2026-06-05 10:51:00,U1050,michael.ramirez,Chrome,49,WKSTN-U1050
APP004830,2026-06-05 10:44:00,U1013,emily.smith,Chrome,78,WKSTN-U1013
APP031993,2026-06-05 10:32:00,U1079,emily.jones,Wireshark,47,WKSTN-U1079
APP014013,2026-06-05 10:43:00,U1034,thomas.allen63,workday,49,WKSTN-U1034
APP002881,2026-06-05 10:54:00,U1008,joshua.hernandez,SAP,70,WKSTN-U1008
APP036860,2026-06-05 10:37:00,U1090,mary.hill,Terminal,62,WKSTN-U1090
APP004013,2026-06-05 11:14:00,U1011,donna.ramirez75,SAP,87,WKSTN-U1011
APP012377,2026-06-05 11:06:00,U1030,betty.rodriguez86,Chrome,43,WKSTN-U1030
APP017598,2026-06-05 11:32:00,U1043,thomas.williams91,Workday,N/A,WKSTN-U1043
APP018377,2026-06-05 11:26:00,U1045,daniel.sanchez90,Workday,65,WKSTN-U1045
APP035060,2026-06-05 11:01:00,U1086,steven.thompson53,Slack,61,WKSTN-U1086
APP034626,2026-06-05 11:24:00,U1085,barbara.walker67,Active Directory Console,7,WKSTN-U1085
APP007906,2026-06-05 11:29:00,U1020,andrew.thomas36,Jenkins,75,WKSTN-U1020
APP000901,2026-06-05 11:30:00,U1003,kenneth.clark29,QuickBooks,16,WKSTN-U1003
APP032409,2026-06-05 11:31:00,U1080,joseph.jackson91,,70,  WKSTN-U1080 
APP011518,2026-06-05 11:03:00,U1028,john.hill,VSCode,52,WKSTN-U1028
APP035952,2026-06-05 11:02:00,U1088,andrew.smith85,Chrome,42,WKSTN-U1088
APP039486,2026-06-05 11:03:00,U1096,david.allen76,PowerPoint,31,WKSTN-U1096
APP025981,2026-06-05 11:04:00,U1064,matthew.wright55,Chrome,22,WKSTN-U1064
APP020375,2026-06-05 11:14:00,U1050,michael.ramirez,Excel,85,WKSTN-U1050
APP000470,2026-06-05 11:21:00,U1002,donna.ramirez,SAP,15,WKSTN-U1002
APP016001,2026-06-05 11:29:00,U1039,MARK.THOMAS,Excel,5,WKSTN-U1039
APP009702,2026-06-05 11:26:00,U1024,emily.miller,Docker Desktop,70,WKSTN-U1024
APP030793,2026-06-05 11:23:00,U1076,john.torres,Word,81,WKSTN-U1076
APP024762,2026-06-05 11:16:00,U1061,jessica.rodriguez,Excel,63,WKSTN-U1061
APP041056,2026-06-05 11:23:00,U1100,daniel.brown38,Zoom,45,WKSTN-U1100
APP005245,2026-06-05 11:11:00,U1014,james.taylor,sap,67,WKSTN-U1014
APP033728,2026-06-05 11:01:00,U1083,sarah.allen70,Active Directory Console,32,WKSTN-U1083
APP007905,2026-06-05 11:18:00,U1020,andrew.thomas36,Git,11,WKSTN-U1020
APP027954,2026-06-05 11:04:00,U1069,jessica.clark,Chrome,81,WKSTN-U1069
APP039899,2026-06-05 11:04:00,U1097,mark.martinez10,Excel,35,WKSTN-U1097
APP002878,2026-06-05 11:57:00,U1008,joshua.hernandez,SAP,78,WKSTN-U1008
APP022406,2026-06-05 11:58:00,U1055,patricia.wilson54,Excel,43,WKSTN-U1055
APP024379,2026-06-05 11:55:00,U1060,matthew.anderson,Zoom,35,WKSTN-U1060
APP039482,2026-06-05 12:06:00,U1096,david.allen76,PowerPoint,,WKSTN-U1096
APP021983,2026-06-05 11:47:00,U1054,ANTHONY.MARTINEZ,Zoom,38,WKSTN-U1054
APP014417,2026-06-05 11:45:00,U1035,nancy.rodriguez82,Excel,62,WKSTN-U1035
APP016798,2026-06-05 12:00:00,U1041,matthew.allen52,Workday,67,WKSTN-U1041
APP028812,2026-06-05 12:19:00,U1071,matthew.robinson35,Outlook,3,WKSTN-U1071
APP030792,2026-06-05 11:33:00,U1076,john.torres,DOCUSIGN	,22,WKSTN-U1076
APP004014,2026-06-05 12:04:00,U1011,donna.ramirez75,QuickBooks,41,WKSTN-U1011
APP026810,2026-06-05 12:04:00,U1066,michelle.wright62,DocuSign,66,WKSTN-U1066
APP019205,2026-06-05 12:09:00,U1047,sandra.lewis,Excel,8,WKSTN-U1047
APP035061,2026-06-05 11:49:00,U1086,steven.thompson53,Active Directory Console,39,WKSTN-U1086
APP007000,2026-06-05 11:53:00,U1018,betty.white57,Docker Desktop,25,WKSTN-U1018
APP000469,2026-06-05 12:09:00,U1002,donna.ramirez,SAP,31,  WKSTN-U1002 
APP017197,2026-06-05 12:11:00,U1042,,Excel,84,WKSTN-U1042
APP025186,2026-06-05 12:02:00,U1062,william.martin,Outlook,9,WKSTN-U1062
APP026376,2026-06-05 11:34:00,U1065,michael.ramirez47,Word,10,WKSTN-U1065
APP025583,2026-06-05 11:38:00,U1063,,Outlook,16,WKSTN-U1063
APP021180,2026-06-05 12:12:00,U1052,paul.taylor,Chrome,16,
APP031571,2026-06-05 11:33:00,U1078,michelle.miller,Outlook,44,WKSTN-U1078
APP001703,2026-06-05 11:50:00,U1005,robert.robinson,Excel,57,WKSTN-U1005
APP022779,2026-06-05 11:37:00,U1056,anthony.clark,outlook,25,WKSTN-U1056
APP033727,2026-06-05 11:56:00,U1083,sarah.allen70,Slack,27,WKSTN-U1083
APP003660,2026-06-05 11:45:00,U1010,susan.young51,Outlook,53,WKSTN-U1010
APP038668,2026-06-05 12:29:00,U1094,elizabeth.lewis69,Terminal,24,WKSTN-U1094
APP000899,2026-06-05 12:28:00,U1003,kenneth.clark29,Chrome,15,WKSTN-U1003
APP005652,2026-06-05 12:44:00,U1015,lisa.hernandez,Chrome,15,WKSTN-U1015	
APP030794,2026-06-05 12:42:00,U1076,john.torres,Outlook,,WKSTN-U1076
APP035951,2026-06-05 12:19:00,U1088,andrew.smith85,Slack,36,WKSTN-U1088
APP032841,2026-06-05 12:28:00,U1081,margaret.davis,Active Directory Console,61,WKSTN-U1081
APP018804,2026-06-05 12:47:00,U1046,michelle.torres39,Excel,55,WKSTN-U1046
APP017989,2026-06-05 12:32:00,U1044,lisa.ramirez9,outlook,79,WKSTN-U1044
APP027955,2026-06-05 12:36:00,U1069,jessica.clark,Outlook,14,WKSTN-U1069
APP029992,2026-06-05 12:49:00,U1074,SARAH.WILLIAMS7,Chrome,70,WKSTN-U1074
APP029994,2026-06-05 12:49:00,U1074,sarah.williams7,DocuSign,49,WKSTN-U1074
APP008797,2026-06-05 12:37:00,U1022,sandra.brown,Slack,48,WKSTN-U1022
APP023963,2026-06-05 12:22:00,U1059,daniel.perez98,Excel,62,WKSTN-U1059
APP014799,2026-06-05 12:39:00,U1036,linda.jones,Chrome,66,WKSTN-U1036
APP031992,2026-06-05 12:51:00,U1079,emily.jones,Terminal,71,WKSTN-U1079
APP030795,2026-06-05 12:50:00,U1076,john.torres,Outlook,70,WKSTN-U1076
APP027196,2026-06-05 12:28:00,U1067,paul.thomas97,Word,50,WKSTN-U1067
APP035508,2026-06-05 12:21:00,U1087,charles.sanchez	,Chrome,71,WKSTN-U1087
APP006998,2026-06-05 12:23:00,U1018,betty.white57,git,49,WKSTN-U1018
APP038670,2026-06-05 12:37:00,U1094,elizabeth.lewis69,Slack,44,WKSTN-U1094
APP021177,2026-06-05 12:46:00,U1052,paul.taylor,Outlook,37,WKSTN-U1052
APP022782,2026-06-05 12:50:00,U1056,anthony.clark,Salesforce,8,WKSTN-U1056
APP010151,2026-06-05 12:19:00,U1025,betty.brown22,Slack,36,WKSTN-U1025
APP011042,2026-06-05 12:41:00,U1027,patricia.brown75,Jenkins,6,WKSTN-U1027
APP019612,2026-06-05 12:31:00,U1048,jennifer.thomas87,Chrome,75,WKSTN-U1048
APP013223,2026-06-05 13:03:00,U1032,paul.wright91,Chrome,2,WKSTN-U1032
APP030796,2026-06-05 13:11:00,U1076,john.torres,Word,52,WKSTN-U1076
APP027560,2026-06-05 13:04:00,U1068,SUSAN.THOMPSON34,DocuSign,48,WKSTN-U1068
APP023962,2026-06-05 13:25:00,U1059,daniel.perez98,Chrome,47,WKSTN-U1059
APP019206,2026-06-05 12:52:00,U1047,sandra.lewis,Chrome	,19,WKSTN-U1047
APP006523,2026-06-05 12:52:00,U1017,emily.hernandez34,Slack,28,WKSTN-U1017
APP023567,2026-06-05 13:06:00,U1058,jennifer.ramirez18,Excel,54,WKSTN-U1058
APP027195,2026-06-05 13:04:00,U1067,paul.thomas97,Word,20,WKSTN-U1067
APP031574,2026-06-05 13:31:00,U1078,michelle.miller,DocuSign,90,WKSTN-U1078
APP025189,2026-06-05 13:11:00,U1062,william.martin,,27,WKSTN-U1062
APP011939,2026-06-05 13:29:00,U1029,michelle.garcia54,Docker Desktop	,89,WKSTN-U1029
APP013633,2026-06-05 13:32:00,U1033,,,21,WKSTN-U1033
APP039483,2026-06-05 12:55:00,U1096,david.allen76,Chrome,16,WKSTN-U1096
APP019610,2026-06-05 13:07:00,U1048,jennifer.thomas87,Outlook,54,WKSTN-U1048
APP014797,2026-06-05 13:29:00,U1036,  linda.jones ,Workday,15,WKSTN-U1036
APP030411,2026-06-05 13:33:00,U1075,steven.lewis,,11,WKSTN-U1075
APP011040,2026-06-05 13:21:00,U1027,patricia.brown75,VSCode,48,WKSTN-U1027
APP036420,2026-06-05 12:52:00,U1089,paul.brown27,Slack,73,WKSTN-U1089
APP040296,2026-06-05 13:29:00,U1098,nancy.wright49,PowerPoint,63,WKSTN-U1098
APP024377,2026-06-05 13:10:00,U1060,matthew.anderson,Excel,7,WKSTN-U1060
APP025188,2026-06-05 12:58:00,U1062,william.martin,Outlook,31,WKSTN-U1062
APP029206,2026-06-05 13:00:00,U1072,kenneth.lopez,Chrome,56,WKSTN-U1072
APP014416,2026-06-05 13:32:00,U1035,nancy.rodriguez82,Workday,64,WKSTN-U1035
APP039485,2026-06-05 13:16:00,U1096,david.allen76,PowerPoint,35,WKSTN-U1096
APP008798,2026-06-05 12:56:00,U1022,sandra.brown,Chrome,4,WKSTN-U1022
APP016373,2026-06-05 13:51:00,U1040,matthew.martin,Chrome,3,WKSTN-U1040
APP039484,2026-06-05 14:01:00,U1096,david.allen76,PowerPoint,31,WKSTN-U1096
APP007466,2026-06-05 13:41:00,U1019,donna.anderson,Chrome,63,WKSTN-U1019
APP001316,2026-06-05 13:33:00,U1004,elizabeth.wilson98,Chrome,23,WKSTN-U1004
APP030410,2026-06-05 13:52:00,U1075,steven.lewis,Word,19,WKSTN-U1075
APP023566,2026-06-05 13:59:00,U1058,jennifer.ramirez18,Zoom,89,WKSTN-U1058
APP016004,2026-06-05 13:48:00,U1039,mark.thomas,Outlook,50,WKSTN-U1039
APP028814,2026-06-05 13:52:00,U1071,matthew.robinson35,DocuSign,9,WKSTN-U1071
APP002880,2026-06-05 13:57:00,U1008,joshua.hernandez,Outlook,33,WKSTN-U1008
APP013224,2026-06-05 13:49:00,U1032,paul.wright91,Outlook,87,WKSTN-U1032
APP028392,2026-06-05 13:45:00,U1070,betty.thomas40,Outlook,46,WKSTN-U1070
APP000900,2026-06-05 13:46:00,U1003,kenneth.clark29,SAP,66,WKSTN-U1003
APP036857,2026-06-05 13:44:00,U1090,mary.hill,Terminal,89,WKSTN-U1090
APP031183,2026-06-05 13:39:00,U1077,kimberly.harris58,Chrome,6,WKSTN-U1077
APP022405,2026-06-05 13:56:00,U1055,patricia.wilson54,Excel,58,WKSTN-U1055
APP040294,2026-06-05 13:53:00,U1098,nancy.wright49,PowerPoint,67,WKSTN-U1098
APP017986,2026-06-05 13:55:00,U1044,lisa.ramirez9,Outlook,40,WKSTN-U1044
APP017988,2026-06-05 13:45:00,U1044,lisa.ramirez9,Chrome,61,WKSTN-U1044
APP006999,2026-06-05 13:56:00,U1018,betty.white57,Docker Desktop,86,WKSTN-U1018
APP005651,2026-06-05 13:56:00,U1015,lisa.hernandez,,56,WKSTN-U1015
APP002493,2026-06-05 13:49:00,U1007,sarah.robinson82,SAP,39,WKSTN-U1007
APP041055,2026-06-05 13:57:00,U1100,daniel.brown38,Zoom,64,WKSTN-U1100
APP009256,2026-06-05 13:54:00,U1023,richard.wright,  Git ,54,WKSTN-U1023
APP027559,2026-06-05 13:33:00,U1068,susan.thompson34,OUTLOOK,54,WKSTN-U1068
APP021575,2026-06-05 13:35:00,U1053,john.jackson31,Zoom,70,WKSTN-U1053
APP017196,2026-06-05 14:04:00,U1042,michael.hill56	,Workday,5,WKSTN-U1042
APP016000,2026-06-05 14:21:00,U1039,mark.thomas,Outlook,59,WKSTN-U1039
APP016003,2026-06-05 14:36:00,U1039,mark.thomas,Excel,87,WKSTN-U1039
APP007465,2026-06-05 14:38:00,U1019,donna.anderson,Slack,32,WKSTN-U1019
APP011038,2026-06-05 14:38:00,U1027,patricia.brown75,Slack,9,WKSTN-U1027
APP038669,2026-06-05 14:15:00,U1094,elizabeth.lewis69,Terminal,81,WKSTN-U1094
APP021982,2026-06-05 14:14:00,U1054,anthony.martinez,Salesforce,51,WKSTN-U1054
APP015608,2026-06-05 14:23:00,U1038,emily.clark,Workday,12,  WKSTN-U1038 
APP025584,2026-06-05 14:23:00,U1063,john.nguyen,DocuSign,56,WKSTN-U1063
APP015184,2026-06-05 14:09:00,U1037,robert.martin,Excel,52,WKSTN-U1037
APP009257,2026-06-05 14:03:00,U1023,richard.wright,Docker Desktop,4,WKSTN-U1023
APP016372,2026-06-05 14:34:00,U1040,matthew.martin,Chrome,72,WKSTN-U1040	
APP003659,2026-06-05 14:37:00,U1010,susan.young51	,Chrome,66,WKSTN-U1010
APP034161,2026-06-05 14:01:00,U1084,joshua.taylor,PuTTY,22,WKSTN-U1084
APP005653,2026-06-05 14:23:00,U1015,lisa.hernandez,QuickBooks,73,WKSTN-U1015
APP021178,2026-06-05 14:04:00,U1052,paul.taylor,Excel,12,WKSTN-U1052
APP006059,2026-06-05 14:23:00,U1016,patricia.thomas,Chrome,47,WKSTN-U1016
APP021181,2026-06-05 14:31:00,U1052,paul.taylor,Outlook,60,WKSTN-U1052
APP007903,2026-06-05 14:37:00,U1020,andrew.thomas36,Chrome,87,WKSTN-U1020
APP017600,2026-06-05 14:40:00,U1043,thomas.williams91,Outlook,69,WKSTN-U1043
APP028813,2026-06-05 14:16:00,U1071,matthew.robinson35,Chrome,17,  WKSTN-U1071 
APP036859,2026-06-05 14:09:00,U1090,MARY.HILL,Chrome,12,WKSTN-U1090
APP019985,2026-06-05 14:33:00,U1049,michelle.jones59,Chrome,36,WKSTN-U1049
APP025983,2026-06-05 14:16:00,U1064,matthew.wright55,DocuSign,82,WKSTN-U1064
APP007464,2026-06-05 14:05:00,U1019,donna.anderson,Slack,53,WKSTN-U1019
APP021179,2026-06-05 14:57:00,U1052,paul.taylor,outlook,9,WKSTN-U1052
APP013630,2026-06-05 15:07:00,U1033,linda.miller,Outlook,25,WKSTN-U1033
APP008348,2026-06-05 14:56:00,U1021,JESSICA.WALKER,Docker Desktop,49,WKSTN-U1021
APP039900,2026-06-05 15:14:00,U1097,mark.martinez10,Outlook,16,
APP024375,2026-06-05 15:07:00,U1060,matthew.anderson,Excel,35,WKSTN-U1060
APP033280,2026-06-05 15:17:00,U1082,karen.hill96	,Slack,62,WKSTN-U1082
APP020791,2026-06-05 15:16:00,U1051,sandra.king72,salesforce,60,WKSTN-U1051
APP031182,2026-06-05 15:17:00,U1077,kimberly.harris58,DocuSign,66,WKSTN-U1077
APP002104,2026-06-05 14:47:00,U1006,george.gonzalez,Chrome,58,WKSTN-U1006
APP011517,2026-06-05 14:59:00,U1028,john.hill,VSCode,57,WKSTN-U1028
APP003248,2026-06-05 15:18:00,U1009,daniel.brown,Excel,42,WKSTN-U1009
APP013631,2026-06-05 15:13:00,U1033,linda.miller,Excel,45,WKSTN-U1033
APP004828,2026-06-05 15:18:00,U1013,emily.smith,Outlook,43,WKSTN-U1013
APP013222,2026-06-05 14:49:00,U1032,paul.wright91,Chrome,75,WKSTN-U1032
APP005247,2026-06-05 15:18:00,U1014,james.taylor,QuickBooks,53,WKSTN-U1014
APP032840,2026-06-05 15:10:00,U1081,margaret.davis,Terminal,66,WKSTN-U1081
APP018379,2026-06-05 15:19:00,U1045,daniel.sanchez90,Excel,66,WKSTN-U1045
APP027194,2026-06-05 14:53:00,U1067,paul.thomas97,CHROME,27,WKSTN-U1067
APP006521,2026-06-05 14:52:00,U1017,emily.hernandez34,Slack,34,WKSTN-U1017
APP017987,2026-06-05 15:09:00,U1044,lisa.ramirez9,Chrome,84,WKSTN-U1044
APP021576,2026-06-05 14:52:00,U1053,john.jackson31,Zoom,8,WKSTN-U1053
APP022783,2026-06-05 14:52:00,U1056,anthony.clark,Outlook,42,WKSTN-U1056
APP007902,2026-06-05 15:11:00,U1020,andrew.thomas36,Slack,67,WKSTN-U1020
APP035059,2026-06-05 14:46:00,U1086,steven.thompson53,Wireshark,84,WKSTN-U1086
APP002106,2026-06-05 15:05:00,U1006,george.gonzalez,QuickBooks,68,WKSTN-U1006
APP035950,2026-06-05 15:30:00,U1088,andrew.smith85,Active Directory Console,25,WKSTN-U1088
APP037779,2026-06-05 15:29:00,U1092,steven.thomas,Slack,45,WKSTN-U1092
APP032408,2026-06-05 15:31:00,U1080,joseph.jackson91,PuTTY,87,WKSTN-U1080
APP009704,2026-06-05 15:27:00,U1024,emily.miller,Jenkins,76,WKSTN-U1024
APP037337,2026-06-05 15:29:00,U1091,linda.robinson,Wireshark,90,WKSTN-U1091
APP031994,2026-06-05 15:31:00,U1079,emily.jones,  Wireshark ,69,WKSTN-U1079
APP037333,2026-06-05 15:50:00,U1091,linda.robinson,Wireshark,36,WKSTN-U1091
APP012814,2026-06-05 15:20:00,U1031,john.wright28,CHROME,67,WKSTN-U1031
APP023189,2026-06-05 15:48:00,U1057,nancy.sanchez,Salesforce,59,WKSTN-U1057
APP007904,2026-06-05 15:37:00,U1020,andrew.thomas36,Jenkins,78,WKSTN-U1020
APP026378,2026-06-05 15:55:00,U1065,michael.ramirez47,WORD,47,WKSTN-U1065
APP020372,2026-06-05 15:40:00,U1050,michael.ramirez,Salesforce,89,
APP005248,2026-06-05 15:27:00,U1014,james.taylor,EXCEL,18,WKSTN-U1014
APP036419,2026-06-05 15:52:00,U1089,paul.brown27,Slack,51,WKSTN-U1089
APP015186,2026-06-05 15:54:00,U1037,robert.martin,Chrome,38,WKSTN-U1037
APP023569,2026-06-05 15:26:00,U1058,jennifer.ramirez18,Excel,83,  WKSTN-U1058 
APP031995,2026-06-05 15:23:00,U1079,emily.jones,PuTTY,36,WKSTN-U1079
APP012375,2026-06-05 15:24:00,U1030,betty.rodriguez86,Jenkins,81,WKSTN-U1030
APP040297,2026-06-05 15:54:00,U1098,nancy.wright49,Zoom,45,WKSTN-U1098
APP034164,2026-06-05 15:33:00,U1084,joshua.taylor,Active Directory Console,10,WKSTN-U1084
APP015185,2026-06-05 16:00:00,U1037,robert.martin,Excel,83,WKSTN-U1037
APP027957,2026-06-05 15:57:00,U1069,jessica.clark,Outlook,42,WKSTN-U1069
APP026377,2026-06-05 15:28:00,U1065,michael.ramirez47,Chrome,13,WKSTN-U1065
APP040293,2026-06-05 15:55:00,U1098,nancy.wright49,PowerPoint,39,WKSTN-U1098	
APP006520,2026-06-05 15:56:00,U1017,EMILY.HERNANDEZ34,Slack,88,WKSTN-U1017
APP039086,2026-06-05 16:34:00,U1095,  richard.thomas74 ,Excel,19,WKSTN-U1095
APP037778,2026-06-05 16:24:00,U1092,steven.thomas,Active Directory Console,,WKSTN-U1092
APP039085,2026-06-05 16:23:00,U1095,richard.thomas74,Excel,89,WKSTN-U1095	
APP014015,2026-06-05 16:25:00,U1034,thomas.allen63,Chrome,32,WKSTN-U1034
APP032410,2026-06-05 16:29:00,U1080,joseph.jackson91,PuTTY,64,WKSTN-U1080
APP014014,2026-06-05 16:07:00,U1034,thomas.allen63,Outlook,67,WKSTN-U1034
APP031573,2026-06-05 16:29:00,U1078,michelle.miller,Chrome,42,WKSTN-U1078
APP024761,2026-06-05 16:21:00,U1061,jessica.rodriguez,Zoom,3,WKSTN-U1061
APP000897,2026-06-05 16:56:00,U1003,kenneth.clark29	,OUTLOOK,75,WKSTN-U1003
APP005650,2026-06-05 16:10:00,U1015,lisa.hernandez,Excel,5,WKSTN-U1015
APP029605,2026-06-05 16:40:00,U1073,michael.gonzalez,Chrome,41,WKSTN-U1073
APP002107,2026-06-05 16:56:00,U1006,george.gonzalez,QuickBooks,79,WKSTN-U1006
APP031572,2026-06-05 16:47:00,U1078,michelle.miller,Word,20,WKSTN-U1078
APP002491,2026-06-05 16:58:00,U1007,sarah.robinson82,SAP,36,WKSTN-U1007
APP034163,2026-06-05 16:16:00,U1084,joshua.taylor,,44,WKSTN-U1084
APP024378,2026-06-05 16:25:00,U1060,matthew.anderson	,Excel,88,WKSTN-U1060
APP022404,2026-06-05 16:18:00,U1055,patricia.wilson54,Zoom,85,WKSTN-U1055
APP027953,2026-06-05 16:50:00,U1069,jessica.clark,Outlook,11,WKSTN-U1069
APP019984,2026-06-05 17:05:00,U1049,michelle.jones59,Outlook,56,WKSTN-U1049
APP003250,2026-06-05 16:50:00,U1009,daniel.brown,Excel,45,WKSTN-U1009
APP022781,2026-06-05 16:02:00,U1056,anthony.clark,Salesforce,81,WKSTN-U1056
APP015607,2026-06-05 17:08:00,U1038,emily.clark,Chrome,39,WKSTN-U1038
APP029207,2026-06-05 16:01:00,U1072,kenneth.lopez,,28,WKSTN-U1072
APP004827,2026-06-05 16:03:00,U1013,EMILY.SMITH,,62,WKSTN-U1013
APP004829,2026-06-05 16:52:00,U1013,emily.smith,QuickBooks,54,WKSTN-U1013
APP023984,2026-06-06 16:01:00,U1059,daniel.perez98,CHROME,75,WKSTN-U1059
APP010599,2026-06-05 17:16:00,U1026,elizabeth.gonzalez,Jenkins,43,WKSTN-U1026
APP035509,2026-06-05 17:18:00,U1087,charles.sanchez,Terminal,28,WKSTN-U1087
APP016002,2026-06-05 17:13:00,U1039,mark.thomas,Excel,54,WKSTN-U1039
APP035997,2026-06-07 08:18:00,U1088,andrew.smith85,Chrome,23,WKSTN-U1088
APP018800,2026-06-05 17:25:00,U1046,MICHELLE.TORRES39,Workday	,44,WKSTN-U1046
APP027973,2026-06-06 14:47:00,U1069,jessica.clark,Chrome,40,WKSTN-U1069
APP024779,2026-06-06 14:02:00,U1061,jessica.rodriguez,Salesforce,40,WKSTN-U1061
APP035975,2026-06-06 15:04:00,U1088,andrew.smith85,Chrome,34,WKSTN-U1088
APP017990,2026-06-05 17:09:00,U1044,lisa.ramirez9,Chrome,36,WKSTN-U1044
APP023985,2026-06-06 15:05:00,U1059,daniel.perez98,Chrome,46,WKSTN-U1059
APP027971,2026-06-06 08:10:00,U1069,jessica.clark,Chrome,59,WKSTN-U1069
APP035974,2026-06-06 09:06:00,U1088,andrew.smith85,Active Directory Console,46,WKSTN-U1088
APP016392,2026-06-07 10:46:00,U1040,matthew.martin,Excel,31,WKSTN-U1040
APP024778,2026-06-06 11:38:00,U1061,jessica.rodriguez,Excel,10,WKSTN-U1061
APP001315,2026-06-05 17:23:00,U1004,  elizabeth.wilson98 ,QuickBooks,14,WKSTN-U1004	
APP035976,2026-06-06 13:52:00,U1088,andrew.smith85,wireshark,71,WKSTN-U1088
APP027972,2026-06-06 13:43:00,U1069,jessica.clark,Chrome,53,WKSTN-U1069
APP009703,2026-06-05 17:09:00,U1024,emily.miller,Slack,10,WKSTN-U1024
APP027974,2026-06-06 12:07:00,U1069,jessica.clark,Word,16,WKSTN-U1069	
APP035973,2026-06-06 10:12:00,U1088,ANDREW.SMITH85,Slack,,WKSTN-U1088
APP023983,2026-06-06 14:14:00,U1059,daniel.perez98,Zoom,38,WKSTN-U1059
APP024776,2026-06-06 15:41:00,U1061,jessica.rodriguez,Outlook,68,WKSTN-U1061
APP024777,2026-06-06 12:11:00,U1061,jessica.rodriguez,Outlook,64,WKSTN-U1061
APP004831,2026-06-05 17:49:00,U1013,emily.smith,Excel,35,WKSTN-U1013
APP023207,2026-06-08 07:24:00,U1057,nancy.sanchez,Excel,69,WKSTN-U1057
APP015200,2026-06-07 14:24:00,U1037,robert.martin,Outlook,31,WKSTN-U1037
APP037797,2026-06-08 07:27:00,U1092,steven.thomas,PuTTY,62,WKSTN-U1092
APP027578,2026-06-08 07:35:00,U1068,susan.thompson34,Word,74,WKSTN-U1068
APP004417,2026-06-08 07:15:00,U1012,linda.martinez,Chrome,12,WKSTN-U1012
APP025603,2026-06-08 07:09:00,U1063,JOHN.NGUYEN,Word,55,WKSTN-U1063
APP014816,2026-06-08 07:43:00,U1036,linda.jones,Chrome,16,WKSTN-U1036
APP000489,2026-06-07 17:12:00,U1002,donna.ramirez,SAP,52,WKSTN-U1002
APP035996,2026-06-07 12:49:00,U1088,andrew.smith85,Slack,57,WKSTN-U1088
APP039920,2026-06-08 07:01:00,U1097,mark.martinez10,Chrome,36,WKSTN-U1097
APP033743,2026-06-08 07:53:00,U1083,sarah.allen70,Chrome,51,WKSTN-U1083
APP036440,2026-06-08 07:53:00,U1089,PAUL.BROWN27,Slack,85,WKSTN-U1089
APP000486,2026-06-07 17:28:00,U1002,donna.ramirez,SAP,4,WKSTN-U1002
APP016393,2026-06-07 11:45:00,U1040,matthew.martin,Chrome,63,WKSTN-U1040
APP036881,2026-06-07 11:39:00,U1090,mary.hill	,Terminal,51,WKSTN-U1090
APP036879,2026-06-07 14:52:00,U1090,mary.hill,Terminal,4,WKSTN-U1090
APP036439,2026-06-08 07:29:00,U1089,paul.brown27,Chrome,73,WKSTN-U1089
APP014817,2026-06-08 07:47:00,U1036,linda.jones,Excel,40,WKSTN-U1036
APP000490,2026-06-07 13:39:00,U1002,donna.ramirez,QuickBooks,82,WKSTN-U1002
APP000488,2026-06-07 11:34:00,U1002,donna.ramirez,Excel,7,  WKSTN-U1002 
APP015201,2026-06-07 14:24:00,U1037,robert.martin,Outlook,22,WKSTN-U1037
APP016394,2026-06-07 14:45:00,U1040,matthew.martin,Workday,34,WKSTN-U1040
APP023209,2026-06-08 07:05:00,U1057,nancy.sanchez,Excel,60,WKSTN-U1057
APP000487,2026-06-07 14:20:00,U1002,  donna.ramirez ,SAP,3,WKSTN-U1002
APP036880,2026-06-07 13:07:00,U1090,,Wireshark,89,WKSTN-U1090
APP000509,2026-06-08 09:19:00,U1002,donna.ramirez,QuickBooks,33,WKSTN-U1002
APP020806,2026-06-08 08:28:00,U1051,sandra.king72,Salesforce,38,WKSTN-U1051
APP003676,2026-06-08 08:05:00,U1010,susan.young51,QuickBooks,77,WKSTN-U1010
APP025995,2026-06-08 09:00:00,U1064,matthew.wright55,Chrome,15,WKSTN-U1064
APP011066,2026-06-08 08:27:00,U1027,patricia.brown75,Slack,26,WKSTN-U1027
APP008820,2026-06-08 08:02:00,U1022,sandra.brown,VSCode,2,WKSTN-U1022	
APP031591,2026-06-08 09:20:00,U1078,,DocuSign,52,WKSTN-U1078
APP011064,2026-06-08 08:24:00,U1027,patricia.brown75,Slack,38,WKSTN-U1027
APP022004,2026-06-08 08:18:00,U1054,anthony.martinez,Zoom,40,WKSTN-U1054
APP016023,2026-06-08 08:56:00,U1039,mark.thomas,Chrome,67,WKSTN-U1039
APP011063,2026-06-08 08:41:00,U1027,patricia.brown75,Jenkins,64,WKSTN-U1027
APP032862,2026-06-08 08:11:00,U1081,margaret.davis,SLACK,77,WKSTN-U1081
APP041071,2026-06-08 09:20:00,U1100,daniel.brown38,PowerPoint,72,WKSTN-U1100
APP037799,2026-06-08 08:58:00,U1092,steven.thomas,Slack,2,WKSTN-U1092
APP003267,2026-06-08 08:28:00,U1009,daniel.brown,QuickBooks,83,WKSTN-U1009
APP022005,2026-06-08 09:13:00,U1054,anthony.martinez,Salesforce,49,WKSTN-U1054
APP025602,2026-06-08 08:12:00,U1063,john.nguyen,DOCUSIGN,71,WKSTN-U1063
APP031202,2026-06-08 08:48:00,U1077,kimberly.harris58,DOCUSIGN,26,WKSTN-U1077
APP041072,2026-06-08 08:04:00,U1100,daniel.brown38,Excel,7,WKSTN-U1100
APP021591,2026-06-08 08:35:00,U1053,john.jackson31,Outlook,31,WKSTN-U1053
APP002511,2026-06-08 09:08:00,U1007,sarah.robinson82,QuickBooks,85,WKSTN-U1007
APP014818,2026-06-08 08:29:00,U1036,linda.jones,Workday,16,WKSTN-U1036
APP032861,2026-06-08 08:37:00,U1081,margaret.davis,Active Directory Console,58,WKSTN-U1081
APP038240,2026-06-08 09:09:00,U1093,sarah.clark44,PuTTY,63,WKSTN-U1093
APP018817,2026-06-08 09:13:00,U1046,michelle.torres39,,18,WKSTN-U1046
APP002512,2026-06-08 09:34:00,U1007,sarah.robinson82,QuickBooks,78,WKSTN-U1007
APP002126,2026-06-08 09:37:00,U1006,george.gonzalez,QuickBooks,88,WKSTN-U1006
APP029228,2026-06-08 09:46:00,U1072,kenneth.lopez,Word,90,WKSTN-U1072
APP032012,2026-06-08 09:22:00,U1079,emily.jones,Active Directory Console,41,WKSTN-U1079
APP039103,2026-06-08 09:33:00,U1095,richard.thomas74,Chrome,23,WKSTN-U1095
APP037798,2026-06-08 09:34:00,U1092,steven.thomas,,54,  WKSTN-U1092 
APP002893,2026-06-08 09:28:00,U1008,joshua.hernandez,Chrome,53,WKSTN-U1008
APP035084,2026-06-08 09:42:00,U1086,steven.thompson53,Wireshark,26,WKSTN-U1086
APP023206,2026-06-08 09:33:00,U1057,nancy.sanchez,Zoom,89,WKSTN-U1057
APP027993,2026-06-08 09:47:00,U1069,jessica.clark,Outlook,30,WKSTN-U1069
APP003677,2026-06-08 09:39:00,U1010,susan.young51,Chrome,69,WKSTN-U1010
APP002125,2026-06-08 09:32:00,U1006,george.gonzalez,QUICKBOOKS,51,WKSTN-U1006
APP002513,2026-06-08 09:29:00,U1007,sarah.robinson82,QuickBooks,74,WKSTN-U1007
APP024001,2026-06-08 09:27:00,U1059,daniel.perez98,Excel,88,WKSTN-U1059
APP014820,2026-06-08 09:26:00,U1036,  linda.jones ,Workday,81,WKSTN-U1036
APP015218,2026-06-08 09:27:00,U1037,robert.martin,Outlook,51,WKSTN-U1037
APP028833,2026-06-08 09:30:00,U1071,matthew.robinson35,Outlook,36,WKSTN-U1071
APP016812,2026-06-08 09:27:00,U1041,matthew.allen52,Outlook,61,WKSTN-U1041
APP006545,2026-06-08 09:26:00,U1017,emily.hernandez34,Docker Desktop,64,WKSTN-U1017
APP012397,2026-06-08 09:41:00,U1030,betty.rodriguez86,Git,85,  WKSTN-U1030 
APP017216,2026-06-08 09:41:00,U1042,michael.hill56,Excel,77,WKSTN-U1042
APP023585,2026-06-08 09:36:00,U1058,jennifer.ramirez18,Outlook,19,WKSTN-U1058
APP028409,2026-06-08 09:39:00,U1070,betty.thomas40,DOCUSIGN,16,WKSTN-U1070
APP004420,2026-06-08 09:37:00,U1012,linda.martinez,  SAP ,32,WKSTN-U1012
APP000923,2026-06-08 09:29:00,U1003,kenneth.clark29,SAP,88,WKSTN-U1003
APP032428,2026-06-08 09:58:00,U1080,joseph.jackson91,Terminal,16,WKSTN-U1080
APP020390,2026-06-08 10:06:00,U1050,michael.ramirez,Salesforce,87,WKSTN-U1050
APP024795,2026-06-08 09:57:00,U1061,jessica.rodriguez,Chrome,13,WKSTN-U1061
APP013646,2026-06-08 09:52:00,U1033,linda.miller,Outlook,14,WKSTN-U1033
APP001330,2026-06-08 10:08:00,U1004,elizabeth.wilson98,SAP,N/A,WKSTN-U1004
APP020391,2026-06-08 10:06:00,U1050,michael.ramirez,Salesforce,5,WKSTN-U1050
APP003264,2026-06-08 10:11:00,U1009,daniel.brown,Outlook,63,WKSTN-U1009
APP025205,2026-06-08 09:49:00,U1062,william.martin,Salesforce,70,WKSTN-U1062
APP016816,2026-06-08 09:51:00,U1041,matthew.allen52,Workday,14,WKSTN-U1041
APP005264,2026-06-08 10:09:00,U1014,james.taylor,quickbooks,30,WKSTN-U1014
APP015624,2026-06-08 10:02:00,U1038,emily.clark,Workday,89,WKSTN-U1038
APP036899,2026-06-08 09:48:00,U1090,mary.hill,PuTTY,25,WKSTN-U1090
APP021197,2026-06-08 09:59:00,U1052,paul.taylor,Zoom	,,WKSTN-U1052
APP039503,2026-06-08 10:13:00,U1096,david.allen76,Chrome,60,WKSTN-U1096
APP016024,2026-06-08 10:09:00,U1039,mark.thomas,Workday,24,WKSTN-U1039
APP036016,2026-06-08 10:05:00,U1088,andrew.smith85,Active Directory Console,76,WKSTN-U1088
APP010170,2026-06-08 09:50:00,U1025,betty.brown22,VSCode,88,WKSTN-U1025
APP026825,2026-06-08 10:10:00,U1066,michelle.wright62,Chrome,33,WKSTN-U1066
APP037800,2026-06-08 10:15:00,U1092,steven.thomas,Slack,14,WKSTN-U1092
APP026823,2026-06-08 10:08:00,U1066,michelle.wright62,Chrome,34,WKSTN-U1066
APP030010,2026-06-08 10:01:00,U1074,SARAH.WILLIAMS7,DocuSign,20,WKSTN-U1074
APP016414,2026-06-08 10:11:00,U1040,matthew.martin,Excel,66,WKSTN-U1040
APP033300,2026-06-08 09:47:00,U1082,karen.hill96,Wireshark,23,WKSTN-U1082
APP035522,2026-06-08 10:04:00,U1087,charles.sanchez	,Active Directory Console,72,WKSTN-U1087
APP040315,2026-06-08 10:16:00,U1098,nancy.wright49,PowerPoint,70,WKSTN-U1098
APP034648,2026-06-08 10:49:00,U1085,barbara.walker67,Slack,68,WKSTN-U1085
APP029627,2026-06-08 10:17:00,U1073,michael.gonzalez,DocuSign,31,WKSTN-U1073
APP007924,2026-06-08 10:30:00,U1020,andrew.thomas36,Jenkins,44,WKSTN-U1020
APP032426,2026-06-08 10:29:00,U1080,joseph.jackson91,Slack,34,WKSTN-U1080
APP004419,2026-06-08 10:20:00,U1012,linda.martinez,,13,WKSTN-U1012
APP014028,2026-06-08 10:38:00,U1034,thomas.allen63,Excel,43,WKSTN-U1034
APP017217,2026-06-08 10:19:00,U1042,michael.hill56,Chrome,10,WKSTN-U1042
APP020003,2026-06-08 10:44:00,U1049,michelle.jones59,Outlook,2,WKSTN-U1049
APP001719,2026-06-08 10:43:00,U1005,  robert.robinson ,SAP,85,WKSTN-U1005
APP030814,2026-06-08 10:37:00,U1076,john.torres,OUTLOOK,86,WKSTN-U1076
APP032014,2026-06-08 10:20:00,U1079,emily.jones,PuTTY,7,WKSTN-U1079
APP031592,2026-06-08 10:30:00,U1078,michelle.miller,DocuSign,13,WKSTN-U1078
APP027208,2026-06-08 10:19:00,U1067,paul.thomas97,Outlook,52,WKSTN-U1067
APP020809,2026-06-08 10:18:00,U1051,sandra.king72,Salesforce,73,WKSTN-U1051
APP035085,2026-06-08 10:24:00,U1086,steven.thompson53,Chrome,-37.0,WKSTN-U1086
APP039923,2026-06-08 10:38:00,U1097,mark.martinez10,Zoom,44,WKSTN-U1097
APP020000,2026-06-08 10:23:00,U1049,michelle.jones59,Zoom,,WKSTN-U1049
APP022424,2026-06-08 10:45:00,U1055,patricia.wilson54	,Outlook,88,WKSTN-U1055
APP001717,2026-06-08 10:36:00,U1005,robert.robinson,SAP,49,WKSTN-U1005
APP022425,2026-06-08 10:19:00,U1055,patricia.wilson54,Zoom,20,WKSTN-U1055
APP004029,2026-06-08 10:26:00,U1011,donna.ramirez75,SAP,60,WKSTN-U1011
APP028832,2026-06-08 10:38:00,U1071,matthew.robinson35,Word,16,WKSTN-U1071
APP000512,2026-06-08 10:35:00,U1002,donna.ramirez,SAP,66,WKSTN-U1002
APP012834,2026-06-08 10:47:00,U1031,john.wright28	,Excel,48,  WKSTN-U1031 
APP018396,2026-06-08 10:40:00,U1045,daniel.sanchez90,Outlook,21,WKSTN-U1045
APP017620,2026-06-08 11:11:00,U1043,thomas.williams91,Chrome,69,WKSTN-U1043
APP023208,2026-06-08 11:05:00,U1057,NANCY.SANCHEZ,Outlook,36,WKSTN-U1057
APP016813,2026-06-08 11:18:00,U1041,matthew.allen52,Workday,77,WKSTN-U1041
APP017215,2026-06-08 11:19:00,U1042,michael.hill56,Excel,8,WKSTN-U1042
APP028407,2026-06-08 11:08:00,U1070,betty.thomas40,Outlook,61,WKSTN-U1070
APP000510,2026-06-08 10:58:00,U1002,donna.ramirez,QuickBooks,36,WKSTN-U1002
APP036902,2026-06-08 11:02:00,U1090,mary.hill,Slack,64,WKSTN-U1090
APP007018,2026-06-08 11:17:00,U1018,betty.white57,,34,WKSTN-U1018
APP029628,2026-06-08 10:53:00,U1073,  michael.gonzalez ,Outlook,28,WKSTN-U1073
APP036901,2026-06-08 11:08:00,U1090,mary.hill,Terminal,,WKSTN-U1090
APP019635,2026-06-08 11:05:00,U1048,jennifer.thomas87,Chrome	,80,WKSTN-U1048
APP011542,2026-06-08 11:22:00,U1028,john.hill,Chrome,84,WKSTN-U1028
APP005265,2026-06-08 11:02:00,U1014,james.taylor,Chrome,38,  WKSTN-U1014 
APP020004,2026-06-08 10:52:00,U1049,michelle.jones59,Zoom,31,WKSTN-U1049
APP039505,2026-06-08 11:00:00,U1096,david.allen76,Excel,62,WKSTN-U1096
APP036017,2026-06-08 10:51:00,U1088,andrew.smith85,Active Directory Console,47,WKSTN-U1088
APP034185,2026-06-08 11:26:00,U1084,joshua.taylor,Chrome,79,WKSTN-U1084
APP029629,2026-06-08 11:22:00,U1073,michael.gonzalez,Chrome,17,WKSTN-U1073
APP038242,2026-06-08 10:57:00,U1093,sarah.clark44,Active Directory Console,36,WKSTN-U1093
APP004030,2026-06-08 11:04:00,U1011,donna.ramirez75,SAP,53,WKSTN-U1011
APP023586,2026-06-08 11:02:00,U1058,jennifer.ramirez18,Excel,40,WKSTN-U1058
APP006079,2026-06-08 11:10:00,U1016,patricia.thomas,Jenkins,29,WKSTN-U1016
APP034646,2026-06-08 11:20:00,U1085,barbara.walker67,Terminal,22,WKSTN-U1085
APP008823,2026-06-08 11:14:00,U1022,sandra.brown,VSCode,56,WKSTN-U1022
APP002892,2026-06-08 11:26:00,U1008,joshua.hernandez,Chrome,87,WKSTN-U1008
APP041073,2026-06-08 11:59:00,U1100,daniel.brown38,Zoom,34,WKSTN-U1100
APP035082,2026-06-08 11:49:00,U1086,steven.thompson53,Slack,58,WKSTN-U1086
APP025996,2026-06-08 11:57:00,U1064,matthew.wright55,outlook,25,WKSTN-U1064
APP021592,2026-06-08 11:59:00,U1053,john.jackson31,Excel,65,WKSTN-U1053
APP006081,2026-06-08 11:55:00,U1016,patricia.thomas,Chrome,44,WKSTN-U1016	
APP015216,2026-06-08 11:51:00,U1037,robert.martin,Workday,48,WKSTN-U1037
APP031590,2026-06-08 11:48:00,U1078,michelle.miller,Outlook,54,WKSTN-U1078
APP005673,2026-06-08 11:40:00,U1015,lisa.hernandez,SAP,58,WKSTN-U1015
APP016815,2026-06-08 11:34:00,U1041,matthew.allen52,Chrome,59,WKSTN-U1041
APP009276,2026-06-08 11:53:00,U1023,  richard.wright ,,77,WKSTN-U1023
APP039921,2026-06-08 11:54:00,U1097,mark.martinez10,Excel,45,WKSTN-U1097
APP007923,2026-06-08 11:56:00,U1020,andrew.thomas36,Slack,44,WKSTN-U1020
APP023587,2026-06-08 11:27:00,U1058,jennifer.ramirez18,Outlook,81,WKSTN-U1058
APP009277,2026-06-08 11:53:00,U1023,richard.wright,Chrome,14,WKSTN-U1023
APP016413,2026-06-08 11:37:00,U1040,matthew.martin,Workday,14,WKSTN-U1040
APP025204,2026-06-08 11:27:00,U1062,william.martin,Chrome,64,WKSTN-U1062
APP003266,2026-06-08 11:49:00,U1009,daniel.brown,QuickBooks,30,WKSTN-U1009
APP014432,2026-06-08 11:29:00,U1035,nancy.rodriguez82,Excel,24,WKSTN-U1035
APP009278,2026-06-08 11:35:00,U1023,richard.wright,Jenkins,,WKSTN-U1023
APP001332,2026-06-08 11:35:00,U1004,elizabeth.wilson98,chrome,66,WKSTN-U1004
APP010171,2026-06-08 11:34:00,U1025,betty.brown22,Jenkins,56,WKSTN-U1025
APP019634,2026-06-08 11:33:00,U1048,jennifer.thomas87,Chrome,45,WKSTN-U1048
APP001718,2026-06-08 11:52:00,U1005,robert.robinson,Chrome,47,WKSTN-U1005
APP020001,2026-06-08 11:49:00,U1049,michelle.jones59,ZOOM,43,WKSTN-U1049
APP009275,2026-06-08 11:54:00,U1023,richard.wright,Docker Desktop,71,WKSTN-U1023
APP018394,2026-06-08 12:09:00,U1045,daniel.sanchez90,Excel,68,WKSTN-U1045
APP040697,2026-06-08 12:30:00,U1099,joseph.garcia,Excel,81,WKSTN-U1099
APP032016,2026-06-08 12:16:00,U1079,emily.jones,Wireshark,41,WKSTN-U1079
APP039502,2026-06-08 12:08:00,U1096,david.allen76,Excel,4,WKSTN-U1096
APP012395,2026-06-08 12:00:00,U1030,betty.rodriguez86,,28,WKSTN-U1030
APP026392,2026-06-08 12:02:00,U1065,michael.ramirez47,Word,32,WKSTN-U1065
APP005671,2026-06-08 12:41:00,U1015,lisa.hernandez,Chrome,,WKSTN-U1015
APP009725,2026-06-08 12:16:00,U1024,emily.miller,Jenkins,79,WKSTN-U1024
APP036898,2026-06-08 12:30:00,U1090,mary.hill,Terminal,64,WKSTN-U1090
APP000106,2026-06-08 12:26:00,U1001,linda.johnson95,Outlook,76,WKSTN-U1001
APP019226,2026-06-08 12:19:00,U1047,sandra.lewis,Outlook,31,WKSTN-U1047
APP014030,2026-06-08 12:24:00,U1034,THOMAS.ALLEN63,Outlook,51,WKSTN-U1034
APP027577,2026-06-08 12:30:00,U1068,susan.thompson34,Word,19,WKSTN-U1068
APP005268,2026-06-08 12:34:00,U1014,james.taylor,  QuickBooks ,77,WKSTN-U1014
APP038688,2026-06-08 12:29:00,U1094,elizabeth.lewis69,Terminal,78,WKSTN-U1094
APP012396,2026-06-08 12:03:00,U1030,betty.rodriguez86,Docker Desktop,55,WKSTN-U1030
APP018818,2026-06-08 12:00:00,U1046,michelle.torres39,Outlook,90,WKSTN-U1046
APP039101,2026-06-08 12:10:00,U1095,richard.thomas74,PowerPoint,19,WKSTN-U1095
APP014436,2026-06-08 12:18:00,U1035,nancy.rodriguez82,Excel,53,WKSTN-U1035	
APP007925,2026-06-08 12:22:00,U1020,andrew.thomas36	,Jenkins,59,WKSTN-U1020
APP024000,2026-06-08 12:19:00,U1059,daniel.perez98,Outlook,67,WKSTN-U1059
APP005266,2026-06-08 12:26:00,U1014,james.taylor,Chrome,24,WKSTN-U1014
APP022423,2026-06-08 12:21:00,U1055,patricia.wilson54,Outlook,33,WKSTN-U1055
APP024794,2026-06-08 12:18:00,U1061,jessica.rodriguez,salesforce,87,WKSTN-U1061
APP011065,2026-06-08 12:18:00,U1027,patricia.brown75,VSCode,77,WKSTN-U1027
APP028834,2026-06-08 12:56:00,U1071,matthew.robinson35,Word,3,WKSTN-U1071
APP037354,2026-06-08 12:54:00,U1091,linda.robinson,Slack,38,
APP029226,2026-06-08 12:54:00,U1072,kenneth.lopez,Chrome,64,WKSTN-U1072
APP030423,2026-06-08 13:06:00,U1075,steven.lewis,DocuSign,77,WKSTN-U1075
APP014029,2026-06-08 12:47:00,U1034,thomas.allen63,Outlook,71,WKSTN-U1034
APP000513,2026-06-08 13:09:00,U1002,donna.ramirez,SAP,24,WKSTN-U1002
APP022797,2026-06-08 12:57:00,U1056,anthony.clark,Chrome,,WKSTN-U1056
APP029630,2026-06-08 12:58:00,U1073,michael.gonzalez,Chrome,77,WKSTN-U1073
APP013240,2026-06-08 13:09:00,U1032,paul.wright91,Excel,75,WKSTN-U1032
APP010617,2026-06-08 12:45:00,U1026,elizabeth.gonzalez,Jenkins,67,WKSTN-U1026
APP012394,2026-06-08 12:58:00,U1030,betty.rodriguez86,Git,39,WKSTN-U1030
APP024398,2026-06-08 13:09:00,U1060,matthew.anderson,Chrome,56,WKSTN-U1060
APP013239,2026-06-08 12:57:00,U1032,paul.wright91,Workday,24,WKSTN-U1032
APP025206,2026-06-08 12:51:00,U1062,william.martin,EXCEL,20,WKSTN-U1062
APP015217,2026-06-08 12:52:00,U1037,robert.martin,Chrome,11,WKSTN-U1037
APP041074,2026-06-08 13:04:00,U1100,daniel.brown38,Outlook,62,WKSTN-U1100
APP029626,2026-06-08 13:05:00,U1073,michael.gonzalez,Word,51,WKSTN-U1073
APP038241,2026-06-08 13:03:00,U1093,sarah.clark44,Active Directory Console,4,WKSTN-U1093
APP007922,2026-06-08 13:01:00,U1020,andrew.thomas36,Chrome,69,WKSTN-U1020
APP034645,2026-06-08 13:07:00,U1085,barbara.walker67,Chrome,41,WKSTN-U1085
APP002514,2026-06-08 12:46:00,U1007,sarah.robinson82,QuickBooks,9,WKSTN-U1007
APP018820,2026-06-08 12:45:00,U1046,michelle.torres39,  Outlook ,66,  WKSTN-U1046 
APP033301,2026-06-08 13:01:00,U1082,karen.hill96,WIRESHARK,66,  WKSTN-U1082 
APP030007,2026-06-08 12:50:00,U1074,sarah.williams7,,74,WKSTN-U1074
APP004843,2026-06-08 12:57:00,U1013,emily.smith,SAP,,WKSTN-U1013
APP017219,2026-06-08 13:22:00,U1042,  michael.hill56 ,Outlook,60,WKSTN-U1042
APP014434,2026-06-08 13:36:00,U1035,nancy.rodriguez82,Workday,87,WKSTN-U1035
APP000921,2026-06-08 13:19:00,U1003,kenneth.clark29,SAP,68,WKSTN-U1003
APP030815,2026-06-08 13:16:00,U1076,john.torres,Word,63,WKSTN-U1076
APP000922,2026-06-08 13:20:00,U1003,kenneth.clark29,quickbooks,90,WKSTN-U1003
APP014027,2026-06-08 13:13:00,U1034,thomas.allen63,Excel,14,WKSTN-U1034
APP020808,2026-06-08 13:12:00,U1051,SANDRA.KING72,Chrome,54,WKSTN-U1051
APP029229,2026-06-08 13:32:00,U1072,kenneth.lopez	,DocuSign,73,WKSTN-U1072
APP004416,2026-06-08 13:16:00,U1012,linda.martinez,Outlook,17,WKSTN-U1012
APP038686,2026-06-08 13:13:00,U1094,elizabeth.lewis69,Slack,10,WKSTN-U1094
APP009726,2026-06-08 13:24:00,U1024,emily.miller,Git,43,WKSTN-U1024
APP022799,2026-06-08 13:24:00,U1056,  anthony.clark ,Excel,72,WKSTN-U1056
APP011062,2026-06-08 13:18:00,U1027,patricia.brown75,Chrome,34,WKSTN-U1027
APP004033,2026-06-08 13:39:00,U1011,donna.ramirez75,Excel,3,WKSTN-U1011
APP018395,2026-06-08 13:34:00,U1045,,Chrome,34,WKSTN-U1045
APP028406,2026-06-08 13:15:00,U1070,betty.thomas40,Word,80,WKSTN-U1070
APP020807,2026-06-08 13:28:00,U1051,sandra.king72,Outlook,12,WKSTN-U1051
APP002124,2026-06-08 13:16:00,U1006,george.gonzalez,SAP,8,WKSTN-U1006	
APP033302,2026-06-08 13:27:00,U1082,karen.hill96,Active Directory Console,68,WKSTN-U1082	
APP021593,2026-06-08 13:38:00,U1053,john.jackson31,Zoom,6,WKSTN-U1053
APP006544,2026-06-08 13:26:00,U1017,emily.hernandez34,Slack,59,WKSTN-U1017
APP019227,2026-06-08 13:12:00,U1047,sandra.lewis,Zoom,15,WKSTN-U1047
APP024397,2026-06-08 13:26:00,U1060,matthew.anderson,Chrome,37,WKSTN-U1060
APP016814,2026-06-08 13:30:00,U1041,matthew.allen52,WORKDAY,32,WKSTN-U1041
APP018006,2026-06-08 13:10:00,U1044,lisa.ramirez9,Workday,68,WKSTN-U1044
APP020392,2026-06-08 13:47:00,U1050,michael.ramirez	,Zoom,33,WKSTN-U1050
APP025600,2026-06-08 13:51:00,U1063,john.nguyen	,Chrome,5,WKSTN-U1063
APP040316,2026-06-08 14:04:00,U1098,nancy.wright49,PowerPoint,17,WKSTN-U1098
APP038689,2026-06-08 13:44:00,U1094,elizabeth.lewis69,Wireshark,63,WKSTN-U1094
APP016412,2026-06-08 13:43:00,U1040,matthew.martin,Chrome	,39,WKSTN-U1040
APP016022,2026-06-08 14:05:00,U1039,mark.thomas,Outlook,34,WKSTN-U1039
APP022800,2026-06-08 14:15:00,U1056,anthony.clark,Salesforce,77,WKSTN-U1056
APP019228,2026-06-08 14:02:00,U1047,sandra.lewis,Salesforce,32,WKSTN-U1047
APP032860,2026-06-08 14:18:00,U1081,margaret.davis,Chrome,65,WKSTN-U1081	
APP011958,2026-06-08 13:59:00,U1029,michelle.garcia54,Chrome,48,WKSTN-U1029
APP010619,2026-06-08 13:48:00,U1026,elizabeth.gonzalez,VSCode,69,WKSTN-U1026
APP011957,2026-06-08 13:43:00,U1029,michelle.garcia54,Slack,50,WKSTN-U1029
APP027575,2026-06-08 14:08:00,U1068,susan.thompson34,WORD,50,WKSTN-U1068
APP036900,2026-06-08 13:57:00,U1090,mary.hill,Chrome,77,WKSTN-U1090
APP033742,2026-06-08 14:12:00,U1083,sarah.allen70,Wireshark,90,WKSTN-U1083
APP039922,2026-06-08 14:02:00,U1097,mark.martinez10,Excel,12,
APP004418,2026-06-08 14:08:00,U1012,linda.martinez,QuickBooks,26,WKSTN-U1012
APP036441,2026-06-08 14:11:00,U1089,paul.brown27,PuTTY,11,WKSTN-U1089
APP015625,2026-06-08 14:16:00,U1038,emily.clark,Workday,2,WKSTN-U1038
APP007017,2026-06-08 13:49:00,U1018,betty.white57,Chrome,81,WKSTN-U1018
APP025601,2026-06-08 13:48:00,U1063,john.nguyen,Word,28,WKSTN-U1063
APP027576,2026-06-08 13:46:00,U1068,susan.thompson34,Chrome,62,WKSTN-U1068
APP032015,2026-06-08 13:57:00,U1079,emily.jones,putty,51,WKSTN-U1079
APP037355,2026-06-08 13:43:00,U1091,linda.robinson,Active Directory Console,74,
APP008365,2026-06-08 13:58:00,U1021,jessica.walker,Git,55,WKSTN-U1021
APP026393,2026-06-08 14:35:00,U1065,michael.ramirez47,Word,21,WKSTN-U1065
APP004031,2026-06-08 14:20:00,U1011,  donna.ramirez75 ,Outlook,32,WKSTN-U1011
APP004032,2026-06-08 14:40:00,U1011,  donna.ramirez75 ,Outlook,68,WKSTN-U1011
APP000105,2026-06-08 14:24:00,U1001,linda.johnson95,Chrome,66,WKSTN-U1001
APP008821,2026-06-08 14:40:00,U1022,sandra.brown,Jenkins,89,WKSTN-U1022
APP012833,2026-06-08 14:19:00,U1031,john.wright28,Chrome,39,WKSTN-U1031
APP037356,2026-06-08 14:46:00,U1091,linda.robinson,Slack,77,WKSTN-U1091
APP026824,2026-06-08 14:41:00,U1066,michelle.wright62,Outlook,23,WKSTN-U1066
APP027209,2026-06-08 14:28:00,U1067,paul.thomas97,Outlook,19,WKSTN-U1067
APP005672,2026-06-08 14:39:00,U1015,lisa.hernandez,QuickBooks,65,WKSTN-U1015
APP000511,2026-06-08 14:27:00,U1002,donna.ramirez,SAP,75,
APP035521,2026-06-08 14:22:00,U1087,charles.sanchez,Wireshark,69,WKSTN-U1087
APP016025,2026-06-08 14:43:00,U1039,mark.thomas,chrome,83,WKSTN-U1039
APP005267,2026-06-08 14:20:00,U1014,james.taylor,SAP,69,WKSTN-U1014
APP016411,2026-06-08 14:47:00,U1040,matthew.martin,Excel,62,WKSTN-U1040
APP030009,2026-06-08 14:19:00,U1074,sarah.williams7,Outlook,14,WKSTN-U1074
APP007926,2026-06-08 14:28:00,U1020,andrew.thomas36,Jenkins,10,WKSTN-U1020
APP025997,2026-06-08 14:42:00,U1064,matthew.wright55,Outlook,75,WKSTN-U1064
APP039504,2026-06-08 14:19:00,U1096,david.allen76,Chrome,62,WKSTN-U1096
APP031589,2026-06-08 14:24:00,U1078,michelle.miller,Chrome,66,WKSTN-U1078
APP018397,2026-06-08 14:45:00,U1045,daniel.sanchez90,Excel,52,WKSTN-U1045
APP018819,2026-06-08 14:21:00,U1046,michelle.torres39,Excel,19,WKSTN-U1046
APP014819,2026-06-08 14:27:00,U1036,linda.jones,Excel,80,WKSTN-U1036
APP014435,2026-06-08 14:45:00,U1035,nancy.rodriguez82,Excel,62,WKSTN-U1035
APP004844,2026-06-08 14:32:00,U1013,emily.smith,SAP,64,WKSTN-U1013
APP013238,2026-06-08 15:20:00,U1032,paul.wright91,Excel,71,WKSTN-U1032
APP020393,2026-06-08 14:47:00,U1050,michael.ramirez,Excel,53,WKSTN-U1050
APP032013,2026-06-08 14:58:00,U1079,emily.jones,Slack,29,WKSTN-U1079
APP029225,2026-06-08 14:56:00,U1072,kenneth.lopez,Word,54,WKSTN-U1072
APP025207,2026-06-08 14:49:00,U1062,william.martin,Outlook,36,WKSTN-U1062
APP016021,2026-06-08 15:16:00,U1039,,Outlook,41,WKSTN-U1039
APP003265,2026-06-08 15:05:00,U1009,,Excel,60,WKSTN-U1009
APP032863,2026-06-08 15:13:00,U1081,margaret.davis,PuTTY,17,WKSTN-U1081
APP030424,2026-06-08 15:16:00,U1075,steven.lewis,DocuSign,47,WKSTN-U1075
APP008822,2026-06-08 14:57:00,U1022,sandra.brown,Slack,72,WKSTN-U1022
APP018005,2026-06-08 14:48:00,U1044,lisa.ramirez9,Workday,39,WKSTN-U1044
APP020002,2026-06-08 14:49:00,U1049,michelle.jones59,Excel,60,WKSTN-U1049
APP017218,2026-06-08 15:18:00,U1042,michael.hill56,Outlook,70,WKSTN-U1042
APP005670,2026-06-08 15:13:00,U1015,lisa.hernandez,Outlook,38,WKSTN-U1015
APP029227,2026-06-08 15:22:00,U1072,kenneth.lopez,DocuSign,40,WKSTN-U1072
APP008366,2026-06-08 14:48:00,U1021,jessica.walker,Docker Desktop,18,WKSTN-U1021
APP003675,2026-06-08 14:49:00,U1010,,Outlook,64,WKSTN-U1010
APP039102,2026-06-08 15:24:00,U1095,RICHARD.THOMAS74,Zoom,10,WKSTN-U1095
APP037353,2026-06-08 15:07:00,U1091,linda.robinson,Terminal,78,  WKSTN-U1091 
APP038244,2026-06-08 15:03:00,U1093,sarah.clark44,Terminal,53,WKSTN-U1093
APP019224,2026-06-08 15:21:00,U1047,sandra.lewis,Salesforce,37,WKSTN-U1047
APP015623,2026-06-08 14:59:00,U1038,emily.clark,Outlook,7,WKSTN-U1038
APP007482,2026-06-08 14:47:00,U1019,donna.anderson,Jenkins,15,WKSTN-U1019
APP013647,2026-06-08 15:07:00,U1033,linda.miller,Workday,10,WKSTN-U1033
APP019225,2026-06-08 14:57:00,U1047,sandra.lewis,Chrome,52,WKSTN-U1047
APP027210,2026-06-08 15:30:00,U1067,paul.thomas97,Outlook,75,WKSTN-U1067
APP023584,2026-06-08 16:27:00,U1058,jennifer.ramirez18,Chrome,19,
APP001716,2026-06-08 15:51:00,U1005,robert.robinson	,Outlook,66,WKSTN-U1005
APP035086,2026-06-08 15:25:00,U1086,steven.thompson53,Slack,33,WKSTN-U1086
APP034647,2026-06-08 15:24:00,U1085,barbara.walker67,PuTTY,58,WKSTN-U1085
APP007483,2026-06-08 15:37:00,U1019,donna.anderson,Chrome,82,WKSTN-U1019
APP031593,2026-06-08 16:25:00,U1078,michelle.miller,Outlook,27,WKSTN-U1078
APP022796,2026-06-08 15:47:00,U1056,anthony.clark,Zoom,13,WKSTN-U1056
APP034184,2026-06-08 15:45:00,U1084,joshua.taylor,Wireshark,86,WKSTN-U1084
APP027995,2026-06-08 15:40:00,U1069,jessica.clark,DocuSign,65,WKSTN-U1069
APP014433,2026-06-08 15:52:00,U1035,nancy.rodriguez82,Workday,44,WKSTN-U1035	
APP021198,2026-06-08 15:44:00,U1052,paul.taylor,Chrome,75,WKSTN-U1052
APP006080,2026-06-08 16:26:00,U1016,patricia.thomas,Docker Desktop,38,WKSTN-U1016
APP031201,2026-06-08 16:02:00,U1077,KIMBERLY.HARRIS58,Chrome,34,WKSTN-U1077
APP011960,2026-06-08 15:44:00,U1029,michelle.garcia54,Docker Desktop,27,WKSTN-U1029
APP011961,2026-06-08 16:10:00,U1029,michelle.garcia54,Git,18,WKSTN-U1029
APP025998,2026-06-08 16:01:00,U1064,matthew.wright55,Chrome,64,WKSTN-U1064
APP010620,2026-06-08 15:53:00,U1026,elizabeth.gonzalez,git,32,WKSTN-U1026
APP038243,2026-06-08 15:43:00,U1093,sarah.clark44,Terminal,79,WKSTN-U1093
APP002510,2026-06-08 15:49:00,U1007,sarah.robinson82,SAP,12,WKSTN-U1007
APP030008,2026-06-08 15:27:00,U1074,sarah.williams7,Chrome,66,WKSTN-U1074
APP011540,2026-06-08 16:29:00,U1028,john.hill,Chrome,25,WKSTN-U1028
APP040698,2026-06-08 15:50:00,U1099,joseph.garcia,Zoom,42,WKSTN-U1099
APP002127,2026-06-08 16:20:00,U1006,george.gonzalez,Chrome,72,WKSTN-U1006
APP035083,2026-06-08 16:05:00,U1086,steven.thompson53,Slack,32,WKSTN-U1086
APP013260,2026-06-09 07:43:00,U1032,paul.wright91,Workday,65,WKSTN-U1032
APP001331,2026-06-08 16:50:00,U1004,,SAP,81,WKSTN-U1004
APP017621,2026-06-08 16:54:00,U1043,thomas.williams91,Outlook,77,WKSTN-U1043
APP016410,2026-06-08 16:35:00,U1040,matthew.martin,Outlook,49,WKSTN-U1040
APP028408,2026-06-08 17:18:00,U1070,betty.thomas40,Chrome,26,WKSTN-U1070
APP035523,2026-06-08 17:20:00,U1087,charles.sanchez,Terminal,24,WKSTN-U1087
APP010618,2026-06-08 17:29:00,U1026,elizabeth.gonzalez,Docker Desktop,14,WKSTN-U1026
APP019632,2026-06-08 16:30:00,U1048,jennifer.thomas87,OUTLOOK,83,WKSTN-U1048
APP018007,2026-06-08 17:47:00,U1044,lisa.ramirez9,Excel,51,WKSTN-U1044
APP023221,2026-06-09 07:41:00,U1057,nancy.sanchez,Chrome,82,WKSTN-U1057
APP002894,2026-06-08 16:50:00,U1008,joshua.hernandez,Excel,88,WKSTN-U1008
APP032427,2026-06-08 17:50:00,U1080,joseph.jackson91,Terminal,21,WKSTN-U1080
APP026826,2026-06-08 16:33:00,U1066,michelle.wright62,Word,86,WKSTN-U1066
APP027996,2026-06-08 17:52:00,U1069,jessica.clark	,Chrome,20,WKSTN-U1069
APP038687,2026-06-08 17:28:00,U1094,elizabeth.lewis69,Chrome,85,WKSTN-U1094
APP039501,2026-06-08 17:11:00,U1096,david.allen76,Excel,81,WKSTN-U1096
APP011541,2026-06-08 16:50:00,U1028,john.hill,Jenkins,53,  WKSTN-U1028 
APP022798,2026-06-08 17:18:00,U1056,anthony.clark	,Salesforce,12,WKSTN-U1056
APP036015,2026-06-08 16:33:00,U1088,andrew.smith85,Chrome,33,
APP027992,2026-06-08 16:54:00,U1069,jessica.clark,Word,49,WKSTN-U1069
APP011959,2026-06-08 16:41:00,U1029,michelle.garcia54,Chrome,86,WKSTN-U1029
APP019248,2026-06-09 07:42:00,U1047,sandra.lewis,Chrome,22,WKSTN-U1047
APP019633,2026-06-08 16:55:00,U1048,jennifer.thomas87,Chrome,4,WKSTN-U1048
APP012398,2026-06-08 17:54:00,U1030,betty.rodriguez86,Docker Desktop,50,WKSTN-U1030
APP027994,2026-06-08 17:05:00,U1069,jessica.clark,Word,64,WKSTN-U1069
APP013664,2026-06-09 07:43:00,U1033,linda.miller,Chrome,50,WKSTN-U1033
APP018020,2026-06-09 07:56:00,U1044,lisa.ramirez9,Chrome,60,WKSTN-U1044
APP007036,2026-06-09 08:13:00,U1018,betty.white57,Jenkins,43,WKSTN-U1018
APP024809,2026-06-09 09:03:00,U1061,jessica.rodriguez,Zoom,75,WKSTN-U1061
APP032033,2026-06-09 08:39:00,U1079,emily.jones,Terminal,15,WKSTN-U1079
APP002914,2026-06-09 09:03:00,U1008,joshua.hernandez,SAP,75,WKSTN-U1008
APP034665,2026-06-09 08:21:00,U1085,barbara.walker67,Slack,61,WKSTN-U1085
APP015231,2026-06-09 08:47:00,U1037,robert.martin,Excel,85,WKSTN-U1037
APP013264,2026-06-09 08:36:00,U1032,paul.wright91,Excel,15,WKSTN-U1032
APP029245,2026-06-09 08:45:00,U1072,kenneth.lopez,Word,21,WKSTN-U1072
APP036038,2026-06-09 08:46:00,U1088,andrew.smith85,Slack,71,WKSTN-U1088
APP007940,2026-06-09 09:07:00,U1020,andrew.thomas36,Git,18,WKSTN-U1020
APP013663,2026-06-09 07:49:00,U1033,linda.miller,chrome,47,WKSTN-U1033
APP002913,2026-06-09 08:04:00,U1008,joshua.hernandez,Outlook,29,WKSTN-U1008
APP040333,2026-06-09 08:36:00,U1098,nancy.wright49,Chrome,15,WKSTN-U1098
APP008844,2026-06-09 08:26:00,U1022,sandra.brown,Chrome,71,WKSTN-U1022
APP016431,2026-06-09 08:10:00,U1040,,Excel,,WKSTN-U1040
APP023222,2026-06-09 09:09:00,U1057,nancy.sanchez,Salesforce,4,WKSTN-U1057
APP026014,2026-06-09 08:35:00,U1064,matthew.wright55,Chrome,56,WKSTN-U1064
APP018024,2026-06-09 08:38:00,U1044,lisa.ramirez9,Chrome,50,WKSTN-U1044
APP026013,2026-06-09 08:30:00,U1064,matthew.wright55,Outlook,74,WKSTN-U1064
APP031221,2026-06-09 08:29:00,U1077,kimberly.harris58,Word,31,WKSTN-U1077
APP031219,2026-06-09 07:51:00,U1077,kimberly.harris58,Chrome,22,WKSTN-U1077
APP000122,2026-06-09 08:29:00,U1001,linda.johnson95,QuickBooks,81,WKSTN-U1001
APP015232,2026-06-09 08:42:00,U1037,robert.martin,Chrome,65,WKSTN-U1037
APP012414,2026-06-09 09:09:00,U1030,betty.rodriguez86,Slack,48,WKSTN-U1030
APP008384,2026-06-09 09:30:00,U1021,jessica.walker,Jenkins,22,WKSTN-U1021
APP011558,2026-06-09 09:10:00,U1028,john.hill,Chrome,66,WKSTN-U1028
APP030034,2026-06-09 09:43:00,U1074,sarah.williams7,Word,2,WKSTN-U1074
APP003695,2026-06-09 09:45:00,U1010,susan.young51,Outlook,26,
APP030837,2026-06-09 09:45:00,U1076,john.torres,Word,68,WKSTN-U1076
APP037816,2026-06-09 09:11:00,U1092,steven.thomas,Terminal,30,WKSTN-U1092
APP023220,2026-06-09 09:29:00,U1057,nancy.sanchez,Zoom,23,WKSTN-U1057
APP011084,2026-06-09 09:39:00,U1027,patricia.brown75,Git,31,WKSTN-U1027
APP019651,2026-06-09 09:20:00,U1048,jennifer.thomas87,Chrome,60,WKSTN-U1048
APP035109,2026-06-09 09:28:00,U1086,steven.thompson53,PuTTY,51,WKSTN-U1086
APP023606,2026-06-09 09:17:00,U1058,jennifer.ramirez18,Excel,81,WKSTN-U1058	
APP012416,2026-06-09 09:40:00,U1030,betty.rodriguez86,  Jenkins ,8,WKSTN-U1030
APP036919,2026-06-09 09:30:00,U1090,mary.hill,Terminal,62,WKSTN-U1090
APP035543,2026-06-09 09:21:00,U1087,charles.sanchez,PuTTY,13,  WKSTN-U1087 
APP024017,2026-06-09 09:40:00,U1059,daniel.perez98,Salesforce,19,WKSTN-U1059
APP011983,2026-06-09 09:17:00,U1029,michelle.garcia54,VSCode,79,WKSTN-U1029
APP033756,2026-06-09 09:41:00,U1083,sarah.allen70,Slack,5,WKSTN-U1083
APP008383,2026-06-09 09:39:00,U1021,jessica.walker,Jenkins,47,WKSTN-U1021
APP010194,2026-06-09 09:46:00,U1025,betty.brown22,VSCode,9,
APP040716,2026-06-09 09:21:00,U1099,joseph.garcia,,60,WKSTN-U1099
APP027234,2026-06-09 09:47:00,U1067,paul.thomas97,Word,57,WKSTN-U1067
APP025619,2026-06-09 09:30:00,U1063,john.nguyen,Word,27,WKSTN-U1063
APP017235,2026-06-09 09:49:00,U1042,michael.hill56,Workday,32,
APP000940,2026-06-09 09:17:00,U1003,kenneth.clark29,QuickBooks,88,WKSTN-U1003
APP007944,2026-06-09 10:20:00,U1020,andrew.thomas36,Docker Desktop,64,WKSTN-U1020
APP024810,2026-06-09 10:21:00,U1061,jessica.rodriguez,Outlook,17,WKSTN-U1061
APP014450,2026-06-09 10:03:00,U1035,nancy.rodriguez82,  Excel ,64,WKSTN-U1035
APP024016,2026-06-09 10:23:00,U1059,daniel.perez98,Excel,52,WKSTN-U1059
APP035542,2026-06-09 10:14:00,U1087,charles.sanchez	,Wireshark,26,WKSTN-U1087
APP017236,2026-06-09 10:29:00,U1042,michael.hill56,Outlook,32,WKSTN-U1042
APP008385,2026-06-09 10:00:00,U1021,jessica.walker,VSCode,20,WKSTN-U1021
APP029642,2026-06-09 09:56:00,U1073,michael.gonzalez,Chrome,57,WKSTN-U1073
APP028016,2026-06-09 10:32:00,U1069,jessica.clark,Chrome,42,WKSTN-U1069
APP036462,2026-06-09 10:00:00,U1089,paul.brown27,PuTTY,33,WKSTN-U1089
APP035545,2026-06-09 10:12:00,U1087,charles.sanchez,Chrome,7,WKSTN-U1087
APP016433,2026-06-09 10:16:00,U1040,matthew.martin,Excel,51,WKSTN-U1040
APP022817,2026-06-09 10:01:00,U1056,anthony.clark,Chrome,74,
APP036464,2026-06-09 09:58:00,U1089,paul.brown27,PuTTY,86,WKSTN-U1089
APP014835,2026-06-09 10:12:00,U1036,linda.jones,Excel,70,WKSTN-U1036
APP025620,2026-06-09 10:09:00,U1063,john.nguyen,DOCUSIGN,52,WKSTN-U1063	
APP015234,2026-06-09 10:18:00,U1037,robert.martin,Excel,10,WKSTN-U1037
APP006562,2026-06-09 10:16:00,U1017,emily.hernandez34,Docker Desktop,8,WKSTN-U1017
APP031220,2026-06-09 10:21:00,U1077,kimberly.harris58,Word,46,WKSTN-U1077
APP028426,2026-06-09 10:06:00,U1070,betty.thomas40,Chrome,90,WKSTN-U1070
APP009299,2026-06-09 10:07:00,U1023,richard.wright,Git,37,WKSTN-U1023
APP019652,2026-06-09 10:02:00,U1048,jennifer.thomas87,Outlook,67,WKSTN-U1048
APP014045,2026-06-09 09:58:00,U1034,thomas.allen63,Chrome,31,WKSTN-U1034
APP011980,2026-06-09 09:55:00,U1029,michelle.garcia54,Jenkins,40,  WKSTN-U1029 
APP007034,2026-06-09 10:31:00,U1018,betty.white57,Chrome,53,WKSTN-U1018
APP018023,2026-06-09 10:54:00,U1044,lisa.ramirez9,Workday,50,WKSTN-U1044
APP039940,2026-06-09 11:09:00,U1097,mark.martinez10,Chrome,53,WKSTN-U1097
APP018022,2026-06-09 10:55:00,U1044,lisa.ramirez9,Chrome,78,WKSTN-U1044
APP030444,2026-06-09 10:50:00,U1075,steven.lewis,Word,13,WKSTN-U1075
APP027230,2026-06-09 10:35:00,U1067,paul.thomas97,Outlook,37,WKSTN-U1067
APP031618,2026-06-09 10:46:00,U1078,michelle.miller,Word,24,WKSTN-U1078
APP003282,2026-06-09 10:47:00,U1009,daniel.brown,Outlook,5,WKSTN-U1009
APP007943,2026-06-09 10:39:00,U1020,andrew.thomas36,Slack,88,WKSTN-U1020
APP019247,2026-06-09 10:52:00,U1047,sandra.lewis,Zoom,51,  WKSTN-U1047 
APP022440,2026-06-09 10:49:00,U1055,patricia.wilson54,Outlook	,52,WKSTN-U1055
APP030836,2026-06-09 10:43:00,U1076,john.torres,Outlook,32,WKSTN-U1076
APP011981,2026-06-09 11:04:00,U1029,michelle.garcia54,Jenkins,21,WKSTN-U1029
APP026412,2026-06-09 10:49:00,U1065,michael.ramirez47,Chrome,66,WKSTN-U1065
APP007035,2026-06-09 10:44:00,U1018,  betty.white57 ,Docker Desktop,64,
APP006103,2026-06-09 10:50:00,U1016,patricia.thomas,Slack,75,WKSTN-U1016
APP026409,2026-06-09 10:37:00,U1065,michael.ramirez47,Word,74,WKSTN-U1065
APP007942,2026-06-09 10:53:00,U1020,andrew.thomas36,Git,8,WKSTN-U1020
APP024412,2026-06-09 10:47:00,U1060,matthew.anderson,Chrome,60,WKSTN-U1060
APP039939,2026-06-09 10:43:00,U1097,mark.martinez10,Chrome,87,WKSTN-U1097
APP021605,2026-06-09 11:01:00,U1053,john.jackson31,Zoom,68,WKSTN-U1053
APP036037,2026-06-09 10:59:00,U1088,andrew.smith85,PuTTY,19,WKSTN-U1088
APP031617,2026-06-09 10:36:00,U1078,michelle.miller,Outlook,38,WKSTN-U1078
APP019250,2026-06-09 10:57:00,U1047,sandra.lewis,Chrome,41,WKSTN-U1047
APP014046,2026-06-09 10:47:00,U1034,thomas.allen63,Outlook,43,WKSTN-U1034
APP005285,2026-06-09 10:40:00,U1014,james.taylor	,,84,WKSTN-U1014
APP034666,2026-06-09 11:47:00,U1085,barbara.walker67,Wireshark,16,WKSTN-U1085
APP011984,2026-06-09 11:36:00,U1029,michelle.garcia54,Jenkins,60,WKSTN-U1029
APP027597,2026-06-09 11:50:00,U1068,susan.thompson34,Word,,WKSTN-U1068
APP003696,2026-06-09 11:21:00,U1010,susan.young51,  SAP ,8,WKSTN-U1010
APP022023,2026-06-09 11:12:00,U1054,anthony.martinez,Zoom,13,WKSTN-U1054
APP030033,2026-06-09 11:31:00,U1074,sarah.williams7,Word,26,WKSTN-U1074
APP000939,2026-06-09 11:11:00,U1003,kenneth.clark29,SAP,54,WKSTN-U1003
APP019650,2026-06-09 11:23:00,U1048,jennifer.thomas87,Salesforce,53,WKSTN-U1048
APP000529,2026-06-09 11:29:00,U1002,donna.ramirez,QuickBooks,42,WKSTN-U1002
APP035544,2026-06-09 11:11:00,U1087,charles.sanchez,  Slack ,50,WKSTN-U1087
APP015230,2026-06-09 11:22:00,U1037,robert.martin,Excel,69,WKSTN-U1037
APP027596,2026-06-09 11:10:00,U1068,susan.thompson34,Chrome,41,WKSTN-U1068
APP040717,2026-06-09 11:15:00,U1099,joseph.garcia,Outlook,2,WKSTN-U1099
APP026841,2026-06-09 11:55:00,U1066,michelle.wright62,Chrome,11,WKSTN-U1066
APP023223,2026-06-09 11:30:00,U1057,nancy.sanchez,Outlook,90,WKSTN-U1057	
APP027232,2026-06-09 11:39:00,U1067,paul.thomas97,DocuSign,2,WKSTN-U1067
APP016432,2026-06-09 11:28:00,U1040,matthew.martin,Outlook,37,WKSTN-U1040
APP021211,2026-06-09 11:49:00,U1052,paul.taylor,Zoom,78,
APP002531,2026-06-09 11:25:00,U1007,sarah.robinson82,Outlook,51,WKSTN-U1007
APP028014,2026-06-09 11:52:00,U1069,jessica.clark,Word,2,WKSTN-U1069
APP001350,2026-06-09 11:48:00,U1004,elizabeth.wilson98,Excel,16,WKSTN-U1004
APP024411,2026-06-09 11:22:00,U1060,matthew.anderson,Chrome,17,WKSTN-U1060
APP031615,2026-06-09 11:53:00,U1078,michelle.miller,Chrome,59,WKSTN-U1078
APP002529,2026-06-09 11:33:00,U1007,sarah.robinson82,SAP,77,WKSTN-U1007
APP004864,2026-06-09 11:52:00,U1013,emily.smith,Excel,36,WKSTN-U1013
APP015644,2026-06-09 12:04:00,U1038,emily.clark,Chrome,57,WKSTN-U1038
APP019249,2026-06-09 12:05:00,U1047,sandra.lewis,Excel,31,WKSTN-U1047
APP028427,2026-06-09 12:04:00,U1070,betty.thomas40,Outlook,21,WKSTN-U1070
APP004862,2026-06-09 11:58:00,U1013,emily.smith,Excel,22,WKSTN-U1013
APP039119,2026-06-09 12:08:00,U1095,richard.thomas74,Zoom,44,WKSTN-U1095
APP039522,2026-06-09 12:01:00,U1096,david.allen76,PowerPoint,20,WKSTN-U1096
APP021215,2026-06-09 11:59:00,U1052,paul.taylor,Zoom,48,WKSTN-U1052
APP010192,2026-06-09 11:55:00,U1025,betty.brown22,Chrome,14,WKSTN-U1025
APP009743,2026-06-09 12:05:00,U1024,emily.miller,Chrome,12,WKSTN-U1024
APP014453,2026-06-09 11:59:00,U1035,nancy.rodriguez82,Outlook,19,WKSTN-U1035
APP037376,2026-06-09 12:02:00,U1091,linda.robinson,Terminal,51,WKSTN-U1091
APP010640,2026-06-09 12:05:00,U1026,elizabeth.gonzalez,VSCode,18,WKSTN-U1026
APP024018,2026-06-09 12:11:00,U1059,daniel.perez98,Outlook,4,WKSTN-U1059
APP040331,2026-06-09 12:13:00,U1098,nancy.wright49,Outlook,50,WKSTN-U1098
APP020411,2026-06-09 12:03:00,U1050,MICHAEL.RAMIREZ,Chrome,43,WKSTN-U1050
APP007504,2026-06-09 12:13:00,U1019,donna.anderson,Slack,2,WKSTN-U1019
APP004439,2026-06-09 11:56:00,U1012,linda.martinez,Outlook,73,WKSTN-U1012
APP004440,2026-06-09 12:04:00,U1012,linda.martinez,Chrome,83,WKSTN-U1012
APP004441,2026-06-09 12:09:00,U1012,linda.martinez,SAP,62,WKSTN-U1012
APP016833,2026-06-09 12:15:00,U1041,matthew.allen52,Chrome,50,WKSTN-U1041
APP040332,2026-06-09 11:59:00,U1098,nancy.wright49,PowerPoint,6,WKSTN-U1098
APP014833,2026-06-09 12:01:00,U1036,linda.jones,Workday,84,WKSTN-U1036
APP010193,2026-06-09 12:03:00,U1025,betty.brown22,Docker Desktop,41,WKSTN-U1025
APP028428,2026-06-09 12:08:00,U1070,betty.thomas40,Chrome,76,WKSTN-U1070
APP031218,2026-06-09 12:11:00,U1077,kimberly.harris58,Word,,WKSTN-U1077
APP016830,2026-06-09 12:18:00,U1041,matthew.allen52,Chrome,63,WKSTN-U1041
APP030834,2026-06-09 12:31:00,U1076,john.torres,Chrome,35,WKSTN-U1076
APP022439,2026-06-09 12:32:00,U1055,patricia.wilson54,Salesforce,36,WKSTN-U1055
APP007503,2026-06-09 12:29:00,U1019,donna.anderson,GIT,87,
APP033316,2026-06-09 12:18:00,U1082,karen.hill96,Active Directory Console,55,WKSTN-U1082
APP031619,2026-06-09 12:19:00,U1078,michelle.miller,Outlook,34,WKSTN-U1078
APP011086,2026-06-09 12:33:00,U1027,patricia.brown75,CHROME,51,WKSTN-U1027
APP000121,2026-06-09 12:29:00,U1001,linda.johnson95,Chrome,69,WKSTN-U1001
APP026015,2026-06-09 12:36:00,U1064,matthew.wright55,DocuSign,40,WKSTN-U1064
APP035107,2026-06-09 12:21:00,U1086,steven.thompson53,Chrome,79,WKSTN-U1086
APP039523,2026-06-09 12:22:00,U1096,david.allen76,PowerPoint,89,WKSTN-U1096
APP032034,2026-06-09 12:31:00,U1079,emily.jones,PuTTY,87,WKSTN-U1079
APP036036,2026-06-09 12:15:00,U1088,andrew.smith85,Slack,75,WKSTN-U1088
APP015233,2026-06-09 12:38:00,U1037,ROBERT.MARTIN,Workday,73,WKSTN-U1037
APP001348,2026-06-09 12:16:00,U1004,elizabeth.wilson98,Excel,6,WKSTN-U1004
APP028015,2026-06-09 12:25:00,U1069,jessica.clark,Chrome,46,WKSTN-U1069
APP037814,2026-06-09 12:24:00,U1092,steven.thomas,PuTTY,26,WKSTN-U1092
APP004860,2026-06-09 12:34:00,U1013,emily.smith,QuickBooks,81,WKSTN-U1013
APP004049,2026-06-09 12:28:00,U1011,donna.ramirez75,SAP,84,WKSTN-U1011
APP041096,2026-06-09 12:17:00,U1100,daniel.brown38,Outlook,29,WKSTN-U1100
APP022024,2026-06-09 12:17:00,U1054,anthony.martinez,,50,WKSTN-U1054
APP010641,2026-06-09 12:15:00,U1026,elizabeth.gonzalez,Slack,77,WKSTN-U1026
APP040713,2026-06-09 12:37:00,U1099,JOSEPH.GARCIA,EXCEL,3,WKSTN-U1099
APP008843,2026-06-09 12:23:00,U1022,sandra.brown,Docker Desktop,8,WKSTN-U1022
APP002141,2026-06-09 12:30:00,U1006,george.gonzalez,Outlook,23,WKSTN-U1006
APP011982,2026-06-09 12:50:00,U1029,michelle.garcia54,Chrome,54,  WKSTN-U1029 
APP000942,2026-06-09 13:10:00,U1003,kenneth.clark29,Chrome,85,WKSTN-U1003
APP013263,2026-06-09 13:14:00,U1032,paul.wright91,WORKDAY,25,WKSTN-U1032
APP002142,2026-06-09 13:05:00,U1006,george.gonzalez,  Chrome ,30,WKSTN-U1006
APP028853,2026-06-09 13:03:00,U1071,matthew.robinson35,Outlook,18,WKSTN-U1071
APP013665,2026-06-09 12:40:00,U1033,linda.miller,Workday,89,WKSTN-U1033
APP001731,2026-06-09 12:51:00,U1005,robert.robinson,Outlook,90,WKSTN-U1005
APP032882,2026-06-09 12:53:00,U1081,margaret.davis,PuTTY,7,WKSTN-U1081
APP031217,2026-06-09 12:47:00,U1077,kimberly.harris58,Chrome	,89,WKSTN-U1077
APP030443,2026-06-09 12:51:00,U1075,steven.lewis,Word,16,WKSTN-U1075
APP000528,2026-06-09 12:42:00,U1002,donna.ramirez,Excel,32,WKSTN-U1002
APP025223,2026-06-09 13:00:00,U1062,william.martin,Chrome,25,WKSTN-U1062
APP025224,2026-06-09 12:41:00,U1062,william.martin,Excel,66,WKSTN-U1062
APP007941,2026-06-09 12:40:00,U1020,andrew.thomas36,Docker Desktop,40,WKSTN-U1020
APP017636,2026-06-09 12:58:00,U1043,thomas.williams91,Workday,51,WKSTN-U1043
APP025621,2026-06-09 12:59:00,U1063,john.nguyen,Word,,WKSTN-U1063
APP035108,2026-06-09 12:39:00,U1086,steven.thompson53,Terminal,82,WKSTN-U1086
APP004046,2026-06-09 13:16:00,U1011,donna.ramirez75,Excel,40,WKSTN-U1011
APP026410,2026-06-09 12:47:00,U1065,michael.ramirez47,DocuSign,61,WKSTN-U1065
APP018834,2026-06-09 13:16:00,U1046,michelle.torres39,Chrome,80,WKSTN-U1046
APP032880,2026-06-09 12:59:00,U1081,MARGARET.DAVIS,Terminal,22,WKSTN-U1081
APP017635,2026-06-09 12:54:00,U1043,thomas.williams91,Chrome,16,WKSTN-U1043
APP038703,2026-06-09 13:14:00,U1094,elizabeth.lewis69,Chrome,66,WKSTN-U1094
APP039937,2026-06-09 12:40:00,U1097,mark.martinez10,Zoom,74,WKSTN-U1097
APP016041,2026-06-09 13:05:00,U1039,mark.thomas,Chrome,19,WKSTN-U1039
APP024413,2026-06-09 13:53:00,U1060,matthew.anderson,Excel,59,WKSTN-U1060
APP009298,2026-06-09 13:22:00,U1023,richard.wright,Slack,8,WKSTN-U1023
APP023605,2026-06-09 13:47:00,U1058,jennifer.ramirez18,Salesforce,50,WKSTN-U1058
APP024808,2026-06-09 13:19:00,U1061,jessica.rodriguez,zoom,,WKSTN-U1061
APP013262,2026-06-09 13:36:00,U1032,paul.wright91,Outlook,28,WKSTN-U1032
APP018416,2026-06-09 13:39:00,U1045,daniel.sanchez90,Outlook,37,WKSTN-U1045
APP032881,2026-06-09 13:31:00,U1081,margaret.davis,Slack,83,WKSTN-U1081
APP014451,2026-06-09 13:32:00,U1035,nancy.rodriguez82,CHROME,27,WKSTN-U1035
APP024015,2026-06-09 13:55:00,U1059,daniel.perez98,Chrome,47,WKSTN-U1059
APP003694,2026-06-09 14:00:00,U1010,susan.young51,SAP,48,WKSTN-U1010
APP002530,2026-06-09 13:17:00,U1007,sarah.robinson82	,QuickBooks,87,WKSTN-U1007
APP016831,2026-06-09 13:21:00,U1041,matthew.allen52,Outlook,18,WKSTN-U1041
APP020825,2026-06-09 13:45:00,U1051,sandra.king72,Zoom,81,WKSTN-U1051
APP028851,2026-06-09 13:30:00,U1071,matthew.robinson35,Chrome,,WKSTN-U1071
APP029246,2026-06-09 13:49:00,U1072,kenneth.lopez,Outlook,81,WKSTN-U1072
APP040714,2026-06-09 13:20:00,U1099,JOSEPH.GARCIA,Excel,12,WKSTN-U1099
APP006563,2026-06-09 13:48:00,U1017,emily.hernandez34,Jenkins,65,WKSTN-U1017
APP012413,2026-06-09 13:35:00,U1030,betty.rodriguez86,CHROME,N/A,WKSTN-U1030
APP012848,2026-06-09 13:22:00,U1031,john.wright28,Workday,90,WKSTN-U1031	
APP022816,2026-06-09 13:59:00,U1056,anthony.clark,Zoom,3,WKSTN-U1056
APP039120,2026-06-09 13:51:00,U1095,richard.thomas74,Outlook,66,WKSTN-U1095
APP018835,2026-06-09 14:00:00,U1046,michelle.torres39,Chrome,36,WKSTN-U1046
APP013261,2026-06-09 13:45:00,U1032,paul.wright91,Chrome,85,WKSTN-U1032
APP038261,2026-06-09 13:39:00,U1093,sarah.clark44,Terminal,18,WKSTN-U1093
APP027595,2026-06-09 13:53:00,U1068,susan.thompson34,Chrome,84,WKSTN-U1068
APP003284,2026-06-09 14:05:00,U1009,daniel.brown,Excel,36,WKSTN-U1009
APP038702,2026-06-09 14:13:00,U1094,elizabeth.lewis69,Active Directory Console,39,WKSTN-U1094
APP011085,2026-06-09 14:13:00,U1027,patricia.brown75,Docker Desktop,9,WKSTN-U1027
APP016832,2026-06-09 14:25:00,U1041,matthew.allen52,Excel,36,WKSTN-U1041
APP016430,2026-06-09 14:03:00,U1040,matthew.martin,Outlook,65,WKSTN-U1040
APP008381,2026-06-09 14:39:00,U1021,jessica.walker,VSCode,75,WKSTN-U1021
APP008842,2026-06-09 14:23:00,U1022,sandra.brown,Jenkins,26,
APP009296,2026-06-09 14:26:00,U1023,richard.wright,Slack,70,WKSTN-U1023
APP001730,2026-06-09 14:14:00,U1005,robert.robinson,Outlook,83,WKSTN-U1005
APP041093,2026-06-09 14:30:00,U1100,daniel.brown38,PowerPoint,22,WKSTN-U1100
APP029640,2026-06-09 14:05:00,U1073,michael.gonzalez,Outlook,42,WKSTN-U1073
APP012847,2026-06-09 14:20:00,U1031,john.wright28,Workday,32,WKSTN-U1031
APP039521,2026-06-09 14:24:00,U1096,david.allen76,Excel,72,WKSTN-U1096
APP015641,2026-06-09 14:35:00,U1038,emily.clark,Outlook,56,WKSTN-U1038
APP004861,2026-06-09 14:19:00,U1013,emily.smith,Excel,52,WKSTN-U1013
APP039519,2026-06-09 14:06:00,U1096,david.allen76,PowerPoint,45,WKSTN-U1096
APP036039,2026-06-09 14:14:00,U1088,andrew.smith85,Terminal,90,WKSTN-U1088
APP031616,2026-06-09 14:07:00,U1078,michelle.miller,Chrome,39,  WKSTN-U1078 
APP020826,2026-06-09 14:39:00,U1051,sandra.king72,Zoom,75,  WKSTN-U1051 
APP017234,2026-06-09 14:27:00,U1042,michael.hill56,Excel,53,WKSTN-U1042
APP021212,2026-06-09 14:07:00,U1052,paul.taylor,Chrome,90,WKSTN-U1052
APP038259,2026-06-09 14:09:00,U1093,sarah.clark44,Chrome,27,WKSTN-U1093
APP040715,2026-06-09 14:11:00,U1099,joseph.garcia,Excel,74,WKSTN-U1099
APP033755,2026-06-09 14:24:00,U1083,sarah.allen70,PuTTY,55,WKSTN-U1083
APP006102,2026-06-09 14:22:00,U1016,patricia.thomas,Jenkins,3,WKSTN-U1016
APP003283,2026-06-09 15:10:00,U1009,daniel.brown,Excel,51,WKSTN-U1009
APP030835,2026-06-09 14:41:00,U1076,john.torres	,Outlook,31,WKSTN-U1076
APP029641,2026-06-09 14:55:00,U1073,michael.gonzalez,Chrome,6,WKSTN-U1073
APP026840,2026-06-09 14:56:00,U1066,michelle.wright62,Word,30,WKSTN-U1066
APP021213,2026-06-09 14:58:00,U1052,paul.taylor,Outlook,75,WKSTN-U1052
APP009297,2026-06-09 14:42:00,U1023,richard.wright,Jenkins,29,WKSTN-U1023
APP016829,2026-06-09 15:00:00,U1041,matthew.allen52,Chrome,54,  WKSTN-U1041 
APP014834,2026-06-09 14:44:00,U1036,linda.jones,Outlook,36,WKSTN-U1036
APP030442,2026-06-09 14:39:00,U1075,steven.lewis,Word,39,WKSTN-U1075
APP039122,2026-06-09 15:06:00,U1095,richard.thomas74,Outlook,25,WKSTN-U1095
APP026842,2026-06-09 15:06:00,U1066,michelle.wright62,DocuSign,4,WKSTN-U1066
APP018021,2026-06-09 14:49:00,U1044,lisa.ramirez9,Workday,76,WKSTN-U1044
APP004048,2026-06-09 14:58:00,U1011,donna.ramirez75,Chrome,67,WKSTN-U1011
APP015645,2026-06-09 15:11:00,U1038,emily.clark,Chrome,13,WKSTN-U1038
APP025226,2026-06-09 15:07:00,U1062,william.martin,Salesforce,31,WKSTN-U1062
APP020017,2026-06-09 14:57:00,U1049,michelle.jones59,Salesforce,56,WKSTN-U1049
APP035110,2026-06-09 15:08:00,U1086,steven.thompson53,Slack,18,WKSTN-U1086
APP002532,2026-06-09 15:02:00,U1007,SARAH.ROBINSON82,SAP,,WKSTN-U1007
APP039121,2026-06-09 15:14:00,U1095,richard.thomas74,Chrome,3,WKSTN-U1095
APP034203,2026-06-09 14:50:00,U1084,joshua.taylor,Slack,64,WKSTN-U1084
APP005687,2026-06-09 14:49:00,U1015,lisa.hernandez,Excel,79,WKSTN-U1015
APP009295,2026-06-09 14:49:00,U1023,richard.wright,Git,85,WKSTN-U1023
APP012415,2026-06-09 15:12:00,U1030,betty.rodriguez86,Docker Desktop,23,WKSTN-U1030
APP035111,2026-06-09 15:04:00,U1086,steven.thompson53,Active Directory Console,27,WKSTN-U1086
APP025222,2026-06-09 14:52:00,U1062,william.martin,Zoom,27,  WKSTN-U1062 
APP030838,2026-06-09 15:33:00,U1076,john.torres,Chrome,52,WKSTN-U1076
APP020410,2026-06-09 15:40:00,U1050,michael.ramirez,Salesforce,26,WKSTN-U1050
APP008382,2026-06-09 15:45:00,U1021,jessica.walker,Slack,72,WKSTN-U1021
APP003285,2026-06-09 15:36:00,U1009,daniel.brown,Chrome,21,WKSTN-U1009
APP001349,2026-06-09 15:19:00,U1004,elizabeth.wilson98,Chrome,9,WKSTN-U1004
APP015643,2026-06-09 15:43:00,U1038,emily.clark,Workday,72,WKSTN-U1038
APP033317,2026-06-09 15:53:00,U1082,karen.hill96,PuTTY,10,WKSTN-U1082
APP028425,2026-06-09 15:59:00,U1070,betty.thomas40,DocuSign,53,WKSTN-U1070
APP005284,2026-06-09 15:59:00,U1014,james.taylor,Chrome,35,WKSTN-U1014
APP014837,2026-06-09 15:24:00,U1036,linda.jones,Excel,80,WKSTN-U1036
APP026411,2026-06-09 16:05:00,U1065,michael.ramirez47,DocuSign,56,WKSTN-U1065
APP024014,2026-06-09 16:02:00,U1059,daniel.perez98,Outlook,47,WKSTN-U1059
APP014836,2026-06-09 15:14:00,U1036,linda.jones,Outlook,5,WKSTN-U1036
APP006101,2026-06-09 15:23:00,U1016,patricia.thomas,Chrome,77,WKSTN-U1016
APP022815,2026-06-09 15:50:00,U1056,anthony.clark,Excel,60,WKSTN-U1056
APP037815,2026-06-09 15:29:00,U1092,steven.thomas,Slack,71,WKSTN-U1092
APP025225,2026-06-09 15:16:00,U1062,william.martin,Salesforce,16,WKSTN-U1062
APP004047,2026-06-09 15:16:00,U1011,donna.ramirez75,Chrome,45,WKSTN-U1011
APP010639,2026-06-09 15:53:00,U1026,elizabeth.gonzalez,Jenkins,30,WKSTN-U1026
APP015642,2026-06-09 15:14:00,U1038,emily.clark,Excel,38,WKSTN-U1038
APP020018,2026-06-09 15:36:00,U1049,michelle.jones59,Salesforce,59,WKSTN-U1049
APP039520,2026-06-09 15:55:00,U1096,david.allen76,Excel,84,WKSTN-U1096
APP026408,2026-06-09 15:57:00,U1065,michael.ramirez47,Outlook,75,WKSTN-U1065
APP022814,2026-06-09 15:56:00,U1056,anthony.clark,  Salesforce ,58,WKSTN-U1056
APP020019,2026-06-09 15:26:00,U1049,MICHELLE.JONES59,Chrome,10,WKSTN-U1049
APP014452,2026-06-09 16:35:00,U1035,nancy.rodriguez82,Excel,16,WKSTN-U1035
APP028852,2026-06-09 16:21:00,U1071,matthew.robinson35,Word,59,WKSTN-U1071
APP000941,2026-06-09 16:28:00,U1003,kenneth.clark29,Chrome,27,WKSTN-U1003
APP006561,2026-06-09 16:12:00,U1017,emily.hernandez34,Docker Desktop,46,WKSTN-U1017
APP038260,2026-06-09 16:43:00,U1093,sarah.clark44,Wireshark,18,WKSTN-U1093
APP004863,2026-06-09 16:25:00,U1013,emily.smith,Chrome,42,WKSTN-U1013
APP010191,2026-06-09 16:09:00,U1025,betty.brown22,CHROME,34,WKSTN-U1025
APP021214,2026-06-09 16:41:00,U1052,paul.taylor,,41,WKSTN-U1052
APP032883,2026-06-09 16:40:00,U1081,margaret.davis,Wireshark,20,WKSTN-U1081
APP005688,2026-06-09 16:12:00,U1015,lisa.hernandez,chrome,21,WKSTN-U1015
APP008845,2026-06-09 16:05:00,U1022,sandra.brown,Jenkins,17,WKSTN-U1022
APP034202,2026-06-09 16:15:00,U1084,joshua.taylor,Wireshark,37,WKSTN-U1084
APP010195,2026-06-09 16:07:00,U1025,betty.brown22,Docker Desktop,36,WKSTN-U1025
APP018836,2026-06-09 16:07:00,U1046,michelle.torres39,Outlook,22,WKSTN-U1046
APP029644,2026-06-09 16:52:00,U1073,michael.gonzalez,Chrome,54,WKSTN-U1073
APP027233,2026-06-09 16:15:00,U1067,paul.thomas97,Outlook,80,WKSTN-U1067
APP001733,2026-06-09 16:16:00,U1005,robert.robinson,Excel,20,WKSTN-U1005
APP039938,2026-06-09 16:12:00,U1097,mark.martinez10,PowerPoint,60,WKSTN-U1097
APP041094,2026-06-09 16:39:00,U1100,daniel.brown38,PowerPoint,31,WKSTN-U1100
APP011559,2026-06-09 16:12:00,U1028,john.hill,Slack,88,WKSTN-U1028
APP041095,2026-06-09 16:22:00,U1100,daniel.brown38,Excel,34,WKSTN-U1100
APP003693,2026-06-09 16:24:00,U1010,susan.young51,Excel,62,WKSTN-U1010
APP023607,2026-06-09 16:10:00,U1058,jennifer.ramirez18,Chrome,7,WKSTN-U1058
APP041092,2026-06-09 16:35:00,U1100,daniel.brown38,Chrome,64,WKSTN-U1100
APP036463,2026-06-09 16:58:00,U1089,paul.brown27,,62,WKSTN-U1089
APP008867,2026-06-10 07:10:00,U1022,sandra.brown,Docker Desktop,65,WKSTN-U1022
APP016042,2026-06-09 17:20:00,U1039,,Workday,21,WKSTN-U1039
APP036920,2026-06-09 17:35:00,U1090,MARY.HILL,Wireshark,44,WKSTN-U1090
APP027231,2026-06-09 17:07:00,U1067,paul.thomas97,Chrome,45,WKSTN-U1067
APP037377,2026-06-09 17:06:00,U1091,linda.robinson,Chrome,88,WKSTN-U1091
APP033318,2026-06-09 17:54:00,U1082,karen.hill96,Wireshark,87,WKSTN-U1082
APP000550,2026-06-10 07:47:00,U1002,donna.ramirez,Chrome,81,WKSTN-U1002
APP020430,2026-06-10 07:54:00,U1050,michael.ramirez,Salesforce,48,WKSTN-U1050
APP013678,2026-06-10 07:55:00,U1033,linda.miller,Excel,67,WKSTN-U1033
APP036483,2026-06-10 07:47:00,U1089,paul.brown27,  PuTTY ,21,WKSTN-U1089
APP001732,2026-06-09 17:11:00,U1005,robert.robinson,Outlook,,WKSTN-U1005
APP022441,2026-06-09 17:15:00,U1055,patricia.wilson54,Zoom,80,WKSTN-U1055
APP029643,2026-06-09 17:20:00,U1073,michael.gonzalez,Outlook,12,WKSTN-U1073
APP018415,2026-06-09 17:36:00,U1045,daniel.sanchez90,Excel,82,WKSTN-U1045
APP036061,2026-06-10 07:37:00,U1088,andrew.smith85,Slack,12,WKSTN-U1088
APP003281,2026-06-09 17:14:00,U1009,daniel.brown,Chrome,57,WKSTN-U1009
APP020427,2026-06-10 07:34:00,U1050,michael.ramirez,Outlook,52,WKSTN-U1050
APP026857,2026-06-10 07:31:00,U1066,michelle.wright62,,18,WKSTN-U1066
APP013681,2026-06-10 07:17:00,U1033,linda.miller,Chrome,84,WKSTN-U1033
APP014852,2026-06-10 07:43:00,U1036,linda.jones,Excel,57,WKSTN-U1036
APP021604,2026-06-09 17:46:00,U1053,john.jackson31,Excel,41,WKSTN-U1053
APP009744,2026-06-09 17:11:00,U1024,emily.miller,Git,38,WKSTN-U1024
APP018838,2026-06-09 17:31:00,U1046,michelle.torres39,Excel,-40.0,WKSTN-U1046
APP001347,2026-06-09 17:44:00,U1004,elizabeth.wilson98,QuickBooks,27,WKSTN-U1004
APP018837,2026-06-09 17:10:00,U1046,michelle.torres39,Outlook,31,WKSTN-U1046
APP025638,2026-06-10 08:35:00,U1063,john.nguyen,Outlook,29,WKSTN-U1063
APP008866,2026-06-10 08:43:00,U1022,sandra.brown,Jenkins,61,WKSTN-U1022
APP040735,2026-06-10 08:42:00,U1099,joseph.garcia,Chrome,80,WKSTN-U1099
APP012866,2026-06-10 08:53:00,U1031,john.wright28,Chrome,6,WKSTN-U1031
APP037392,2026-06-10 08:21:00,U1091,LINDA.ROBINSON,Wireshark,10,WKSTN-U1091
APP028872,2026-06-10 08:37:00,U1071,matthew.robinson35,Chrome,46,WKSTN-U1071
APP032899,2026-06-10 08:29:00,U1081,margaret.davis,Slack,39,WKSTN-U1081
APP024431,2026-06-10 08:42:00,U1060,matthew.anderson,zoom,11,WKSTN-U1060
APP028034,2026-06-10 08:17:00,U1069,jessica.clark,OUTLOOK,46,WKSTN-U1069
APP028033,2026-06-10 08:10:00,U1069,jessica.clark,Outlook,17,WKSTN-U1069
APP012863,2026-06-10 08:22:00,U1031,john.wright28,Excel,9,WKSTN-U1031
APP014058,2026-06-10 08:40:00,U1034,thomas.allen63,Workday,54,WKSTN-U1034
APP039958,2026-06-10 08:55:00,U1097,mark.martinez10,Zoom,29,WKSTN-U1097
APP038720,2026-06-10 08:25:00,U1094,elizabeth.lewis69,Terminal,45,WKSTN-U1094
APP034220,2026-06-10 08:43:00,U1084,joshua.taylor,Slack,8,WKSTN-U1084
APP038719,2026-06-10 08:19:00,U1094,elizabeth.lewis69,Active Directory Console,61,WKSTN-U1094
APP005302,2026-06-10 08:12:00,U1014,james.taylor,Excel,85,WKSTN-U1014
APP019268,2026-06-10 08:12:00,U1047,,Excel,38,WKSTN-U1047
APP005700,2026-06-10 08:41:00,U1015,,SAP,78,WKSTN-U1015
APP026859,2026-06-10 08:13:00,U1066,michelle.wright62,Word,57,WKSTN-U1066
APP027248,2026-06-10 08:22:00,U1067,paul.thomas97,Word,86,WKSTN-U1067
APP016455,2026-06-10 08:17:00,U1040,matthew.martin,chrome	,31,WKSTN-U1040
APP024432,2026-06-10 08:20:00,U1060,matthew.anderson,Salesforce,53,WKSTN-U1060
APP021232,2026-06-10 08:41:00,U1052,paul.taylor,Outlook,31,WKSTN-U1052
APP027247,2026-06-10 08:48:00,U1067,paul.thomas97,Outlook,29,WKSTN-U1067
APP036942,2026-06-10 08:59:00,U1090,mary.hill,terminal,64,WKSTN-U1090
APP040349,2026-06-10 09:27:00,U1098,nancy.wright49,Zoom,64,WKSTN-U1098
APP041116,2026-06-10 09:02:00,U1100,,Excel,57,WKSTN-U1100
APP024429,2026-06-10 09:00:00,U1060,matthew.anderson,Excel,90,WKSTN-U1060
APP018853,2026-06-10 09:32:00,U1046,michelle.torres39,Workday,45,WKSTN-U1046
APP019269,2026-06-10 09:09:00,U1047,sandra.lewis,Zoom,55,WKSTN-U1047
APP013280,2026-06-10 08:59:00,U1032,paul.wright91,Workday,49,WKSTN-U1032
APP034221,2026-06-10 09:20:00,U1084,joshua.taylor,Terminal,22,WKSTN-U1084
APP000547,2026-06-10 08:58:00,U1002,donna.ramirez,QuickBooks,29,WKSTN-U1002	
APP012865,2026-06-10 09:06:00,U1031,john.wright28,Outlook,51,WKSTN-U1031
APP002162,2026-06-10 09:13:00,U1006,george.gonzalez,,55,WKSTN-U1006
APP010661,2026-06-10 09:31:00,U1026,elizabeth.gonzalez,Docker Desktop,64,WKSTN-U1026
APP028871,2026-06-10 09:32:00,U1071,matthew.robinson35,Outlook,63,WKSTN-U1071
APP040732,2026-06-10 08:57:00,U1099,joseph.garcia,PowerPoint,44,WKSTN-U1099
APP024034,2026-06-10 09:05:00,U1059,daniel.perez98,Chrome,59,WKSTN-U1059
APP002158,2026-06-10 09:27:00,U1006,george.gonzalez,Excel,47,WKSTN-U1006
APP011110,2026-06-10 09:11:00,U1027,patricia.brown75,Docker Desktop,42,WKSTN-U1027
APP007522,2026-06-10 09:09:00,U1019,donna.anderson,Git,60,  WKSTN-U1019 
APP003305,2026-06-10 09:06:00,U1009,daniel.brown,Excel,83,WKSTN-U1009
APP014059,2026-06-10 09:25:00,U1034,thomas.allen63,Outlook,23,WKSTN-U1034
APP041114,2026-06-10 09:03:00,U1100,daniel.brown38,CHROME,81,WKSTN-U1100
APP039955,2026-06-10 08:57:00,U1097,mark.martinez10,,26,WKSTN-U1097
APP036484,2026-06-10 09:08:00,U1089,paul.brown27,chrome,86,WKSTN-U1089
APP026032,2026-06-10 09:06:00,U1064,matthew.wright55,Outlook,74,WKSTN-U1064
APP026035,2026-06-10 09:11:00,U1064,matthew.wright55,DocuSign,40,WKSTN-U1064
APP035130,2026-06-10 09:37:00,U1086,steven.thompson53,PuTTY,86,WKSTN-U1086
APP000549,2026-06-10 09:53:00,U1002,donna.ramirez,Outlook,21,WKSTN-U1002
APP013680,2026-06-10 09:52:00,U1033,linda.miller,Outlook,5,WKSTN-U1033
APP013682,2026-06-10 09:44:00,U1033,linda.miller	,Excel,88,WKSTN-U1033
APP006117,2026-06-10 10:09:00,U1016,,VSCode,34,WKSTN-U1016
APP027616,2026-06-10 09:45:00,U1068,susan.thompson34,DocuSign,25,WKSTN-U1068
APP034223,2026-06-10 09:50:00,U1084,JOSHUA.TAYLOR,PuTTY,65,WKSTN-U1084
APP014060,2026-06-10 09:56:00,U1034,thomas.allen63,excel,28,WKSTN-U1034
APP015665,2026-06-10 09:59:00,U1038,emily.clark,Outlook,,WKSTN-U1038
APP028032,2026-06-10 09:44:00,U1069,jessica.clark,DocuSign,87,WKSTN-U1069
APP028030,2026-06-10 09:39:00,U1069,jessica.clark,Outlook,14,WKSTN-U1069
APP035564,2026-06-10 09:54:00,U1087,charles.sanchez,Terminal,63,WKSTN-U1087
APP020843,2026-06-10 09:59:00,U1051,sandra.king72,Outlook,76,WKSTN-U1051
APP021234,2026-06-10 09:51:00,U1052,paul.taylor,Excel,5,WKSTN-U1052
APP036485,2026-06-10 09:42:00,U1089,paul.brown27,Active Directory Console,51,WKSTN-U1089
APP026034,2026-06-10 09:35:00,U1064,matthew.wright55,Outlook,20,WKSTN-U1064
APP000137,2026-06-10 09:44:00,U1001,linda.johnson95,QuickBooks,14,WKSTN-U1001	
APP002161,2026-06-10 09:42:00,U1006,george.gonzalez,QuickBooks,7,WKSTN-U1006
APP013679,2026-06-10 09:43:00,U1033,linda.miller,Excel,36,WKSTN-U1033
APP023623,2026-06-10 09:58:00,U1058,jennifer.ramirez18,Salesforce,,WKSTN-U1058
APP010216,2026-06-10 10:11:00,U1025,betty.brown22,Chrome,43,WKSTN-U1025
APP016454,2026-06-10 09:35:00,U1040,matthew.martin,Excel,85,WKSTN-U1040
APP026033,2026-06-10 09:59:00,U1064,matthew.wright55,Word,50,WKSTN-U1064
APP015255,2026-06-10 10:11:00,U1037,robert.martin,CHROME,19,WKSTN-U1037
APP010214,2026-06-10 09:38:00,U1025,betty.brown22,Slack,90,WKSTN-U1025
APP024035,2026-06-10 10:29:00,U1059,daniel.perez98,Zoom,64,WKSTN-U1059
APP020039,2026-06-10 10:36:00,U1049,michelle.jones59,Chrome,27,WKSTN-U1049
APP021235,2026-06-10 10:40:00,U1052,paul.taylor,Chrome,16,WKSTN-U1052
APP030463,2026-06-10 10:19:00,U1075,steven.lewis,Chrome,37,WKSTN-U1075
APP007521,2026-06-10 10:24:00,U1019,donna.anderson,Jenkins,62,WKSTN-U1019
APP033777,2026-06-10 10:43:00,U1083,sarah.allen70,WIRESHARK,65,WKSTN-U1083
APP036944,2026-06-10 10:27:00,U1090,mary.hill,Slack,38,
APP014853,2026-06-10 10:17:00,U1036,linda.jones,Excel,34,WKSTN-U1036
APP037841,2026-06-10 10:39:00,U1092,steven.thomas,Chrome,71,WKSTN-U1092
APP039537,2026-06-10 10:30:00,U1096,david.allen76,Outlook,88,WKSTN-U1096
APP004878,2026-06-10 10:12:00,U1013,emily.smith,,75,WKSTN-U1013
APP006119,2026-06-10 10:43:00,U1016,patricia.thomas,Slack,3,WKSTN-U1016
APP005303,2026-06-10 10:16:00,U1014,james.taylor,QuickBooks,26,WKSTN-U1014
APP000139,2026-06-10 10:40:00,U1001,linda.johnson95,SAP,38,WKSTN-U1001
APP021233,2026-06-10 10:16:00,U1052,paul.taylor,Excel	,5,WKSTN-U1052
APP020842,2026-06-10 10:29:00,U1051,  sandra.king72 ,Outlook,72,WKSTN-U1051
APP004458,2026-06-10 10:36:00,U1012,linda.martinez,Excel,15,WKSTN-U1012
APP030057,2026-06-10 10:27:00,U1074,sarah.williams7,DocuSign,5,WKSTN-U1074
APP020036,2026-06-10 10:14:00,U1049,MICHELLE.JONES59,,51,WKSTN-U1049
APP020429,2026-06-10 10:20:00,U1050,michael.ramirez,Chrome,52,WKSTN-U1050
APP038279,2026-06-10 10:24:00,U1093,sarah.clark44,Active Directory Console,53,WKSTN-U1093
APP009763,2026-06-10 10:22:00,U1024,emily.miller,Slack,85,WKSTN-U1024
APP012004,2026-06-10 10:41:00,U1029,michelle.garcia54,Git,3,WKSTN-U1029
APP010663,2026-06-10 10:31:00,U1026,elizabeth.gonzalez,Jenkins,57,WKSTN-U1026
APP023239,2026-06-10 10:32:00,U1057,nancy.sanchez,Chrome,90,WKSTN-U1057
APP032048,2026-06-10 10:50:00,U1079,emily.jones,Slack	,25,WKSTN-U1079
APP025640,2026-06-10 11:08:00,U1063,john.nguyen,Word,47,WKSTN-U1063
APP015663,2026-06-10 10:54:00,U1038,emily.clark,,23,WKSTN-U1038
APP014061,2026-06-10 11:24:00,U1034,thomas.allen63,Chrome,79,WKSTN-U1034
APP017655,2026-06-10 10:52:00,U1043,thomas.williams91,workday,5,WKSTN-U1043
APP021620,2026-06-10 10:53:00,U1053,john.jackson31,Excel,31,WKSTN-U1053
APP025639,2026-06-10 11:27:00,U1063,john.nguyen,Outlook,76,WKSTN-U1063
APP024827,2026-06-10 11:22:00,U1061,jessica.rodriguez,CHROME,83,  WKSTN-U1061 
APP007959,2026-06-10 10:44:00,U1020,andrew.thomas36,Slack,77,WKSTN-U1020
APP033336,2026-06-10 10:44:00,U1082,karen.hill96,PuTTY,53,WKSTN-U1082
APP006586,2026-06-10 10:44:00,U1017,emily.hernandez34,Jenkins,6,WKSTN-U1017
APP035129,2026-06-10 10:53:00,U1086,steven.thompson53,Terminal,89,WKSTN-U1086
APP009320,2026-06-10 10:52:00,U1023,richard.wright,Jenkins,85,WKSTN-U1023
APP038278,2026-06-10 11:00:00,U1093,sarah.clark44,Wireshark,9,WKSTN-U1093
APP022838,2026-06-10 10:59:00,U1056,anthony.clark,Chrome,58,WKSTN-U1056
APP007523,2026-06-10 10:52:00,U1019,donna.anderson,  Docker Desktop ,62,WKSTN-U1019
APP026858,2026-06-10 11:06:00,U1066,michelle.wright62,Outlook,10,  WKSTN-U1066 
APP008400,2026-06-10 11:06:00,U1021,jessica.walker,Git	,87,WKSTN-U1021
APP002160,2026-06-10 11:08:00,U1006,george.gonzalez,Excel,16,WKSTN-U1006
APP009761,2026-06-10 10:44:00,U1024,emily.miller,Jenkins,13,WKSTN-U1024
APP011109,2026-06-10 11:00:00,U1027,patricia.brown75,Git,38,WKSTN-U1027
APP003307,2026-06-10 11:11:00,U1009,daniel.brown,Chrome,65,WKSTN-U1009
APP003306,2026-06-10 10:54:00,U1009,daniel.brown,QuickBooks,12,WKSTN-U1009
APP002927,2026-06-10 10:49:00,U1008,joshua.hernandez,Chrome,67,WKSTN-U1008
APP019673,2026-06-10 11:12:00,U1048,jennifer.thomas87,Salesforce,54,WKSTN-U1048
APP030464,2026-06-10 12:00:00,U1075,steven.lewis,Word,60,
APP010664,2026-06-10 11:43:00,U1026,elizabeth.gonzalez,Jenkins,2,WKSTN-U1026
APP022836,2026-06-10 11:30:00,U1056,anthony.clark	,Excel,82,WKSTN-U1056
APP027250,2026-06-10 11:59:00,U1067,paul.thomas97,Outlook,31,WKSTN-U1067
APP025636,2026-06-10 11:54:00,U1063,john.nguyen,Word,79,WKSTN-U1063
APP037843,2026-06-10 11:51:00,U1092,  steven.thomas ,Chrome,62,WKSTN-U1092
APP033335,2026-06-10 11:32:00,U1082,KAREN.HILL96,Slack,48,WKSTN-U1082
APP016852,2026-06-10 11:32:00,U1041,matthew.allen52,Workday,41,WKSTN-U1041
APP032901,2026-06-10 11:52:00,U1081,margaret.davis,Slack,19,WKSTN-U1081
APP038718,2026-06-10 12:00:00,U1094,elizabeth.lewis69,Active Directory Console,40,WKSTN-U1094
APP037842,2026-06-10 11:56:00,U1092,steven.thomas,Wireshark,23,WKSTN-U1092
APP039538,2026-06-10 11:27:00,U1096,david.allen76,,38,WKSTN-U1096
APP010662,2026-06-10 11:54:00,U1026,elizabeth.gonzalez,Docker Desktop,88,WKSTN-U1026
APP002550,2026-06-10 11:34:00,U1007,sarah.robinson82,SAP,59,WKSTN-U1007
APP007525,2026-06-10 11:57:00,U1019,donna.anderson,Docker Desktop,36,WKSTN-U1019
APP016851,2026-06-10 11:59:00,U1041,matthew.allen52,Chrome,23,WKSTN-U1041
APP040736,2026-06-10 11:30:00,U1099,joseph.garcia,Excel,45,WKSTN-U1099
APP013283,2026-06-10 11:56:00,U1032,paul.wright91,Chrome,2,WKSTN-U1032
APP018431,2026-06-10 11:59:00,U1045,  daniel.sanchez90 ,Outlook,35,WKSTN-U1045
APP011576,2026-06-10 12:00:00,U1028,john.hill,Docker Desktop,61,WKSTN-U1028
APP023238,2026-06-10 11:39:00,U1057,nancy.sanchez,Chrome,11,WKSTN-U1057
APP026860,2026-06-10 11:56:00,U1066,michelle.wright62,Chrome,51,WKSTN-U1066
APP011108,2026-06-10 11:33:00,U1027,PATRICIA.BROWN75,,50,WKSTN-U1027
APP014465,2026-06-10 11:44:00,U1035,nancy.rodriguez82,Chrome,78,WKSTN-U1035
APP034686,2026-06-10 11:53:00,U1085,barbara.walker67,Chrome,24,WKSTN-U1085
APP022835,2026-06-10 12:29:00,U1056,anthony.clark,  Excel ,47,WKSTN-U1056
APP039956,2026-06-10 12:12:00,U1097,mark.martinez10,PowerPoint,34,WKSTN-U1097
APP027615,2026-06-10 12:06:00,U1068,susan.thompson34,Word,53,WKSTN-U1068
APP023624,2026-06-10 12:40:00,U1058,jennifer.ramirez18,Excel,32,WKSTN-U1058
APP002551,2026-06-10 12:03:00,U1007,sarah.robinson82,Excel,83,WKSTN-U1007
APP020038,2026-06-10 12:08:00,U1049,michelle.jones59,Zoom,27,WKSTN-U1049
APP033776,2026-06-10 12:24:00,U1083,sarah.allen70,Chrome,14,WKSTN-U1083
APP024032,2026-06-10 12:11:00,U1059,daniel.perez98,  Chrome ,56,WKSTN-U1059
APP022458,2026-06-10 12:25:00,U1055,patricia.wilson54,Chrome,46,WKSTN-U1055
APP038721,2026-06-10 12:23:00,U1094,elizabeth.lewis69,PuTTY,,WKSTN-U1094
APP011111,2026-06-10 12:28:00,U1027,patricia.brown75,Git,11,WKSTN-U1027	
APP031234,2026-06-10 12:12:00,U1077,kimberly.harris58,Chrome,42,WKSTN-U1077
APP027249,2026-06-10 12:04:00,U1067,paul.thomas97,Chrome,2,WKSTN-U1067
APP032047,2026-06-10 12:17:00,U1079,emily.jones,Terminal,58,WKSTN-U1079
APP036060,2026-06-10 12:05:00,U1088,andrew.smith85,Active Directory Console,12,WKSTN-U1088
APP004066,2026-06-10 12:05:00,U1011,donna.ramirez75,Chrome,44,WKSTN-U1011
APP007957,2026-06-10 12:06:00,U1020,andrew.thomas36,Chrome,7,WKSTN-U1020
APP034684,2026-06-10 12:38:00,U1085,barbara.walker67,PuTTY,45,WKSTN-U1085
APP024433,2026-06-10 12:03:00,U1060,matthew.anderson,Zoom,2,WKSTN-U1060
APP022837,2026-06-10 12:14:00,U1056,anthony.clark,Salesforce,30,WKSTN-U1056
APP032900,2026-06-10 12:40:00,U1081,margaret.davis,  Terminal ,53,WKSTN-U1081
APP024430,2026-06-10 12:17:00,U1060,matthew.anderson,Salesforce,39,WKSTN-U1060
APP003710,2026-06-10 12:08:00,U1010,susan.young51,Chrome,60,WKSTN-U1010
APP029265,2026-06-10 12:16:00,U1072,kenneth.lopez,Word,84,WKSTN-U1072
APP035565,2026-06-10 12:14:00,U1087,CHARLES.SANCHEZ,Wireshark,84,WKSTN-U1087
APP011577,2026-06-10 12:59:00,U1028,john.hill,,84,WKSTN-U1028
APP023626,2026-06-10 12:47:00,U1058,jennifer.ramirez18,,52,WKSTN-U1058
APP016055,2026-06-10 12:44:00,U1039,mark.thomas,Outlook,22,WKSTN-U1039
APP020037,2026-06-10 12:52:00,U1049,michelle.jones59,Salesforce,40,WKSTN-U1049
APP018044,2026-06-10 12:56:00,U1044,lisa.ramirez9,Outlook,55,WKSTN-U1044
APP026856,2026-06-10 12:53:00,U1066,michelle.wright62,Outlook,,WKSTN-U1066
APP023241,2026-06-10 12:41:00,U1057,nancy.sanchez,Outlook,65,WKSTN-U1057
APP016849,2026-06-10 12:53:00,U1041,matthew.allen52,Excel,46,WKSTN-U1041
APP027614,2026-06-10 12:57:00,U1068,susan.thompson34,Outlook,53,WKSTN-U1068
APP037840,2026-06-10 13:01:00,U1092,steven.thomas,Chrome,15,WKSTN-U1092
APP000551,2026-06-10 12:45:00,U1002,donna.ramirez,Excel,84,WKSTN-U1002
APP005702,2026-06-10 12:56:00,U1015,lisa.hernandez,QuickBooks,30,WKSTN-U1015
APP012003,2026-06-10 13:00:00,U1029,michelle.garcia54,Git,70,WKSTN-U1029
APP018045,2026-06-10 13:01:00,U1044,lisa.ramirez9,Chrome,36,WKSTN-U1044
APP040347,2026-06-10 12:47:00,U1098,nancy.wright49,Zoom,48,WKSTN-U1098
APP007961,2026-06-10 12:54:00,U1020,andrew.thomas36,Jenkins,24,WKSTN-U1020
APP009762,2026-06-10 12:45:00,U1024,emily.miller,Docker Desktop,40,WKSTN-U1024
APP030855,2026-06-10 12:59:00,U1076,john.torres,DocuSign,40,WKSTN-U1076
APP039959,2026-06-10 12:49:00,U1097,mark.martinez10,Excel,67,WKSTN-U1097
APP034219,2026-06-10 12:59:00,U1084,joshua.taylor,Terminal,38,WKSTN-U1084
APP028873,2026-06-10 12:44:00,U1071,matthew.robinson35,Outlook,61,WKSTN-U1071
APP041113,2026-06-10 12:41:00,U1100,daniel.brown38,Chrome,28,WKSTN-U1100
APP001366,2026-06-10 12:42:00,U1004,elizabeth.wilson98,sap,82,WKSTN-U1004
APP035131,2026-06-10 12:44:00,U1086,steven.thompson53,Slack,52,WKSTN-U1086
APP026428,2026-06-10 13:02:00,U1065,michael.ramirez47,DocuSign,79,WKSTN-U1065
APP013281,2026-06-10 13:24:00,U1032,paul.wright91,Workday	,42,WKSTN-U1032
APP039135,2026-06-10 13:21:00,U1095,richard.thomas74,Chrome,82,WKSTN-U1095
APP015254,2026-06-10 13:36:00,U1037,robert.martin,Workday,60,WKSTN-U1037
APP035128,2026-06-10 13:12:00,U1086,steven.thompson53,Terminal	,43,WKSTN-U1086
APP033333,2026-06-10 13:22:00,U1082,karen.hill96,PuTTY,3,WKSTN-U1082
APP000959,2026-06-10 13:25:00,U1003,kenneth.clark29,Outlook,19,WKSTN-U1003
APP036486,2026-06-10 13:15:00,U1089,paul.brown27,Active Directory Console,11,WKSTN-U1089
APP028031,2026-06-10 13:22:00,U1069,jessica.clark,Chrome,80,WKSTN-U1069
APP035567,2026-06-10 13:27:00,U1087,charles.sanchez,Active Directory Console,64,WKSTN-U1087
APP025242,2026-06-10 13:28:00,U1062,william.martin,Chrome,48,WKSTN-U1062	
APP019672,2026-06-10 13:39:00,U1048,jennifer.thomas87,Outlook,31,WKSTN-U1048
APP029654,2026-06-10 13:27:00,U1073,,DocuSign,19,WKSTN-U1073
APP031637,2026-06-10 13:36:00,U1078,michelle.miller,Outlook,31,WKSTN-U1078
APP016453,2026-06-10 13:17:00,U1040,matthew.martin,Excel,89,WKSTN-U1040
APP022040,2026-06-10 13:34:00,U1054,anthony.martinez,Chrome,34,WKSTN-U1054
APP016054,2026-06-10 13:11:00,U1039,mark.thomas,Workday,45,WKSTN-U1039
APP003708,2026-06-10 13:22:00,U1010,susan.young51,SAP,60,WKSTN-U1010
APP026429,2026-06-10 13:08:00,U1065,michael.ramirez47,Outlook,46,WKSTN-U1065
APP008865,2026-06-10 13:18:00,U1022,sandra.brown,Jenkins,75,WKSTN-U1022
APP017657,2026-06-10 13:05:00,U1043,thomas.williams91,Workday,89,WKSTN-U1043
APP007057,2026-06-10 13:32:00,U1018,betty.white57,Jenkins,49,WKSTN-U1018
APP023622,2026-06-10 13:37:00,U1058,jennifer.ramirez18,Outlook,88,WKSTN-U1058
APP007524,2026-06-10 13:12:00,U1019,  donna.anderson ,Jenkins,8,WKSTN-U1019
APP029263,2026-06-10 13:21:00,U1072,kenneth.lopez,Word,54,WKSTN-U1072
APP028870,2026-06-10 13:22:00,U1071,matthew.robinson35,Word,-29.0,WKSTN-U1071
APP039957,2026-06-10 14:07:00,U1097,mark.martinez10,Outlook	,61,WKSTN-U1097
APP012438,2026-06-10 13:47:00,U1030,betty.rodriguez86,VSCode,87,WKSTN-U1030
APP041115,2026-06-10 14:03:00,U1100,daniel.brown38,PowerPoint,56,WKSTN-U1100
APP007056,2026-06-10 13:43:00,U1018,betty.white57,VSCode,60,WKSTN-U1018
APP030462,2026-06-10 13:55:00,U1075,steven.lewis	,Outlook,44,WKSTN-U1075
APP016456,2026-06-10 13:42:00,U1040,matthew.martin,Outlook,2,WKSTN-U1040
APP025637,2026-06-10 14:04:00,U1063,john.nguyen,DocuSign,79,WKSTN-U1063
APP015667,2026-06-10 13:42:00,U1038,emily.clark,Workday,24,WKSTN-U1038
APP016053,2026-06-10 13:43:00,U1039,mark.thomas,Excel,29,WKSTN-U1039
APP000961,2026-06-10 13:47:00,U1003,kenneth.clark29,Chrome,60,WKSTN-U1003
APP017653,2026-06-10 13:58:00,U1043,thomas.williams91,Outlook,71,WKSTN-U1043
APP030465,2026-06-10 13:44:00,U1075,steven.lewis,DocuSign,86,WKSTN-U1075
APP030461,2026-06-10 14:03:00,U1075,steven.lewis,Chrome,49,WKSTN-U1075
APP008401,2026-06-10 13:46:00,U1021,JESSICA.WALKER,Docker Desktop,4,WKSTN-U1021
APP008399,2026-06-10 13:41:00,U1021,jessica.walker,Jenkins,12,WKSTN-U1021
APP013282,2026-06-10 13:40:00,U1032,paul.wright91,Outlook,44,WKSTN-U1032
APP031235,2026-06-10 13:52:00,U1077,kimberly.harris58,Word,53,WKSTN-U1077
APP018042,2026-06-10 13:50:00,U1044,lisa.ramirez9,Outlook	,29,WKSTN-U1044
APP003304,2026-06-10 13:56:00,U1009,daniel.brown,Outlook,21,WKSTN-U1009
APP002552,2026-06-10 13:43:00,U1007,sarah.robinson82,Chrome,27,WKSTN-U1007
APP002926,2026-06-10 13:50:00,U1008,joshua.hernandez,Chrome,85,WKSTN-U1008
APP023237,2026-06-10 13:54:00,U1057,nancy.sanchez,Excel,,WKSTN-U1057
APP022457,2026-06-10 14:07:00,U1055,patricia.wilson54,Excel,35,WKSTN-U1055
APP014466,2026-06-10 13:49:00,U1035,nancy.rodriguez82,CHROME,28,WKSTN-U1035
APP029264,2026-06-10 14:06:00,U1072,kenneth.lopez,Word,,WKSTN-U1072
APP000962,2026-06-10 14:08:00,U1003,  kenneth.clark29 ,Chrome,57,WKSTN-U1003
APP036943,2026-06-10 14:38:00,U1090,mary.hill,Terminal,68,WKSTN-U1090
APP025239,2026-06-10 14:22:00,U1062,william.martin,Excel,29,WKSTN-U1062
APP011107,2026-06-10 14:20:00,U1027,patricia.brown75,Git,78,WKSTN-U1027
APP006585,2026-06-10 14:26:00,U1017,emily.hernandez34,Slack,,WKSTN-U1017
APP035566,2026-06-10 14:39:00,U1087,charles.sanchez,Active Directory Console,83,WKSTN-U1087
APP024826,2026-06-10 14:08:00,U1061,jessica.rodriguez,Chrome,16,WKSTN-U1061
APP014854,2026-06-10 14:32:00,U1036,linda.jones,Outlook,34,WKSTN-U1036
APP001751,2026-06-10 14:27:00,U1005,robert.robinson,SAP,84,WKSTN-U1005
APP014464,2026-06-10 14:25:00,U1035,nancy.rodriguez82,Workday,69,WKSTN-U1035
APP029655,2026-06-10 14:08:00,U1073,michael.gonzalez,Word,3,WKSTN-U1073	
APP012864,2026-06-10 14:35:00,U1031,john.wright28,Workday,72,WKSTN-U1031
APP001754,2026-06-10 14:35:00,U1005,robert.robinson,SAP,74,
APP037393,2026-06-10 14:11:00,U1091,linda.robinson,Active Directory Console,51,WKSTN-U1091
APP001752,2026-06-10 14:26:00,U1005,robert.robinson,SAP,26,WKSTN-U1005
APP040348,2026-06-10 14:16:00,U1098,  nancy.wright49 ,Excel,56,WKSTN-U1098
APP040734,2026-06-10 14:40:00,U1099,joseph.garcia,Outlook,69,WKSTN-U1099
APP034683,2026-06-10 14:40:00,U1085,barbara.walker67,Active Directory Console,8,WKSTN-U1085
APP006587,2026-06-10 14:09:00,U1017,,Jenkins,80,WKSTN-U1017
APP004879,2026-06-10 14:23:00,U1013,EMILY.SMITH,Excel,22,WKSTN-U1013
APP005701,2026-06-10 14:18:00,U1015,lisa.hernandez,CHROME,13,WKSTN-U1015
APP002159,2026-06-10 14:27:00,U1006,george.gonzalez,Outlook,2,WKSTN-U1006
APP009319,2026-06-10 14:25:00,U1023,richard.wright,Git,83,WKSTN-U1023
APP004067,2026-06-10 14:41:00,U1011,donna.ramirez75,Outlook,74,WKSTN-U1011
APP023240,2026-06-10 14:16:00,U1057,nancy.sanchez,Zoom,77,WKSTN-U1057
APP005304,2026-06-10 14:53:00,U1014,james.taylor,Excel,29,WKSTN-U1014	
APP014463,2026-06-10 14:44:00,U1035,nancy.rodriguez82,Outlook,47,WKSTN-U1035
APP007054,2026-06-10 15:06:00,U1018,betty.white57,Chrome,74,
APP023625,2026-06-10 14:44:00,U1058,jennifer.ramirez18,Zoom,77,WKSTN-U1058
APP000548,2026-06-10 15:15:00,U1002,donna.ramirez,Excel,37,WKSTN-U1002
APP011575,2026-06-10 15:16:00,U1028,john.hill,Jenkins,80,WKSTN-U1028
APP028869,2026-06-10 15:10:00,U1071,matthew.robinson35,Word,32,WKSTN-U1071
APP012440,2026-06-10 14:52:00,U1030,betty.rodriguez86,Git,8,WKSTN-U1030
APP010213,2026-06-10 14:41:00,U1025,betty.brown22,Docker Desktop,N/A,WKSTN-U1025
APP009764,2026-06-10 15:06:00,U1024,emily.miller,Slack,8,
APP015666,2026-06-10 14:47:00,U1038,emily.clark,Outlook,43,WKSTN-U1038
APP017253,2026-06-10 14:50:00,U1042,michael.hill56,Outlook,29,WKSTN-U1042
APP033337,2026-06-10 14:43:00,U1082,karen.hill96,Slack,40,WKSTN-U1082
APP033334,2026-06-10 15:14:00,U1082,karen.hill96,Slack,35,WKSTN-U1082
APP034222,2026-06-10 14:56:00,U1084,,wireshark,47,WKSTN-U1084
APP018043,2026-06-10 14:52:00,U1044,lisa.ramirez9,Workday,77,WKSTN-U1044
APP018852,2026-06-10 14:43:00,U1046,michelle.torres39,Chrome	,38,WKSTN-U1046
APP004457,2026-06-10 15:15:00,U1012,linda.martinez,QuickBooks,48,WKSTN-U1012
APP030056,2026-06-10 15:09:00,U1074,sarah.williams7,Chrome,43,WKSTN-U1074
APP039134,2026-06-10 15:09:00,U1095,richard.thomas74,PowerPoint,12,WKSTN-U1095
APP037844,2026-06-10 14:48:00,U1092,steven.thomas,Active Directory Console,49,WKSTN-U1092
APP012437,2026-06-10 15:13:00,U1030,betty.rodriguez86,Git	,45,WKSTN-U1030	
APP032898,2026-06-10 15:09:00,U1081,margaret.davis,Active Directory Console,20,WKSTN-U1081
APP028446,2026-06-10 14:55:00,U1070,betty.thomas40,Chrome,8,WKSTN-U1070
APP020428,2026-06-10 14:47:00,U1050,michael.ramirez,Excel,53,WKSTN-U1050
APP026426,2026-06-10 15:20:00,U1065,michael.ramirez47,Chrome,71,WKSTN-U1065
APP026427,2026-06-10 15:31:00,U1065,michael.ramirez47,Word,32,WKSTN-U1065
APP021619,2026-06-10 15:42:00,U1053,john.jackson31,ZOOM,74,WKSTN-U1053	
APP031638,2026-06-10 15:29:00,U1078,MICHELLE.MILLER,Word,19,WKSTN-U1078
APP018432,2026-06-10 15:55:00,U1045,daniel.sanchez90,Excel,60,WKSTN-U1045
APP040733,2026-06-10 15:54:00,U1099,joseph.garcia,  Excel ,36,WKSTN-U1099
APP038722,2026-06-10 16:06:00,U1094,elizabeth.lewis69,Terminal,58,WKSTN-U1094
APP033775,2026-06-10 15:29:00,U1083,sarah.allen70,Wireshark,68,WKSTN-U1083
APP034685,2026-06-10 15:25:00,U1085,BARBARA.WALKER67,PuTTY,57,WKSTN-U1085
APP017656,2026-06-10 15:19:00,U1043,thomas.williams91,Chrome,33,WKSTN-U1043
APP033774,2026-06-10 16:06:00,U1083,sarah.allen70,Terminal,14,WKSTN-U1083
APP012439,2026-06-10 15:33:00,U1030,betty.rodriguez86,VSCODE,40,WKSTN-U1030
APP017654,2026-06-10 15:36:00,U1043,thomas.williams91,Excel,64,WKSTN-U1043
APP005305,2026-06-10 15:33:00,U1014,james.taylor,Outlook,25,WKSTN-U1014
APP016850,2026-06-10 15:43:00,U1041,matthew.allen52,Workday,38,WKSTN-U1041
APP022039,2026-06-10 15:29:00,U1054,anthony.martinez,Salesforce,19,WKSTN-U1054
APP018433,2026-06-10 15:41:00,U1045,daniel.sanchez90,Workday,74,WKSTN-U1045
APP001365,2026-06-10 15:29:00,U1004,elizabeth.wilson98,QuickBooks,82,WKSTN-U1004
APP005301,2026-06-10 15:28:00,U1014,james.taylor,Chrome,6,WKSTN-U1014
APP028447,2026-06-10 15:31:00,U1070,betty.thomas40,Chrome,14,WKSTN-U1070
APP017252,2026-06-10 15:24:00,U1042,michael.hill56,Workday,33,WKSTN-U1042
APP032050,2026-06-10 15:51:00,U1079,emily.jones,Active Directory Console,79,WKSTN-U1079
APP024033,2026-06-10 15:24:00,U1059,daniel.perez98,Excel,27,WKSTN-U1059
APP020431,2026-06-10 15:40:00,U1050,michael.ramirez	,Outlook,65,WKSTN-U1050
APP010215,2026-06-10 16:02:00,U1025,betty.brown22,Slack,60,WKSTN-U1025
APP007053,2026-06-10 16:30:00,U1018,betty.white57,Jenkins,12,WKSTN-U1018
APP007958,2026-06-10 16:11:00,U1020,andrew.thomas36,jenkins,,WKSTN-U1020
APP007055,2026-06-10 17:25:00,U1018,betty.white57,VSCode,79,WKSTN-U1018
APP012002,2026-06-10 16:27:00,U1029,michelle.garcia54,Git,73,WKSTN-U1029
APP025241,2026-06-10 16:46:00,U1062,william.martin,Outlook,22,WKSTN-U1062
APP022038,2026-06-10 16:36:00,U1054,anthony.martinez,Chrome,63,WKSTN-U1054
APP030854,2026-06-10 16:20:00,U1076,john.torres	,Chrome,33,WKSTN-U1076
APP035568,2026-06-10 17:07:00,U1087,charles.sanchez,Slack,78,WKSTN-U1087
APP012441,2026-06-10 17:04:00,U1030,betty.rodriguez86,Git,72,
APP000138,2026-06-10 16:39:00,U1001,linda.johnson95,QuickBooks,20,  WKSTN-U1001 
APP001364,2026-06-10 16:12:00,U1004,elizabeth.wilson98,Outlook,25,WKSTN-U1004
APP013279,2026-06-10 16:17:00,U1032,paul.wright91,Excel,45,WKSTN-U1032
APP032049,2026-06-10 17:33:00,U1079,emily.jones,Chrome,20,WKSTN-U1079
APP006584,2026-06-10 16:11:00,U1017,emily.hernandez34,VSCode,57,WKSTN-U1017
APP024031,2026-06-10 16:49:00,U1059,daniel.perez98,Zoom,9,WKSTN-U1059
APP039539,2026-06-10 16:17:00,U1096,david.allen76,Chrome,49,WKSTN-U1096
APP014062,2026-06-10 16:07:00,U1034,thomas.allen63,Outlook,70,WKSTN-U1034
APP004064,2026-06-10 16:22:00,U1011,DONNA.RAMIREZ75,SAP,86,WKSTN-U1011
APP000960,2026-06-10 17:01:00,U1003,kenneth.clark29,Chrome,24,WKSTN-U1003
APP004065,2026-06-10 16:28:00,U1011,donna.ramirez75,QuickBooks,51,WKSTN-U1011
APP015664,2026-06-10 16:26:00,U1038,emily.clark,Excel,39,WKSTN-U1038
APP007960,2026-06-10 16:17:00,U1020,andrew.thomas36,Docker Desktop,N/A,WKSTN-U1020
APP006118,2026-06-10 17:35:00,U1016,patricia.thomas,Chrome,13,WKSTN-U1016
APP010665,2026-06-10 16:17:00,U1026,elizabeth.gonzalez,Git,57,WKSTN-U1026
APP031233,2026-06-10 16:23:00,U1077,kimberly.harris58,Outlook,7,  WKSTN-U1077 
APP012020,2026-06-11 08:29:00,U1029,michelle.garcia54,VSCode,78,  WKSTN-U1029 
APP006609,2026-06-11 08:22:00,U1017,emily.hernandez34,Slack,20,WKSTN-U1017
APP007544,2026-06-11 07:40:00,U1019,donna.anderson,Slack,3,WKSTN-U1019
APP021252,2026-06-11 07:10:00,U1052,paul.taylor,Salesforce,67,WKSTN-U1052
APP026445,2026-06-11 07:28:00,U1065,michael.ramirez47,WORD,59,WKSTN-U1065
APP007982,2026-06-11 08:01:00,U1020,andrew.thomas36,GIT,61,WKSTN-U1020
APP001753,2026-06-10 17:49:00,U1005,robert.robinson,Chrome,71,WKSTN-U1005
APP039978,2026-06-11 08:08:00,U1097,mark.martinez10,Zoom	,11,WKSTN-U1097
APP013699,2026-06-11 07:33:00,U1033,linda.miller,Workday,10,WKSTN-U1033
APP003709,2026-06-10 17:53:00,U1010,susan.young51,Chrome,72,WKSTN-U1010
APP003326,2026-06-11 07:53:00,U1009,daniel.brown,Excel,75,WKSTN-U1009
APP014079,2026-06-11 07:52:00,U1034,thomas.allen63,Chrome,27,WKSTN-U1034
APP021641,2026-06-11 08:33:00,U1053,john.jackson31,Outlook,57,WKSTN-U1053
APP031655,2026-06-11 08:23:00,U1078,michelle.miller,Word,59,WKSTN-U1078
APP018456,2026-06-11 08:38:00,U1045,daniel.sanchez90,Outlook,66,WKSTN-U1045
APP037863,2026-06-11 08:36:00,U1092,steven.thomas,Wireshark,35,WKSTN-U1092
APP003325,2026-06-11 07:58:00,U1009,daniel.brown,Excel,49,WKSTN-U1009
APP021638,2026-06-11 08:15:00,U1053,john.jackson31,outlook,12,WKSTN-U1053
APP040753,2026-06-11 07:36:00,U1099,JOSEPH.GARCIA,Chrome,7,WKSTN-U1099
APP015269,2026-06-11 07:13:00,U1037,robert.martin,Excel,31,WKSTN-U1037
APP026447,2026-06-11 08:00:00,U1065,michael.ramirez47,Word,23,WKSTN-U1065
APP025240,2026-06-10 17:40:00,U1062,william.martin,Salesforce,75,WKSTN-U1062
APP028887,2026-06-11 08:06:00,U1071,matthew.robinson35,Outlook,41,WKSTN-U1071
APP017266,2026-06-11 07:27:00,U1042,michael.hill56,Workday,64,WKSTN-U1042
APP027635,2026-06-11 08:38:00,U1068,susan.thompson34,Word,39,WKSTN-U1068
APP031652,2026-06-11 09:02:00,U1078,michelle.miller,Chrome,49,WKSTN-U1078
APP000154,2026-06-11 09:18:00,U1001,linda.johnson95,Excel,10,WKSTN-U1001
APP011132,2026-06-11 08:57:00,U1027,patricia.brown75,VSCode,55,WKSTN-U1027
APP018062,2026-06-11 09:00:00,U1044,,Workday,53,WKSTN-U1044
APP032925,2026-06-11 09:05:00,U1081,margaret.davis,Slack,59,WKSTN-U1081
APP000983,2026-06-11 08:56:00,U1003,kenneth.clark29,Chrome,62,WKSTN-U1003
APP001382,2026-06-11 09:06:00,U1004,elizabeth.wilson98,Outlook	,24,WKSTN-U1004
APP028051,2026-06-11 09:01:00,U1069,jessica.clark,  Outlook ,8,WKSTN-U1069
APP030073,2026-06-11 08:58:00,U1074,sarah.williams7,Chrome,47,WKSTN-U1074
APP024844,2026-06-11 09:03:00,U1061,jessica.rodriguez,Excel,86,
APP012877,2026-06-11 09:06:00,U1031,john.wright28,Workday,41,WKSTN-U1031
APP002176,2026-06-11 08:59:00,U1006,george.gonzalez,QuickBooks,26,  WKSTN-U1006 
APP037865,2026-06-11 09:10:00,U1092,steven.thomas,Slack,72,WKSTN-U1092
APP017267,2026-06-11 08:46:00,U1042,michael.hill56,Chrome,3,WKSTN-U1042
APP032927,2026-06-11 09:12:00,U1081,margaret.davis,Terminal,26,WKSTN-U1081
APP017268,2026-06-11 09:02:00,U1042,michael.hill56,Chrome,65,WKSTN-U1042
APP037867,2026-06-11 09:20:00,U1092,steven.thomas,PuTTY,59,WKSTN-U1092
APP002178,2026-06-11 08:49:00,U1006,george.gonzalez,Chrome,27,WKSTN-U1006
APP005323,2026-06-11 08:45:00,U1014,james.taylor,SAP,49,WKSTN-U1014
APP000982,2026-06-11 08:48:00,U1003,kenneth.clark29,QuickBooks,52,WKSTN-U1003
APP036964,2026-06-11 08:48:00,U1090,mary.hill,Wireshark,14,WKSTN-U1090
APP012022,2026-06-11 08:55:00,U1029,michelle.garcia54,Jenkins,19,WKSTN-U1029
APP017673,2026-06-11 08:50:00,U1043,thomas.williams91,Outlook,86,WKSTN-U1043
APP026872,2026-06-11 08:54:00,U1066,,Outlook,86,WKSTN-U1066
APP007076,2026-06-11 08:51:00,U1018,betty.white57,Docker Desktop,8,WKSTN-U1018
APP031653,2026-06-11 09:21:00,U1078,michelle.miller,Outlook,56,WKSTN-U1078
APP030484,2026-06-11 09:56:00,U1075,,DocuSign,67,WKSTN-U1075
APP036507,2026-06-11 10:01:00,U1089,paul.brown27,Chrome,86,  WKSTN-U1089 
APP004897,2026-06-11 09:57:00,U1013,emily.smith,SAP,38,WKSTN-U1013
APP022056,2026-06-11 09:46:00,U1054,,Zoom,49,WKSTN-U1054
APP016469,2026-06-11 09:22:00,U1040,matthew.martin,Workday,5,WKSTN-U1040
APP007983,2026-06-11 09:22:00,U1020,andrew.thomas36,Docker Desktop,83,WKSTN-U1020
APP033796,2026-06-11 09:21:00,U1083,sarah.allen70,Slack,79,WKSTN-U1083
APP039975,2026-06-11 09:37:00,U1097,mark.martinez10,Chrome,59,WKSTN-U1097
APP019286,2026-06-11 09:27:00,U1047,sandra.lewis,Salesforce,81,WKSTN-U1047
APP001772,2026-06-11 09:21:00,U1005,robert.robinson,Excel,73,WKSTN-U1005
APP038296,2026-06-11 09:51:00,U1093,sarah.clark44,Terminal,23,WKSTN-U1093
APP011133,2026-06-11 09:29:00,U1027,,Git,69,WKSTN-U1027
APP004896,2026-06-11 09:33:00,U1013,emily.smith,QuickBooks,90,WKSTN-U1013
APP012021,2026-06-11 09:36:00,U1029,michelle.garcia54,GIT,26,WKSTN-U1029
APP015270,2026-06-11 10:02:00,U1037,robert.martin,Workday,64,WKSTN-U1037
APP002179,2026-06-11 09:26:00,U1006,GEORGE.GONZALEZ,SAP,50,WKSTN-U1006
APP000984,2026-06-11 09:52:00,U1003,kenneth.clark29,Excel,34,WKSTN-U1003
APP037413,2026-06-11 09:20:00,U1091,linda.robinson,Terminal,25,WKSTN-U1091	
APP030869,2026-06-11 09:48:00,U1076,john.torres,Chrome,18,WKSTN-U1076
APP033797,2026-06-11 09:38:00,U1083,sarah.allen70,Slack,60,WKSTN-U1083
APP036509,2026-06-11 09:33:00,U1089,paul.brown27,PuTTY,49,WKSTN-U1089
APP022059,2026-06-11 09:56:00,U1054,anthony.martinez,Excel,10,WKSTN-U1054
APP029284,2026-06-11 09:24:00,U1072,kenneth.lopez,Word,31,WKSTN-U1072
APP019285,2026-06-11 09:29:00,U1047,sandra.lewis,Zoom,25,WKSTN-U1047
APP013298,2026-06-11 10:06:00,U1032,paul.wright91,Excel,73,WKSTN-U1032
APP018061,2026-06-11 10:28:00,U1044,lisa.ramirez9,Workday,31,WKSTN-U1044
APP029285,2026-06-11 10:25:00,U1072,kenneth.lopez,Chrome,57,WKSTN-U1072
APP039151,2026-06-11 10:24:00,U1095,richard.thomas74,Excel,5,WKSTN-U1095
APP006136,2026-06-11 10:27:00,U1016,,Chrome,73,WKSTN-U1016
APP002939,2026-06-11 10:21:00,U1008,joshua.hernandez,Outlook,67,WKSTN-U1008
APP022475,2026-06-11 10:17:00,U1055,patricia.wilson54,Zoom,31,WKSTN-U1055
APP018873,2026-06-11 10:03:00,U1046,michelle.torres39,Outlook,89,WKSTN-U1046
APP013300,2026-06-11 10:25:00,U1032,paul.wright91,Outlook,82,WKSTN-U1032
APP015271,2026-06-11 10:21:00,U1037,robert.martin,Outlook,12,WKSTN-U1037
APP026875,2026-06-11 10:16:00,U1066,michelle.wright62,Chrome,72,WKSTN-U1066
APP005718,2026-06-11 10:07:00,U1015,lisa.hernandez,  Outlook ,25,WKSTN-U1015
APP010235,2026-06-11 10:14:00,U1025,betty.brown22,Jenkins,67,WKSTN-U1025
APP004895,2026-06-11 10:03:00,U1013,emily.smith,Excel,25,WKSTN-U1013
APP013698,2026-06-11 10:12:00,U1033,linda.miller,Chrome,8,WKSTN-U1033	
APP028052,2026-06-11 10:22:00,U1069,jessica.clark,Chrome	,48,WKSTN-U1069
APP018875,2026-06-11 10:25:00,U1046,michelle.torres39,Excel,77,WKSTN-U1046
APP030075,2026-06-11 10:10:00,U1074,sarah.williams7,WORD,85,WKSTN-U1074
APP018457,2026-06-11 10:24:00,U1045,daniel.sanchez90,Workday,49,WKSTN-U1045
APP018459,2026-06-11 10:18:00,U1045,daniel.sanchez90,Workday,74,WKSTN-U1045
APP005322,2026-06-11 10:11:00,U1014,james.taylor,Excel,7,WKSTN-U1014
APP029671,2026-06-11 10:19:00,U1073,michael.gonzalez,DocuSign,56,WKSTN-U1073
APP007074,2026-06-11 10:12:00,U1018,betty.white57,Jenkins,77,WKSTN-U1018
APP020856,2026-06-11 10:05:00,U1051,sandra.king72,Excel,25,WKSTN-U1051
APP037864,2026-06-11 10:18:00,U1092,steven.thomas,Chrome,64,WKSTN-U1092
APP011593,2026-06-11 10:53:00,U1028,  john.hill ,Git,22,WKSTN-U1028
APP037866,2026-06-11 10:44:00,U1092,steven.thomas,Chrome,26,WKSTN-U1092
APP035157,2026-06-11 10:39:00,U1086,steven.thompson53,Wireshark,48,WKSTN-U1086
APP032923,2026-06-11 10:37:00,U1081,margaret.davis,Wireshark,53,WKSTN-U1081
APP038295,2026-06-11 10:44:00,U1093,sarah.clark44,Chrome,66,WKSTN-U1093
APP036965,2026-06-11 10:32:00,U1090,mary.hill,Chrome,45,WKSTN-U1090
APP014081,2026-06-11 10:55:00,U1034,thomas.allen63,Workday,57,WKSTN-U1034
APP002564,2026-06-11 10:34:00,U1007,sarah.robinson82,quickbooks,10,WKSTN-U1007
APP009337,2026-06-11 10:40:00,U1023,richard.wright,Git,64,WKSTN-U1023
APP007546,2026-06-11 10:32:00,U1019,,VSCode,5,WKSTN-U1019
APP025662,2026-06-11 10:45:00,U1063,john.nguyen,Outlook,59,
APP014869,2026-06-11 10:39:00,U1036,linda.jones,Chrome,74,WKSTN-U1036
APP004898,2026-06-11 10:48:00,U1013,emily.smith,Chrome,34,WKSTN-U1013	
APP014868,2026-06-11 10:37:00,U1036,linda.jones,Excel,71,WKSTN-U1036
APP041130,2026-06-11 10:42:00,U1100,daniel.brown38,Zoom,77,WKSTN-U1100	
APP018871,2026-06-11 10:46:00,U1046,michelle.torres39,Chrome,65,WKSTN-U1046
APP015268,2026-06-11 10:30:00,U1037,robert.martin,Workday,62,WKSTN-U1037
APP034245,2026-06-11 10:30:00,U1084,joshua.taylor,PuTTY,11,WKSTN-U1084
APP033799,2026-06-11 10:28:00,U1083,sarah.allen70,Slack,63,WKSTN-U1083
APP032924,2026-06-11 10:55:00,U1081,margaret.davis,Slack,6,WKSTN-U1081
APP035584,2026-06-11 10:29:00,U1087,charles.sanchez,Chrome,81,WKSTN-U1087
APP030482,2026-06-11 10:48:00,U1075,steven.lewis,CHROME,53,WKSTN-U1075
APP024445,2026-06-11 10:42:00,U1060,matthew.anderson,Zoom,81,WKSTN-U1060
APP014479,2026-06-11 10:28:00,U1035,nancy.rodriguez82,Outlook,6,WKSTN-U1035
APP014480,2026-06-11 10:48:00,U1035,nancy.rodriguez82,Workday,45,WKSTN-U1035
APP000567,2026-06-11 11:34:00,U1002,donna.ramirez,Chrome,27,WKSTN-U1002
APP000980,2026-06-11 11:30:00,U1003,kenneth.clark29,Outlook,6,WKSTN-U1003
APP039154,2026-06-11 11:18:00,U1095,richard.thomas74,Chrome,62,WKSTN-U1095
APP040754,2026-06-11 11:26:00,U1099,joseph.garcia,PowerPoint,22,WKSTN-U1099
APP007543,2026-06-11 11:25:00,U1019,donna.anderson,Jenkins,68,WKSTN-U1019
APP021637,2026-06-11 11:12:00,U1053,john.jackson31,Outlook,63,WKSTN-U1053
APP022852,2026-06-11 11:13:00,U1056,anthony.clark,Chrome,75,WKSTN-U1056
APP038741,2026-06-11 11:31:00,U1094,elizabeth.lewis69,PuTTY,83,WKSTN-U1094	
APP024845,2026-06-11 11:23:00,U1061,jessica.rodriguez,Excel,32,WKSTN-U1061
APP016873,2026-06-11 10:59:00,U1041,matthew.allen52,Excel,10,WKSTN-U1041
APP016471,2026-06-11 11:30:00,U1040,matthew.martin,Workday,87,
APP007073,2026-06-11 10:57:00,U1018,betty.white57,VSCode,46,
APP000981,2026-06-11 11:09:00,U1003,kenneth.clark29,SAP,20,WKSTN-U1003
APP016470,2026-06-11 11:30:00,U1040,matthew.martin,excel,30,WKSTN-U1040
APP028050,2026-06-11 11:32:00,U1069,jessica.clark,DocuSign,75,
APP008424,2026-06-11 11:02:00,U1021,jessica.walker,Jenkins,51,WKSTN-U1021
APP020449,2026-06-11 11:02:00,U1050,michael.ramirez,Salesforce,57,  WKSTN-U1050 
APP021639,2026-06-11 11:30:00,U1053,john.jackson31,Zoom,68,WKSTN-U1053
APP030871,2026-06-11 10:59:00,U1076,john.torres,Chrome,57,WKSTN-U1076
APP005721,2026-06-11 10:58:00,U1015,lisa.hernandez,SAP,19,WKSTN-U1015
APP039976,2026-06-11 11:04:00,U1097,mark.martinez10,PowerPoint,43,WKSTN-U1097
APP005719,2026-06-11 11:07:00,U1015,lisa.hernandez,QuickBooks,75,WKSTN-U1015
APP023645,2026-06-11 11:07:00,U1058,jennifer.ramirez18,Outlook,38,WKSTN-U1058
APP017674,2026-06-11 11:34:00,U1043,thomas.williams91,Chrome,7,WKSTN-U1043
APP040365,2026-06-11 11:24:00,U1098,nancy.wright49,PowerPoint,2,WKSTN-U1098
APP027260,2026-06-11 11:59:00,U1067,paul.thomas97,Outlook,12,WKSTN-U1067
APP040752,2026-06-11 11:36:00,U1099,joseph.garcia,Excel,25,WKSTN-U1099
APP038742,2026-06-11 11:41:00,U1094,elizabeth.lewis69,Terminal,15,WKSTN-U1094
APP035583,2026-06-11 11:59:00,U1087,,CHROME,3,WKSTN-U1087	
APP017672,2026-06-11 11:59:00,U1043,thomas.williams91,Excel,29,WKSTN-U1043
APP011134,2026-06-11 12:05:00,U1027,patricia.brown75,Jenkins,36,WKSTN-U1027
APP007072,2026-06-11 11:52:00,U1018,betty.white57,Docker Desktop,32,WKSTN-U1018
APP024446,2026-06-11 11:39:00,U1060,matthew.anderson,Chrome,72,WKSTN-U1060
APP025661,2026-06-11 11:40:00,U1063,john.nguyen,Outlook,36,WKSTN-U1063
APP028888,2026-06-11 11:56:00,U1071,matthew.robinson35,Chrome,86,WKSTN-U1071
APP037412,2026-06-11 12:06:00,U1091,linda.robinson,Wireshark,55,WKSTN-U1091
APP033356,2026-06-11 11:58:00,U1082,karen.hill96,Wireshark,59,WKSTN-U1082
APP021640,2026-06-11 12:03:00,U1053,john.jackson31,  Salesforce ,74,WKSTN-U1053
APP028466,2026-06-11 11:40:00,U1070,betty.thomas40,Outlook,53,WKSTN-U1070
APP034246,2026-06-11 11:40:00,U1084,joshua.taylor,Terminal,12,WKSTN-U1084
APP034706,2026-06-11 11:48:00,U1085,barbara.walker67,,82,WKSTN-U1085
APP023646,2026-06-11 11:46:00,U1058,jennifer.ramirez18,Excel,55,WKSTN-U1058
APP023254,2026-06-11 11:57:00,U1057,nancy.sanchez,Excel,72,WKSTN-U1057
APP000153,2026-06-11 11:42:00,U1001,linda.johnson95,Outlook,82,WKSTN-U1001
APP027637,2026-06-11 11:37:00,U1068,susan.thompson34,DocuSign,66,WKSTN-U1068
APP028049,2026-06-11 11:59:00,U1069,jessica.clark,DocuSign,38,WKSTN-U1069
APP033798,2026-06-11 11:52:00,U1083,  sarah.allen70 ,Wireshark,27,WKSTN-U1083
APP012019,2026-06-11 11:44:00,U1029,michelle.garcia54,CHROME,7,WKSTN-U1029
APP028465,2026-06-11 11:43:00,U1070,,DocuSign	,57,WKSTN-U1070
APP027261,2026-06-11 11:56:00,U1067,paul.thomas97,Outlook,56,WKSTN-U1067
APP013700,2026-06-11 12:12:00,U1033,linda.miller,Outlook,2,WKSTN-U1033
APP006605,2026-06-11 12:34:00,U1017,emily.hernandez34,Git,51,WKSTN-U1017
APP009784,2026-06-11 12:17:00,U1024,emily.miller,Jenkins,4,WKSTN-U1024
APP002940,2026-06-11 12:37:00,U1008,joshua.hernandez,Outlook,56,WKSTN-U1008
APP005321,2026-06-11 12:37:00,U1014,james.taylor,SAP,3,WKSTN-U1014
APP034708,2026-06-11 12:36:00,U1085,  barbara.walker67 ,Wireshark,,WKSTN-U1085
APP007075,2026-06-11 12:22:00,U1018,betty.white57,Slack,,WKSTN-U1018
APP032926,2026-06-11 12:10:00,U1081,margaret.davis,Terminal,,WKSTN-U1081
APP027262,2026-06-11 12:33:00,U1067,paul.thomas97,Outlook,7,WKSTN-U1067
APP005720,2026-06-11 12:12:00,U1015,  lisa.hernandez ,SAP,48,WKSTN-U1015
APP016072,2026-06-11 12:39:00,U1039,mark.thomas,Workday,54,WKSTN-U1039
APP002180,2026-06-11 12:08:00,U1006,george.gonzalez,Chrome,41,WKSTN-U1006
APP012878,2026-06-11 12:33:00,U1031,john.wright28	,Outlook,22,WKSTN-U1031
APP026051,2026-06-11 12:21:00,U1064,matthew.wright55,Word,63,WKSTN-U1064
APP025260,2026-06-11 12:14:00,U1062,william.martin,Salesforce,68,WKSTN-U1062
APP012018,2026-06-11 12:38:00,U1029,michelle.garcia54,  Slack ,81,WKSTN-U1029
APP026873,2026-06-11 12:24:00,U1066,michelle.wright62,Chrome,16,WKSTN-U1066
APP010238,2026-06-11 12:31:00,U1025,betty.brown22,Slack,8,WKSTN-U1025
APP010236,2026-06-11 12:18:00,U1025,betty.brown22,Slack,36,WKSTN-U1025
APP020054,2026-06-11 12:38:00,U1049,michelle.jones59,Zoom,88,WKSTN-U1049
APP020448,2026-06-11 12:44:00,U1050,michael.ramirez,Outlook,4,WKSTN-U1050
APP030872,2026-06-11 12:22:00,U1076,john.torres,Word,7,WKSTN-U1076
APP004083,2026-06-11 12:27:00,U1011,donna.ramirez75,SAP,84,WKSTN-U1011
APP001379,2026-06-11 12:16:00,U1004,elizabeth.wilson98,Chrome,49,WKSTN-U1004
APP009338,2026-06-11 12:39:00,U1023,richard.wright,Jenkins,31,WKSTN-U1023
APP003721,2026-06-11 12:44:00,U1010,susan.young51,Chrome,29,WKSTN-U1010
APP008886,2026-06-11 12:45:00,U1022,sandra.brown,Slack,74,WKSTN-U1022
APP014080,2026-06-11 13:08:00,U1034,thomas.allen63,Excel,50,WKSTN-U1034
APP013299,2026-06-11 12:51:00,U1032,paul.wright91,Outlook,71,WKSTN-U1032
APP021253,2026-06-11 12:47:00,U1052,paul.taylor,Excel,76,WKSTN-U1052
APP016472,2026-06-11 12:44:00,U1040,matthew.martin,Excel,22,WKSTN-U1040
APP010681,2026-06-11 12:53:00,U1026,elizabeth.gonzalez,Slack,22,WKSTN-U1026
APP007984,2026-06-11 13:12:00,U1020,andrew.thomas36,Git,23,WKSTN-U1020
APP018874,2026-06-11 12:52:00,U1046,michelle.torres39,Workday,57,WKSTN-U1046
APP039152,2026-06-11 12:47:00,U1095,richard.thomas74,Excel,34,WKSTN-U1095
APP018458,2026-06-11 12:52:00,U1045,daniel.sanchez90,,2,WKSTN-U1045
APP018059,2026-06-11 12:47:00,U1044,lisa.ramirez9,Chrome,5,WKSTN-U1044
APP033355,2026-06-11 12:57:00,U1082,karen.hill96,Slack,10,WKSTN-U1082
APP011592,2026-06-11 13:03:00,U1028,john.hill,Chrome,48,WKSTN-U1028
APP038297,2026-06-11 13:14:00,U1093,sarah.clark44,Chrome,13,WKSTN-U1093
APP026446,2026-06-11 13:17:00,U1065,michael.ramirez47,Chrome,47,WKSTN-U1065
APP003722,2026-06-11 13:03:00,U1010,susan.young51,Chrome,38,WKSTN-U1010
APP009783,2026-06-11 13:02:00,U1024,emily.miller,VSCode,20,WKSTN-U1024
APP001771,2026-06-11 13:13:00,U1005,robert.robinson,  Chrome ,88,WKSTN-U1005
APP029282,2026-06-11 13:04:00,U1072,kenneth.lopez,Outlook,,WKSTN-U1072
APP014871,2026-06-11 13:09:00,U1036,,Chrome,10,WKSTN-U1036
APP035585,2026-06-11 13:08:00,U1087,charles.sanchez,Chrome,79,WKSTN-U1087
APP025261,2026-06-11 12:51:00,U1062,william.martin,Salesforce,84,WKSTN-U1062
APP000566,2026-06-11 13:14:00,U1002,donna.ramirez,Outlook,2,WKSTN-U1002
APP025660,2026-06-11 12:57:00,U1063,john.nguyen,Outlook,15,WKSTN-U1063
APP024846,2026-06-11 13:45:00,U1061,jessica.rodriguez,Excel,86,WKSTN-U1061
APP026448,2026-06-11 13:20:00,U1065,,Word,54,WKSTN-U1065
APP021251,2026-06-11 13:43:00,U1052,paul.taylor,Salesforce,16,WKSTN-U1052
APP022058,2026-06-11 14:08:00,U1054,anthony.martinez,Salesforce,28,WKSTN-U1054
APP000155,2026-06-11 13:51:00,U1001,linda.johnson95,Outlook,6,WKSTN-U1001
APP036511,2026-06-11 14:08:00,U1089,paul.brown27,Active Directory Console	,62,WKSTN-U1089
APP004476,2026-06-11 13:25:00,U1012,linda.martinez,QuickBooks,31,WKSTN-U1012
APP020053,2026-06-11 14:02:00,U1049,michelle.jones59,Zoom,24,WKSTN-U1049
APP026876,2026-06-11 13:37:00,U1066,michelle.wright62,Outlook,30,WKSTN-U1066
APP035154,2026-06-11 13:35:00,U1086,steven.thompson53,Slack,28,WKSTN-U1086
APP036966,2026-06-11 14:03:00,U1090,mary.hill,PuTTY,63,WKSTN-U1090
APP027634,2026-06-11 14:04:00,U1068,susan.thompson34,Chrome,14,WKSTN-U1068
APP015682,2026-06-11 13:45:00,U1038,emily.clark,Excel,72,WKSTN-U1038
APP014870,2026-06-11 13:45:00,U1036,linda.jones,Excel,13,WKSTN-U1036
APP016872,2026-06-11 13:44:00,U1041,matthew.allen52,Excel,90,WKSTN-U1041
APP024843,2026-06-11 13:18:00,U1061,jessica.rodriguez,Excel,65,WKSTN-U1061
APP022477,2026-06-11 13:39:00,U1055,patricia.wilson54,Salesforce,3,WKSTN-U1055
APP029281,2026-06-11 13:35:00,U1072,kenneth.lopez,Chrome,39,WKSTN-U1072
APP018060,2026-06-11 13:48:00,U1044,lisa.ramirez9,Excel,51,WKSTN-U1044
APP004082,2026-06-11 14:06:00,U1011,donna.ramirez75,Outlook,49,WKSTN-U1011
APP001773,2026-06-11 14:03:00,U1005,robert.robinson,Excel,40,WKSTN-U1005
APP010679,2026-06-11 13:35:00,U1026,elizabeth.gonzalez,Chrome,15,WKSTN-U1026
APP001774,2026-06-11 13:20:00,U1005,robert.robinson,Outlook,59,WKSTN-U1005
APP033800,2026-06-11 13:35:00,U1083,sarah.allen70,CHROME,46,WKSTN-U1083
APP035587,2026-06-11 13:54:00,U1087,,Wireshark,4,WKSTN-U1087
APP002565,2026-06-11 14:41:00,U1007,sarah.robinson82,Excel,38,WKSTN-U1007
APP022057,2026-06-11 14:16:00,U1054,anthony.martinez,CHROME,30,WKSTN-U1054
APP006608,2026-06-11 14:43:00,U1017,emily.hernandez34,Git,67,WKSTN-U1017
APP041129,2026-06-11 14:36:00,U1100,daniel.brown38,Outlook,50,WKSTN-U1100
APP024051,2026-06-11 14:10:00,U1059,daniel.perez98,Zoom,79,WKSTN-U1059
APP018872,2026-06-11 14:45:00,U1046,michelle.torres39,Chrome,21,WKSTN-U1046
APP027636,2026-06-11 14:13:00,U1068,susan.thompson34,Chrome,47,WKSTN-U1068
APP029283,2026-06-11 14:45:00,U1072,kenneth.lopez,word,11,WKSTN-U1072
APP002563,2026-06-11 14:15:00,U1007,SARAH.ROBINSON82,QuickBooks,34,WKSTN-U1007
APP003327,2026-06-11 14:10:00,U1009,  daniel.brown ,Excel,13,WKSTN-U1009
APP022851,2026-06-11 14:43:00,U1056,anthony.clark,Zoom,12,WKSTN-U1056
APP039555,2026-06-11 14:36:00,U1096,david.allen76,Outlook,22,WKSTN-U1096
APP019693,2026-06-11 14:20:00,U1048,,Salesforce,33,WKSTN-U1048
APP015683,2026-06-11 14:43:00,U1038,emily.clark,Workday,66,WKSTN-U1038
APP030074,2026-06-11 14:27:00,U1074,  sarah.williams7 ,DocuSign,54,WKSTN-U1074
APP028889,2026-06-11 14:10:00,U1071,matthew.robinson35,DocuSign,81,WKSTN-U1071
APP031654,2026-06-11 14:19:00,U1078,michelle.miller,Chrome,32,WKSTN-U1078
APP020855,2026-06-11 14:15:00,U1051,sandra.king72,Chrome,21,WKSTN-U1051
APP007545,2026-06-11 14:44:00,U1019,donna.anderson,Docker Desktop,33,WKSTN-U1019
APP000152,2026-06-11 14:41:00,U1001,linda.johnson95,Excel,89,WKSTN-U1001
APP035153,2026-06-11 14:36:00,U1086,steven.thompson53,Wireshark,24,WKSTN-U1086
APP040755,2026-06-11 14:25:00,U1099,joseph.garcia,Excel,84,WKSTN-U1099
APP037414,2026-06-11 14:35:00,U1091,linda.robinson,Slack,88,WKSTN-U1091
APP035156,2026-06-11 14:30:00,U1086,steven.thompson53,Terminal,9,WKSTN-U1086
APP026874,2026-06-11 14:13:00,U1066,michelle.wright62,DocuSign,54,WKSTN-U1066
APP036077,2026-06-11 15:21:00,U1088,andrew.smith85,Terminal,31,  WKSTN-U1088 
APP001380,2026-06-11 15:14:00,U1004,elizabeth.wilson98,SAP,26,WKSTN-U1004
APP035155,2026-06-11 15:15:00,U1086,steven.thompson53,Chrome,88,WKSTN-U1086
APP036510,2026-06-11 15:29:00,U1089,paul.brown27,PuTTY,88,WKSTN-U1089
APP030483,2026-06-11 15:15:00,U1075,steven.lewis,Word,35,WKSTN-U1075
APP005320,2026-06-11 15:17:00,U1014,james.taylor,SAP,56,WKSTN-U1014
APP004477,2026-06-11 15:09:00,U1012,linda.martinez,outlook,,WKSTN-U1012
APP026050,2026-06-11 15:08:00,U1064,matthew.wright55,DocuSign,57,WKSTN-U1064
APP008887,2026-06-11 15:31:00,U1022,sandra.brown,VSCode,77,WKSTN-U1022	
APP031254,2026-06-11 15:34:00,U1077,kimberly.harris58,Chrome,45,WKSTN-U1077
APP010234,2026-06-11 15:07:00,U1025,betty.brown22,Git,75,WKSTN-U1025
APP008885,2026-06-11 15:05:00,U1022,sandra.brown,Jenkins,78,WKSTN-U1022
APP006606,2026-06-11 15:07:00,U1017,emily.hernandez34,Jenkins,10,WKSTN-U1017
APP034707,2026-06-11 15:18:00,U1085,barbara.walker67,Wireshark,13,WKSTN-U1085
APP040366,2026-06-11 15:04:00,U1098,nancy.wright49,,66,WKSTN-U1098
APP036076,2026-06-11 15:19:00,U1088,andrew.smith85,Active Directory Console,39,WKSTN-U1088
APP030076,2026-06-11 15:40:00,U1074,sarah.williams7,Outlook,28,WKSTN-U1074
APP034244,2026-06-11 15:26:00,U1084,joshua.taylor,Active Directory Console,19,WKSTN-U1084
APP014082,2026-06-11 15:27:00,U1034,  thomas.allen63 ,Outlook,34,WKSTN-U1034
APP010680,2026-06-11 15:40:00,U1026,elizabeth.gonzalez,Git,21,WKSTN-U1026
APP029670,2026-06-11 15:06:00,U1073,michael.gonzalez,DocuSign,42,WKSTN-U1073
APP011594,2026-06-11 15:28:00,U1028,john.hill,Git,62,WKSTN-U1028
APP006607,2026-06-11 15:10:00,U1017,emily.hernandez34,Slack,29,WKSTN-U1017
APP013301,2026-06-11 15:08:00,U1032,paul.wright91,Outlook,44,WKSTN-U1032
APP024050,2026-06-11 15:15:00,U1059,daniel.perez98,Zoom,80,WKSTN-U1059
APP032074,2026-06-11 16:47:00,U1079,emily.jones,Wireshark,54,WKSTN-U1079
APP023255,2026-06-11 16:49:00,U1057,nancy.sanchez,Excel,58,
APP005717,2026-06-11 15:51:00,U1015,lisa.hernandez,Outlook,54,WKSTN-U1015
APP035586,2026-06-11 16:03:00,U1087,charles.sanchez,Active Directory Console,16,WKSTN-U1087
APP001381,2026-06-11 16:01:00,U1004,elizabeth.wilson98,Outlook,13,WKSTN-U1004
APP020446,2026-06-11 16:26:00,U1050,michael.ramirez,Zoom,21,WKSTN-U1050
APP020447,2026-06-11 15:41:00,U1050,michael.ramirez,Chrome,29,WKSTN-U1050
APP036508,2026-06-11 16:14:00,U1089,paul.brown27,Active Directory Console,52,WKSTN-U1089
APP022476,2026-06-11 16:05:00,U1055,patricia.wilson54,Chrome,32,WKSTN-U1055
APP039977,2026-06-11 16:07:00,U1097,mark.martinez10,Outlook,62,WKSTN-U1097
APP022478,2026-06-11 16:32:00,U1055,patricia.wilson54,Chrome,17,WKSTN-U1055
APP006137,2026-06-11 15:56:00,U1016,PATRICIA.THOMAS,DOCKER DESKTOP,13,WKSTN-U1016
APP036963,2026-06-11 16:30:00,U1090,mary.hill,Chrome,15,WKSTN-U1090
APP032072,2026-06-11 16:50:00,U1079,emily.jones,Slack,83,WKSTN-U1079
APP002177,2026-06-11 16:35:00,U1006,george.gonzalez,Excel,56,WKSTN-U1006
APP008425,2026-06-11 16:50:00,U1021,jessica.walker,VSCode,2,WKSTN-U1021
APP011135,2026-06-11 16:03:00,U1027,patricia.brown75,Docker Desktop,77,WKSTN-U1027
APP015681,2026-06-11 15:46:00,U1038,emily.clark,Workday,87,WKSTN-U1038
APP029668,2026-06-11 15:43:00,U1073,michael.gonzalez,Outlook,82,WKSTN-U1073
APP030870,2026-06-11 15:56:00,U1076,john.torres,Outlook,42,WKSTN-U1076
APP034705,2026-06-11 16:27:00,U1085,barbara.walker67,Wireshark,79,WKSTN-U1085
APP004894,2026-06-11 16:19:00,U1013,emily.smith,Excel,24,WKSTN-U1013
APP016071,2026-06-11 15:47:00,U1039,mark.thomas,Excel,46,WKSTN-U1039
APP029669,2026-06-11 15:52:00,U1073,michael.gonzalez,Word,43,WKSTN-U1073
APP039974,2026-06-11 15:46:00,U1097,mark.martinez10,Zoom,74,WKSTN-U1097
APP008423,2026-06-11 17:57:00,U1021,jessica.walker,Git,45,WKSTN-U1021
APP039556,2026-06-11 17:03:00,U1096,david.allen76,OUTLOOK,83,WKSTN-U1096
APP019692,2026-06-11 16:55:00,U1048,jennifer.thomas87,,55,
APP021658,2026-06-12 08:19:00,U1053,john.jackson31,Excel,61,WKSTN-U1053
APP036098,2026-06-12 07:24:00,U1088,andrew.smith85,Active Directory Console,4,WKSTN-U1088
APP020073,2026-06-12 07:58:00,U1049,michelle.jones59,Chrome,66,WKSTN-U1049
APP030498,2026-06-12 07:06:00,U1075,steven.lewis,,20,WKSTN-U1075
APP018894,2026-06-12 08:26:00,U1046,michelle.torres39,Chrome,37,WKSTN-U1046
APP025678,2026-06-12 08:17:00,U1063,john.nguyen,docusign,71,WKSTN-U1063
APP037881,2026-06-12 08:10:00,U1092,steven.thomas,  Terminal ,31,WKSTN-U1092
APP001788,2026-06-12 07:08:00,U1005,robert.robinson,,84,WKSTN-U1005
APP032071,2026-06-11 17:59:00,U1079,emily.jones,Active Directory Console,67,WKSTN-U1079
APP010237,2026-06-11 17:13:00,U1025,betty.brown22,Slack,18,WKSTN-U1025
APP019299,2026-06-12 07:44:00,U1047,sandra.lewis	,Salesforce,71,WKSTN-U1047
APP023270,2026-06-12 08:05:00,U1057,nancy.sanchez,Excel,79,WKSTN-U1057
APP018079,2026-06-12 07:52:00,U1044,lisa.ramirez9,Excel,50,WKSTN-U1044
APP039572,2026-06-12 07:49:00,U1096,david.allen76,Chrome,87,WKSTN-U1096
APP032073,2026-06-11 17:09:00,U1079,emily.jones,Slack,11,WKSTN-U1079
APP031253,2026-06-11 17:35:00,U1077,kimberly.harris58,Outlook,12,
APP030499,2026-06-12 08:21:00,U1075,steven.lewis,Outlook,43,WKSTN-U1075
APP020873,2026-06-12 07:13:00,U1051,sandra.king72,Zoom,56,WKSTN-U1051
APP040367,2026-06-11 16:51:00,U1098,nancy.wright49,Chrome,40,WKSTN-U1098
APP039153,2026-06-11 17:33:00,U1095,richard.thomas74,Chrome,79,WKSTN-U1095
APP017687,2026-06-12 08:06:00,U1043,thomas.williams91,Outlook,78,WKSTN-U1043
APP023253,2026-06-11 17:39:00,U1057,nancy.sanchez,Excel,20,WKSTN-U1057
APP038312,2026-06-12 08:48:00,U1093,sarah.clark44,Wireshark,7,WKSTN-U1093
APP006631,2026-06-12 08:57:00,U1017,emily.hernandez34,Slack,24,WKSTN-U1017
APP014497,2026-06-12 09:19:00,U1035,nancy.rodriguez82,Workday,81,WKSTN-U1035
APP024465,2026-06-12 08:40:00,U1060,matthew.anderson,  Zoom ,6,WKSTN-U1060
APP031270,2026-06-12 09:31:00,U1077,kimberly.harris58,Word,68,WKSTN-U1077
APP003342,2026-06-12 09:05:00,U1009,daniel.brown,QuickBooks,31,WKSTN-U1009
APP002196,2026-06-12 08:30:00,U1006,george.gonzalez,Excel,55,WKSTN-U1006
APP006154,2026-06-12 09:29:00,U1016,patricia.thomas,Slack,10,WKSTN-U1016
APP028484,2026-06-12 08:59:00,U1070,betty.thomas40,Word,52,WKSTN-U1070
APP004103,2026-06-12 09:08:00,U1011,donna.ramirez75,QuickBooks,48,WKSTN-U1011
APP005737,2026-06-12 09:26:00,U1015,lisa.hernandez,QuickBooks,82,WKSTN-U1015
APP028069,2026-06-12 08:48:00,U1069,jessica.clark,Outlook,41,WKSTN-U1069
APP002956,2026-06-12 08:31:00,U1008,joshua.hernandez,QuickBooks,48,WKSTN-U1008
APP013321,2026-06-12 09:07:00,U1032,paul.wright91,Excel,41,WKSTN-U1032
APP006632,2026-06-12 08:26:00,U1017,emily.hernandez34,VSCode,42,WKSTN-U1017
APP009803,2026-06-12 08:55:00,U1024,emily.miller,Jenkins,11,WKSTN-U1024
APP024463,2026-06-12 08:41:00,U1060,matthew.anderson,Salesforce,43,WKSTN-U1060
APP028485,2026-06-12 08:38:00,U1070,betty.thomas40,chrome,38,WKSTN-U1070
APP036097,2026-06-12 08:32:00,U1088,andrew.smith85,Wireshark,15,WKSTN-U1088
APP010700,2026-06-12 09:01:00,U1026,elizabeth.gonzalez,Git,15,  WKSTN-U1026 
APP001397,2026-06-12 09:01:00,U1004,elizabeth.wilson98,  QuickBooks ,75,WKSTN-U1004
APP003339,2026-06-12 08:43:00,U1009,daniel.brown,Chrome,75,WKSTN-U1009
APP019301,2026-06-12 08:47:00,U1047,sandra.lewis,Salesforce,54,WKSTN-U1047
APP014097,2026-06-12 09:05:00,U1034,,Outlook,24,WKSTN-U1034
APP016086,2026-06-12 09:31:00,U1039,mark.thomas,Excel,30,WKSTN-U1039
APP014495,2026-06-12 09:50:00,U1035,nancy.rodriguez82,Workday,47,WKSTN-U1035
APP003737,2026-06-12 09:40:00,U1010,susan.young51,Outlook,26,WKSTN-U1010
APP012898,2026-06-12 09:46:00,U1031,john.wright28,Workday,5,WKSTN-U1031
APP001786,2026-06-12 09:54:00,U1005,robert.robinson,Excel,60,WKSTN-U1005
APP018080,2026-06-12 10:06:00,U1044,lisa.ramirez9,Workday,4,WKSTN-U1044
APP031271,2026-06-12 09:55:00,U1077,kimberly.harris58,,69,WKSTN-U1077
APP013322,2026-06-12 09:51:00,U1032,paul.wright91,Excel,17,WKSTN-U1032
APP017686,2026-06-12 09:37:00,U1043,thomas.williams91,Outlook,37,WKSTN-U1043
APP001398,2026-06-12 09:44:00,U1004,elizabeth.wilson98,Outlook,35,WKSTN-U1004
APP026074,2026-06-12 09:50:00,U1064,matthew.wright55	,DocuSign,63,
APP007096,2026-06-12 09:34:00,U1018,betty.white57,Slack,15,WKSTN-U1018
APP022073,2026-06-12 09:35:00,U1054,anthony.martinez,Salesforce,71,WKSTN-U1054
APP017289,2026-06-12 09:36:00,U1042,michael.hill56,Chrome,31,WKSTN-U1042
APP033813,2026-06-12 09:50:00,U1083,sarah.allen70,Terminal,N/A,WKSTN-U1083
APP029303,2026-06-12 09:57:00,U1072,kenneth.lopez,Word,45,WKSTN-U1072
APP019707,2026-06-12 10:02:00,U1048,jennifer.thomas87,Zoom,42,WKSTN-U1048
APP027653,2026-06-12 09:53:00,U1068,susan.thompson34,Outlook,34,WKSTN-U1068
APP005739,2026-06-12 09:58:00,U1015,  lisa.hernandez ,QuickBooks,73,WKSTN-U1015
APP035608,2026-06-12 09:47:00,U1087,,Terminal,85,WKSTN-U1087
APP036982,2026-06-12 09:39:00,U1090,mary.hill,Slack,2,WKSTN-U1090
APP001004,2026-06-12 10:00:00,U1003,kenneth.clark29,,64,WKSTN-U1003
APP007560,2026-06-12 09:39:00,U1019,donna.anderson,Chrome,90,WKSTN-U1019
APP005337,2026-06-12 09:52:00,U1014,  james.taylor ,Excel,51,WKSTN-U1014
APP002194,2026-06-12 09:59:00,U1006,george.gonzalez,Outlook,27,WKSTN-U1006
APP001396,2026-06-12 10:02:00,U1004,elizabeth.wilson98,Excel,16,WKSTN-U1004
APP013721,2026-06-12 10:29:00,U1033,linda.miller,Chrome,56,WKSTN-U1033
APP024863,2026-06-12 10:22:00,U1061,jessica.rodriguez,Salesforce,17,WKSTN-U1061
APP036983,2026-06-12 10:31:00,U1090,mary.hill,Terminal,46,WKSTN-U1090
APP013324,2026-06-12 10:34:00,U1032,paul.wright91,Chrome,49,WKSTN-U1032
APP033814,2026-06-12 10:43:00,U1083,sarah.allen70,Slack,,WKSTN-U1083
APP020468,2026-06-12 10:37:00,U1050,michael.ramirez,Chrome,15,WKSTN-U1050
APP015291,2026-06-12 10:27:00,U1037,robert.martin,Workday,43,WKSTN-U1037
APP002953,2026-06-12 10:36:00,U1008,joshua.hernandez,Excel,5,WKSTN-U1008
APP010255,2026-06-12 10:14:00,U1025,betty.brown22,Slack,58,WKSTN-U1025
APP021659,2026-06-12 10:41:00,U1053,john.jackson31,Excel,88,WKSTN-U1053
APP026894,2026-06-12 10:16:00,U1066,michelle.wright62,word,63,WKSTN-U1066
APP011615,2026-06-12 10:27:00,U1028,john.hill,Slack,60,WKSTN-U1028
APP018895,2026-06-12 10:17:00,U1046,michelle.torres39,Outlook,18,WKSTN-U1046
APP030090,2026-06-12 10:25:00,U1074,sarah.williams7,Outlook,35,WKSTN-U1074
APP013320,2026-06-12 10:19:00,U1032,paul.wright91,Excel,44,WKSTN-U1032
APP008907,2026-06-12 10:27:00,U1022,sandra.brown,Jenkins,32,WKSTN-U1022
APP032098,2026-06-12 10:37:00,U1079,emily.jones,PuTTY,62,WKSTN-U1079
APP029304,2026-06-12 10:14:00,U1072,kenneth.lopez,Word,20,WKSTN-U1072
APP040385,2026-06-12 10:15:00,U1098,nancy.wright49,Outlook,60,WKSTN-U1098
APP026895,2026-06-12 10:42:00,U1066,michelle.wright62,Outlook,56,WKSTN-U1066	
APP000585,2026-06-12 10:14:00,U1002,donna.ramirez,Outlook,,WKSTN-U1002
APP009802,2026-06-12 10:41:00,U1024,emily.miller,Chrome,2,WKSTN-U1024
APP016485,2026-06-12 10:18:00,U1040,matthew.martin,Excel,38,WKSTN-U1040
APP040773,2026-06-12 10:26:00,U1099,joseph.garcia,Chrome,38,WKSTN-U1099
APP014099,2026-06-12 10:22:00,U1034,thomas.allen63,Excel,36,WKSTN-U1034
APP018891,2026-06-12 10:52:00,U1046,michelle.torres39,Chrome,26,WKSTN-U1046
APP031673,2026-06-12 11:03:00,U1078,michelle.miller,Chrome,84,WKSTN-U1078
APP016890,2026-06-12 11:07:00,U1041,matthew.allen52,Workday,50,WKSTN-U1041
APP028905,2026-06-12 11:33:00,U1071,matthew.robinson35,Chrome,17,WKSTN-U1071
APP037883,2026-06-12 10:45:00,U1092,steven.thomas,Active Directory Console,79,WKSTN-U1092
APP020075,2026-06-12 11:06:00,U1049,michelle.jones59,Salesforce,58,WKSTN-U1049
APP007097,2026-06-12 11:33:00,U1018,betty.white57,Slack,77,WKSTN-U1018
APP022074,2026-06-12 11:23:00,U1054,anthony.martinez,Chrome,32,WKSTN-U1054
APP014100,2026-06-12 11:02:00,U1034,thomas.allen63,Workday,28,WKSTN-U1034
APP012040,2026-06-12 11:17:00,U1029,  michelle.garcia54 ,Chrome	,37,WKSTN-U1029
APP039573,2026-06-12 10:51:00,U1096,david.allen76,Outlook,30,WKSTN-U1096
APP008445,2026-06-12 11:16:00,U1021,,Git,41,WKSTN-U1021
APP035176,2026-06-12 11:28:00,U1086,steven.thompson53,Terminal,29,WKSTN-U1086
APP013723,2026-06-12 11:01:00,U1033,linda.miller,Outlook,78,WKSTN-U1033
APP009800,2026-06-12 11:12:00,U1024,emily.miller,Slack,34,WKSTN-U1024
APP032948,2026-06-12 10:55:00,U1081,MARGARET.DAVIS,PuTTY,30,WKSTN-U1081	
APP039574,2026-06-12 11:08:00,U1096,david.allen76,Outlook,73,WKSTN-U1096
APP033815,2026-06-12 10:51:00,U1083,sarah.allen70,Wireshark,74,WKSTN-U1083
APP020875,2026-06-12 10:53:00,U1051,sandra.king72,Salesforce,72,WKSTN-U1051
APP012897,2026-06-12 11:04:00,U1031,john.wright28,Chrome,64,WKSTN-U1031
APP002955,2026-06-12 11:00:00,U1008,joshua.hernandez,Excel,76,WKSTN-U1008
APP036099,2026-06-12 11:11:00,U1088,andrew.smith85,Chrome,82,WKSTN-U1088
APP017688,2026-06-12 10:53:00,U1043,thomas.williams91,Outlook,47,WKSTN-U1043
APP014498,2026-06-12 11:26:00,U1035,nancy.rodriguez82,Excel,45,WKSTN-U1035
APP039172,2026-06-12 11:05:00,U1095,richard.thomas74,PowerPoint,58,WKSTN-U1095
APP041145,2026-06-12 12:07:00,U1100,daniel.brown38,Chrome,88,WKSTN-U1100
APP002197,2026-06-12 12:06:00,U1006,george.gonzalez,QuickBooks,73,WKSTN-U1006
APP009356,2026-06-12 11:37:00,U1023,richard.wright,Slack,34,WKSTN-U1023
APP005335,2026-06-12 11:42:00,U1014,james.taylor,SAP,87,WKSTN-U1014
APP036528,2026-06-12 12:00:00,U1089,paul.brown27,Chrome,28,WKSTN-U1089
APP038760,2026-06-12 12:08:00,U1094,elizabeth.lewis69,Terminal,18,WKSTN-U1094
APP000583,2026-06-12 11:57:00,U1002,donna.ramirez	,SAP,46,WKSTN-U1002
APP002577,2026-06-12 12:00:00,U1007,sarah.robinson82,Excel,4,WKSTN-U1007
APP002195,2026-06-12 11:58:00,U1006,george.gonzalez,Excel,7,WKSTN-U1006
APP004497,2026-06-12 11:40:00,U1012,linda.martinez,Excel,42,WKSTN-U1012
APP022492,2026-06-12 12:00:00,U1055,patricia.wilson54,Salesforce,27,WKSTN-U1055
APP025276,2026-06-12 11:45:00,U1062,william.martin,Zoom,58,WKSTN-U1062
APP006156,2026-06-12 12:03:00,U1016,patricia.thomas,Chrome,78,WKSTN-U1016
APP038759,2026-06-12 11:51:00,U1094,elizabeth.lewis69,Terminal,16,WKSTN-U1094
APP000584,2026-06-12 12:01:00,U1002,donna.ramirez,SAP,2,WKSTN-U1002
APP015696,2026-06-12 11:33:00,U1038,emily.clark,  Outlook ,37,WKSTN-U1038
APP036096,2026-06-12 12:09:00,U1088,andrew.smith85,Wireshark,-48.0,WKSTN-U1088
APP037428,2026-06-12 11:35:00,U1091,linda.robinson,wireshark,11,WKSTN-U1091
APP016084,2026-06-12 11:44:00,U1039,mark.thomas,Excel,27,WKSTN-U1039
APP016889,2026-06-12 11:52:00,U1041,matthew.allen52,Workday,75,WKSTN-U1041
APP021660,2026-06-12 11:54:00,U1053,john.jackson31,zoom	,5,WKSTN-U1053
APP025676,2026-06-12 11:47:00,U1063,john.nguyen,Outlook,51,WKSTN-U1063
APP021269,2026-06-12 12:00:00,U1052,paul.taylor,Chrome,43,WKSTN-U1052
APP022870,2026-06-12 11:50:00,U1056,anthony.clark,Outlook,54,WKSTN-U1056
APP005334,2026-06-12 11:35:00,U1014,james.taylor,QuickBooks,21,WKSTN-U1014
APP003733,2026-06-12 12:31:00,U1010,susan.young51,SAP,63,WKSTN-U1010
APP014888,2026-06-12 12:20:00,U1036,linda.jones,Workday,55,WKSTN-U1036
APP018472,2026-06-12 12:10:00,U1045,daniel.sanchez90,Chrome,6,WKSTN-U1045
APP019302,2026-06-12 12:45:00,U1047,SANDRA.LEWIS,Chrome,48,WKSTN-U1047
APP029685,2026-06-12 12:31:00,U1073,michael.gonzalez,Outlook,21,WKSTN-U1073
APP023667,2026-06-12 12:47:00,U1058,jennifer.ramirez18,,81,WKSTN-U1058
APP030497,2026-06-12 12:44:00,U1075,steven.lewis,Chrome,26,WKSTN-U1075
APP030892,2026-06-12 12:26:00,U1076,,Chrome,90,WKSTN-U1076
APP040774,2026-06-12 12:10:00,U1099,joseph.garcia,PowerPoint,72,WKSTN-U1099
APP009357,2026-06-12 12:26:00,U1023,richard.wright,Slack,7,WKSTN-U1023
APP032096,2026-06-12 12:43:00,U1079,emily.jones,PuTTY,65,WKSTN-U1079
APP040388,2026-06-12 12:16:00,U1098,nancy.wright49,Excel,34,WKSTN-U1098
APP021267,2026-06-12 12:26:00,U1052,paul.taylor,Chrome,25,WKSTN-U1052
APP039994,2026-06-12 12:23:00,U1097,mark.martinez10,Outlook,90,WKSTN-U1097
APP011155,2026-06-12 12:25:00,U1027,patricia.brown75,Slack,15,WKSTN-U1027
APP020467,2026-06-12 12:43:00,U1050,michael.ramirez,Salesforce,77,WKSTN-U1050
APP026467,2026-06-12 12:28:00,U1065,michael.ramirez47,Word,60,WKSTN-U1065
APP016083,2026-06-12 12:34:00,U1039,mark.thomas,Chrome,42,WKSTN-U1039
APP041144,2026-06-12 12:42:00,U1100,,Chrome,41,WKSTN-U1100
APP029306,2026-06-12 12:12:00,U1072,kenneth.lopez,Chrome,39,WKSTN-U1072
APP020072,2026-06-12 12:12:00,U1049,michelle.jones59,Outlook,3,WKSTN-U1049
APP005738,2026-06-12 12:17:00,U1015,lisa.hernandez,Excel,7,WKSTN-U1015
APP026075,2026-06-12 12:10:00,U1064,matthew.wright55,Outlook,68,WKSTN-U1064
APP025679,2026-06-12 12:28:00,U1063,john.nguyen,Word,47,WKSTN-U1063
APP014496,2026-06-12 12:30:00,U1035,nancy.rodriguez82,Excel,70,
APP036527,2026-06-12 13:00:00,U1089,paul.brown27,Slack,41,WKSTN-U1089
APP038313,2026-06-12 13:12:00,U1093,sarah.clark44,Chrome,20,WKSTN-U1093
APP006157,2026-06-12 13:05:00,U1016,patricia.thomas,Chrome,37,
APP015697,2026-06-12 13:07:00,U1038,emily.clark,Excel	,11,WKSTN-U1038
APP026893,2026-06-12 12:57:00,U1066,MICHELLE.WRIGHT62,Word,57,WKSTN-U1066
APP009358,2026-06-12 13:07:00,U1023,richard.wright,Jenkins,18,WKSTN-U1023
APP034727,2026-06-12 12:56:00,U1085,barbara.walker67,Terminal,88,WKSTN-U1085
APP028903,2026-06-12 13:06:00,U1071,matthew.robinson35,Outlook,74,WKSTN-U1071
APP040386,2026-06-12 12:49:00,U1098,nancy.wright49,  Outlook ,31,WKSTN-U1098
APP018471,2026-06-12 13:12:00,U1045,daniel.sanchez90,Outlook,52,WKSTN-U1045
APP029305,2026-06-12 13:15:00,U1072,kenneth.lopez,Word,76,WKSTN-U1072
APP017286,2026-06-12 13:08:00,U1042,michael.hill56,Outlook,89,WKSTN-U1042
APP007095,2026-06-12 13:12:00,U1018,betty.white57,VSCode,40,WKSTN-U1018
APP039171,2026-06-12 13:14:00,U1095,richard.thomas74,Zoom,4,WKSTN-U1095
APP013722,2026-06-12 13:05:00,U1033,linda.miller,Excel,16,WKSTN-U1033
APP022491,2026-06-12 13:07:00,U1055,patricia.wilson54,Excel,24,WKSTN-U1055
APP014887,2026-06-12 13:16:00,U1036,linda.jones,Outlook,20,WKSTN-U1036
APP016487,2026-06-12 12:53:00,U1040,matthew.martin,Workday,53,WKSTN-U1040
APP017288,2026-06-12 13:15:00,U1042,michael.hill56,Workday,48,WKSTN-U1042
APP010701,2026-06-12 12:59:00,U1026,ELIZABETH.GONZALEZ,Jenkins,87,WKSTN-U1026
APP026073,2026-06-12 12:56:00,U1064,matthew.wright55,DocuSign,74,WKSTN-U1064
APP039173,2026-06-12 13:02:00,U1095,richard.thomas74,Excel,55,WKSTN-U1095
APP026071,2026-06-12 12:59:00,U1064,matthew.wright55,DocuSign,39,WKSTN-U1064
APP036529,2026-06-12 13:01:00,U1089,paul.brown27,Slack,80,WKSTN-U1089
APP005333,2026-06-12 12:49:00,U1014,james.taylor,SAP,45,WKSTN-U1014
APP028070,2026-06-12 13:25:00,U1069,jessica.clark,word,34,WKSTN-U1069
APP004496,2026-06-12 13:22:00,U1012,linda.martinez,Excel,72,WKSTN-U1012
APP018892,2026-06-12 13:21:00,U1046,michelle.torres39,Workday	,43,WKSTN-U1046
APP022076,2026-06-12 13:28:00,U1054,anthony.martinez,SALESFORCE,54,WKSTN-U1054
APP001003,2026-06-12 13:31:00,U1003,kenneth.clark29,Outlook,73,WKSTN-U1003
APP039995,2026-06-12 13:39:00,U1097,mark.martinez10,Chrome,10,WKSTN-U1097
APP007561,2026-06-12 13:48:00,U1019,donna.anderson,Chrome,76,WKSTN-U1019
APP032097,2026-06-12 13:30:00,U1079,emily.jones,Wireshark,,WKSTN-U1079
APP001001,2026-06-12 13:40:00,U1003,KENNETH.CLARK29,Excel,34,WKSTN-U1003
APP011613,2026-06-12 13:19:00,U1028,john.hill,Git,27,WKSTN-U1028
APP031675,2026-06-12 13:49:00,U1078,michelle.miller	,Outlook,31,WKSTN-U1078
APP024862,2026-06-12 13:47:00,U1061,jessica.rodriguez,  Outlook ,11,WKSTN-U1061
APP037880,2026-06-12 13:24:00,U1092,steven.thomas,Terminal,37,WKSTN-U1092
APP014098,2026-06-12 13:31:00,U1034,thomas.allen63,Chrome,26,WKSTN-U1034
APP039571,2026-06-12 13:46:00,U1096,david.allen76,Outlook,43,WKSTN-U1096
APP024065,2026-06-12 13:26:00,U1059,,Salesforce,65,WKSTN-U1059
APP003341,2026-06-12 13:29:00,U1009,,SAP,26,WKSTN-U1009
APP032945,2026-06-12 13:29:00,U1081,margaret.davis	,Active Directory Console,70,WKSTN-U1081
APP025677,2026-06-12 13:30:00,U1063,john.nguyen,Chrome,76,WKSTN-U1063
APP027278,2026-06-12 13:23:00,U1067,paul.thomas97,,84,WKSTN-U1067
APP036530,2026-06-12 13:33:00,U1089,paul.brown27,Terminal,16,WKSTN-U1089
APP032947,2026-06-12 13:46:00,U1081,margaret.davis,Terminal,28,  WKSTN-U1081 
APP035607,2026-06-12 13:22:00,U1087,charles.sanchez,active directory console,56,WKSTN-U1087
APP016484,2026-06-12 13:44:00,U1040,matthew.martin,Excel,9,WKSTN-U1040
APP021266,2026-06-12 13:24:00,U1052,paul.taylor,Excel,13,WKSTN-U1052
APP008908,2026-06-12 14:27:00,U1022,sandra.brown,VSCode,29,WKSTN-U1022
APP017287,2026-06-12 14:09:00,U1042,michael.hill56,Outlook,67,WKSTN-U1042
APP013323,2026-06-12 14:00:00,U1032,paul.wright91,Workday,75,WKSTN-U1032
APP033375,2026-06-12 13:52:00,U1082,karen.hill96,Terminal,54,WKSTN-U1082
APP031272,2026-06-12 14:03:00,U1077,kimberly.harris58,Outlook,38,WKSTN-U1077
APP031672,2026-06-12 14:23:00,U1078,michelle.miller,Word,6,WKSTN-U1078
APP023269,2026-06-12 13:57:00,U1057,nancy.sanchez,Excel,25,
APP008909,2026-06-12 14:01:00,U1022,sandra.brown,VSCode,33,WKSTN-U1022
APP026896,2026-06-12 13:50:00,U1066,michelle.wright62,Outlook,,WKSTN-U1066
APP003734,2026-06-12 13:52:00,U1010,susan.young51,Chrome,37,WKSTN-U1010
APP024464,2026-06-12 14:23:00,U1060,matthew.anderson,Outlook,65,WKSTN-U1060
APP022077,2026-06-12 14:25:00,U1054,anthony.martinez,Chrome,84,WKSTN-U1054
APP020074,2026-06-12 14:01:00,U1049,michelle.jones59,Excel,74,WKSTN-U1049
APP011154,2026-06-12 14:28:00,U1027,patricia.brown75,Chrome,22,WKSTN-U1027
APP014494,2026-06-12 13:56:00,U1035,nancy.rodriguez82,Chrome,63,WKSTN-U1035
APP016085,2026-06-12 13:51:00,U1039,mark.thomas,Chrome,,WKSTN-U1039
APP037429,2026-06-12 13:57:00,U1091,linda.robinson,Chrome,53,WKSTN-U1091
APP034268,2026-06-12 14:15:00,U1084,joshua.taylor,PuTTY,81,WKSTN-U1084
APP037430,2026-06-12 14:17:00,U1091,linda.robinson,Wireshark,48,WKSTN-U1091
APP004102,2026-06-12 14:14:00,U1011,donna.ramirez75,Excel,63,WKSTN-U1011
APP018893,2026-06-12 14:07:00,U1046,michelle.torres39,Chrome,25,WKSTN-U1046
APP012899,2026-06-12 14:13:00,U1031,john.wright28,Chrome,25,WKSTN-U1031
APP023267,2026-06-12 14:01:00,U1057,nancy.sanchez,Excel,70,WKSTN-U1057
APP004918,2026-06-12 14:04:00,U1013,emily.smith,Excel,29,
APP028482,2026-06-12 14:30:00,U1070,betty.thomas40,DocuSign,29,WKSTN-U1070
APP028071,2026-06-12 15:01:00,U1069,jessica.clark,Word,34,
APP004917,2026-06-12 14:57:00,U1013,emily.smith,Outlook,88,WKSTN-U1013
APP030889,2026-06-12 14:55:00,U1076,john.torres,DocuSign,66,WKSTN-U1076
APP001789,2026-06-12 14:52:00,U1005,robert.robinson,SAP,79,WKSTN-U1005
APP003735,2026-06-12 14:52:00,U1010,susan.young51,SAP,47,WKSTN-U1010
APP027279,2026-06-12 14:54:00,U1067,paul.thomas97,Outlook,63,WKSTN-U1067
APP039575,2026-06-12 14:50:00,U1096,david.allen76,Chrome,72,WKSTN-U1096
APP019300,2026-06-12 14:46:00,U1047,sandra.lewis,Zoom,58,WKSTN-U1047
APP008444,2026-06-12 14:51:00,U1021,jessica.walker,Docker Desktop,74,WKSTN-U1021
APP022493,2026-06-12 14:51:00,U1055,patricia.wilson54,,84,WKSTN-U1055
APP002580,2026-06-12 14:36:00,U1007,sarah.robinson82,  Outlook ,89,WKSTN-U1007
APP023268,2026-06-12 14:57:00,U1057,nancy.sanchez,Outlook,70000.0,WKSTN-U1057
APP003736,2026-06-12 14:53:00,U1010,susan.young51,SAP,47,WKSTN-U1010
APP024462,2026-06-12 14:49:00,U1060,matthew.anderson,Salesforce,30,WKSTN-U1060
APP004916,2026-06-12 14:51:00,U1013,emily.smith,,80,WKSTN-U1013
APP002957,2026-06-12 14:34:00,U1008,joshua.hernandez,Chrome,68,WKSTN-U1008
APP029684,2026-06-12 14:39:00,U1073,michael.gonzalez,DOCUSIGN,15,WKSTN-U1073
APP031273,2026-06-12 15:04:00,U1077,kimberly.harris58,Outlook,5,WKSTN-U1077
APP024861,2026-06-12 14:35:00,U1061,jessica.rodriguez,Zoom,71,WKSTN-U1061
APP020874,2026-06-12 14:33:00,U1051,sandra.king72,Outlook,64,WKSTN-U1051
APP006630,2026-06-12 14:55:00,U1017,emily.hernandez34,Chrome,87,WKSTN-U1017
APP026072,2026-06-12 14:38:00,U1064,matthew.wright55,  Chrome ,52,WKSTN-U1064
APP030890,2026-06-12 15:03:00,U1076,john.torres,Chrome,16,WKSTN-U1076
APP006155,2026-06-12 15:03:00,U1016,patricia.thomas,Docker Desktop,61,WKSTN-U1016
APP038315,2026-06-12 14:46:00,U1093,  sarah.clark44 ,Wireshark,31,WKSTN-U1093
APP010256,2026-06-12 15:38:00,U1025,betty.brown22,Chrome,85,WKSTN-U1025
APP034267,2026-06-12 15:08:00,U1084,,Active Directory Console,3,WKSTN-U1084
APP031274,2026-06-12 15:21:00,U1077,kimberly.harris58,Outlook,55,WKSTN-U1077
APP023668,2026-06-12 15:18:00,U1058,jennifer.ramirez18,Salesforce,19,WKSTN-U1058
APP019710,2026-06-12 15:44:00,U1048,jennifer.thomas87,Excel,87,WKSTN-U1048
APP019709,2026-06-12 15:12:00,U1048,jennifer.thomas87,Chrome,55,WKSTN-U1048
APP001787,2026-06-12 15:11:00,U1005,robert.robinson,Chrome,44,WKSTN-U1005
APP010702,2026-06-12 15:26:00,U1026,elizabeth.gonzalez,Docker Desktop,14,WKSTN-U1026
APP005740,2026-06-12 15:27:00,U1015,lisa.hernandez,Chrome,38,WKSTN-U1015
APP027654,2026-06-12 15:28:00,U1068,susan.thompson34,DocuSign,15,WKSTN-U1068
APP001002,2026-06-12 15:10:00,U1003,,SAP,64,WKSTN-U1003
APP037882,2026-06-12 15:12:00,U1092,steven.thomas,Terminal,57,WKSTN-U1092
APP009801,2026-06-12 15:12:00,U1024,emily.miller,Jenkins,20,
APP005336,2026-06-12 15:25:00,U1014,james.taylor,Chrome,61,WKSTN-U1014
APP038314,2026-06-12 15:38:00,U1093,sarah.clark44,Slack,90,WKSTN-U1093
APP032946,2026-06-12 15:31:00,U1081,margaret.davis,Chrome,56,WKSTN-U1081
APP022872,2026-06-12 15:09:00,U1056,  anthony.clark ,Salesforce,20,WKSTN-U1056
APP012041,2026-06-12 15:42:00,U1029,michelle.garcia54,Slack,60,WKSTN-U1029
APP009355,2026-06-12 15:18:00,U1023,richard.wright,Slack,57,WKSTN-U1023
APP024064,2026-06-12 15:07:00,U1059,  daniel.perez98 ,Excel,28,WKSTN-U1059
APP037427,2026-06-12 15:07:00,U1091,linda.robinson,Wireshark,81,WKSTN-U1091
APP000171,2026-06-12 15:30:00,U1001,linda.johnson95,Outlook,6,WKSTN-U1001
APP002954,2026-06-12 15:40:00,U1008,joshua.hernandez,Excel,76,WKSTN-U1008
APP008007,2026-06-12 15:35:00,U1020,andrew.thomas36,VSCode,32,WKSTN-U1020
APP002581,2026-06-12 15:15:00,U1007,sarah.robinson82,  SAP ,72,WKSTN-U1007
APP022869,2026-06-12 16:01:00,U1056,anthony.clark,Chrome,61,WKSTN-U1056
APP034726,2026-06-12 16:29:00,U1085,barbara.walker67,Slack,69,WKSTN-U1085
APP003340,2026-06-12 15:48:00,U1009,daniel.brown,Excel,17,
APP000170,2026-06-12 16:04:00,U1001,linda.johnson95,Chrome,88,WKSTN-U1001
APP030891,2026-06-12 16:18:00,U1076,john.torres,Word,78,WKSTN-U1076
APP032095,2026-06-12 16:15:00,U1079,emily.jones,PuTTY,80,WKSTN-U1079
APP020466,2026-06-12 16:00:00,U1050,michael.ramirez,Outlook,,WKSTN-U1050
APP026466,2026-06-12 16:01:00,U1065,michael.ramirez47,Outlook,22,WKSTN-U1065
APP019708,2026-06-12 15:54:00,U1048,jennifer.thomas87,,10,WKSTN-U1048
APP004498,2026-06-12 15:54:00,U1012,linda.martinez,Excel,50,WKSTN-U1012
APP028483,2026-06-12 16:06:00,U1070,betty.thomas40,DocuSign,24,WKSTN-U1070
APP004495,2026-06-12 16:41:00,U1012,linda.martinez,QuickBooks,,WKSTN-U1012
APP033374,2026-06-12 16:18:00,U1082,karen.hill96,Terminal,66,WKSTN-U1082
APP015290,2026-06-12 15:46:00,U1037,robert.martin,Excel,41,WKSTN-U1037
APP002579,2026-06-12 16:01:00,U1007,sarah.robinson82,Excel,70,WKSTN-U1007
APP024466,2026-06-12 15:55:00,U1060,matthew.anderson,Zoom,69,WKSTN-U1060	
APP034728,2026-06-12 16:31:00,U1085,barbara.walker67,PuTTY,24,WKSTN-U1085
APP022873,2026-06-12 16:32:00,U1056,anthony.clark,Chrome,31,WKSTN-U1056
APP034266,2026-06-12 15:55:00,U1084,joshua.taylor,Wireshark,65,  WKSTN-U1084 
APP040387,2026-06-12 15:54:00,U1098,nancy.wright49,Chrome,55,WKSTN-U1098
APP035609,2026-06-12 15:48:00,U1087,charles.sanchez,Active Directory Console	,87,WKSTN-U1087
APP008008,2026-06-12 15:49:00,U1020,  andrew.thomas36 ,Chrome,65,WKSTN-U1020
APP027277,2026-06-12 16:40:00,U1067,paul.thomas97,Word,39,
APP031674,2026-06-12 16:17:00,U1078,michelle.miller,Word	,15,WKSTN-U1078
APP026465,2026-06-12 15:50:00,U1065,michael.ramirez47,Outlook,72,WKSTN-U1065
APP024882,2026-06-14 15:01:00,U1061,jessica.rodriguez,Chrome,34,WKSTN-U1061
APP037000,2026-06-13 15:15:00,U1090,mary.hill,Active Directory Console,52,WKSTN-U1090
APP027655,2026-06-12 16:50:00,U1068,susan.thompson34,Outlook,20,WKSTN-U1068
APP007098,2026-06-12 17:44:00,U1018,betty.white57,Slack,83,WKSTN-U1018
APP023666,2026-06-12 16:49:00,U1058,jennifer.ramirez18,Salesforce,72,WKSTN-U1058
APP011614,2026-06-12 17:44:00,U1028,john.hill,  Docker Desktop ,87,WKSTN-U1028
APP024884,2026-06-14 14:50:00,U1061,jessica.rodriguez,Outlook,29,WKSTN-U1061
APP036117,2026-06-15 07:20:00,U1088,,,28,WKSTN-U1088
APP023669,2026-06-12 17:40:00,U1058,jennifer.ramirez18,Excel,72,WKSTN-U1058
APP025277,2026-06-12 17:42:00,U1062,william.martin,Outlook,25,WKSTN-U1062
APP002578,2026-06-12 17:21:00,U1007,sarah.robinson82,SAP,5,WKSTN-U1007
APP016486,2026-06-12 17:42:00,U1040,matthew.martin,Workday,87,WKSTN-U1040
APP036998,2026-06-13 17:07:00,U1090,mary.hill,Active Directory Console,25,
APP030091,2026-06-12 16:57:00,U1074,sarah.williams7,Outlook,89,WKSTN-U1074
APP022075,2026-06-12 16:53:00,U1054,anthony.martinez,Salesforce,55,WKSTN-U1054
APP022871,2026-06-12 16:52:00,U1056,anthony.clark,Outlook,17,  WKSTN-U1056 
APP015289,2026-06-12 17:40:00,U1037,robert.martin,Outlook,61,WKSTN-U1037
APP024881,2026-06-14 11:36:00,U1061,jessica.rodriguez,Zoom,72,WKSTN-U1061
APP035177,2026-06-12 17:40:00,U1086,steven.thompson53,PuTTY,80,WKSTN-U1086
APP036999,2026-06-13 14:24:00,U1090,mary.hill,  PuTTY ,17,WKSTN-U1090
APP000169,2026-06-12 16:57:00,U1001,linda.johnson95,SAP,20,WKSTN-U1001
APP021268,2026-06-12 17:04:00,U1052,paul.taylor,Chrome,30,WKSTN-U1052
APP024883,2026-06-14 12:19:00,U1061,jessica.rodriguez,Excel,35,WKSTN-U1061
APP028904,2026-06-12 16:44:00,U1071,matthew.robinson35,Outlook,54,WKSTN-U1071
APP024880,2026-06-14 15:21:00,U1061,jessica.rodriguez	,Chrome,12,WKSTN-U1061
APP011172,2026-06-15 08:42:00,U1027,patricia.brown75,Slack,74,WKSTN-U1027
APP006173,2026-06-15 08:11:00,U1016,PATRICIA.THOMAS,Git,20,WKSTN-U1016
APP028087,2026-06-15 08:07:00,U1069,jessica.clark,,50,WKSTN-U1069
APP001019,2026-06-15 08:21:00,U1003,kenneth.clark29,  Excel ,85,WKSTN-U1003
APP018488,2026-06-15 08:19:00,U1045,daniel.sanchez90,Outlook,66,WKSTN-U1045
APP027296,2026-06-15 08:28:00,U1067,paul.thomas97,Outlook,32,WKSTN-U1067
APP006175,2026-06-15 08:29:00,U1016,patricia.thomas,Chrome,21,WKSTN-U1016
APP020091,2026-06-15 08:48:00,U1049,michelle.jones59,Excel,63,WKSTN-U1049
APP026092,2026-06-15 08:28:00,U1064,matthew.wright55,Chrome,32,WKSTN-U1064
APP039593,2026-06-15 08:44:00,U1096,david.allen76,Chrome,41,WKSTN-U1096	
APP038780,2026-06-15 08:04:00,U1094,elizabeth.lewis69,Terminal,35,WKSTN-U1094
APP001808,2026-06-15 08:41:00,U1005,robert.robinson,Outlook,84,WKSTN-U1005
APP025295,2026-06-15 08:39:00,U1062,william.martin,Excel,3,WKSTN-U1062
APP037444,2026-06-15 08:57:00,U1091,linda.robinson,  Wireshark ,2,WKSTN-U1091
APP037446,2026-06-15 08:38:00,U1091,linda.robinson,Terminal,45,WKSTN-U1091
APP022507,2026-06-15 08:17:00,U1055,patricia.wilson54,Zoom,51,WKSTN-U1055
APP005758,2026-06-15 08:26:00,U1015,lisa.hernandez,Excel,34,WKSTN-U1015
APP027298,2026-06-15 08:46:00,U1067,paul.thomas97,DocuSign,88,WKSTN-U1067
APP036549,2026-06-15 08:35:00,U1089,paul.brown27,Slack,62,WKSTN-U1089
APP003757,2026-06-15 08:51:00,U1010,susan.young51,,38,WKSTN-U1010
APP036118,2026-06-15 08:22:00,U1088,andrew.smith85,PuTTY,79000.0,WKSTN-U1088
APP028505,2026-06-15 08:07:00,U1070,,Word,46,WKSTN-U1070
APP036548,2026-06-15 08:26:00,U1089,paul.brown27,PuTTY,41,WKSTN-U1089
APP002602,2026-06-15 07:50:00,U1007,sarah.robinson82,Outlook,6,WKSTN-U1007
APP002600,2026-06-15 07:58:00,U1007,sarah.robinson82,Excel,58,WKSTN-U1007
APP039190,2026-06-15 09:40:00,U1095,richard.thomas74,Excel,65,WKSTN-U1095
APP016107,2026-06-15 09:34:00,U1039,mark.thomas,Outlook,50,WKSTN-U1039
APP021678,2026-06-15 09:34:00,U1053,john.jackson31,Outlook,24,WKSTN-U1053
APP040409,2026-06-15 09:15:00,U1098,nancy.wright49,Zoom,55,WKSTN-U1098
APP014907,2026-06-15 09:12:00,U1036,linda.jones,Outlook,14,WKSTN-U1036
APP033831,2026-06-15 09:00:00,U1083,sarah.allen70,Chrome,13,WKSTN-U1083
APP005760,2026-06-15 09:25:00,U1015,lisa.hernandez,chrome,-43.0,WKSTN-U1015
APP008930,2026-06-15 09:25:00,U1022,sandra.brown,Chrome,36,WKSTN-U1022
APP022508,2026-06-15 09:07:00,U1055,patricia.wilson54,Excel,28,WKSTN-U1055
APP024899,2026-06-15 09:15:00,U1061,jessica.rodriguez,Outlook,22,WKSTN-U1061
APP024490,2026-06-15 09:25:00,U1060,matthew.anderson,Excel,61,WKSTN-U1060
APP002213,2026-06-15 09:15:00,U1006,george.gonzalez,Excel,54,WKSTN-U1006
APP038779,2026-06-15 09:14:00,U1094,elizabeth.lewis69,PuTTY,11,  WKSTN-U1094 
APP003755,2026-06-15 09:18:00,U1010,susan.young51,Outlook,41,WKSTN-U1010
APP037903,2026-06-15 09:12:00,U1092,STEVEN.THOMAS,Wireshark,83,WKSTN-U1092
APP020891,2026-06-15 09:22:00,U1051,sandra.king72,  Salesforce ,9,WKSTN-U1051
APP029325,2026-06-15 09:41:00,U1072,kenneth.lopez,Outlook,59,WKSTN-U1072
APP038778,2026-06-15 09:19:00,U1094,  elizabeth.lewis69 ,Wireshark,12,WKSTN-U1094
APP022889,2026-06-15 09:12:00,U1056,anthony.clark,Excel,,WKSTN-U1056
APP014118,2026-06-15 09:02:00,U1034,thomas.allen63,Excel,13,WKSTN-U1034
APP007118,2026-06-15 09:42:00,U1018,betty.white57,Jenkins,88,WKSTN-U1018
APP031289,2026-06-15 09:14:00,U1077,kimberly.harris58,Outlook,25,WKSTN-U1077
APP016903,2026-06-15 09:36:00,U1041,matthew.allen52,Chrome,79,WKSTN-U1041
APP016105,2026-06-15 09:28:00,U1039,mark.thomas,Chrome,66,WKSTN-U1039
APP039592,2026-06-15 09:19:00,U1096,david.allen76,Outlook,82,WKSTN-U1096
APP040790,2026-06-15 10:05:00,U1099,joseph.garcia,Chrome,33,WKSTN-U1099
APP021285,2026-06-15 10:11:00,U1052,paul.taylor,Outlook,63,WKSTN-U1052
APP032968,2026-06-15 09:52:00,U1081,margaret.davis,active directory console	,26,WKSTN-U1081
APP038777,2026-06-15 10:01:00,U1094,elizabeth.lewis69,Chrome,29,WKSTN-U1094
APP004117,2026-06-15 10:11:00,U1011,donna.ramirez75	,SAP,43,WKSTN-U1011
APP018101,2026-06-15 10:04:00,U1044,lisa.ramirez9,Outlook,89,WKSTN-U1044
APP015718,2026-06-15 09:51:00,U1038,emily.clark,Workday,,WKSTN-U1038
APP002212,2026-06-15 09:46:00,U1006,george.gonzalez,SAP,72,WKSTN-U1006
APP014522,2026-06-15 10:13:00,U1035,nancy.rodriguez82,OUTLOOK,72,WKSTN-U1035
APP013736,2026-06-15 10:14:00,U1033,linda.miller,Outlook,10,WKSTN-U1033
APP016109,2026-06-15 09:47:00,U1039,mark.thomas,Workday,74,WKSTN-U1039
APP016900,2026-06-15 10:00:00,U1041,matthew.allen52,Workday,7,WKSTN-U1041
APP028922,2026-06-15 09:51:00,U1071,matthew.robinson35,Outlook,3,
APP001018,2026-06-15 10:08:00,U1003,kenneth.clark29,Chrome,11,WKSTN-U1003
APP023683,2026-06-15 10:10:00,U1058,jennifer.ramirez18,Zoom,80,WKSTN-U1058
APP005759,2026-06-15 09:54:00,U1015,lisa.hernandez,SAP,28,WKSTN-U1015
APP011637,2026-06-15 09:59:00,U1028,john.hill,Slack,11,WKSTN-U1028
APP014520,2026-06-15 10:04:00,U1035,nancy.rodriguez82,,41,WKSTN-U1035
APP005761,2026-06-15 09:57:00,U1015,lisa.hernandez,Outlook,74,WKSTN-U1015
APP039188,2026-06-15 10:01:00,U1095,richard.thomas74,,83,WKSTN-U1095
APP022888,2026-06-15 09:48:00,U1056,anthony.clark,Salesforce,70,WKSTN-U1056
APP041161,2026-06-15 09:52:00,U1100,daniel.brown38,PowerPoint,87000.0,WKSTN-U1100
APP000601,2026-06-15 09:54:00,U1002,donna.ramirez,QuickBooks,50,WKSTN-U1002
APP007116,2026-06-15 09:47:00,U1018,betty.white57,Jenkins,27,WKSTN-U1018
APP034290,2026-06-15 09:57:00,U1084,joshua.taylor,PuTTY,30,WKSTN-U1084
APP001017,2026-06-15 10:26:00,U1003,kenneth.clark29,SAP,48,WKSTN-U1003
APP032114,2026-06-15 10:49:00,U1079,emily.jones,Chrome,18,WKSTN-U1079
APP025294,2026-06-15 10:39:00,U1062,,Outlook,74,WKSTN-U1062
APP028923,2026-06-15 10:19:00,U1071,matthew.robinson35,Word,50,WKSTN-U1071
APP030514,2026-06-15 10:50:00,U1075,steven.lewis,Outlook,36,WKSTN-U1075
APP023684,2026-06-15 10:29:00,U1058,jennifer.ramirez18,CHROME,25,WKSTN-U1058
APP015317,2026-06-15 10:21:00,U1037,  robert.martin ,Workday,20,WKSTN-U1037
APP024084,2026-06-15 10:20:00,U1059,daniel.perez98,Outlook,5,WKSTN-U1059
APP036116,2026-06-15 10:42:00,U1088,andrew.smith85,PuTTY,25,WKSTN-U1088
APP018098,2026-06-15 10:17:00,U1044,lisa.ramirez9,Excel,54,WKSTN-U1044	
APP011171,2026-06-15 10:40:00,U1027,patricia.brown75,Git,34,WKSTN-U1027
APP019318,2026-06-15 10:48:00,U1047,sandra.lewis,Chrome,10,
APP001807,2026-06-15 10:49:00,U1005,robert.robinson,Chrome,60,WKSTN-U1005
APP001415,2026-06-15 10:49:00,U1004,elizabeth.wilson98,Outlook,20,WKSTN-U1004
APP035626,2026-06-15 10:24:00,U1087,charles.sanchez,Terminal,87,WKSTN-U1087
APP001805,2026-06-15 10:18:00,U1005,robert.robinson,SAP,90,WKSTN-U1005
APP019319,2026-06-15 10:21:00,U1047,sandra.lewis,Salesforce,58,WKSTN-U1047
APP023287,2026-06-15 10:33:00,U1057,nancy.sanchez,Outlook,-59.0,WKSTN-U1057
APP030513,2026-06-15 10:15:00,U1075,steven.lewis,Outlook,83,WKSTN-U1075
APP021675,2026-06-15 10:33:00,U1053,john.jackson31,Salesforce,64,WKSTN-U1053
APP011636,2026-06-15 10:32:00,U1028,JOHN.HILL,Git,68,WKSTN-U1028
APP026479,2026-06-15 10:25:00,U1065,michael.ramirez47,Chrome,74,WKSTN-U1065
APP018912,2026-06-15 10:42:00,U1046,,Outlook,22,WKSTN-U1046
APP014521,2026-06-15 10:19:00,U1035,nancy.rodriguez82	,Workday,2,WKSTN-U1035
APP004512,2026-06-15 10:18:00,U1012,,Outlook,42,WKSTN-U1012
APP010276,2026-06-15 11:28:00,U1025,betty.brown22,Jenkins,89,WKSTN-U1025
APP012059,2026-06-15 11:25:00,U1029,michelle.garcia54,VSCode,14,WKSTN-U1029
APP020483,2026-06-15 10:58:00,U1050,michael.ramirez,Zoom,72,WKSTN-U1050
APP034748,2026-06-15 11:38:00,U1085,barbara.walker67,Chrome,90,WKSTN-U1085
APP016509,2026-06-15 10:50:00,U1040,matthew.martin,Workday,74,
APP008462,2026-06-15 10:51:00,U1021,jessica.walker,VSCode	,82,WKSTN-U1021
APP028085,2026-06-15 11:32:00,U1069,jessica.clark,DocuSign,16,WKSTN-U1069
APP034747,2026-06-15 11:30:00,U1085,barbara.walker67,PuTTY,10,WKSTN-U1085
APP032971,2026-06-15 11:06:00,U1081,,Slack,52,WKSTN-U1081
APP030512,2026-06-15 10:53:00,U1075,steven.lewis,DocuSign,31,WKSTN-U1075
APP038331,2026-06-15 11:34:00,U1093,sarah.clark44,PuTTY,24,WKSTN-U1093
APP024491,2026-06-15 11:14:00,U1060,matthew.anderson,Zoom,31,WKSTN-U1060
APP007115,2026-06-15 11:27:00,U1018,betty.white57,Slack,88,WKSTN-U1018
APP029702,2026-06-15 11:32:00,U1073,michael.gonzalez,Chrome,27,WKSTN-U1073
APP040014,2026-06-15 11:10:00,U1097,mark.martinez10,Excel,90,
APP010277,2026-06-15 11:17:00,U1025,betty.brown22,VSCode,42,WKSTN-U1025
APP006651,2026-06-15 11:20:00,U1017,emily.hernandez34,Slack,,WKSTN-U1017
APP016506,2026-06-15 11:03:00,U1040,matthew.martin,Outlook,21,WKSTN-U1040
APP024082,2026-06-15 11:36:00,U1059,daniel.perez98,Salesforce,13,WKSTN-U1059
APP013341,2026-06-15 11:04:00,U1032,paul.wright91,Chrome,47,WKSTN-U1032
APP002975,2026-06-15 11:17:00,U1008,joshua.hernandez,SAP,70,WKSTN-U1008
APP003758,2026-06-15 11:27:00,U1010,susan.young51,Excel,13,WKSTN-U1010
APP026091,2026-06-15 11:35:00,U1064,matthew.wright55,  Chrome ,16,WKSTN-U1064
APP007580,2026-06-15 10:56:00,U1019,donna.anderson,Chrome,70,WKSTN-U1019
APP032969,2026-06-15 10:58:00,U1081,margaret.davis,Active Directory Console,90,WKSTN-U1081
APP018489,2026-06-15 11:40:00,U1045,daniel.sanchez90,Chrome,80,WKSTN-U1045
APP027299,2026-06-15 11:55:00,U1067,paul.thomas97,Outlook,,WKSTN-U1067
APP006650,2026-06-15 12:14:00,U1017,emily.hernandez34,  VSCode ,25,WKSTN-U1017
APP003356,2026-06-15 12:05:00,U1009,  daniel.brown ,Excel,,WKSTN-U1009
APP025292,2026-06-15 12:13:00,U1062,william.martin,Excel,-84.0,WKSTN-U1062
APP025694,2026-06-15 12:11:00,U1063,john.nguyen,Outlook,39,WKSTN-U1063
APP033391,2026-06-15 11:38:00,U1082,karen.hill96,wireshark,54,WKSTN-U1082
APP014518,2026-06-15 11:44:00,U1035,nancy.rodriguez82,WORKDAY,25,WKSTN-U1035
APP014908,2026-06-15 11:47:00,U1036,linda.jones,Workday,61,WKSTN-U1036
APP029701,2026-06-15 11:40:00,U1073,michael.gonzalez,Outlook,62,WKSTN-U1073
APP027670,2026-06-15 11:55:00,U1068,susan.thompson34,DocuSign,46,WKSTN-U1068
APP022089,2026-06-15 11:52:00,U1054,anthony.martinez,Zoom,85,WKSTN-U1054
APP040013,2026-06-15 11:52:00,U1097,mark.martinez10,Outlook,61,WKSTN-U1097
APP028084,2026-06-15 11:46:00,U1069,jessica.clark,Chrome,80,WKSTN-U1069
APP033834,2026-06-15 11:45:00,U1083,  sarah.allen70 ,  PuTTY ,69,WKSTN-U1083
APP023286,2026-06-15 11:55:00,U1057,nancy.sanchez,Zoom,51,WKSTN-U1057
APP004937,2026-06-15 11:48:00,U1013,emily.smith,Outlook,70,WKSTN-U1013
APP005757,2026-06-15 12:12:00,U1015,lisa.hernandez,SAP,49,WKSTN-U1015
APP009376,2026-06-15 12:01:00,U1023,richard.wright,Jenkins,66,WKSTN-U1023
APP019722,2026-06-15 12:03:00,U1048,jennifer.thomas87,  Chrome ,19,WKSTN-U1048
APP003357,2026-06-15 11:57:00,U1009,daniel.brown,SAP,57,WKSTN-U1009
APP031291,2026-06-15 11:57:00,U1077,kimberly.harris58,Word,39,WKSTN-U1077
APP006174,2026-06-15 11:42:00,U1016,patricia.thomas,Git,25,WKSTN-U1016
APP010721,2026-06-15 12:02:00,U1026,elizabeth.gonzalez,Git,80,WKSTN-U1026
APP038334,2026-06-15 11:45:00,U1093,sarah.clark44,PuTTY	,37,WKSTN-U1093
APP024900,2026-06-15 12:14:00,U1061,jessica.rodriguez,Zoom,9,WKSTN-U1061
APP032970,2026-06-15 12:29:00,U1081,MARGARET.DAVIS,Slack	,70,WKSTN-U1081
APP041162,2026-06-15 12:31:00,U1100,daniel.brown38	,Outlook,26,WKSTN-U1100
APP031290,2026-06-15 12:35:00,U1077,KIMBERLY.HARRIS58,Word	,55,WKSTN-U1077
APP000187,2026-06-15 12:18:00,U1001,linda.johnson95,Outlook,63,WKSTN-U1001
APP035622,2026-06-15 12:29:00,U1087,charles.sanchez,Wireshark,41,WKSTN-U1087
APP013737,2026-06-15 12:39:00,U1033,linda.miller,workday,28,WKSTN-U1033
APP030907,2026-06-15 12:32:00,U1076,john.torres,Word,3,WKSTN-U1076
APP029324,2026-06-15 12:28:00,U1072,kenneth.lopez	,Word,9,WKSTN-U1072
APP013738,2026-06-15 12:23:00,U1033,linda.miller,Chrome,49,WKSTN-U1033
APP018102,2026-06-15 12:40:00,U1044,lisa.ramirez9,Chrome,48,WKSTN-U1044
APP034292,2026-06-15 12:27:00,U1084,joshua.taylor,Chrome,14,WKSTN-U1084
APP015715,2026-06-15 12:20:00,U1038,emily.clark,Chrome,68,WKSTN-U1038
APP008022,2026-06-15 12:26:00,U1020,andrew.thomas36,VSCode,40,WKSTN-U1020
APP020486,2026-06-15 12:40:00,U1050,michael.ramirez,Zoom,79,WKSTN-U1050
APP002974,2026-06-15 12:19:00,U1008,joshua.hernandez,Chrome,63,WKSTN-U1008
APP039187,2026-06-15 12:25:00,U1095,richard.thomas74,Chrome,31,WKSTN-U1095
APP036547,2026-06-15 12:38:00,U1089,paul.brown27,PuTTY	,83,WKSTN-U1089
APP020893,2026-06-15 12:34:00,U1051,sandra.king72,Excel,47,WKSTN-U1051
APP002211,2026-06-15 12:23:00,U1006,george.gonzalez,Chrome,49,WKSTN-U1006
APP007579,2026-06-15 12:31:00,U1019,donna.anderson,Jenkins,53,WKSTN-U1019
APP033830,2026-06-15 12:34:00,U1083,sarah.allen70,slack,19,WKSTN-U1083
APP008460,2026-06-15 12:29:00,U1021,jessica.walker,Docker Desktop,66,  WKSTN-U1021 
APP017309,2026-06-15 12:40:00,U1042,michael.hill56,Chrome,29,WKSTN-U1042
APP001020,2026-06-15 12:26:00,U1003,kenneth.clark29,SAP,61,WKSTN-U1003
APP035199,2026-06-15 12:56:00,U1086,steven.thompson53,wireshark,30,WKSTN-U1086
APP009819,2026-06-15 13:14:00,U1024,emily.miller,Jenkins,38,WKSTN-U1024
APP031689,2026-06-15 13:00:00,U1078,michelle.miller,DocuSign,79,WKSTN-U1078
APP028926,2026-06-15 12:54:00,U1071,matthew.robinson35,Chrome,11,WKSTN-U1071
APP001413,2026-06-15 12:53:00,U1004,elizabeth.wilson98,CHROME,67,WKSTN-U1004
APP037902,2026-06-15 12:49:00,U1092,steven.thomas,Slack,35,WKSTN-U1092
APP008023,2026-06-15 13:03:00,U1020,andrew.thomas36,Jenkins,38,WKSTN-U1020
APP031691,2026-06-15 12:46:00,U1078,michelle.miller,DocuSign,65,WKSTN-U1078
APP017706,2026-06-15 12:45:00,U1043,thomas.williams91,Workday,85,WKSTN-U1043
APP035623,2026-06-15 12:52:00,U1087,charles.sanchez,Slack,47,WKSTN-U1087
APP018910,2026-06-15 12:55:00,U1046,michelle.torres39,Workday,55,WKSTN-U1046
APP001016,2026-06-15 12:44:00,U1003,kenneth.clark29,Chrome,77,WKSTN-U1003
APP009818,2026-06-15 13:11:00,U1024,emily.miller,Jenkins,24,WKSTN-U1024
APP024901,2026-06-15 12:52:00,U1061,jessica.rodriguez,Salesforce	,3,WKSTN-U1061
APP035198,2026-06-15 12:48:00,U1086,steven.thompson53,Slack,2,WKSTN-U1086
APP017310,2026-06-15 12:58:00,U1042,michael.hill56,Workday	,30,WKSTN-U1042
APP019723,2026-06-15 13:10:00,U1048,jennifer.thomas87,Excel,3,WKSTN-U1048
APP016507,2026-06-15 12:48:00,U1040,matthew.martin,Excel,27,WKSTN-U1040
APP014519,2026-06-15 12:56:00,U1035,nancy.rodriguez82,Workday,79,WKSTN-U1035
APP038330,2026-06-15 13:10:00,U1093,sarah.clark44,Slack,62,WKSTN-U1093
APP037904,2026-06-15 12:46:00,U1092,steven.thomas,PuTTY,76,WKSTN-U1092
APP024083,2026-06-15 12:58:00,U1059,daniel.perez98,Salesforce,61,WKSTN-U1059
APP038776,2026-06-15 12:58:00,U1094,elizabeth.lewis69,Terminal,68,WKSTN-U1094
APP002601,2026-06-15 13:12:00,U1007,sarah.robinson82,Outlook,16,WKSTN-U1007	
APP032115,2026-06-15 12:48:00,U1079,emily.jones,Terminal,17,
APP027297,2026-06-15 13:47:00,U1067,paul.thomas97,Outlook,55,WKSTN-U1067
APP008463,2026-06-15 13:46:00,U1021,jessica.walker,Jenkins,28,WKSTN-U1021
APP009378,2026-06-15 13:27:00,U1023,richard.wright,,42,WKSTN-U1023
APP000185,2026-06-15 13:39:00,U1001,linda.johnson95,Chrome,18,
APP008931,2026-06-15 13:23:00,U1022,sandra.brown,VSCode,26,  WKSTN-U1022 
APP026093,2026-06-15 13:52:00,U1064,matthew.wright55,Word,22,WKSTN-U1064
APP015316,2026-06-15 13:20:00,U1037,ROBERT.MARTIN,Chrome,54,WKSTN-U1037
APP017308,2026-06-15 13:26:00,U1042,michael.hill56,Chrome,55,WKSTN-U1042
APP031690,2026-06-15 13:36:00,U1078,michelle.miller,Chrome,82,WKSTN-U1078
APP001416,2026-06-15 13:51:00,U1004,elizabeth.wilson98,Outlook,49,WKSTN-U1004
APP008461,2026-06-15 13:33:00,U1021,jessica.walker,VSCode,87,  WKSTN-U1021 
APP003359,2026-06-15 13:53:00,U1009,daniel.brown,Excel,29,WKSTN-U1009
APP012058,2026-06-15 13:23:00,U1029,michelle.garcia54,Docker Desktop,84,WKSTN-U1029
APP028924,2026-06-15 13:15:00,U1071,matthew.robinson35	,Word,31,WKSTN-U1071
APP005351,2026-06-15 13:30:00,U1014,james.taylor,Outlook,20,WKSTN-U1014
APP021677,2026-06-15 13:18:00,U1053,john.jackson31,Chrome,66,WKSTN-U1053
APP019316,2026-06-15 13:34:00,U1047,SANDRA.LEWIS,Zoom,,WKSTN-U1047
APP009377,2026-06-15 13:32:00,U1023,richard.wright,Jenkins,45,WKSTN-U1023
APP005353,2026-06-15 13:44:00,U1014,james.taylor,Chrome,40,WKSTN-U1014
APP014117,2026-06-15 13:46:00,U1034,thomas.allen63,Workday,6,WKSTN-U1034
APP015314,2026-06-15 13:20:00,U1037,robert.martin,Workday,52,WKSTN-U1037
APP000600,2026-06-15 13:48:00,U1002,donna.ramirez,Chrome,51,WKSTN-U1002
APP026094,2026-06-15 13:41:00,U1064,matthew.wright55,Chrome,60,WKSTN-U1064
APP040408,2026-06-15 13:49:00,U1098,nancy.wright49,Chrome,60,WKSTN-U1098
APP016508,2026-06-15 13:36:00,U1040,matthew.martin,Chrome,23,WKSTN-U1040
APP004115,2026-06-15 13:54:00,U1011,donna.ramirez75,SAP,43,WKSTN-U1011
APP014906,2026-06-15 14:12:00,U1036,linda.jones,Workday,28,WKSTN-U1036
APP033833,2026-06-15 14:00:00,U1083,,slack,50,WKSTN-U1083
APP016901,2026-06-15 14:04:00,U1041,matthew.allen52,Chrome,,WKSTN-U1041
APP023285,2026-06-15 14:02:00,U1057,nancy.sanchez,Excel,24,WKSTN-U1057
APP026481,2026-06-15 14:18:00,U1065,michael.ramirez47,DocuSign,69,WKSTN-U1065
APP025291,2026-06-15 13:55:00,U1062,william.martin,Zoom,47,WKSTN-U1062
APP001806,2026-06-15 14:27:00,U1005,,Chrome,80,WKSTN-U1005
APP011635,2026-06-15 14:19:00,U1028,john.hill,Docker Desktop,51,WKSTN-U1028
APP026483,2026-06-15 14:17:00,U1065,michael.ramirez47,Chrome,62,WKSTN-U1065
APP013342,2026-06-15 14:10:00,U1032,paul.wright91,EXCEL,77,WKSTN-U1032	
APP000184,2026-06-15 14:23:00,U1001,linda.johnson95,Chrome,49,WKSTN-U1001
APP032972,2026-06-15 13:58:00,U1081,margaret.davis,Active Directory Console,69,WKSTN-U1081
APP007119,2026-06-15 14:27:00,U1018,betty.white57,Jenkins,69,WKSTN-U1018
APP015313,2026-06-15 14:12:00,U1037,robert.martin,  excel ,41,WKSTN-U1037
APP022887,2026-06-15 14:24:00,U1056,anthony.clark,Zoom,50,WKSTN-U1056
APP016106,2026-06-15 14:01:00,U1039,mark.thomas,Outlook,29,WKSTN-U1039
APP007117,2026-06-15 14:24:00,U1018,betty.white57,Slack,64,WKSTN-U1018
APP033392,2026-06-15 14:25:00,U1082,karen.hill96,Slack,65,WKSTN-U1082
APP021679,2026-06-15 14:13:00,U1053,john.jackson31,Zoom,12,WKSTN-U1053
APP004934,2026-06-15 14:18:00,U1013,emily.smith,Outlook,24,WKSTN-U1013
APP024488,2026-06-15 14:01:00,U1060,matthew.anderson,Excel,87,WKSTN-U1060
APP038332,2026-06-15 14:11:00,U1093,  sarah.clark44 ,Active Directory Console,40,WKSTN-U1093
APP034749,2026-06-15 14:07:00,U1085,barbara.walker67,Active Directory Console,,WKSTN-U1085
APP029703,2026-06-15 13:58:00,U1073,michael.gonzalez,Word,19,WKSTN-U1073
APP004936,2026-06-15 14:39:00,U1013,emily.smith,Outlook,50,WKSTN-U1013
APP029327,2026-06-15 14:52:00,U1072,kenneth.lopez,Chrome,44,WKSTN-U1072
APP002214,2026-06-15 14:39:00,U1006,george.gonzalez,Chrome,39,WKSTN-U1006
APP037015,2026-06-15 14:32:00,U1090,mary.hill	,Chrome,85,WKSTN-U1090
APP031292,2026-06-15 14:50:00,U1077,kimberly.harris58,Chrome,4,WKSTN-U1077
APP020092,2026-06-15 14:42:00,U1049,michelle.jones59,Zoom,13,WKSTN-U1049
APP009375,2026-06-15 14:42:00,U1023,richard.wright,VSCode,53,WKSTN-U1023
APP009820,2026-06-15 14:36:00,U1024,emily.miller,Git,66,WKSTN-U1024
APP025293,2026-06-15 14:37:00,U1062,william.martin,Chrome,,WKSTN-U1062
APP026910,2026-06-15 14:44:00,U1066,michelle.wright62,Word,61,WKSTN-U1066
APP021286,2026-06-15 14:31:00,U1052,paul.taylor,Zoom,,WKSTN-U1052
APP033393,2026-06-15 14:34:00,U1082,karen.hill96,Terminal,89,WKSTN-U1082
APP002976,2026-06-15 14:51:00,U1008,joshua.hernandez,SAP,42,WKSTN-U1008
APP018099,2026-06-15 14:38:00,U1044,lisa.ramirez9,OUTLOOK,86,WKSTN-U1044
APP039595,2026-06-15 14:29:00,U1096,david.allen76,  Chrome ,8,WKSTN-U1096
APP019317,2026-06-15 14:42:00,U1047,sandra.lewis,Outlook,,WKSTN-U1047
APP037445,2026-06-15 14:32:00,U1091,linda.robinson,Terminal,10,WKSTN-U1091
APP035196,2026-06-15 14:40:00,U1086,steven.thompson53,  Slack ,31,
APP027300,2026-06-15 14:48:00,U1067,paul.thomas97,Word,25,WKSTN-U1067
APP029326,2026-06-15 14:39:00,U1072,kenneth.lopez,DocuSign,79,WKSTN-U1072
APP030906,2026-06-15 14:36:00,U1076,john.torres,DocuSign,39,WKSTN-U1076
APP040407,2026-06-15 14:51:00,U1098,nancy.wright49,PowerPoint,45,WKSTN-U1098
APP022090,2026-06-15 14:49:00,U1054,anthony.martinez,Chrome,13,WKSTN-U1054
APP034293,2026-06-15 14:47:00,U1084,joshua.taylor,PuTTY,46,WKSTN-U1084
APP028506,2026-06-15 14:46:00,U1070,betty.thomas40,DocuSign,51,  WKSTN-U1070 
APP013343,2026-06-15 15:14:00,U1032,paul.wright91,Workday,,WKSTN-U1032
APP016902,2026-06-15 15:02:00,U1041,matthew.allen52,,,WKSTN-U1041
APP035625,2026-06-15 15:13:00,U1087,charles.sanchez,Terminal,41,WKSTN-U1087
APP030104,2026-06-15 15:01:00,U1074,sarah.williams7,DocuSign,4,WKSTN-U1074
APP039596,2026-06-15 15:21:00,U1096,DAVID.ALLEN76,Zoom,33,WKSTN-U1096
APP040791,2026-06-15 15:22:00,U1099,joseph.garcia,Chrome,52,WKSTN-U1099
APP020484,2026-06-15 15:21:00,U1050,michael.ramirez,Excel,63,WKSTN-U1050
APP000186,2026-06-15 14:53:00,U1001,,SAP,10,WKSTN-U1001
APP020892,2026-06-15 15:11:00,U1051,sandra.king72,Salesforce,5,WKSTN-U1051
APP015716,2026-06-15 15:19:00,U1038,emily.clark,Excel,19,
APP041163,2026-06-15 15:12:00,U1100,daniel.brown38,Chrome,41,WKSTN-U1100
APP041164,2026-06-15 15:21:00,U1100,daniel.brown38,Excel,77,WKSTN-U1100
APP012921,2026-06-15 14:59:00,U1031,john.wright28,Outlook,19,WKSTN-U1031
APP024487,2026-06-15 15:13:00,U1060,matthew.anderson,Excel,19,WKSTN-U1060
APP016904,2026-06-15 14:55:00,U1041,matthew.allen52,Excel,61,WKSTN-U1041
APP009821,2026-06-15 15:09:00,U1024,emily.miller,Docker Desktop,27,WKSTN-U1024
APP027669,2026-06-15 15:13:00,U1068,susan.thompson34,Outlook,57,WKSTN-U1068
APP036115,2026-06-15 14:59:00,U1088,ANDREW.SMITH85,terminal,37,WKSTN-U1088
APP004935,2026-06-15 14:56:00,U1013,  emily.smith ,SAP,21,WKSTN-U1013
APP035624,2026-06-15 15:14:00,U1087,charles.sanchez,Slack,47,WKSTN-U1087
APP003756,2026-06-15 14:58:00,U1010,susan.young51,QuickBooks,54,WKSTN-U1010
APP039594,2026-06-15 15:25:00,U1096,david.allen76,Chrome,,WKSTN-U1096
APP004513,2026-06-15 15:26:00,U1012,linda.martinez,Chrome,47,WKSTN-U1012
APP033832,2026-06-15 15:18:00,U1083,sarah.allen70,Wireshark,49,WKSTN-U1083
APP006649,2026-06-15 15:13:00,U1017,emily.hernandez34,Chrome,79,WKSTN-U1017
APP015719,2026-06-15 16:01:00,U1038,emily.clark,Chrome,41,WKSTN-U1038
APP020485,2026-06-15 16:12:00,U1050,michael.ramirez,Salesforce,15,WKSTN-U1050
APP005350,2026-06-15 15:34:00,U1014,james.taylor,,89,WKSTN-U1014
APP028925,2026-06-15 15:44:00,U1071,matthew.robinson35,Word,34,WKSTN-U1071
APP026480,2026-06-15 15:42:00,U1065,michael.ramirez47,Word,30,WKSTN-U1065
APP018911,2026-06-15 15:42:00,U1046,michelle.torres39,Outlook,3,
APP034291,2026-06-15 16:16:00,U1084,joshua.taylor,active directory console,40,WKSTN-U1084
APP014116,2026-06-15 16:03:00,U1034,thomas.allen63	,Workday,78,WKSTN-U1034
APP010722,2026-06-15 16:12:00,U1026,elizabeth.gonzalez,Chrome	,10,
APP018913,2026-06-15 15:29:00,U1046,michelle.torres39,Workday,19,WKSTN-U1046
APP020487,2026-06-15 15:58:00,U1050,michael.ramirez,Chrome,62,
APP004514,2026-06-15 16:11:00,U1012,linda.martinez,SAP,3,WKSTN-U1012
APP038333,2026-06-15 15:36:00,U1093,sarah.clark44,Slack,86,WKSTN-U1093
APP030105,2026-06-15 15:27:00,U1074,sarah.williams7,Chrome,,WKSTN-U1074
APP024489,2026-06-15 15:37:00,U1060,matthew.anderson,Outlook,24,WKSTN-U1060
APP001414,2026-06-15 15:48:00,U1004,elizabeth.wilson98,SAP,87,WKSTN-U1004
APP039189,2026-06-15 15:32:00,U1095,richard.thomas74,Chrome,24,WKSTN-U1095
APP015315,2026-06-15 15:43:00,U1037,robert.martin,Outlook,65,WKSTN-U1037
APP040012,2026-06-15 15:52:00,U1097,mark.martinez10,Chrome,30,  WKSTN-U1097 
APP003358,2026-06-15 15:35:00,U1009,  daniel.brown ,Excel,21,WKSTN-U1009
APP016108,2026-06-15 15:57:00,U1039,mark.thomas	,Outlook,64,WKSTN-U1039
APP037901,2026-06-15 15:34:00,U1092,steven.thomas,Slack,59,WKSTN-U1092
APP004116,2026-06-15 15:49:00,U1011,donna.ramirez75,QuickBooks,10,WKSTN-U1011
APP026482,2026-06-15 16:11:00,U1065,michael.ramirez47,Word,51,WKSTN-U1065
APP041160,2026-06-15 15:48:00,U1100,  daniel.brown38 ,Zoom,6,WKSTN-U1100
APP034746,2026-06-15 17:21:00,U1085,barbara.walker67,Active Directory Console,11,WKSTN-U1085
APP011634,2026-06-15 16:19:00,U1028,john.hill,Git,77,WKSTN-U1028
APP013735,2026-06-15 16:45:00,U1033,linda.miller,Workday,46,WKSTN-U1033
APP035195,2026-06-15 16:32:00,U1086,steven.thompson53,Terminal,14,WKSTN-U1086
APP017307,2026-06-15 16:33:00,U1042,michael.hill56,Outlook	,44,WKSTN-U1042
APP006648,2026-06-15 16:56:00,U1017,emily.hernandez34,VSCode,85,WKSTN-U1017
APP016505,2026-06-15 17:17:00,U1040,matthew.martin,Outlook,56,WKSTN-U1040
APP022091,2026-06-15 16:47:00,U1054,anthony.martinez,Chrome,88,WKSTN-U1054
APP008929,2026-06-15 16:40:00,U1022,sandra.brown,Slack,22,WKSTN-U1022
APP025693,2026-06-15 16:54:00,U1063,john.nguyen,Chrome,62,WKSTN-U1063
APP030511,2026-06-15 16:58:00,U1075,steven.lewis,Chrome,4,WKSTN-U1075
APP007578,2026-06-15 17:08:00,U1019,donna.anderson,,35,WKSTN-U1019
APP034745,2026-06-15 17:08:00,U1085,BARBARA.WALKER67,Chrome,87,WKSTN-U1085
APP028086,2026-06-15 16:23:00,U1069,jessica.clark,Chrome,41,WKSTN-U1069
APP021676,2026-06-15 16:47:00,U1053,JOHN.JACKSON31,Salesforce,3,WKSTN-U1053
APP022092,2026-06-15 16:20:00,U1054,anthony.martinez,,89,WKSTN-U1054
APP015717,2026-06-15 16:58:00,U1038,EMILY.CLARK,Outlook,46,WKSTN-U1038
APP029704,2026-06-15 16:18:00,U1073,michael.gonzalez,Chrome,50,WKSTN-U1073
APP005352,2026-06-15 16:37:00,U1014,james.taylor,,25,WKSTN-U1014
APP035197,2026-06-15 16:41:00,U1086,steven.thompson53,Chrome,7,WKSTN-U1086
APP024085,2026-06-15 17:00:00,U1059,daniel.perez98	,Zoom,78,WKSTN-U1059
APP023685,2026-06-15 16:25:00,U1058,jennifer.ramirez18,Chrome,77,WKSTN-U1058
APP026911,2026-06-15 16:28:00,U1066,michelle.wright62,Outlook,61,WKSTN-U1066
APP013340,2026-06-15 17:14:00,U1032,paul.wright91,Chrome,27,WKSTN-U1032
APP017705,2026-06-15 16:40:00,U1043,thomas.williams91,Chrome,13,WKSTN-U1043
APP015735,2026-06-16 08:14:00,U1038,emily.clark,Workday,30,WKSTN-U1038
APP012920,2026-06-15 17:33:00,U1031,john.wright28,Excel,44,WKSTN-U1031
APP013734,2026-06-15 17:55:00,U1033,linda.miller,Chrome,37,
APP021301,2026-06-16 08:18:00,U1052,paul.taylor,Chrome,36,WKSTN-U1052
APP033857,2026-06-16 07:20:00,U1083,sarah.allen70,Active Directory Console,62,WKSTN-U1083
APP009845,2026-06-16 08:13:00,U1024,emily.miller,Chrome,56,WKSTN-U1024
APP023706,2026-06-16 07:16:00,U1058,jennifer.ramirez18,Outlook,,WKSTN-U1058
APP004528,2026-06-16 07:47:00,U1012,linda.martinez,SAP,71,WKSTN-U1012
APP015734,2026-06-16 07:30:00,U1038,emily.clark,Workday,71,WKSTN-U1038
APP034309,2026-06-16 07:28:00,U1084,joshua.taylor,Active Directory Console,65,WKSTN-U1084
APP019737,2026-06-16 08:16:00,U1048,jennifer.thomas87,Zoom,85,WKSTN-U1048
APP026499,2026-06-16 07:41:00,U1065,michael.ramirez47,Chrome,52,WKSTN-U1065
APP001825,2026-06-16 07:53:00,U1005,robert.robinson,  QuickBooks ,80,WKSTN-U1005
APP020105,2026-06-16 08:12:00,U1049,michelle.jones59,Outlook,43,WKSTN-U1049
APP013752,2026-06-16 07:17:00,U1033,linda.miller,Excel,27,WKSTN-U1033
APP001827,2026-06-16 08:17:00,U1005,,SAP,73,WKSTN-U1005
APP014132,2026-06-16 07:41:00,U1034,thomas.allen63,Excel,72,WKSTN-U1034
APP037014,2026-06-15 17:39:00,U1090,mary.hill,Wireshark,7,WKSTN-U1090
APP018100,2026-06-15 17:37:00,U1044,lisa.ramirez9,Workday,90,WKSTN-U1044	
APP001828,2026-06-16 07:51:00,U1005,robert.robinson,QuickBooks,50,WKSTN-U1005
APP038797,2026-06-16 08:13:00,U1094,elizabeth.lewis69,Terminal,76,WKSTN-U1094
APP002230,2026-06-16 08:22:00,U1006,george.gonzalez,Excel,12,WKSTN-U1006
APP008952,2026-06-16 07:46:00,U1022,sandra.brown,Git,17,WKSTN-U1022
APP033856,2026-06-16 07:26:00,U1083,sarah.allen70,Terminal,10,WKSTN-U1083
APP026498,2026-06-16 07:49:00,U1065,michael.ramirez47,Outlook,18,WKSTN-U1065
APP021302,2026-06-16 08:34:00,U1052,paul.taylor,Zoom,26,WKSTN-U1052
APP031709,2026-06-16 08:33:00,U1078,michelle.miller,Chrome,49,WKSTN-U1078
APP019339,2026-06-16 08:36:00,U1047,sandra.lewis,Salesforce,27,  WKSTN-U1047 
APP010742,2026-06-16 08:43:00,U1026,elizabeth.gonzalez,Git,75,WKSTN-U1026
APP009398,2026-06-16 08:51:00,U1023,richard.wright,VSCode,18,WKSTN-U1023
APP028529,2026-06-16 08:54:00,U1070,betty.thomas40,DocuSign,38,WKSTN-U1070
APP034768,2026-06-16 08:26:00,U1085,barbara.walker67,Active Directory Console,5,WKSTN-U1085
APP031712,2026-06-16 09:00:00,U1078,michelle.miller,Chrome,21,WKSTN-U1078
APP004133,2026-06-16 08:29:00,U1011,donna.ramirez75,Outlook,53,WKSTN-U1011
APP016127,2026-06-16 08:52:00,U1039,mark.thomas,Workday,28,WKSTN-U1039
APP034312,2026-06-16 08:31:00,U1084,JOSHUA.TAYLOR,Slack,33,WKSTN-U1084
APP025310,2026-06-16 08:42:00,U1062,william.martin,Outlook,84,WKSTN-U1062
APP027687,2026-06-16 08:59:00,U1068,susan.thompson34,Word,8,WKSTN-U1068
APP020499,2026-06-16 08:56:00,U1050,michael.ramirez,Salesforce,37,WKSTN-U1050
APP007597,2026-06-16 08:52:00,U1019,donna.anderson,VSCode,35,WKSTN-U1019
APP035647,2026-06-16 08:27:00,U1087,charles.sanchez,PuTTY,54,WKSTN-U1087
APP010741,2026-06-16 08:33:00,U1026,elizabeth.gonzalez,Chrome,28,WKSTN-U1026
APP014134,2026-06-16 08:56:00,U1034,thomas.allen63,Excel,68,WKSTN-U1034
APP019337,2026-06-16 08:41:00,U1047,,Salesforce,60,WKSTN-U1047
APP006196,2026-06-16 08:48:00,U1016,patricia.thomas,Docker Desktop,67,WKSTN-U1016
APP020501,2026-06-16 08:38:00,U1050,michael.ramirez,Zoom,18,WKSTN-U1050
APP038798,2026-06-16 08:26:00,U1094,elizabeth.lewis69,PuTTY,76,WKSTN-U1094
APP007141,2026-06-16 08:57:00,U1018,betty.white57,VSCode,76,WKSTN-U1018
APP021305,2026-06-16 08:42:00,U1052,paul.taylor,Chrome,27,  WKSTN-U1052 
APP019738,2026-06-16 08:27:00,U1048,jennifer.thomas87,Chrome,56,WKSTN-U1048
APP014135,2026-06-16 09:53:00,U1034,thomas.allen63,Outlook,34,WKSTN-U1034
APP002231,2026-06-16 09:32:00,U1006,george.gonzalez,Excel,82,WKSTN-U1006
APP004529,2026-06-16 09:48:00,U1012,linda.martinez,Chrome,14,
APP027319,2026-06-16 09:07:00,U1067,paul.thomas97,Outlook,,WKSTN-U1067
APP028944,2026-06-16 09:53:00,U1071,matthew.robinson35,Outlook,38,WKSTN-U1071
APP033860,2026-06-16 09:14:00,U1083,sarah.allen70,PuTTY,29,WKSTN-U1083
APP030121,2026-06-16 09:40:00,U1074,sarah.williams7,Chrome,55,WKSTN-U1074
APP028942,2026-06-16 09:25:00,U1071,matthew.robinson35,DocuSign,84,WKSTN-U1071
APP030120,2026-06-16 09:01:00,U1074,,Chrome,47,WKSTN-U1074
APP021303,2026-06-16 09:03:00,U1052,paul.taylor,Salesforce,61,WKSTN-U1052
APP036135,2026-06-16 09:10:00,U1088,  andrew.smith85 ,PuTTY,53,WKSTN-U1088
APP031310,2026-06-16 09:24:00,U1077,kimberly.harris58,DocuSign,70,WKSTN-U1077
APP020497,2026-06-16 09:39:00,U1050,michael.ramirez,Excel,7,WKSTN-U1050
APP019336,2026-06-16 09:29:00,U1047,sandra.lewis,Salesforce,89,WKSTN-U1047
APP028101,2026-06-16 09:05:00,U1069,jessica.clark,Outlook,90,WKSTN-U1069
APP030119,2026-06-16 09:27:00,U1074,sarah.williams7,Word,75,
APP041181,2026-06-16 09:53:00,U1100,daniel.brown38,Excel,84,WKSTN-U1100
APP030918,2026-06-16 09:40:00,U1076,john.torres,Word,74,WKSTN-U1076
APP026925,2026-06-16 09:46:00,U1066,michelle.wright62,Word,,WKSTN-U1066
APP028103,2026-06-16 09:31:00,U1069,,Chrome,84,WKSTN-U1069
APP025709,2026-06-16 09:20:00,U1063,john.nguyen,Outlook,13,WKSTN-U1063
APP027684,2026-06-16 09:53:00,U1068,susan.thompson34,Outlook,17,WKSTN-U1068
APP013363,2026-06-16 09:41:00,U1032,paul.wright91,Outlook,34,WKSTN-U1032
APP037925,2026-06-16 09:31:00,U1092,steven.thomas,Terminal,59,WKSTN-U1092
APP015336,2026-06-16 09:31:00,U1037,robert.martin,Chrome,69,WKSTN-U1037
APP008040,2026-06-16 10:24:00,U1020,andrew.thomas36,Jenkins,84,WKSTN-U1020
APP023703,2026-06-16 10:18:00,U1058,jennifer.ramirez18,Salesforce,71,WKSTN-U1058
APP028945,2026-06-16 10:05:00,U1071,matthew.robinson35,DocuSign,77,WKSTN-U1071
APP008951,2026-06-16 10:10:00,U1022,SANDRA.BROWN,Slack,22,
APP004132,2026-06-16 10:01:00,U1011,donna.ramirez75,SAP,70,WKSTN-U1011
APP009842,2026-06-16 10:05:00,U1024,emily.miller,Chrome,N/A,WKSTN-U1024
APP005367,2026-06-16 10:25:00,U1014,james.taylor,Excel,89,WKSTN-U1014
APP012939,2026-06-16 10:13:00,U1031,john.wright28,Workday,54,WKSTN-U1031	
APP038354,2026-06-16 10:15:00,U1093,sarah.clark44,PuTTY,14,WKSTN-U1093
APP022527,2026-06-16 10:07:00,U1055,patricia.wilson54,Zoom,62,WKSTN-U1055
APP002619,2026-06-16 10:03:00,U1007,sarah.robinson82,QuickBooks,74,WKSTN-U1007
APP019338,2026-06-16 10:14:00,U1047,sandra.lewis,Excel,78,WKSTN-U1047
APP004531,2026-06-16 10:07:00,U1012,LINDA.MARTINEZ,Chrome,80,WKSTN-U1012
APP011194,2026-06-16 10:23:00,U1027,patricia.brown75,Git,56,WKSTN-U1027
APP021304,2026-06-16 10:01:00,U1052,,chrome,10,WKSTN-U1052
APP028941,2026-06-16 10:13:00,U1071,matthew.robinson35,DocuSign,20,WKSTN-U1071
APP028105,2026-06-16 10:11:00,U1069,jessica.clark,DocuSign,38,WKSTN-U1069
APP006673,2026-06-16 10:21:00,U1017,emily.hernandez34,Git,39,WKSTN-U1017
APP003769,2026-06-16 10:06:00,U1010,susan.young51,Chrome,73,WKSTN-U1010
APP037034,2026-06-16 10:24:00,U1090,mary.hill,Slack,8,WKSTN-U1090
APP007596,2026-06-16 09:55:00,U1019,donna.anderson,Docker Desktop,29,WKSTN-U1019
APP024924,2026-06-16 10:03:00,U1061,jessica.rodriguez,Zoom,12,WKSTN-U1061
APP029345,2026-06-16 10:10:00,U1072,kenneth.lopez,Chrome,69,WKSTN-U1072	
APP039620,2026-06-16 10:21:00,U1096,david.allen76,Outlook,13,WKSTN-U1096
APP023301,2026-06-16 10:27:00,U1057,nancy.sanchez,Excel	,88,WKSTN-U1057
APP008481,2026-06-16 10:40:00,U1021,jessica.walker,Jenkins,78,WKSTN-U1021
APP034769,2026-06-16 10:52:00,U1085,barbara.walker67,TERMINAL,28,WKSTN-U1085
APP022910,2026-06-16 10:30:00,U1056,anthony.clark,Zoom,64,WKSTN-U1056
APP038356,2026-06-16 10:30:00,U1093,sarah.clark44,Active Directory Console,72,WKSTN-U1093
APP036134,2026-06-16 10:53:00,U1088,andrew.smith85,Slack,89,WKSTN-U1088
APP021691,2026-06-16 10:52:00,U1053,john.jackson31,  Outlook ,46,WKSTN-U1053
APP014133,2026-06-16 10:36:00,U1034,thomas.allen63,Chrome,79,WKSTN-U1034
APP031711,2026-06-16 10:38:00,U1078,michelle.miller	,Word,80,WKSTN-U1078
APP020910,2026-06-16 10:37:00,U1051,sandra.king72,Chrome,67,WKSTN-U1051
APP037033,2026-06-16 10:46:00,U1090,mary.hill,TERMINAL,72,WKSTN-U1090
APP037465,2026-06-16 10:47:00,U1091,linda.robinson,Chrome,34,WKSTN-U1091
APP010295,2026-06-16 10:52:00,U1025,betty.brown22,Docker Desktop,30,WKSTN-U1025
APP008042,2026-06-16 10:33:00,U1020,andrew.thomas36,VSCode,24,WKSTN-U1020
APP029721,2026-06-16 10:40:00,U1073,michael.gonzalez,outlook,16,WKSTN-U1073
APP018504,2026-06-16 10:56:00,U1045,daniel.sanchez90,Chrome,60,WKSTN-U1045
APP033409,2026-06-16 10:38:00,U1082,  karen.hill96 ,Terminal,83,WKSTN-U1082
APP029719,2026-06-16 10:55:00,U1073,MICHAEL.GONZALEZ,CHROME,5,WKSTN-U1073
APP022110,2026-06-16 10:43:00,U1054,anthony.martinez,Excel,76,WKSTN-U1054
APP010296,2026-06-16 10:34:00,U1025,betty.brown22,Docker Desktop,68,WKSTN-U1025
APP014923,2026-06-16 10:36:00,U1036,linda.jones,Workday,8,WKSTN-U1036
APP014539,2026-06-16 10:48:00,U1035,nancy.rodriguez82,Workday,52,WKSTN-U1035
APP001829,2026-06-16 10:50:00,U1005,robert.robinson,SAP,81,WKSTN-U1005
APP036571,2026-06-16 10:41:00,U1089,paul.brown27,Wireshark,86,WKSTN-U1089
APP035648,2026-06-16 11:00:00,U1087,charles.sanchez,PuTTY,23,
APP028104,2026-06-16 10:46:00,U1069,jessica.clark,DocuSign,65,WKSTN-U1069
APP002992,2026-06-16 11:29:00,U1008,joshua.hernandez,QUICKBOOKS,66,WKSTN-U1008	
APP041180,2026-06-16 11:04:00,U1100,daniel.brown38,PowerPoint,86,WKSTN-U1100
APP029346,2026-06-16 11:27:00,U1072,kenneth.lopez,DocuSign,22,WKSTN-U1072
APP038800,2026-06-16 11:08:00,U1094,elizabeth.lewis69,Chrome,89,WKSTN-U1094
APP010743,2026-06-16 11:07:00,U1026,elizabeth.gonzalez,Docker Desktop,88,WKSTN-U1026
APP005776,2026-06-16 11:31:00,U1015,lisa.hernandez,,20,WKSTN-U1015
APP039618,2026-06-16 11:08:00,U1096,david.allen76,Chrome,37,WKSTN-U1096
APP025312,2026-06-16 11:06:00,U1062,william.martin,Outlook,28,WKSTN-U1062
APP014925,2026-06-16 11:19:00,U1036,linda.jones,Outlook,18,WKSTN-U1036
APP019736,2026-06-16 11:21:00,U1048,jennifer.thomas87,Chrome,27,WKSTN-U1048
APP016918,2026-06-16 11:34:00,U1041,matthew.allen52,Workday,46,WKSTN-U1041
APP011660,2026-06-16 11:18:00,U1028,john.hill,Slack,65,WKSTN-U1028
APP040805,2026-06-16 11:19:00,U1099,joseph.garcia,Outlook,27,WKSTN-U1099
APP005778,2026-06-16 11:28:00,U1015,lisa.hernandez,Excel,28,WKSTN-U1015
APP000208,2026-06-16 11:33:00,U1001,linda.johnson95,Outlook,17,WKSTN-U1001
APP026110,2026-06-16 11:28:00,U1064,matthew.wright55,  DocuSign ,34,WKSTN-U1064
APP006674,2026-06-16 11:31:00,U1017,emily.hernandez34,Git,16,WKSTN-U1017
APP017723,2026-06-16 11:27:00,U1043,thomas.williams91,Outlook,81,WKSTN-U1043
APP037926,2026-06-16 11:24:00,U1092,steven.thomas,Terminal,64,WKSTN-U1092
APP024101,2026-06-16 11:28:00,U1059,daniel.perez98,excel,39,WKSTN-U1059
APP013362,2026-06-16 11:33:00,U1032,paul.wright91,Chrome,88,WKSTN-U1032
APP002991,2026-06-16 11:19:00,U1008,joshua.hernandez	,SAP,31,WKSTN-U1008
APP025311,2026-06-16 11:32:00,U1062,william.martin,Outlook,56,
APP032989,2026-06-16 11:18:00,U1081,margaret.davis,Terminal,44,WKSTN-U1081
APP005369,2026-06-16 11:35:00,U1014,JAMES.TAYLOR,SAP,62,WKSTN-U1014
APP024102,2026-06-16 12:12:00,U1059,daniel.perez98,Zoom,75,WKSTN-U1059
APP017725,2026-06-16 12:18:00,U1043,thomas.williams91,  CHROME ,26,WKSTN-U1043
APP026111,2026-06-16 11:54:00,U1064,matthew.wright55,DocuSign,59,WKSTN-U1064
APP026926,2026-06-16 11:52:00,U1066,michelle.wright62,Chrome,77,WKSTN-U1066
APP024921,2026-06-16 11:48:00,U1061,jessica.rodriguez	,Chrome,44,WKSTN-U1061
APP007142,2026-06-16 12:25:00,U1018,betty.white57,Docker Desktop,71,WKSTN-U1018
APP038357,2026-06-16 11:42:00,U1093,sarah.clark44,Terminal,,WKSTN-U1093
APP039209,2026-06-16 11:41:00,U1095,richard.thomas74,Excel,36,WKSTN-U1095
APP009843,2026-06-16 12:22:00,U1024,emily.miller,Chrome,82,WKSTN-U1024
APP024507,2026-06-16 11:50:00,U1060,matthew.anderson,Salesforce,68,WKSTN-U1060
APP034770,2026-06-16 11:41:00,U1085,barbara.walker67,Slack,7,WKSTN-U1085
APP028528,2026-06-16 12:26:00,U1070,betty.thomas40,chrome,45,WKSTN-U1070
APP024506,2026-06-16 12:05:00,U1060,matthew.anderson,Salesforce,33,WKSTN-U1060
APP018931,2026-06-16 11:43:00,U1046,michelle.torres39,Excel,67,WKSTN-U1046
APP038355,2026-06-16 12:11:00,U1093,sarah.clark44,Wireshark,11,WKSTN-U1093
APP011658,2026-06-16 11:37:00,U1028,john.hill,Slack,19,WKSTN-U1028
APP036133,2026-06-16 12:16:00,U1088,andrew.smith85,Wireshark,62,WKSTN-U1088
APP020500,2026-06-16 12:02:00,U1050,michael.ramirez,,4,WKSTN-U1050
APP013753,2026-06-16 11:59:00,U1033,linda.miller,Chrome,17,WKSTN-U1033
APP026928,2026-06-16 11:47:00,U1066,michelle.wright62,DocuSign,-86.0,WKSTN-U1066
APP039211,2026-06-16 12:18:00,U1095,richard.thomas74	,Excel,2,WKSTN-U1095
APP005370,2026-06-16 12:01:00,U1014,james.taylor,Chrome,61,
APP033859,2026-06-16 11:43:00,U1083,sarah.allen70,active directory console,30,WKSTN-U1083
APP029718,2026-06-16 11:42:00,U1073,michael.gonzalez,Word,44,WKSTN-U1073
APP003771,2026-06-16 11:36:00,U1010,susan.young51,Excel,25,WKSTN-U1010
APP020106,2026-06-16 12:26:00,U1049,michelle.jones59,Excel,85,WKSTN-U1049
APP018930,2026-06-16 13:01:00,U1046,michelle.torres39,Chrome,71,WKSTN-U1046
APP018120,2026-06-16 12:50:00,U1044,lisa.ramirez9,Outlook,5,WKSTN-U1044
APP019739,2026-06-16 12:57:00,U1048,jennifer.thomas87,Excel,72,WKSTN-U1048
APP024923,2026-06-16 12:29:00,U1061,jessica.rodriguez,  Zoom ,90,WKSTN-U1061
APP009841,2026-06-16 12:26:00,U1024,EMILY.MILLER,  Slack ,72,WKSTN-U1024
APP035216,2026-06-16 12:52:00,U1086,steven.thompson53,Wireshark,82,WKSTN-U1086
APP030920,2026-06-16 12:40:00,U1076,john.torres,DocuSign,81,WKSTN-U1076
APP037035,2026-06-16 12:52:00,U1090,,PuTTY,59,WKSTN-U1090
APP035646,2026-06-16 12:50:00,U1087,charles.sanchez,Terminal,30,WKSTN-U1087
APP009844,2026-06-16 12:40:00,U1024,emily.miller,Slack,27,  WKSTN-U1024 
APP018929,2026-06-16 12:48:00,U1046,michelle.torres39,Outlook,29,WKSTN-U1046
APP015736,2026-06-16 12:30:00,U1038,,workday,10,WKSTN-U1038
APP017326,2026-06-16 12:38:00,U1042,michael.hill56,Outlook,46,WKSTN-U1042
APP016533,2026-06-16 13:01:00,U1040,matthew.martin,Excel,6,WKSTN-U1040
APP006195,2026-06-16 12:46:00,U1016,patricia.thomas,VSCode,24,WKSTN-U1016
APP001437,2026-06-16 12:57:00,U1004,elizabeth.wilson98,SAP,20,WKSTN-U1004
APP023704,2026-06-16 12:39:00,U1058,  jennifer.ramirez18 ,Outlook,35,  WKSTN-U1058 
APP030529,2026-06-16 12:31:00,U1075,steven.lewis,Outlook,60,WKSTN-U1075
APP028102,2026-06-16 12:44:00,U1069,jessica.clark,DocuSign,30,WKSTN-U1069
APP034311,2026-06-16 12:43:00,U1084,joshua.taylor,Terminal,61,WKSTN-U1084
APP001826,2026-06-16 12:45:00,U1005,robert.robinson,Outlook,10,WKSTN-U1005
APP003375,2026-06-16 12:54:00,U1009,daniel.brown,QuickBooks,75,WKSTN-U1009
APP001035,2026-06-16 12:49:00,U1003,kenneth.clark29,Outlook,59,WKSTN-U1003
APP022109,2026-06-16 12:48:00,U1054,anthony.martinez,Zoom,20,WKSTN-U1054
APP022909,2026-06-16 13:32:00,U1056,anthony.clark	,Chrome,66,WKSTN-U1056
APP020498,2026-06-16 13:39:00,U1050,michael.ramirez,  ZOOM ,24,WKSTN-U1050
APP027318,2026-06-16 13:37:00,U1067,paul.thomas97,Chrome,29,WKSTN-U1067
APP036569,2026-06-16 13:10:00,U1089,paul.brown27,PuTTY,43,WKSTN-U1089
APP015334,2026-06-16 13:37:00,U1037,robert.martin,Chrome,88,WKSTN-U1037
APP027685,2026-06-16 13:23:00,U1068,susan.thompson34,Outlook,76,WKSTN-U1068
APP005368,2026-06-16 13:20:00,U1014,james.taylor,QuickBooks,54,WKSTN-U1014
APP024922,2026-06-16 13:35:00,U1061,jessica.rodriguez,ZOOM,34,WKSTN-U1061
APP033858,2026-06-16 13:13:00,U1083,sarah.allen70,Wireshark,55,WKSTN-U1083
APP026497,2026-06-16 13:35:00,U1065,michael.ramirez47,DocuSign,3,WKSTN-U1065
APP026108,2026-06-16 13:30:00,U1064,matthew.wright55,DocuSign,10,WKSTN-U1064
APP036570,2026-06-16 13:01:00,U1089,paul.brown27,Chrome,,WKSTN-U1089
APP021690,2026-06-16 13:37:00,U1053,JOHN.JACKSON31,Excel,11,WKSTN-U1053
APP034310,2026-06-16 13:26:00,U1084,joshua.taylor,wireshark,76,WKSTN-U1084
APP007143,2026-06-16 13:05:00,U1018,betty.white57,Git,44,WKSTN-U1018
APP030531,2026-06-16 13:36:00,U1075,steven.lewis,Outlook,54,WKSTN-U1075
APP012081,2026-06-16 13:35:00,U1029,michelle.garcia54	,Chrome,25,WKSTN-U1029
APP027686,2026-06-16 13:40:00,U1068,susan.thompson34,Outlook,2,WKSTN-U1068
APP025708,2026-06-16 13:24:00,U1063,john.nguyen,Outlook,80,WKSTN-U1063
APP016919,2026-06-16 13:23:00,U1041,,Workday,82,WKSTN-U1041
APP008482,2026-06-16 13:17:00,U1021,jessica.walker,Slack,48,WKSTN-U1021
APP004131,2026-06-16 13:12:00,U1011,donna.ramirez75,  Chrome ,61,WKSTN-U1011
APP038799,2026-06-16 13:30:00,U1094,elizabeth.lewis69,Chrome,25,WKSTN-U1094
APP021693,2026-06-16 13:19:00,U1053,john.jackson31,Zoom,68,WKSTN-U1053
APP026927,2026-06-16 13:05:00,U1066,MICHELLE.WRIGHT62,DocuSign,36,WKSTN-U1066
APP030532,2026-06-16 14:18:00,U1075,steven.lewis,,80,WKSTN-U1075
APP003772,2026-06-16 14:17:00,U1010,susan.young51,Chrome,15,WKSTN-U1010
APP020107,2026-06-16 14:20:00,U1049,michelle.jones59,Excel,26,WKSTN-U1049
APP037924,2026-06-16 14:15:00,U1092,steven.thomas,Chrome,48,WKSTN-U1092
APP030919,2026-06-16 14:02:00,U1076,john.torres,Outlook,89,WKSTN-U1076
APP031713,2026-06-16 13:41:00,U1078,michelle.miller,Outlook,77,WKSTN-U1078
APP010297,2026-06-16 13:48:00,U1025,betty.brown22,docker desktop,57,WKSTN-U1025
APP040806,2026-06-16 14:04:00,U1099,joseph.garcia,Zoom,,WKSTN-U1099
APP007598,2026-06-16 13:55:00,U1019,donna.anderson,JENKINS,69,WKSTN-U1019
APP033410,2026-06-16 13:52:00,U1082,karen.hill96,Active Directory Console	,16,WKSTN-U1082
APP026501,2026-06-16 14:19:00,U1065,michael.ramirez47,Chrome,89,WKSTN-U1065
APP023302,2026-06-16 13:50:00,U1057,nancy.sanchez,Salesforce,34,WKSTN-U1057
APP015333,2026-06-16 14:15:00,U1037,robert.martin,OUTLOOK,26,WKSTN-U1037
APP011661,2026-06-16 14:03:00,U1028,john.hill,Slack,29,WKSTN-U1028
APP017327,2026-06-16 13:53:00,U1042,michael.hill56,Chrome,80,WKSTN-U1042
APP009399,2026-06-16 13:40:00,U1023,richard.wright,Slack,11,WKSTN-U1023
APP000207,2026-06-16 14:17:00,U1001,linda.johnson95,SAP,42,WKSTN-U1001
APP000620,2026-06-16 13:44:00,U1002,donna.ramirez,SAP,38,WKSTN-U1002
APP015332,2026-06-16 14:20:00,U1037,robert.martin,  Chrome ,69,WKSTN-U1037
APP011193,2026-06-16 13:48:00,U1027,patricia.brown75,Slack,70,WKSTN-U1027
APP027688,2026-06-16 13:50:00,U1068,susan.thompson34,Word,12,WKSTN-U1068
APP040425,2026-06-16 14:03:00,U1098,nancy.wright49,Excel,27,WKSTN-U1098
APP006197,2026-06-16 13:50:00,U1016,patricia.thomas,Chrome,80,WKSTN-U1016
APP029722,2026-06-16 13:48:00,U1073,michael.gonzalez,Word,7,WKSTN-U1073
APP032988,2026-06-16 14:16:00,U1081,margaret.davis,Chrome,14,WKSTN-U1081
APP029344,2026-06-16 14:41:00,U1072,kenneth.lopez,Chrome,,WKSTN-U1072
APP022111,2026-06-16 14:48:00,U1054,anthony.martinez,Salesforce,3,WKSTN-U1054
APP022526,2026-06-16 14:35:00,U1055,patricia.wilson54,Chrome,31,WKSTN-U1055
APP031309,2026-06-16 14:50:00,U1077,kimberly.harris58,Outlook,3,WKSTN-U1077
APP039619,2026-06-16 14:45:00,U1096,david.allen76,Excel,87,WKSTN-U1096
APP026109,2026-06-16 14:53:00,U1064,matthew.wright55,DocuSign,5,WKSTN-U1064
APP013361,2026-06-16 14:36:00,U1032,paul.wright91,Workday,32,WKSTN-U1032
APP008483,2026-06-16 14:28:00,U1021,jessica.walker,Docker Desktop,71,WKSTN-U1021
APP003376,2026-06-16 14:56:00,U1009,daniel.brown,QuickBooks,26,  WKSTN-U1009 
APP002617,2026-06-16 14:37:00,U1007,sarah.robinson82,QuickBooks,85,WKSTN-U1007
APP032990,2026-06-16 14:34:00,U1081,margaret.davis,PuTTY,39,WKSTN-U1081
APP001038,2026-06-16 14:50:00,U1003,kenneth.clark29,,68,WKSTN-U1003
APP008950,2026-06-16 14:51:00,U1022,sandra.brown,Jenkins,43,WKSTN-U1022
APP000619,2026-06-16 14:58:00,U1002,donna.ramirez,SAP,74,WKSTN-U1002
APP028943,2026-06-16 14:25:00,U1071,matthew.robinson35,Chrome,79,
APP029720,2026-06-16 14:47:00,U1073,michael.gonzalez,CHROME,49,WKSTN-U1073
APP020912,2026-06-16 14:34:00,U1051,sandra.king72,Salesforce,69,WKSTN-U1051
APP018119,2026-06-16 14:31:00,U1044,lisa.ramirez9,Workday,17,WKSTN-U1044
APP018928,2026-06-16 14:36:00,U1046,michelle.torres39,Chrome,,WKSTN-U1046
APP002620,2026-06-16 14:38:00,U1007,sarah.robinson82,QuickBooks,35,WKSTN-U1007
APP040035,2026-06-16 14:57:00,U1097,mark.martinez10,Zoom,52,WKSTN-U1097
APP010298,2026-06-16 14:34:00,U1025,betty.brown22,Chrome,77,WKSTN-U1025
APP008953,2026-06-16 14:50:00,U1022,  sandra.brown ,Git,45,WKSTN-U1022
APP003378,2026-06-16 14:50:00,U1009,daniel.brown,Chrome,31,WKSTN-U1009
APP037464,2026-06-16 14:24:00,U1091,linda.robinson,Terminal,47,WKSTN-U1091
APP004955,2026-06-16 15:19:00,U1013,emily.smith,Chrome,52,WKSTN-U1013
APP002988,2026-06-16 15:24:00,U1008,joshua.hernandez,QuickBooks,14,WKSTN-U1008
APP035217,2026-06-16 15:28:00,U1086,steven.thompson53,PuTTY,31,WKSTN-U1086
APP039210,2026-06-16 15:16:00,U1095,richard.thomas74,Zoom,15,WKSTN-U1095
APP040423,2026-06-16 15:17:00,U1098,nancy.wright49,Chrome,39,WKSTN-U1098
APP002990,2026-06-16 15:06:00,U1008,joshua.hernandez,Chrome,25,WKSTN-U1008
APP004530,2026-06-16 15:24:00,U1012,linda.martinez,  Excel ,85,WKSTN-U1012
APP008043,2026-06-16 15:13:00,U1020,andrew.thomas36,Docker Desktop,13,WKSTN-U1020
APP022528,2026-06-16 15:35:00,U1055,patricia.wilson54,Outlook,74,WKSTN-U1055
APP031710,2026-06-16 15:24:00,U1078,michelle.miller,DocuSign,65,WKSTN-U1078
APP011196,2026-06-16 15:11:00,U1027,patricia.brown75,Docker Desktop,8,WKSTN-U1027
APP008041,2026-06-16 15:32:00,U1020,andrew.thomas36,  VSCode ,75,WKSTN-U1020
APP032133,2026-06-16 15:19:00,U1079,emily.jones,Terminal,80,WKSTN-U1079
APP005777,2026-06-16 15:33:00,U1015,lisa.hernandez,  Chrome ,63,WKSTN-U1015
APP012938,2026-06-16 15:18:00,U1031,john.wright28,Excel,31,WKSTN-U1031
APP023705,2026-06-16 15:08:00,U1058,jennifer.ramirez18,Zoom,37,WKSTN-U1058
APP017325,2026-06-16 15:20:00,U1042,michael.hill56,Workday,15,WKSTN-U1042
APP026500,2026-06-16 15:03:00,U1065,michael.ramirez47,Outlook,11,WKSTN-U1065
APP012083,2026-06-16 15:37:00,U1029,michelle.garcia54,Chrome,45,WKSTN-U1029
APP028527,2026-06-16 15:08:00,U1070,betty.thomas40,Word,11,WKSTN-U1070
APP001436,2026-06-16 15:12:00,U1004,elizabeth.wilson98,QuickBooks	,22,WKSTN-U1004
APP037927,2026-06-16 15:14:00,U1092,STEVEN.THOMAS,PuTTY,32,WKSTN-U1092
APP039207,2026-06-16 15:25:00,U1095,richard.thomas74,zoom,52,WKSTN-U1095
APP008044,2026-06-16 15:26:00,U1020,andrew.thomas36,Chrome,6,WKSTN-U1020
APP014136,2026-06-16 15:01:00,U1034,thomas.allen63,Outlook,26,WKSTN-U1034
APP040424,2026-06-16 16:07:00,U1098,nancy.wright49,Zoom,44,WKSTN-U1098
APP001037,2026-06-16 15:56:00,U1003,kenneth.clark29,,38,WKSTN-U1003
APP005366,2026-06-16 15:52:00,U1014,james.taylor,QuickBooks,3,WKSTN-U1014
APP016917,2026-06-16 16:01:00,U1041,matthew.allen52,Outlook,85,WKSTN-U1041
APP003770,2026-06-16 16:23:00,U1010,susan.young51,Excel,12,WKSTN-U1010
APP035218,2026-06-16 15:42:00,U1086,steven.thompson53,Active Directory Console,83,WKSTN-U1086
APP002618,2026-06-16 15:54:00,U1007,sarah.robinson82,Chrome,3,
APP040036,2026-06-16 16:08:00,U1097,mark.martinez10,PowerPoint,67,WKSTN-U1097
APP032130,2026-06-16 15:38:00,U1079,emily.jones,Chrome,69,WKSTN-U1079
APP017724,2026-06-16 15:58:00,U1043,thomas.williams91,Chrome,79,WKSTN-U1043
APP003377,2026-06-16 15:51:00,U1009,,Excel,43,WKSTN-U1009
APP016128,2026-06-16 16:00:00,U1039,mark.thomas,Excel,20,WKSTN-U1039
APP017328,2026-06-16 16:09:00,U1042,michael.hill56,Chrome,10,WKSTN-U1042
APP007140,2026-06-16 15:38:00,U1018,betty.white57,Git,50,  WKSTN-U1018 
APP015335,2026-06-16 15:51:00,U1037,robert.martin,Outlook,84,WKSTN-U1037
APP037032,2026-06-16 15:51:00,U1090,mary.hill,Chrome,24,WKSTN-U1090
APP020911,2026-06-16 15:49:00,U1051,sandra.king72,Chrome,90,WKSTN-U1051
APP030122,2026-06-16 15:52:00,U1074,sarah.williams7,Word,20,WKSTN-U1074
APP000206,2026-06-16 15:59:00,U1001,,QuickBooks,67,WKSTN-U1001
APP030530,2026-06-16 15:45:00,U1075,  steven.lewis ,Outlook,19,WKSTN-U1075
APP032132,2026-06-16 16:10:00,U1079,emily.jones,Active Directory Console,60,WKSTN-U1079
APP014538,2026-06-16 15:43:00,U1035,nancy.rodriguez82,Workday,64,WKSTN-U1035
APP012080,2026-06-16 16:20:00,U1029,michelle.garcia54,Slack	,72,WKSTN-U1029
APP025707,2026-06-16 15:48:00,U1063,john.nguyen,Word,35,WKSTN-U1063
APP040807,2026-06-16 16:05:00,U1099,joseph.garcia,Chrome,35,WKSTN-U1099
APP014924,2026-06-16 16:48:00,U1036,linda.jones,Outlook,25,WKSTN-U1036
APP001036,2026-06-16 17:56:00,U1003,kenneth.clark29,Outlook,2,WKSTN-U1003
APP019752,2026-06-17 07:11:00,U1048,jennifer.thomas87,Excel,57,WKSTN-U1048
APP017324,2026-06-16 16:52:00,U1042,michael.hill56,Excel,71,WKSTN-U1042
APP021692,2026-06-16 16:46:00,U1053,john.jackson31,Outlook,65,WKSTN-U1053
APP002989,2026-06-16 17:33:00,U1008,joshua.hernandez,Outlook,45,WKSTN-U1008
APP011192,2026-06-16 16:37:00,U1027,patricia.brown75,Git,48,WKSTN-U1027
APP024920,2026-06-16 16:29:00,U1061,jessica.rodriguez,Excel,56,WKSTN-U1061
APP035219,2026-06-16 16:25:00,U1086,steven.thompson53,Active Directory Console,50,WKSTN-U1086	
APP019751,2026-06-17 07:36:00,U1048,jennifer.thomas87,Salesforce,10,WKSTN-U1048
APP004957,2026-06-16 17:54:00,U1013,emily.smith,Excel,17,WKSTN-U1013
APP011195,2026-06-16 16:38:00,U1027,patricia.brown75,Slack,37,WKSTN-U1027
APP030533,2026-06-16 16:29:00,U1075,steven.lewis,Chrome,68,WKSTN-U1075
APP015349,2026-06-17 07:36:00,U1037,robert.martin,  Excel ,18,WKSTN-U1037
APP039208,2026-06-16 16:36:00,U1095,richard.thomas74,PowerPoint,7,WKSTN-U1095
APP032131,2026-06-16 16:25:00,U1079,EMILY.JONES,Terminal,87,WKSTN-U1079
APP026112,2026-06-16 16:40:00,U1064,matthew.wright55,  Word ,77,  WKSTN-U1064 
APP011659,2026-06-16 16:29:00,U1028,john.hill,VSCode,27,WKSTN-U1028
APP017726,2026-06-16 17:16:00,U1043,thomas.williams91,Outlook,9,WKSTN-U1043
APP000205,2026-06-16 17:49:00,U1001,linda.johnson95,Outlook,18,WKSTN-U1001
APP018503,2026-06-16 16:39:00,U1045,daniel.sanchez90,Chrome,87,WKSTN-U1045
APP016532,2026-06-16 16:38:00,U1040,matthew.martin,Outlook,53,WKSTN-U1040
APP012082,2026-06-16 16:32:00,U1029,michelle.garcia54,Chrome,3,WKSTN-U1029
APP004956,2026-06-16 17:08:00,U1013,emily.smith,SAP,43,WKSTN-U1013
APP037466,2026-06-16 17:32:00,U1091,linda.robinson,Wireshark,33,WKSTN-U1091
APP001452,2026-06-17 08:10:00,U1004,elizabeth.wilson98,Excel,90,WKSTN-U1004
APP040825,2026-06-17 08:29:00,U1099,  joseph.garcia ,Excel,13,WKSTN-U1099
APP001454,2026-06-17 08:52:00,U1004,elizabeth.wilson98,Excel,12,WKSTN-U1004
APP024943,2026-06-17 08:01:00,U1061,jessica.rodriguez,Excel,47,WKSTN-U1061
APP011681,2026-06-17 07:44:00,U1028,john.hill,Chrome,46,WKSTN-U1028
APP040060,2026-06-17 08:54:00,U1097,mark.martinez10,PowerPoint,43,WKSTN-U1097
APP026517,2026-06-17 08:57:00,U1065,michael.ramirez47,Outlook,75,WKSTN-U1065
APP002633,2026-06-17 08:21:00,U1007,sarah.robinson82,Outlook,38,WKSTN-U1007
APP005384,2026-06-17 07:57:00,U1014,james.taylor,SAP,36,WKSTN-U1014
APP015350,2026-06-17 07:59:00,U1037,robert.martin,Outlook,14,WKSTN-U1037
APP002634,2026-06-17 08:58:00,U1007,sarah.robinson82,SAP,43,WKSTN-U1007
APP011218,2026-06-17 08:34:00,U1027,patricia.brown75,Chrome,58,WKSTN-U1027
APP040824,2026-06-17 08:57:00,U1099,joseph.garcia,Chrome,,WKSTN-U1099
APP020930,2026-06-17 08:42:00,U1051,sandra.king72,Salesforce,40,WKSTN-U1051
APP018519,2026-06-17 07:56:00,U1045,daniel.sanchez90,Workday,44,WKSTN-U1045
APP012953,2026-06-17 08:13:00,U1031,john.wright28,Workday,65,WKSTN-U1031
APP020520,2026-06-17 08:40:00,U1050,michael.ramirez,Chrome,35,WKSTN-U1050
APP040059,2026-06-17 08:45:00,U1097,  mark.martinez10 ,Zoom,45,WKSTN-U1097
APP008502,2026-06-17 09:01:00,U1021,jessica.walker,Chrome,29,WKSTN-U1021
APP030934,2026-06-17 07:44:00,U1076,john.torres,Outlook,28,WKSTN-U1076
APP033878,2026-06-17 08:41:00,U1083,SARAH.ALLEN70,PuTTY,49,WKSTN-U1083
APP018522,2026-06-17 08:27:00,U1045,daniel.sanchez90,Excel	,23,WKSTN-U1045
APP020929,2026-06-17 09:00:00,U1051,sandra.king72,Chrome,36,WKSTN-U1051
APP001453,2026-06-17 09:01:00,U1004,elizabeth.wilson98,QuickBooks,18,WKSTN-U1004
APP011216,2026-06-17 08:48:00,U1027,patricia.brown75,Chrome,4,WKSTN-U1027
APP039640,2026-06-17 09:58:00,U1096,david.allen76,Outlook,89,WKSTN-U1096
APP023722,2026-06-17 09:12:00,U1058,jennifer.ramirez18,outlook,11,WKSTN-U1058
APP018948,2026-06-17 09:17:00,U1046,michelle.torres39,Excel,77,WKSTN-U1046
APP015352,2026-06-17 09:51:00,U1037,robert.martin,Chrome,71,WKSTN-U1037
APP019750,2026-06-17 09:30:00,U1048,jennifer.thomas87,Excel,5,WKSTN-U1048
APP010315,2026-06-17 09:56:00,U1025,betty.brown22,Chrome,81,  WKSTN-U1025 
APP037944,2026-06-17 09:25:00,U1092,steven.thomas,Slack,74,WKSTN-U1092
APP021709,2026-06-17 09:52:00,U1053,john.jackson31,Excel,77,WKSTN-U1053
APP002252,2026-06-17 09:56:00,U1006,george.gonzalez,QuickBooks,18,WKSTN-U1006
APP005385,2026-06-17 09:24:00,U1014,james.taylor,Outlook,36,WKSTN-U1014
APP037487,2026-06-17 09:48:00,U1091,linda.robinson,Active Directory Console,61,WKSTN-U1091
APP023317,2026-06-17 10:03:00,U1057,nancy.sanchez,Outlook,68,WKSTN-U1057
APP025729,2026-06-17 09:54:00,U1063,john.nguyen	,Outlook,81,WKSTN-U1063
APP000636,2026-06-17 09:40:00,U1002,donna.ramirez,Excel,49,WKSTN-U1002
APP039229,2026-06-17 09:18:00,U1095,richard.thomas74,PowerPoint,32,WKSTN-U1095
APP019355,2026-06-17 09:52:00,U1047,sandra.lewis,Salesforce,14,WKSTN-U1047
APP012106,2026-06-17 09:39:00,U1029,michelle.garcia54,,52,WKSTN-U1029
APP024521,2026-06-17 09:12:00,U1060,matthew.anderson,Outlook,28,WKSTN-U1060
APP013377,2026-06-17 09:08:00,U1032,paul.wright91,Outlook,16,WKSTN-U1032
APP021321,2026-06-17 09:10:00,U1052,paul.taylor,Chrome,87,WKSTN-U1052
APP029739,2026-06-17 10:00:00,U1073,michael.gonzalez,Chrome,36,WKSTN-U1073
APP003785,2026-06-17 09:37:00,U1010,susan.young51,SAP,11,WKSTN-U1010
APP027701,2026-06-17 09:24:00,U1068,susan.thompson34,Chrome,21,WKSTN-U1068
APP041198,2026-06-17 09:42:00,U1100,daniel.brown38,Outlook,73,WKSTN-U1100
APP040440,2026-06-17 09:44:00,U1098,nancy.wright49,PowerPoint,48,WKSTN-U1098
APP020522,2026-06-17 10:09:00,U1050,michael.ramirez,Excel,28,
APP010761,2026-06-17 10:26:00,U1026,elizabeth.gonzalez,VSCode,49,WKSTN-U1026
APP037483,2026-06-17 10:31:00,U1091,linda.robinson,  Slack ,36,WKSTN-U1091	
APP026944,2026-06-17 10:03:00,U1066,michelle.wright62,Outlook,25,WKSTN-U1066
APP008968,2026-06-17 10:06:00,U1022,sandra.brown,Docker Desktop,27,WKSTN-U1022
APP024944,2026-06-17 10:32:00,U1061,jessica.rodriguez,  Salesforce ,79,  WKSTN-U1061 
APP013767,2026-06-17 10:33:00,U1033,linda.miller,Workday,84,WKSTN-U1033
APP010316,2026-06-17 10:26:00,U1025,betty.brown22,VSCode,40,WKSTN-U1025
APP024119,2026-06-17 10:08:00,U1059,daniel.perez98,Outlook,84,WKSTN-U1059
APP028960,2026-06-17 10:28:00,U1071,matthew.robinson35,Word,24,WKSTN-U1071
APP032151,2026-06-17 10:29:00,U1079,emily.jones,Chrome,65,WKSTN-U1079
APP030935,2026-06-17 10:33:00,U1076,john.torres,Chrome,81,WKSTN-U1076
APP002250,2026-06-17 10:07:00,U1006,george.gonzalez,Chrome,56,WKSTN-U1006	
APP009866,2026-06-17 10:09:00,U1024,emily.miller,VSCode,29,WKSTN-U1024
APP034789,2026-06-17 10:10:00,U1085,barbara.walker67,Chrome,22,WKSTN-U1085
APP022925,2026-06-17 10:07:00,U1056,anthony.clark,Outlook,39,WKSTN-U1056
APP029738,2026-06-17 10:04:00,U1073,michael.gonzalez,Word,27,WKSTN-U1073
APP008967,2026-06-17 10:33:00,U1022,sandra.brown,VSCode,26,WKSTN-U1022
APP033006,2026-06-17 10:08:00,U1081,margaret.davis,Wireshark,74,WKSTN-U1081
APP001848,2026-06-17 10:13:00,U1005,robert.robinson,SAP,60,WKSTN-U1005
APP012105,2026-06-17 10:11:00,U1029,michelle.garcia54,VSCode,25,WKSTN-U1029
APP034330,2026-06-17 10:12:00,U1084,joshua.taylor,Chrome	,16,WKSTN-U1084
APP041196,2026-06-17 10:23:00,U1100,daniel.brown38,Chrome,43,  WKSTN-U1100 
APP000225,2026-06-17 10:03:00,U1001,linda.johnson95,SAP,19,WKSTN-U1001
APP003008,2026-06-17 10:24:00,U1008,joshua.hernandez,SAP,33,WKSTN-U1008
APP038816,2026-06-17 10:39:00,U1094,elizabeth.lewis69,Active Directory Console,50,WKSTN-U1094
APP012952,2026-06-17 10:42:00,U1031,john.wright28,Chrome,N/A,WKSTN-U1031
APP005795,2026-06-17 11:09:00,U1015,lisa.hernandez,Excel,,WKSTN-U1015
APP030138,2026-06-17 10:41:00,U1074,sarah.williams7,DocuSign,16,WKSTN-U1074
APP019356,2026-06-17 10:56:00,U1047,sandra.lewis,Outlook,62,WKSTN-U1047
APP037485,2026-06-17 11:05:00,U1091,linda.robinson,Wireshark,66000.0,WKSTN-U1091
APP006212,2026-06-17 10:53:00,U1016,patricia.thomas,Git,59,WKSTN-U1016
APP007165,2026-06-17 10:58:00,U1018,,Docker Desktop,79,WKSTN-U1018
APP001056,2026-06-17 11:08:00,U1003,kenneth.clark29,sap,88,WKSTN-U1003
APP004549,2026-06-17 11:02:00,U1012,linda.martinez,,41,
APP018131,2026-06-17 10:34:00,U1044,lisa.ramirez9,Outlook,23,WKSTN-U1044
APP025728,2026-06-17 10:36:00,U1063,john.nguyen,Outlook,74,WKSTN-U1063
APP039639,2026-06-17 11:02:00,U1096,david.allen76	,  Excel ,79,WKSTN-U1096
APP004153,2026-06-17 10:37:00,U1011,donna.ramirez75,OUTLOOK,39,WKSTN-U1011
APP039231,2026-06-17 10:48:00,U1095,richard.thomas74,,23,WKSTN-U1095
APP035239,2026-06-17 10:36:00,U1086,steven.thompson53,,61,WKSTN-U1086
APP025331,2026-06-17 11:00:00,U1062,william.martin,Salesforce,46,  WKSTN-U1062 
APP017348,2026-06-17 10:52:00,U1042,michael.hill56,Workday,27,WKSTN-U1042
APP002637,2026-06-17 10:56:00,U1007,sarah.robinson82,Outlook,39,WKSTN-U1007
APP010760,2026-06-17 10:49:00,U1026,elizabeth.gonzalez,Git,28,WKSTN-U1026
APP034788,2026-06-17 10:55:00,U1085,barbara.walker67,Wireshark,6,WKSTN-U1085
APP040438,2026-06-17 10:47:00,U1098,nancy.wright49,Excel,81,WKSTN-U1098
APP003400,2026-06-17 10:51:00,U1009,daniel.brown,QuickBooks,80,WKSTN-U1009
APP002253,2026-06-17 10:43:00,U1006,george.gonzalez,Outlook,47,WKSTN-U1006
APP008060,2026-06-17 10:53:00,U1020,andrew.thomas36,Chrome,69,WKSTN-U1020
APP000223,2026-06-17 11:21:00,U1001,linda.johnson95,Chrome,67,WKSTN-U1001
APP003402,2026-06-17 11:44:00,U1009,daniel.brown,QuickBooks,74,WKSTN-U1009
APP006694,2026-06-17 11:24:00,U1017,emily.hernandez34,Jenkins,76,WKSTN-U1017
APP024522,2026-06-17 11:10:00,U1060,,Salesforce,47,WKSTN-U1060
APP015353,2026-06-17 11:33:00,U1037,robert.martin,Chrome,47,WKSTN-U1037
APP016546,2026-06-17 11:09:00,U1040,matthew.martin,Excel,3,WKSTN-U1040
APP005387,2026-06-17 11:26:00,U1014,james.taylor,Chrome,5,WKSTN-U1014
APP031726,2026-06-17 11:28:00,U1078,michelle.miller,Outlook,15,WKSTN-U1078
APP015749,2026-06-17 11:20:00,U1038,emily.clark,Excel,20,WKSTN-U1038
APP028123,2026-06-17 11:37:00,U1069,jessica.clark,Chrome,69,WKSTN-U1069
APP013374,2026-06-17 11:31:00,U1032,paul.wright91,Excel,83,WKSTN-U1032
APP020120,2026-06-17 11:39:00,U1049,michelle.jones59,Outlook,64,WKSTN-U1049
APP018132,2026-06-17 11:26:00,U1044,lisa.ramirez9,Workday,40,WKSTN-U1044
APP014149,2026-06-17 11:42:00,U1034,thomas.allen63,outlook,38,
APP014936,2026-06-17 11:10:00,U1036,linda.jones,Workday,8,WKSTN-U1036
APP001847,2026-06-17 11:23:00,U1005,robert.robinson,Outlook,44,WKSTN-U1005
APP019753,2026-06-17 11:41:00,U1048,jennifer.thomas87,Zoom,63,WKSTN-U1048
APP011217,2026-06-17 11:43:00,U1027,patricia.brown75,,36,WKSTN-U1027
APP022542,2026-06-17 11:23:00,U1055,patricia.wilson54,Chrome,43,WKSTN-U1055
APP018520,2026-06-17 11:39:00,U1045,daniel.sanchez90,Chrome,79,WKSTN-U1045
APP004974,2026-06-17 11:14:00,U1013,emily.smith,Chrome,8,WKSTN-U1013
APP020519,2026-06-17 11:13:00,U1050,michael.ramirez,Salesforce,48,WKSTN-U1050
APP015748,2026-06-17 11:39:00,U1038,emily.clark,Outlook,46,WKSTN-U1038
APP006211,2026-06-17 11:39:00,U1016,patricia.thomas,Slack,60,WKSTN-U1016
APP004154,2026-06-17 11:21:00,U1011,donna.ramirez75	,SAP,75,WKSTN-U1011
APP004550,2026-06-17 11:59:00,U1012,linda.martinez,SAP,10,WKSTN-U1012
APP021710,2026-06-17 12:01:00,U1053,john.jackson31,Outlook,68,
APP029737,2026-06-17 12:05:00,U1073,michael.gonzalez,Word,86,WKSTN-U1073
APP039232,2026-06-17 11:54:00,U1095,richard.thomas74,Chrome,62,WKSTN-U1095
APP030548,2026-06-17 12:03:00,U1075,steven.lewis,Outlook,16,WKSTN-U1075
APP006215,2026-06-17 12:14:00,U1016,patricia.thomas,Jenkins,20,WKSTN-U1016
APP034333,2026-06-17 12:12:00,U1084,joshua.taylor,Slack,90,WKSTN-U1084
APP037486,2026-06-17 12:03:00,U1091,,Active Directory Console,16,WKSTN-U1091
APP013769,2026-06-17 12:01:00,U1033,linda.miller,Outlook,30,WKSTN-U1033
APP018947,2026-06-17 11:52:00,U1046,michelle.torres39,WORKDAY,18,
APP019354,2026-06-17 12:02:00,U1047,sandra.lewis,Outlook,51,WKSTN-U1047
APP004155,2026-06-17 12:05:00,U1011,donna.ramirez75,QuickBooks,,WKSTN-U1011
APP008969,2026-06-17 11:57:00,U1022,sandra.brown,Slack,48,WKSTN-U1022
APP029361,2026-06-17 11:50:00,U1072,,Word,17,WKSTN-U1072
APP032150,2026-06-17 12:14:00,U1079,emily.jones,PuTTY,3,WKSTN-U1079
APP027334,2026-06-17 12:05:00,U1067,paul.thomas97,DocuSign,41,WKSTN-U1067
APP025731,2026-06-17 11:52:00,U1063,john.nguyen,Outlook,34,WKSTN-U1063
APP016935,2026-06-17 12:05:00,U1041,matthew.allen52,Chrome,64,WKSTN-U1041
APP007164,2026-06-17 11:46:00,U1018,betty.white57,Slack,50,WKSTN-U1018
APP016139,2026-06-17 11:53:00,U1039,mark.thomas,Chrome,,WKSTN-U1039
APP005386,2026-06-17 12:03:00,U1014,james.taylor,SAP,,WKSTN-U1014
APP039642,2026-06-17 12:10:00,U1096,david.allen76,Zoom,15,  WKSTN-U1096 
APP005794,2026-06-17 11:55:00,U1015,lisa.hernandez,Excel,88,WKSTN-U1015
APP035667,2026-06-17 11:51:00,U1087,charles.sanchez,Wireshark,69,WKSTN-U1087
APP014556,2026-06-17 12:06:00,U1035,nancy.rodriguez82,Outlook,30,WKSTN-U1035
APP022128,2026-06-17 12:40:00,U1054,anthony.martinez,Chrome,54,WKSTN-U1054
APP013770,2026-06-17 12:26:00,U1033,,Excel,14,WKSTN-U1033
APP024118,2026-06-17 12:25:00,U1059,daniel.perez98,Excel,8,WKSTN-U1059
APP034331,2026-06-17 12:28:00,U1084,joshua.taylor,Wireshark,83,
APP025730,2026-06-17 12:34:00,U1063,john.nguyen,Chrome,58,WKSTN-U1063
APP006214,2026-06-17 12:37:00,U1016,patricia.thomas,,12,WKSTN-U1016
APP023720,2026-06-17 12:26:00,U1058,jennifer.ramirez18,Salesforce,3,WKSTN-U1058
APP016547,2026-06-17 12:20:00,U1040,matthew.martin,Chrome,37,WKSTN-U1040
APP021322,2026-06-17 12:43:00,U1052,paul.taylor,Zoom,85,WKSTN-U1052
APP037057,2026-06-17 12:38:00,U1090,mary.hill,PuTTY,34,WKSTN-U1090
APP033007,2026-06-17 12:20:00,U1081,margaret.davis,Terminal,9,WKSTN-U1081
APP017742,2026-06-17 12:20:00,U1043,thomas.williams91,Outlook,17,WKSTN-U1043
APP022129,2026-06-17 12:17:00,U1054,  anthony.martinez ,Excel,20,WKSTN-U1054
APP020521,2026-06-17 12:16:00,U1050,,Chrome,22,WKSTN-U1050
APP027335,2026-06-17 12:32:00,U1067,paul.thomas97,DOCUSIGN,54,WKSTN-U1067
APP030550,2026-06-17 12:25:00,U1075,steven.lewis,Outlook,37,WKSTN-U1075
APP030936,2026-06-17 12:43:00,U1076,john.torres,Chrome,25,WKSTN-U1076
APP009417,2026-06-17 12:23:00,U1023,richard.wright,VSCode,76,WKSTN-U1023
APP018521,2026-06-17 12:25:00,U1045,daniel.sanchez90,Excel,30,WKSTN-U1045
APP020122,2026-06-17 12:36:00,U1049,michelle.jones59,Chrome,14,WKSTN-U1049
APP011680,2026-06-17 12:23:00,U1028,john.hill,CHROME,15,WKSTN-U1028
APP006692,2026-06-17 12:33:00,U1017,emily.hernandez34,DOCKER DESKTOP,68,WKSTN-U1017
APP001055,2026-06-17 12:37:00,U1003,kenneth.clark29,Chrome,30,WKSTN-U1003
APP033877,2026-06-17 12:28:00,U1083,sarah.allen70,Chrome,85,WKSTN-U1083
APP037945,2026-06-17 12:18:00,U1092,steven.thomas,Terminal,70,WKSTN-U1092
APP013375,2026-06-17 13:15:00,U1032,paul.wright91,Excel,87,WKSTN-U1032
APP038818,2026-06-17 12:53:00,U1094,elizabeth.lewis69,Wireshark,59,WKSTN-U1094
APP006691,2026-06-17 13:06:00,U1017,emily.hernandez34,Slack,69,WKSTN-U1017
APP022541,2026-06-17 12:55:00,U1055,patricia.wilson54,Excel,38,WKSTN-U1055
APP022926,2026-06-17 12:46:00,U1056,anthony.clark,Salesforce,46,WKSTN-U1056
APP014150,2026-06-17 12:44:00,U1034,thomas.allen63,Outlook,78,WKSTN-U1034
APP041199,2026-06-17 12:46:00,U1100,daniel.brown38,Zoom,49,WKSTN-U1100
APP030937,2026-06-17 12:43:00,U1076,john.torres,Chrome,,WKSTN-U1076
APP014939,2026-06-17 12:49:00,U1036,linda.jones,Excel,51,WKSTN-U1036
APP041197,2026-06-17 12:53:00,U1100,daniel.brown38,outlook,65,WKSTN-U1100
APP037055,2026-06-17 13:09:00,U1090,mary.hill,Active Directory Console,78,WKSTN-U1090
APP015750,2026-06-17 12:58:00,U1038,emily.clark,Excel,57,WKSTN-U1038
APP031324,2026-06-17 13:08:00,U1077,kimberly.harris58,Outlook,8000.0,WKSTN-U1077
APP006693,2026-06-17 12:55:00,U1017,emily.hernandez34,Jenkins,75,
APP000224,2026-06-17 13:05:00,U1001,linda.johnson95,Chrome,7,WKSTN-U1001
APP026516,2026-06-17 12:57:00,U1065,michael.ramirez47,Chrome,87,WKSTN-U1065
APP016140,2026-06-17 13:05:00,U1039,mark.thomas,Workday,19,WKSTN-U1039
APP002635,2026-06-17 12:55:00,U1007,sarah.robinson82,QUICKBOOKS,44,WKSTN-U1007
APP007166,2026-06-17 12:56:00,U1018,betty.white57,VSCode,63,WKSTN-U1018
APP040439,2026-06-17 13:08:00,U1098,nancy.wright49,Excel,75,WKSTN-U1098
APP000635,2026-06-17 12:48:00,U1002,donna.ramirez,SAP,89,WKSTN-U1002
APP020121,2026-06-17 12:54:00,U1049,michelle.jones59,salesforce,17,WKSTN-U1049
APP004973,2026-06-17 13:05:00,U1013,emily.smith	,QuickBooks,57,WKSTN-U1013
APP021324,2026-06-17 12:56:00,U1052,paul.taylor,Chrome,67,WKSTN-U1052
APP003399,2026-06-17 13:02:00,U1009,DANIEL.BROWN,QuickBooks,52,WKSTN-U1009
APP014554,2026-06-17 13:39:00,U1035,nancy.rodriguez82,Outlook,26,WKSTN-U1035
APP005797,2026-06-17 14:02:00,U1015,lisa.hernandez,Outlook,61,WKSTN-U1015
APP000637,2026-06-17 13:35:00,U1002,donna.ramirez,Chrome,59,WKSTN-U1002
APP035238,2026-06-17 13:58:00,U1086,steven.thompson53,PuTTY,49,WKSTN-U1086
APP003786,2026-06-17 13:20:00,U1010,susan.young51,Outlook,19,WKSTN-U1010
APP022126,2026-06-17 13:39:00,U1054,anthony.martinez,Chrome,74,WKSTN-U1054
APP007167,2026-06-17 13:20:00,U1018,betty.white57,Docker Desktop,63,WKSTN-U1018
APP038381,2026-06-17 13:20:00,U1093,sarah.clark44,Wireshark,72,WKSTN-U1093
APP035665,2026-06-17 13:29:00,U1087,charles.sanchez,Wireshark,80,WKSTN-U1087
APP018950,2026-06-17 14:07:00,U1046,michelle.torres39,Outlook,70,WKSTN-U1046
APP014938,2026-06-17 13:21:00,U1036,linda.jones,Workday,41,WKSTN-U1036
APP003784,2026-06-17 13:34:00,U1010,susan.young51,SAP,31,WKSTN-U1010
APP003007,2026-06-17 13:47:00,U1008,joshua.hernandez,Outlook,37,WKSTN-U1008
APP034790,2026-06-17 13:53:00,U1085,barbara.walker67,Active Directory Console,84,WKSTN-U1085
APP009418,2026-06-17 13:27:00,U1023,richard.wright,Chrome,79,WKSTN-U1023
APP020523,2026-06-17 13:55:00,U1050,michael.ramirez,Chrome,52,WKSTN-U1050
APP033429,2026-06-17 13:52:00,U1082,karen.hill96,PuTTY,17,WKSTN-U1082
APP033009,2026-06-17 13:20:00,U1081,margaret.davis,Active Directory Console,28,WKSTN-U1081
APP007163,2026-06-17 13:27:00,U1018,betty.white57,VSCode,71,WKSTN-U1018
APP031723,2026-06-17 13:44:00,U1078,michelle.miller,Outlook,7,WKSTN-U1078
APP001846,2026-06-17 13:39:00,U1005,robert.robinson,QuickBooks,80,WKSTN-U1005
APP027333,2026-06-17 13:46:00,U1067,paul.thomas97,Outlook,47,WKSTN-U1067
APP004971,2026-06-17 13:57:00,U1013,emily.smith,Chrome,26,WKSTN-U1013
APP025334,2026-06-17 13:26:00,U1062,william.martin,Chrome,20,WKSTN-U1062
APP003398,2026-06-17 14:01:00,U1009,daniel.brown,SAP,,WKSTN-U1009
APP008970,2026-06-17 14:29:00,U1022,,VSCode,19,WKSTN-U1022
APP015351,2026-06-17 14:16:00,U1037,  robert.martin ,Workday,6,  WKSTN-U1037 
APP031724,2026-06-17 14:31:00,U1078,michelle.miller,Word,22,WKSTN-U1078
APP016936,2026-06-17 14:37:00,U1041,matthew.allen52,Chrome,66,WKSTN-U1041
APP004972,2026-06-17 14:27:00,U1013,emily.smith,Outlook,71,WKSTN-U1013
APP017741,2026-06-17 14:20:00,U1043,  thomas.williams91 ,Excel,81,WKSTN-U1043
APP009416,2026-06-17 14:17:00,U1023,richard.wright,Git,25,WKSTN-U1023
APP033428,2026-06-17 14:18:00,U1082,karen.hill96,Slack,28,WKSTN-U1082
APP009869,2026-06-17 14:28:00,U1024,emily.miller,Slack,40,WKSTN-U1024
APP037056,2026-06-17 14:13:00,U1090,mary.hill,PuTTY,28,WKSTN-U1090
APP004156,2026-06-17 14:10:00,U1011,donna.ramirez75,Outlook,80,WKSTN-U1011
APP034332,2026-06-17 14:07:00,U1084,joshua.taylor,Active Directory Console,84,WKSTN-U1084
APP001054,2026-06-17 14:26:00,U1003,kenneth.clark29,Chrome,21,WKSTN-U1003
APP036154,2026-06-17 14:27:00,U1088,andrew.smith85,Active Directory Console,33,WKSTN-U1088
APP031323,2026-06-17 14:23:00,U1077,kimberly.harris58,outlook,16,WKSTN-U1077
APP000222,2026-06-17 14:25:00,U1001,linda.johnson95,QuickBooks,20,WKSTN-U1001
APP034791,2026-06-17 14:35:00,U1085,barbara.walker67,Slack,75,WKSTN-U1085
APP021708,2026-06-17 14:36:00,U1053,john.jackson31,Zoom,22,WKSTN-U1053
APP022927,2026-06-17 14:25:00,U1056,anthony.clark,EXCEL,17,WKSTN-U1056
APP020123,2026-06-17 14:17:00,U1049,MICHELLE.JONES59,Excel,,WKSTN-U1049
APP017349,2026-06-17 14:35:00,U1042,michael.hill56,Outlook,64,WKSTN-U1042
APP013768,2026-06-17 14:24:00,U1033,linda.miller,Workday,50,WKSTN-U1033
APP025333,2026-06-17 14:35:00,U1062,william.martin,Excel	,84,WKSTN-U1062
APP028121,2026-06-17 14:13:00,U1069,jessica.clark,Outlook,10,WKSTN-U1069
APP013378,2026-06-17 14:17:00,U1032,paul.wright91,Outlook,44,WKSTN-U1032
APP025732,2026-06-17 14:59:00,U1063,john.nguyen,DocuSign,,WKSTN-U1063
APP013376,2026-06-17 14:48:00,U1032,paul.wright91,Outlook,,WKSTN-U1032	
APP001845,2026-06-17 14:44:00,U1005,robert.robinson,QuickBooks,76,WKSTN-U1005
APP022540,2026-06-17 14:42:00,U1055,patricia.wilson54	,Salesforce,50,WKSTN-U1055
APP014937,2026-06-17 14:50:00,U1036,linda.jones,Excel,25,WKSTN-U1036
APP026943,2026-06-17 15:16:00,U1066,michelle.wright62,Word,55,WKSTN-U1066
APP037058,2026-06-17 14:59:00,U1090,mary.hill,Wireshark,51,WKSTN-U1090
APP017347,2026-06-17 14:41:00,U1042,michael.hill56,Outlook,88,WKSTN-U1042
APP001844,2026-06-17 14:45:00,U1005,robert.robinson	,Outlook,78,WKSTN-U1005
APP029362,2026-06-17 15:10:00,U1072,kenneth.lopez,Chrome,34,WKSTN-U1072
APP038380,2026-06-17 15:15:00,U1093,sarah.clark44,Wireshark,30,WKSTN-U1093
APP028124,2026-06-17 15:10:00,U1069,jessica.clark,DocuSign,70,WKSTN-U1069
APP011679,2026-06-17 15:08:00,U1028,john.hill,Slack,13,WKSTN-U1028
APP023316,2026-06-17 14:44:00,U1057,nancy.sanchez,Zoom,7,WKSTN-U1057
APP030549,2026-06-17 14:42:00,U1075,steven.lewis,DocuSign,42,WKSTN-U1075
APP004548,2026-06-17 14:48:00,U1012,linda.martinez,Chrome,21,WKSTN-U1012
APP037484,2026-06-17 14:49:00,U1091,linda.robinson,Active Directory Console,63,WKSTN-U1091
APP026515,2026-06-17 14:38:00,U1065,michael.ramirez47,Outlook,9,
APP005796,2026-06-17 15:10:00,U1015,lisa.hernandez,Excel,18,WKSTN-U1015
APP033008,2026-06-17 15:15:00,U1081,margaret.davis,Chrome,53,  WKSTN-U1081 
APP009867,2026-06-17 14:50:00,U1024,emily.miller,Git,41,WKSTN-U1024
APP007614,2026-06-17 14:48:00,U1019,  donna.anderson ,Chrome,21,WKSTN-U1019
APP007616,2026-06-17 14:57:00,U1019,donna.anderson,slack,15,WKSTN-U1019
APP031322,2026-06-17 15:02:00,U1077,kimberly.harris58,DocuSign,62,WKSTN-U1077
APP009868,2026-06-17 14:57:00,U1024,emily.miller,Chrome,24,WKSTN-U1024
APP027700,2026-06-17 15:44:00,U1068,susan.thompson34,Chrome,86,WKSTN-U1068
APP007615,2026-06-17 15:38:00,U1019,donna.anderson,Docker Desktop,53,WKSTN-U1019
APP035664,2026-06-17 15:38:00,U1087,charles.sanchez,Chrome,79,WKSTN-U1087
APP019749,2026-06-17 15:25:00,U1048,jennifer.thomas87,Zoom,89,WKSTN-U1048
APP029363,2026-06-17 15:19:00,U1072,kenneth.lopez,Chrome,10,WKSTN-U1072
APP026945,2026-06-17 15:30:00,U1066,michelle.wright62,DocuSign,52,WKSTN-U1066
APP006213,2026-06-17 15:17:00,U1016,patricia.thomas,Jenkins,49,WKSTN-U1016
APP009870,2026-06-17 15:47:00,U1024,emily.miller,Docker Desktop,50,WKSTN-U1024
APP030137,2026-06-17 15:39:00,U1074,sarah.williams7,Outlook,53,WKSTN-U1074
APP036153,2026-06-17 15:41:00,U1088,andrew.smith85,PuTTY,33,WKSTN-U1088
APP008504,2026-06-17 15:22:00,U1021,jessica.walker,Chrome,23,WKSTN-U1021
APP015751,2026-06-17 15:22:00,U1038,emily.clark,Chrome,29,WKSTN-U1038
APP014148,2026-06-17 15:44:00,U1034,thomas.allen63,Excel,90,WKSTN-U1034
APP031326,2026-06-17 15:41:00,U1077,kimberly.harris58,DocuSign,53,WKSTN-U1077
APP004152,2026-06-17 15:32:00,U1011,donna.ramirez75,Outlook,30,WKSTN-U1011
APP026127,2026-06-17 15:17:00,U1064,matthew.wright55,DocuSign,21,WKSTN-U1064
APP028961,2026-06-17 15:38:00,U1071,MATTHEW.ROBINSON35,  Word ,81,WKSTN-U1071
APP025332,2026-06-17 15:20:00,U1062,william.martin,Outlook,67,WKSTN-U1062
APP008503,2026-06-17 15:19:00,U1021,jessica.walker,Chrome,55,WKSTN-U1021
APP031725,2026-06-17 15:42:00,U1078,michelle.miller,DocuSign,51,WKSTN-U1078
APP002249,2026-06-17 15:19:00,U1006,george.gonzalez,Outlook,10,WKSTN-U1006
APP039643,2026-06-17 15:40:00,U1096,david.allen76,Excel,2,WKSTN-U1096
APP023721,2026-06-17 15:43:00,U1058,jennifer.ramirez18,Zoom,13,WKSTN-U1058
APP024942,2026-06-17 15:20:00,U1061,JESSICA.RODRIGUEZ,,53,WKSTN-U1061
APP034329,2026-06-17 15:21:00,U1084,joshua.taylor,PuTTY,75,WKSTN-U1084
APP017740,2026-06-17 16:12:00,U1043,thomas.williams91,Workday,27,WKSTN-U1043
APP003006,2026-06-17 16:18:00,U1008,joshua.hernandez,Excel,81,WKSTN-U1008
APP031325,2026-06-17 16:06:00,U1077,kimberly.harris58,Word,75,WKSTN-U1077
APP035666,2026-06-17 16:30:00,U1087,charles.sanchez,Terminal,51,WKSTN-U1087
APP002636,2026-06-17 16:04:00,U1007,sarah.robinson82,OUTLOOK,85,WKSTN-U1007
APP011215,2026-06-17 15:52:00,U1027,,Jenkins,48,WKSTN-U1027
APP021323,2026-06-17 16:01:00,U1052,paul.taylor,CHROME,21,WKSTN-U1052
APP038819,2026-06-17 16:30:00,U1094,,PuTTY,25,WKSTN-U1094
APP000634,2026-06-17 16:26:00,U1002,donna.ramirez,Outlook,66,WKSTN-U1002
APP028122,2026-06-17 16:29:00,U1069,jessica.clark,DocuSign,19,WKSTN-U1069
APP032152,2026-06-17 15:58:00,U1079,emily.jones,Chrome,79,WKSTN-U1079
APP026125,2026-06-17 16:31:00,U1064,matthew.wright55,Chrome,38,WKSTN-U1064
APP036586,2026-06-17 16:08:00,U1089,paul.brown27,PuTTY,90,WKSTN-U1089
APP021320,2026-06-17 16:03:00,U1052,paul.taylor,Chrome,24,WKSTN-U1052
APP028543,2026-06-17 16:40:00,U1070,betty.thomas40,Word,3,WKSTN-U1070
APP033430,2026-06-17 16:23:00,U1082,karen.hill96,  Chrome ,51,WKSTN-U1082
APP039230,2026-06-17 16:08:00,U1095,richard.thomas74,Outlook,76,WKSTN-U1095
APP005383,2026-06-17 16:02:00,U1014,james.taylor,Chrome,72,WKSTN-U1014
APP036587,2026-06-17 16:39:00,U1089,paul.brown27,Terminal,86,WKSTN-U1089
APP018949,2026-06-17 15:53:00,U1046,michelle.torres39,Workday,24,WKSTN-U1046
APP040061,2026-06-17 16:03:00,U1097,mark.martinez10,Chrome,42,WKSTN-U1097
APP001057,2026-06-17 16:04:00,U1003,kenneth.clark29,Outlook,59,WKSTN-U1003
APP040058,2026-06-17 15:52:00,U1097,mark.martinez10,PowerPoint	,82,WKSTN-U1097
APP003401,2026-06-17 16:28:00,U1009,daniel.brown,SAP,84,WKSTN-U1009
APP039641,2026-06-17 16:03:00,U1096,david.allen76,Zoom,83,WKSTN-U1096
APP030139,2026-06-17 16:43:00,U1074,sarah.williams7,Outlook,56,
APP033431,2026-06-17 16:46:00,U1082,karen.hill96,chrome,44,WKSTN-U1082
APP023332,2026-06-18 07:48:00,U1057,nancy.sanchez,Excel,21,WKSTN-U1057
APP016548,2026-06-17 17:56:00,U1040,matthew.martin,Chrome,13,WKSTN-U1040
APP016549,2026-06-17 17:42:00,U1040,matthew.martin,Chrome,39,WKSTN-U1040
APP014151,2026-06-17 17:45:00,U1034,thomas.allen63,Chrome,3,WKSTN-U1034
APP028542,2026-06-17 17:15:00,U1070,betty.thomas40,DocuSign,88,WKSTN-U1070
APP029740,2026-06-17 17:03:00,U1073,michael.gonzalez,Chrome,3,WKSTN-U1073
APP002268,2026-06-18 07:31:00,U1006,george.gonzalez,Chrome,55,WKSTN-U1006
APP014555,2026-06-17 17:30:00,U1035,nancy.rodriguez82,Outlook,20,WKSTN-U1035
APP038817,2026-06-17 17:50:00,U1094,elizabeth.lewis69,Slack,61,WKSTN-U1094
APP012123,2026-06-18 07:24:00,U1029,michelle.garcia54,Slack,8,WKSTN-U1029
APP022127,2026-06-17 16:52:00,U1054,anthony.martinez,Zoom,8,WKSTN-U1054
APP028544,2026-06-17 17:56:00,U1070,betty.thomas40,DocuSign,62,WKSTN-U1070
APP026126,2026-06-17 17:02:00,U1064,matthew.wright55,DocuSign,33,WKSTN-U1064
APP002251,2026-06-17 17:21:00,U1006,george.gonzalez,QuickBooks,20,WKSTN-U1006
APP035253,2026-06-18 07:37:00,U1086,steven.thompson53	,Terminal,37,WKSTN-U1086
APP018539,2026-06-18 07:33:00,U1045,daniel.sanchez90,Chrome,57,WKSTN-U1045
APP028974,2026-06-18 07:45:00,U1071,matthew.robinson35,Chrome,11,WKSTN-U1071
APP031343,2026-06-18 07:20:00,U1077,kimberly.harris58,DocuSign,18,  WKSTN-U1077 
APP008061,2026-06-17 17:36:00,U1020,andrew.thomas36,Chrome,8,WKSTN-U1020
APP036609,2026-06-18 07:29:00,U1089,paul.brown27,Terminal,4,WKSTN-U1089
APP021730,2026-06-18 07:35:00,U1053,john.jackson31,Outlook,67,WKSTN-U1053
APP036588,2026-06-17 16:48:00,U1089,paul.brown27,Terminal,2,WKSTN-U1089
APP035668,2026-06-17 16:43:00,U1087,charles.sanchez,Terminal,46,WKSTN-U1087
APP034810,2026-06-18 08:41:00,U1085,barbara.walker67,Terminal,63,WKSTN-U1085
APP041214,2026-06-18 08:57:00,U1100,daniel.brown38,Outlook,87,WKSTN-U1100
APP040458,2026-06-18 08:24:00,U1098,nancy.wright49,EXCEL,10,WKSTN-U1098
APP001865,2026-06-18 08:15:00,U1005,robert.robinson,Excel,18,WKSTN-U1005
APP026537,2026-06-18 08:34:00,U1065,michael.ramirez47,Outlook,88,WKSTN-U1065
APP020542,2026-06-18 07:51:00,U1050,,Zoom,61,WKSTN-U1050
APP016156,2026-06-18 08:57:00,U1039,mark.thomas,Excel,86,WKSTN-U1039
APP001473,2026-06-18 08:44:00,U1004,elizabeth.wilson98,Outlook,38,WKSTN-U1004
APP031345,2026-06-18 08:10:00,U1077,  kimberly.harris58 ,,29,WKSTN-U1077
APP003423,2026-06-18 09:01:00,U1009,daniel.brown,QuickBooks,59,WKSTN-U1009
APP001472,2026-06-18 08:27:00,U1004,elizabeth.wilson98,QuickBooks	,65,WKSTN-U1004
APP008083,2026-06-18 08:02:00,U1020,andrew.thomas36,Docker Desktop,87,WKSTN-U1020
APP009887,2026-06-18 08:55:00,U1024,emily.miller,Git,64,WKSTN-U1024
APP006236,2026-06-18 08:25:00,U1016,patricia.thomas,Git,79,WKSTN-U1016
APP028561,2026-06-18 08:04:00,U1070,betty.thomas40,Outlook,33,WKSTN-U1070
APP026538,2026-06-18 08:09:00,U1065,michael.ramirez47,Word	,67,WKSTN-U1065
APP023741,2026-06-18 08:17:00,U1058,jennifer.ramirez18,zoom,82,WKSTN-U1058
APP002269,2026-06-18 08:41:00,U1006,george.gonzalez,Excel,,WKSTN-U1006
APP031341,2026-06-18 08:18:00,U1077,kimberly.harris58,DocuSign,67,WKSTN-U1077
APP010779,2026-06-18 08:34:00,U1026,elizabeth.gonzalez,Slack,57,WKSTN-U1026
APP003024,2026-06-18 08:51:00,U1008,joshua.hernandez,  Outlook ,56,WKSTN-U1008
APP018538,2026-06-18 08:24:00,U1045,daniel.sanchez90,Workday,19,WKSTN-U1045
APP003424,2026-06-18 08:14:00,U1009,daniel.brown,Outlook,79,WKSTN-U1009	
APP020539,2026-06-18 08:11:00,U1050,michael.ramirez,Zoom,66,  WKSTN-U1050 
APP002267,2026-06-18 08:05:00,U1006,george.gonzalez,Excel,11,WKSTN-U1006
APP030566,2026-06-18 09:35:00,U1075,steven.lewis,DocuSign,69,
APP002658,2026-06-18 09:22:00,U1007,sarah.robinson82,Excel,17,  WKSTN-U1007 
APP011694,2026-06-18 09:27:00,U1028,,Slack,25,WKSTN-U1028
APP012973,2026-06-18 09:15:00,U1031,john.wright28,Workday,64,WKSTN-U1031
APP018537,2026-06-18 09:12:00,U1045,daniel.sanchez90,Workday,4,WKSTN-U1045
APP033447,2026-06-18 09:34:00,U1082,karen.hill96,Chrome,23,WKSTN-U1082
APP005819,2026-06-18 09:02:00,U1015,lisa.hernandez,Chrome,81,WKSTN-U1015
APP004998,2026-06-18 09:21:00,U1013,emily.smith,Excel,83,WKSTN-U1013	
APP020141,2026-06-18 09:03:00,U1049,michelle.jones59,Salesforce,7,WKSTN-U1049	
APP000656,2026-06-18 09:31:00,U1002,donna.ramirez,SAP,85,WKSTN-U1002
APP004567,2026-06-18 09:11:00,U1012,LINDA.MARTINEZ,QuickBooks,22,WKSTN-U1012
APP020139,2026-06-18 09:36:00,U1049,michelle.jones59,Salesforce,23,WKSTN-U1049
APP037966,2026-06-18 09:18:00,U1092,steven.thomas,Chrome,24,WKSTN-U1092
APP022942,2026-06-18 09:29:00,U1056,anthony.clark,Excel,14,WKSTN-U1056
APP017360,2026-06-18 09:38:00,U1042,michael.hill56,Excel,39,WKSTN-U1042
APP026963,2026-06-18 09:37:00,U1066,michelle.wright62,DocuSign,7,WKSTN-U1066
APP007635,2026-06-18 09:22:00,U1019,donna.anderson,Chrome,2,WKSTN-U1019
APP007185,2026-06-18 09:32:00,U1018,betty.white57,Chrome,52,WKSTN-U1018
APP021340,2026-06-18 09:02:00,U1052,paul.taylor,Zoom,72,WKSTN-U1052
APP004171,2026-06-18 09:11:00,U1011,donna.ramirez75,Chrome,52,WKSTN-U1011
APP026962,2026-06-18 09:22:00,U1066,michelle.wright62	,DocuSign,64,WKSTN-U1066
APP016157,2026-06-18 09:18:00,U1039,mark.thomas,Workday,81,WKSTN-U1039
APP023330,2026-06-18 09:10:00,U1057,nancy.sanchez,,,WKSTN-U1057
APP018972,2026-06-18 09:04:00,U1046,michelle.torres39,Chrome,62,WKSTN-U1046
APP016565,2026-06-18 09:18:00,U1040,matthew.martin,Excel,60,WKSTN-U1040
APP006235,2026-06-18 10:10:00,U1016,patricia.thomas,VSCode,37,WKSTN-U1016
APP015370,2026-06-18 10:06:00,U1037,robert.martin,Chrome,33,WKSTN-U1037
APP024534,2026-06-18 09:57:00,U1060,,Excel,89,WKSTN-U1060
APP027347,2026-06-18 10:17:00,U1067,paul.thomas97	,DocuSign,66,WKSTN-U1067
APP019372,2026-06-18 10:10:00,U1047,sandra.lewis,Excel,70,WKSTN-U1047
APP014573,2026-06-18 09:38:00,U1035,nancy.rodriguez82,Workday,87,WKSTN-U1035
APP010780,2026-06-18 09:52:00,U1026,elizabeth.gonzalez,Jenkins,25,WKSTN-U1026
APP007636,2026-06-18 10:14:00,U1019,donna.anderson,Chrome,42,WKSTN-U1019
APP012975,2026-06-18 09:58:00,U1031,john.wright28,Outlook,62,WKSTN-U1031
APP025349,2026-06-18 09:40:00,U1062,william.martin,Salesforce,70,WKSTN-U1062
APP039248,2026-06-18 09:39:00,U1095,richard.thomas74,PowerPoint	,49,WKSTN-U1095
APP010781,2026-06-18 10:05:00,U1026,elizabeth.gonzalez,VSCode,32,WKSTN-U1026
APP007184,2026-06-18 09:56:00,U1018,betty.white57,Slack,71,WKSTN-U1018
APP024963,2026-06-18 10:10:00,U1061,jessica.rodriguez,Chrome,40,WKSTN-U1061
APP008526,2026-06-18 10:15:00,U1021,jessica.walker,Slack,53,WKSTN-U1021
APP038398,2026-06-18 09:46:00,U1093,sarah.clark44,  Active Directory Console ,59,WKSTN-U1093
APP034808,2026-06-18 10:12:00,U1085,barbara.walker67,Wireshark,31,WKSTN-U1085
APP018973,2026-06-18 09:48:00,U1046,michelle.torres39,Chrome,18,WKSTN-U1046
APP028562,2026-06-18 10:02:00,U1070,betty.thomas40,Word,19,WKSTN-U1070
APP013784,2026-06-18 09:54:00,U1033,linda.miller,Excel,28,WKSTN-U1033
APP017361,2026-06-18 10:12:00,U1042,michael.hill56,Chrome,55,WKSTN-U1042
APP036610,2026-06-18 09:46:00,U1089,paul.brown27,,42,WKSTN-U1089
APP034357,2026-06-18 09:46:00,U1084,joshua.taylor,PuTTY,77,WKSTN-U1084
APP018147,2026-06-18 10:03:00,U1044,lisa.ramirez9,Workday,90,WKSTN-U1044
APP028142,2026-06-18 10:07:00,U1069,jessica.clark,DocuSign,9,WKSTN-U1069
APP014574,2026-06-18 11:11:00,U1035,nancy.rodriguez82,Workday,-33.0,WKSTN-U1035	
APP005403,2026-06-18 10:38:00,U1014,james.taylor,SAP,40,WKSTN-U1014
APP034806,2026-06-18 10:50:00,U1085,barbara.walker67,PUTTY,33,WKSTN-U1085	
APP006718,2026-06-18 11:13:00,U1017,emily.hernandez34,Chrome,47,WKSTN-U1017
APP012974,2026-06-18 10:45:00,U1031,john.wright28,Workday,35,WKSTN-U1031
APP014173,2026-06-18 10:40:00,U1034,thomas.allen63,Workday,89,WKSTN-U1034
APP020944,2026-06-18 10:45:00,U1051,  sandra.king72 ,Excel,10,WKSTN-U1051
APP038835,2026-06-18 10:22:00,U1094,elizabeth.lewis69,Terminal,26,WKSTN-U1094
APP003021,2026-06-18 10:40:00,U1008,joshua.hernandez,Excel,88,WKSTN-U1008
APP030567,2026-06-18 10:55:00,U1075,steven.lewis,Chrome,64,WKSTN-U1075
APP031344,2026-06-18 11:06:00,U1077,kimberly.harris58,Word,41,WKSTN-U1077
APP039249,2026-06-18 10:54:00,U1095,richard.thomas74,Excel,48,WKSTN-U1095
APP028976,2026-06-18 10:27:00,U1071,matthew.robinson35,Outlook,11,WKSTN-U1071
APP025351,2026-06-18 10:38:00,U1062,william.martin,Excel,70,  WKSTN-U1062 
APP029381,2026-06-18 11:22:00,U1072,kenneth.lopez,Word,50,WKSTN-U1072
APP032172,2026-06-18 10:48:00,U1079,emily.jones,Slack,82,WKSTN-U1079
APP033897,2026-06-18 11:01:00,U1083,sarah.allen70,SLACK,65,WKSTN-U1083
APP020945,2026-06-18 10:20:00,U1051,sandra.king72,Salesforce,68,WKSTN-U1051
APP024134,2026-06-18 10:25:00,U1059,daniel.perez98,Outlook,33,WKSTN-U1059
APP040843,2026-06-18 10:45:00,U1099,joseph.garcia,PowerPoint,37,WKSTN-U1099
APP019768,2026-06-18 10:27:00,U1048,jennifer.thomas87,Zoom,6,WKSTN-U1048
APP013399,2026-06-18 10:28:00,U1032,paul.wright91,Outlook,12,WKSTN-U1032
APP027719,2026-06-18 11:12:00,U1068,susan.thompson34,Word,27,WKSTN-U1068
APP040841,2026-06-18 11:10:00,U1099,joseph.garcia,Zoom,79,WKSTN-U1099
APP013396,2026-06-18 10:52:00,U1032,paul.wright91,Chrome,42,WKSTN-U1032
APP000655,2026-06-18 11:46:00,U1002,donna.ramirez,QuickBooks,,WKSTN-U1002
APP024535,2026-06-18 11:54:00,U1060,matthew.anderson,Excel,63,WKSTN-U1060
APP007637,2026-06-18 11:41:00,U1019,donna.anderson,Docker Desktop,81,WKSTN-U1019
APP008525,2026-06-18 11:37:00,U1021,jessica.walker,Chrome,65,WKSTN-U1021
APP030565,2026-06-18 11:50:00,U1075,steven.lewis,Word,12,WKSTN-U1075
APP009888,2026-06-18 11:44:00,U1024,emily.miller,Git,46,WKSTN-U1024	
APP040075,2026-06-18 11:32:00,U1097,  mark.martinez10 ,Excel,35,WKSTN-U1097
APP033900,2026-06-18 11:29:00,U1083,sarah.allen70,Active Directory Console,2,WKSTN-U1083
APP036177,2026-06-18 11:51:00,U1088,andrew.smith85,Slack,24,
APP004170,2026-06-18 11:33:00,U1011,donna.ramirez75,QuickBooks,25,WKSTN-U1011	
APP038395,2026-06-18 11:36:00,U1093,  sarah.clark44 ,Wireshark,65,WKSTN-U1093
APP033899,2026-06-18 11:45:00,U1083,sarah.allen70,Slack,21,WKSTN-U1083
APP034358,2026-06-18 11:46:00,U1084,joshua.taylor,Chrome,-5.0,WKSTN-U1084
APP025748,2026-06-18 11:29:00,U1063,  john.nguyen ,Chrome,69,WKSTN-U1063
APP025347,2026-06-18 11:41:00,U1062,william.martin,Excel,82,WKSTN-U1062
APP008529,2026-06-18 11:52:00,U1021,jessica.walker,Chrome,28,WKSTN-U1021
APP030158,2026-06-18 11:54:00,U1074,sarah.williams7,DocuSign,19,WKSTN-U1074
APP033031,2026-06-18 11:23:00,U1081,margaret.davis,PuTTY,,WKSTN-U1081
APP013785,2026-06-18 11:47:00,U1033,linda.miller,Chrome,71,WKSTN-U1033
APP003799,2026-06-18 11:42:00,U1010,susan.young51,Chrome,10,WKSTN-U1010
APP016153,2026-06-18 11:33:00,U1039,MARK.THOMAS,Workday,73,WKSTN-U1039
APP015765,2026-06-18 11:35:00,U1038,emily.clark,Excel,,WKSTN-U1038
APP011238,2026-06-18 11:32:00,U1027,patricia.brown75,Slack	,,WKSTN-U1027	
APP030954,2026-06-18 11:45:00,U1076,john.torres,Chrome,42,WKSTN-U1076
APP031742,2026-06-18 11:27:00,U1078,michelle.miller,Chrome,45,WKSTN-U1078
APP025749,2026-06-18 12:11:00,U1063,john.nguyen,Word,84,WKSTN-U1063
APP019767,2026-06-18 12:14:00,U1048,jennifer.thomas87,Zoom,71,WKSTN-U1048
APP037507,2026-06-18 12:19:00,U1091,linda.robinson,PuTTY	,,WKSTN-U1091
APP016568,2026-06-18 12:18:00,U1040,  matthew.martin ,Chrome,6,WKSTN-U1040
APP014576,2026-06-18 12:02:00,U1035,nancy.rodriguez82,Workday,72,WKSTN-U1035
APP006717,2026-06-18 11:54:00,U1017,emily.hernandez34,Slack,88,WKSTN-U1017
APP022149,2026-06-18 12:29:00,U1054,anthony.martinez,Excel,,WKSTN-U1054
APP040844,2026-06-18 12:33:00,U1099,joseph.garcia,Chrome,84,WKSTN-U1099
APP038397,2026-06-18 12:07:00,U1093,sarah.clark44,Slack,53,WKSTN-U1093
APP026964,2026-06-18 12:28:00,U1066,michelle.wright62,Word,10,WKSTN-U1066
APP021731,2026-06-18 12:04:00,U1053,john.jackson31,Chrome,27,WKSTN-U1053
APP027348,2026-06-18 12:19:00,U1067,paul.thomas97,Chrome,8,WKSTN-U1067
APP034356,2026-06-18 12:00:00,U1084,joshua.taylor,Terminal,74,WKSTN-U1084
APP020947,2026-06-18 12:06:00,U1051,sandra.king72,Salesforce,,WKSTN-U1051
APP013400,2026-06-18 12:23:00,U1032,paul.wright91,Excel,21,WKSTN-U1032
APP023333,2026-06-18 12:21:00,U1057,nancy.sanchez,Zoom,48,WKSTN-U1057
APP037506,2026-06-18 12:14:00,U1091,linda.robinson,Slack,2,WKSTN-U1091
APP011695,2026-06-18 12:05:00,U1028,john.hill,Git,43,WKSTN-U1028
APP036607,2026-06-18 11:57:00,U1089,paul.brown27,Wireshark,70,WKSTN-U1089
APP041212,2026-06-18 12:01:00,U1100,daniel.brown38,PowerPoint,72,WKSTN-U1100
APP024964,2026-06-18 12:32:00,U1061,jessica.rodriguez,Outlook,62,WKSTN-U1061
APP006237,2026-06-18 11:57:00,U1016,,Slack,25,WKSTN-U1016
APP009435,2026-06-18 12:06:00,U1023,richard.wright,Chrome,71,WKSTN-U1023
APP036175,2026-06-18 12:17:00,U1088,andrew.smith85,Wireshark,83,
APP017364,2026-06-18 11:57:00,U1042,michael.hill56,Chrome,46,WKSTN-U1042
APP022556,2026-06-18 13:11:00,U1055,patricia.wilson54,Salesforce,68,WKSTN-U1055
APP007182,2026-06-18 13:02:00,U1018,betty.white57,VSCode,49,WKSTN-U1018
APP016154,2026-06-18 12:35:00,U1039,mark.thomas,Outlook,50,WKSTN-U1039
APP027720,2026-06-18 12:47:00,U1068,susan.thompson34	,Word,32,WKSTN-U1068
APP004169,2026-06-18 13:04:00,U1011,donna.ramirez75,QuickBooks,87,WKSTN-U1011
APP018151,2026-06-18 12:50:00,U1044,lisa.ramirez9,Excel,51,  WKSTN-U1044 
APP003800,2026-06-18 12:40:00,U1010,susan.young51,Outlook,46,WKSTN-U1010
APP036606,2026-06-18 13:02:00,U1089,paul.brown27,Slack,58,WKSTN-U1089
APP021728,2026-06-18 13:10:00,U1053,john.jackson31,Salesforce,80,WKSTN-U1053
APP008527,2026-06-18 12:41:00,U1021,jessica.walker,Slack,68,  WKSTN-U1021 
APP014960,2026-06-18 13:03:00,U1036,linda.jones,Excel,24,WKSTN-U1036
APP034809,2026-06-18 13:03:00,U1085,barbara.walker67,Slack,38,WKSTN-U1085
APP003023,2026-06-18 12:59:00,U1008,JOSHUA.HERNANDEZ,SAP,19,WKSTN-U1008
APP018536,2026-06-18 12:58:00,U1045,daniel.sanchez90,Chrome,41,WKSTN-U1045
APP034355,2026-06-18 12:59:00,U1084,joshua.taylor,Wireshark,36,WKSTN-U1084
APP030953,2026-06-18 12:49:00,U1076,john.torres,Word,54,WKSTN-U1076
APP033448,2026-06-18 12:46:00,U1082,karen.hill96,Wireshark,15,WKSTN-U1082
APP007183,2026-06-18 13:06:00,U1018,betty.white57,Chrome,14,
APP040840,2026-06-18 13:17:00,U1099,joseph.garcia,Zoom,,WKSTN-U1099
APP040842,2026-06-18 12:48:00,U1099,joseph.garcia,Outlook,84,WKSTN-U1099
APP002659,2026-06-18 12:49:00,U1007,sarah.robinson82,QuickBooks,72,
APP037072,2026-06-18 12:59:00,U1090,mary.hill,Chrome,17,WKSTN-U1090
APP017755,2026-06-18 13:07:00,U1043,thomas.williams91,Chrome,87,WKSTN-U1043
APP031744,2026-06-18 12:55:00,U1078,michelle.miller,,65,WKSTN-U1078
APP008528,2026-06-18 12:57:00,U1021,jessica.walker,Slack,64,WKSTN-U1021
APP033896,2026-06-18 13:41:00,U1083,,PuTTY,11,WKSTN-U1083
APP001074,2026-06-18 13:30:00,U1003,kenneth.clark29,Outlook,81,WKSTN-U1003
APP022147,2026-06-18 13:25:00,U1054,ANTHONY.MARTINEZ,Outlook,44,WKSTN-U1054
APP041213,2026-06-18 13:28:00,U1100,daniel.brown38,EXCEL,74,WKSTN-U1100
APP010332,2026-06-18 13:31:00,U1025,betty.brown22,Chrome,51,WKSTN-U1025
APP036174,2026-06-18 13:20:00,U1088,,Slack,23,WKSTN-U1088
APP020946,2026-06-18 13:39:00,U1051,sandra.king72,Salesforce,43,WKSTN-U1051
APP031743,2026-06-18 13:22:00,U1078,michelle.miller,Word,38,WKSTN-U1078
APP015766,2026-06-18 13:29:00,U1038,emily.clark,Outlook,33,WKSTN-U1038
APP024131,2026-06-18 13:26:00,U1059,daniel.perez98,Excel,4,WKSTN-U1059
APP026541,2026-06-18 13:36:00,U1065,michael.ramirez47,Chrome,56,WKSTN-U1065
APP035686,2026-06-18 13:43:00,U1087,charles.sanchez,Chrome,65,WKSTN-U1087
APP013398,2026-06-18 13:32:00,U1032,paul.wright91,Outlook,5,WKSTN-U1032
APP010782,2026-06-18 13:23:00,U1026,elizabeth.gonzalez,VSCode,21,WKSTN-U1026
APP014172,2026-06-18 13:29:00,U1034,thomas.allen63,Workday,65,WKSTN-U1034
APP006239,2026-06-18 13:22:00,U1016,patricia.thomas,VSCode,58,WKSTN-U1016
APP028563,2026-06-18 13:42:00,U1070,betty.thomas40,DocuSign	,71,WKSTN-U1070
APP023331,2026-06-18 13:19:00,U1057,nancy.sanchez,Salesforce,80,WKSTN-U1057
APP008084,2026-06-18 13:36:00,U1020,andrew.thomas36,VSCode,42,WKSTN-U1020
APP027346,2026-06-18 13:24:00,U1067,,Outlook,35,WKSTN-U1067
APP016567,2026-06-18 13:35:00,U1040,matthew.martin,Outlook,10,WKSTN-U1040
APP025348,2026-06-18 13:25:00,U1062,william.martin,,14,WKSTN-U1062
APP017754,2026-06-18 13:24:00,U1043,thomas.williams91,Chrome,88,WKSTN-U1043
APP026540,2026-06-18 13:29:00,U1065,michael.ramirez47,DocuSign,16,WKSTN-U1065
APP020541,2026-06-18 13:22:00,U1050,  michael.ramirez ,Salesforce,84,WKSTN-U1050
APP019769,2026-06-18 14:10:00,U1048,jennifer.thomas87,Salesforce,20,WKSTN-U1048
APP020543,2026-06-18 14:00:00,U1050,michael.ramirez,Salesforce,54,WKSTN-U1050	
APP014957,2026-06-18 13:47:00,U1036,linda.jones,Chrome,81,WKSTN-U1036
APP013783,2026-06-18 13:46:00,U1033,linda.miller,Chrome,8,WKSTN-U1033
APP032173,2026-06-18 14:02:00,U1079,emily.jones,Chrome,49,WKSTN-U1079
APP038838,2026-06-18 13:54:00,U1094,elizabeth.lewis69,Slack,34,WKSTN-U1094
APP037073,2026-06-18 13:52:00,U1090,mary.hill,Chrome,80,WKSTN-U1090
APP014958,2026-06-18 13:50:00,U1036,linda.jones,Excel,,WKSTN-U1036
APP008993,2026-06-18 13:52:00,U1022,sandra.brown,Chrome,17,WKSTN-U1022
APP026539,2026-06-18 13:46:00,U1065,michael.ramirez47,Word,,WKSTN-U1065
APP023739,2026-06-18 13:48:00,U1058,jennifer.ramirez18,Excel,27,  WKSTN-U1058 
APP007181,2026-06-18 14:09:00,U1018,betty.white57,VSCode,17,WKSTN-U1018
APP019376,2026-06-18 14:09:00,U1047,sandra.lewis,Chrome,10,WKSTN-U1047
APP024962,2026-06-18 13:50:00,U1061,,Outlook,73,WKSTN-U1061	
APP007638,2026-06-18 13:46:00,U1019,donna.anderson,Chrome,64,WKSTN-U1019
APP014575,2026-06-18 13:49:00,U1035,nancy.rodriguez82,Excel,88,  WKSTN-U1035 
APP005818,2026-06-18 13:51:00,U1015,lisa.hernandez,Chrome,N/A,WKSTN-U1015
APP009889,2026-06-18 14:04:00,U1024,emily.miller,Docker Desktop,27,WKSTN-U1024
APP001077,2026-06-18 13:48:00,U1003,kenneth.clark29,CHROME,7,WKSTN-U1003
APP040457,2026-06-18 13:52:00,U1098,nancy.wright49,Excel,49,WKSTN-U1098
APP031342,2026-06-18 13:50:00,U1077,kimberly.harris58,Word,8,  WKSTN-U1077 
APP028975,2026-06-18 13:47:00,U1071,matthew.robinson35,Chrome,,WKSTN-U1071
APP012124,2026-06-18 13:49:00,U1029,michelle.garcia54,Slack,9,WKSTN-U1029
APP015767,2026-06-18 13:46:00,U1038,emily.clark,Workday,23,WKSTN-U1038
APP039660,2026-06-18 13:48:00,U1096,david.allen76,Chrome,16,WKSTN-U1096
APP019374,2026-06-18 14:18:00,U1047,sandra.lewis,Outlook,24,WKSTN-U1047
APP027718,2026-06-18 14:37:00,U1068,susan.thompson34,Outlook,27,WKSTN-U1068
APP035254,2026-06-18 14:44:00,U1086,steven.thompson53,Slack,7,WKSTN-U1086
APP030159,2026-06-18 14:13:00,U1074,sarah.williams7,Word,38,WKSTN-U1074
APP016951,2026-06-18 14:25:00,U1041,matthew.allen52,Excel,45,WKSTN-U1041
APP025747,2026-06-18 14:18:00,U1063,john.nguyen,Word,56,WKSTN-U1063
APP037074,2026-06-18 14:32:00,U1090,mary.hill,PuTTY,31,WKSTN-U1090
APP022940,2026-06-18 14:21:00,U1056,anthony.clark,Zoom,12,WKSTN-U1056
APP020540,2026-06-18 14:21:00,U1050,  michael.ramirez ,chrome,,WKSTN-U1050
APP040456,2026-06-18 14:18:00,U1098,nancy.wright49,Zoom,83,WKSTN-U1098
APP001076,2026-06-18 14:47:00,U1003,kenneth.clark29,SAP	,50,WKSTN-U1003
APP014170,2026-06-18 14:11:00,U1034,thomas.allen63,Chrome,25,WKSTN-U1034
APP021341,2026-06-18 14:17:00,U1052,paul.taylor,Zoom,14,WKSTN-U1052
APP038396,2026-06-18 14:40:00,U1093,sarah.clark44	,SLACK,81,WKSTN-U1093
APP009890,2026-06-18 14:21:00,U1024,  emily.miller ,  Docker Desktop ,15,WKSTN-U1024
APP028143,2026-06-18 14:32:00,U1069,jessica.clark,Word,8,WKSTN-U1069
APP028141,2026-06-18 14:27:00,U1069,jessica.clark,DocuSign,71,WKSTN-U1069
APP016155,2026-06-18 14:22:00,U1039,mark.thomas,  Chrome ,88,WKSTN-U1039
APP016950,2026-06-18 14:17:00,U1041,matthew.allen52,Excel,70,WKSTN-U1041
APP001864,2026-06-18 14:46:00,U1005,robert.robinson,Outlook,10,WKSTN-U1005
APP005816,2026-06-18 14:47:00,U1015,lisa.hernandez,QuickBooks,78,  WKSTN-U1015 
APP005402,2026-06-18 14:40:00,U1014,james.taylor,Outlook,30,WKSTN-U1014
APP023740,2026-06-18 14:28:00,U1058,jennifer.ramirez18,Outlook	,20,WKSTN-U1058
APP016564,2026-06-18 14:11:00,U1040,matthew.martin,Workday,64,WKSTN-U1040
APP000243,2026-06-18 14:35:00,U1001,linda.johnson95,QuickBooks,30,WKSTN-U1001
APP041215,2026-06-18 14:54:00,U1100,daniel.brown38,Chrome,20,WKSTN-U1100
APP010331,2026-06-18 14:51:00,U1025,betty.brown22,Git,3,WKSTN-U1025
APP034807,2026-06-18 15:24:00,U1085,barbara.walker67,PuTTY,65,WKSTN-U1085
APP017362,2026-06-18 15:09:00,U1042,michael.hill56,Outlook,80,WKSTN-U1042
APP021729,2026-06-18 15:31:00,U1053,john.jackson31,Chrome,47,WKSTN-U1053
APP024130,2026-06-18 15:12:00,U1059,daniel.perez98,Salesforce,38,WKSTN-U1059
APP039661,2026-06-18 15:29:00,U1096,david.allen76,Outlook,5,
APP029755,2026-06-18 15:06:00,U1073,michael.gonzalez,Chrome,50,WKSTN-U1073
APP025750,2026-06-18 15:23:00,U1063,john.nguyen,Chrome,57,WKSTN-U1063
APP019373,2026-06-18 15:02:00,U1047,sandra.lewis,Salesforce,74,WKSTN-U1047
APP036608,2026-06-18 15:00:00,U1089,paul.brown27	,Chrome,37,WKSTN-U1089
APP000241,2026-06-18 15:02:00,U1001,LINDA.JOHNSON95,Outlook,,WKSTN-U1001
APP022148,2026-06-18 15:20:00,U1054,anthony.martinez,Zoom,85,WKSTN-U1054
APP033446,2026-06-18 14:56:00,U1082,karen.hill96,Slack	,89,  WKSTN-U1082 
APP004997,2026-06-18 15:16:00,U1013,emily.smith,SAP,62,WKSTN-U1013
APP001075,2026-06-18 15:03:00,U1003,kenneth.clark29,Excel,90,WKSTN-U1003
APP031741,2026-06-18 15:07:00,U1078,michelle.miller,Word,27,WKSTN-U1078
APP001863,2026-06-18 15:16:00,U1005,ROBERT.ROBINSON,Chrome,81,WKSTN-U1005
APP016952,2026-06-18 15:23:00,U1041,matthew.allen52,,43,WKSTN-U1041
APP038836,2026-06-18 15:30:00,U1094,elizabeth.lewis69,Active Directory Console,81,WKSTN-U1094
APP005815,2026-06-18 15:08:00,U1015,lisa.hernandez,Chrome,71,WKSTN-U1015
APP005817,2026-06-18 15:29:00,U1015,lisa.hernandez,SAP,34,  WKSTN-U1015 
APP014959,2026-06-18 15:21:00,U1036,linda.jones,Excel,12,WKSTN-U1036
APP040076,2026-06-18 14:48:00,U1097,mark.martinez10,Chrome,26,WKSTN-U1097
APP015368,2026-06-18 14:57:00,U1037,ROBERT.MARTIN,Workday,89,WKSTN-U1037
APP008989,2026-06-18 15:59:00,U1022,sandra.brown,Docker Desktop,43,WKSTN-U1022
APP036176,2026-06-18 16:02:00,U1088,andrew.smith85,Chrome,83,WKSTN-U1088
APP014171,2026-06-18 16:03:00,U1034,thomas.allen63,Excel,27,WKSTN-U1034
APP009437,2026-06-18 15:38:00,U1023,richard.wright,,66,WKSTN-U1023
APP014169,2026-06-18 16:00:00,U1034,thomas.allen63,Chrome,46,WKSTN-U1034
APP003422,2026-06-18 15:39:00,U1009,daniel.brown,QuickBooks,52,WKSTN-U1009
APP025350,2026-06-18 16:06:00,U1062,william.martin,Salesforce,23,WKSTN-U1062
APP013397,2026-06-18 15:42:00,U1032,paul.wright91,Workday,73,WKSTN-U1032	
APP006238,2026-06-18 15:58:00,U1016,patricia.thomas,,81,WKSTN-U1016
APP000654,2026-06-18 16:00:00,U1002,,SAP,78,WKSTN-U1002
APP011240,2026-06-18 15:36:00,U1027,patricia.brown75,VSCode,71,WKSTN-U1027
APP017753,2026-06-18 15:38:00,U1043,thomas.williams91,Workday,76,WKSTN-U1043
APP020140,2026-06-18 15:47:00,U1049,michelle.jones59,Salesforce,49,WKSTN-U1049
APP037964,2026-06-18 15:31:00,U1092,steven.thomas,PuTTY,57,WKSTN-U1092
APP018974,2026-06-18 16:10:00,U1046,michelle.torres39,Outlook,76,WKSTN-U1046
APP041216,2026-06-18 15:54:00,U1100,daniel.brown38,Excel,18,WKSTN-U1100
APP004566,2026-06-18 16:09:00,U1012,linda.martinez	,Outlook,16,WKSTN-U1012
APP038837,2026-06-18 15:47:00,U1094,elizabeth.lewis69,Terminal,12,WKSTN-U1094
APP022555,2026-06-18 15:34:00,U1055,patricia.wilson54,Salesforce,12,WKSTN-U1055
APP018148,2026-06-18 15:51:00,U1044,lisa.ramirez9,Chrome,61000.0,  WKSTN-U1044 
APP003022,2026-06-18 16:07:00,U1008,joshua.hernandez,QuickBooks,34,WKSTN-U1008
APP026140,2026-06-18 15:35:00,U1064,  matthew.wright55 ,DocuSign,66,WKSTN-U1064	
APP016566,2026-06-18 15:34:00,U1040,matthew.martin,Outlook,64,WKSTN-U1040
APP029754,2026-06-18 15:59:00,U1073,michael.gonzalez,Chrome,51,WKSTN-U1073
APP019375,2026-06-18 15:39:00,U1047,sandra.lewis,Outlook,4,WKSTN-U1047
APP009436,2026-06-18 16:22:00,U1023,richard.wright,Chrome,84,WKSTN-U1023
APP012972,2026-06-18 17:20:00,U1031,john.wright28,Outlook,5,WKSTN-U1031
APP039662,2026-06-18 16:39:00,U1096,david.allen76,PowerPoint,64,WKSTN-U1096
APP018150,2026-06-18 17:38:00,U1044,lisa.ramirez9,Workday,48,WKSTN-U1044
APP026139,2026-06-18 16:33:00,U1064,matthew.wright55	,Word,14,WKSTN-U1064
APP039659,2026-06-18 17:32:00,U1096,david.allen76,Zoom,43,WKSTN-U1096
APP015369,2026-06-18 17:05:00,U1037,robert.martin,Chrome,52,WKSTN-U1037
APP033898,2026-06-18 16:24:00,U1083,SARAH.ALLEN70,Wireshark,25,WKSTN-U1083
APP017363,2026-06-18 16:27:00,U1042,michael.hill56,Outlook,6,WKSTN-U1042
APP008992,2026-06-18 16:34:00,U1022,sandra.brown,Jenkins,90,WKSTN-U1022
APP022941,2026-06-18 16:25:00,U1056,anthony.clark,Outlook,79,WKSTN-U1056
APP029382,2026-06-18 16:20:00,U1072,kenneth.lopez,DocuSign,54,WKSTN-U1072
APP024961,2026-06-18 17:20:00,U1061,jessica.rodriguez,Outlook,59,WKSTN-U1061	
APP008991,2026-06-18 16:12:00,U1022,sandra.brown,Slack,41,WKSTN-U1022
APP000244,2026-06-18 17:52:00,U1001,linda.johnson95,QuickBooks,38,WKSTN-U1001
APP024133,2026-06-18 16:18:00,U1059,daniel.perez98,Excel,77,WKSTN-U1059
APP018149,2026-06-18 16:57:00,U1044,lisa.ramirez9,Excel,59,WKSTN-U1044
APP011239,2026-06-18 16:42:00,U1027,PATRICIA.BROWN75,Chrome,67,WKSTN-U1027
APP035685,2026-06-18 17:19:00,U1087,charles.sanchez,Terminal,5,WKSTN-U1087
APP033030,2026-06-18 17:16:00,U1081,margaret.davis,Terminal,60,WKSTN-U1081
APP008990,2026-06-18 16:31:00,U1022,sandra.brown,Chrome,15,WKSTN-U1022
APP002657,2026-06-18 16:55:00,U1007,,Excel,60,WKSTN-U1007
APP011237,2026-06-18 16:48:00,U1027,patricia.brown75,Slack,44,WKSTN-U1027
APP037965,2026-06-18 16:47:00,U1092,steven.thomas,Chrome,82,WKSTN-U1092
APP003425,2026-06-18 16:15:00,U1009,daniel.brown,Chrome,53,WKSTN-U1009
APP006259,2026-06-19 08:32:00,U1016,patricia.thomas,Chrome,49,WKSTN-U1016
APP026560,2026-06-19 08:12:00,U1065,michael.ramirez47,chrome,31,WKSTN-U1065
APP036627,2026-06-19 08:09:00,U1089,paul.brown27,Slack,28,WKSTN-U1089
APP021747,2026-06-19 08:37:00,U1053,john.jackson31,Excel,18,WKSTN-U1053
APP034378,2026-06-19 08:37:00,U1084,joshua.taylor,Terminal,63,WKSTN-U1084
APP033921,2026-06-19 08:45:00,U1083,sarah.allen70,Slack,33,WKSTN-U1083
APP015784,2026-06-19 08:10:00,U1038,emily.clark,Workday,79,WKSTN-U1038
APP001494,2026-06-19 08:49:00,U1004,elizabeth.wilson98,SAP,57,WKSTN-U1004
APP033052,2026-06-19 08:48:00,U1081,margaret.davis,Terminal,19,WKSTN-U1081
APP035703,2026-06-19 08:10:00,U1087,charles.sanchez,Active Directory Console,89,WKSTN-U1087
APP024132,2026-06-18 17:56:00,U1059,daniel.perez98,Salesforce,16,WKSTN-U1059
APP003438,2026-06-19 08:52:00,U1009,daniel.brown,QuickBooks,29,WKSTN-U1009
APP003813,2026-06-19 08:39:00,U1010,susan.young51,,62,WKSTN-U1010
APP005833,2026-06-19 07:49:00,U1015,,QuickBooks,86,WKSTN-U1015
APP000242,2026-06-18 18:00:00,U1001,linda.johnson95,Excel,37,WKSTN-U1001
APP019780,2026-06-19 08:55:00,U1048,jennifer.thomas87,Zoom,75,WKSTN-U1048
APP012144,2026-06-19 08:41:00,U1029,michelle.garcia54,,21,WKSTN-U1029
APP033923,2026-06-19 08:03:00,U1083,sarah.allen70,Chrome,67,WKSTN-U1083
APP033051,2026-06-19 08:56:00,U1081,margaret.davis,Chrome,17,WKSTN-U1081
APP014973,2026-06-19 08:56:00,U1036,linda.jones,Chrome,45,WKSTN-U1036
APP007656,2026-06-19 08:08:00,U1019,donna.anderson,VSCode,10,WKSTN-U1019
APP013415,2026-06-19 08:14:00,U1032,paul.wright91,Workday,69,WKSTN-U1032
APP018559,2026-06-19 08:04:00,U1045,daniel.sanchez90,Outlook,5,WKSTN-U1045
APP007655,2026-06-19 08:34:00,U1019,donna.anderson,VSCode,62,WKSTN-U1019
APP035701,2026-06-19 08:34:00,U1087,charles.sanchez,Chrome,24,WKSTN-U1087
APP029397,2026-06-19 09:30:00,U1072,kenneth.lopez,Outlook,80,WKSTN-U1072
APP034377,2026-06-19 09:11:00,U1084,joshua.taylor,PuTTY,32,  WKSTN-U1084 
APP036628,2026-06-19 09:04:00,U1089,paul.brown27,Wireshark,19,WKSTN-U1089
APP006256,2026-06-19 09:14:00,U1016,patricia.thomas,Git,45,WKSTN-U1016
APP017770,2026-06-19 09:43:00,U1043,thomas.williams91,Chrome,28,WKSTN-U1043
APP020965,2026-06-19 09:42:00,U1051,sandra.king72,Excel,67,WKSTN-U1051
APP020561,2026-06-19 09:01:00,U1050,michael.ramirez,Chrome,5,WKSTN-U1050
APP040861,2026-06-19 09:21:00,U1099,joseph.garcia,Outlook,31,WKSTN-U1099
APP015783,2026-06-19 09:44:00,U1038,emily.clark,Workday	,65,WKSTN-U1038
APP029396,2026-06-19 09:33:00,U1072,kenneth.lopez,Outlook,73,WKSTN-U1072
APP018166,2026-06-19 09:28:00,U1044,lisa.ramirez9,Workday,81,  WKSTN-U1044 
APP002288,2026-06-19 09:32:00,U1006,george.gonzalez	,SAP,74,WKSTN-U1006
APP032192,2026-06-19 09:40:00,U1079,emily.jones,PuTTY,88,WKSTN-U1079
APP004581,2026-06-19 09:14:00,U1012,linda.martinez,Chrome,19,WKSTN-U1012
APP035702,2026-06-19 08:57:00,U1087,charles.sanchez,PuTTY,29,WKSTN-U1087
APP011258,2026-06-19 09:19:00,U1027,,Slack,73,WKSTN-U1027
APP038421,2026-06-19 09:31:00,U1093,sarah.clark44,,43,WKSTN-U1093
APP025772,2026-06-19 09:47:00,U1063,john.nguyen,Word,86,WKSTN-U1063
APP001090,2026-06-19 09:24:00,U1003,kenneth.clark29,Outlook,68,WKSTN-U1003
APP039264,2026-06-19 09:21:00,U1095,richard.thomas74,Chrome	,9,WKSTN-U1095
APP001881,2026-06-19 09:41:00,U1005,robert.robinson	,Outlook,68,WKSTN-U1005
APP021746,2026-06-19 09:12:00,U1053,john.jackson31,Chrome,19,WKSTN-U1053
APP016176,2026-06-19 09:35:00,U1039,mark.thomas,Outlook,8,WKSTN-U1039
APP020966,2026-06-19 09:03:00,U1051,sandra.king72,Excel,89,WKSTN-U1051
APP031760,2026-06-19 09:34:00,U1078,michelle.miller,DocuSign	,60,WKSTN-U1078
APP013416,2026-06-19 10:19:00,U1032,paul.wright91,Outlook,83,WKSTN-U1032
APP041236,2026-06-19 09:59:00,U1100,daniel.brown38,Zoom,6,WKSTN-U1100
APP040862,2026-06-19 10:17:00,U1099,joseph.garcia,Excel,4,WKSTN-U1099
APP022166,2026-06-19 10:25:00,U1054,anthony.martinez,Excel,28,WKSTN-U1054
APP026980,2026-06-19 10:06:00,U1066,michelle.wright62,outlook,51000.0,WKSTN-U1066
APP006258,2026-06-19 10:23:00,U1016,patricia.thomas,Docker Desktop,65,WKSTN-U1016
APP022960,2026-06-19 10:04:00,U1056,anthony.clark,Excel,82,WKSTN-U1056
APP030174,2026-06-19 10:22:00,U1074,sarah.williams7,DocuSign,45,WKSTN-U1074
APP021356,2026-06-19 10:20:00,U1052,paul.taylor,Chrome,28,WKSTN-U1052
APP033466,2026-06-19 10:04:00,U1082,karen.hill96,,48,WKSTN-U1082	
APP041233,2026-06-19 10:27:00,U1100,daniel.brown38,Outlook,48,WKSTN-U1100
APP028164,2026-06-19 10:14:00,U1069,jessica.clark,Chrome,10,WKSTN-U1069
APP036629,2026-06-19 10:20:00,U1089,paul.brown27,Wireshark,43,WKSTN-U1089
APP020560,2026-06-19 10:19:00,U1050,michael.ramirez	,ZOOM,19,WKSTN-U1050
APP015786,2026-06-19 09:51:00,U1038,emily.clark,Outlook,71,WKSTN-U1038
APP001882,2026-06-19 10:10:00,U1005,robert.robinson,Excel,76,WKSTN-U1005
APP023347,2026-06-19 10:28:00,U1057,nancy.sanchez,Salesforce,70,WKSTN-U1057
APP004582,2026-06-19 09:51:00,U1012,linda.martinez,Outlook,22,WKSTN-U1012
APP022956,2026-06-19 09:53:00,U1056,anthony.clark	,Outlook,63,WKSTN-U1056
APP019397,2026-06-19 09:59:00,U1047,sandra.lewis,EXCEL,36,WKSTN-U1047
APP024152,2026-06-19 10:17:00,U1059,daniel.perez98,Salesforce,,WKSTN-U1059	
APP015785,2026-06-19 10:28:00,U1038,emily.clark,Outlook,4,WKSTN-U1038
APP027736,2026-06-19 10:14:00,U1068,susan.thompson34,Chrome,14,WKSTN-U1068
APP019398,2026-06-19 10:26:00,U1047,sandra.lewis,Salesforce,52,WKSTN-U1047
APP018560,2026-06-19 10:07:00,U1045,daniel.sanchez90,Workday,,WKSTN-U1045
APP037528,2026-06-19 10:35:00,U1091,linda.robinson,Terminal,60,WKSTN-U1091
APP025369,2026-06-19 10:58:00,U1062,william.martin,Outlook,66,WKSTN-U1062
APP005835,2026-06-19 10:38:00,U1015,lisa.hernandez,Chrome,8,WKSTN-U1015
APP014184,2026-06-19 11:00:00,U1034,thomas.allen63,Chrome,57,WKSTN-U1034
APP019782,2026-06-19 10:44:00,U1048,jennifer.thomas87,Outlook,28,WKSTN-U1048
APP034827,2026-06-19 10:51:00,U1085,,Terminal	,6,WKSTN-U1085
APP004186,2026-06-19 10:50:00,U1011,donna.ramirez75,Outlook,54,WKSTN-U1011
APP005017,2026-06-19 10:58:00,U1013,emily.smith,SAP,67,WKSTN-U1013
APP022958,2026-06-19 10:37:00,U1056,anthony.clark,,74,WKSTN-U1056
APP004185,2026-06-19 10:49:00,U1011,donna.ramirez75,Excel,22,WKSTN-U1011
APP037088,2026-06-19 10:44:00,U1090,mary.hill,Slack,81,WKSTN-U1090
APP016964,2026-06-19 10:51:00,U1041,matthew.allen52,Excel,4,WKSTN-U1041
APP002677,2026-06-19 10:30:00,U1007,sarah.robinson82,QuickBooks,38,WKSTN-U1007
APP026982,2026-06-19 10:55:00,U1066,michelle.wright62,Chrome,26,WKSTN-U1066
APP005419,2026-06-19 10:55:00,U1014,james.taylor,Outlook,76,WKSTN-U1014
APP009910,2026-06-19 10:32:00,U1024,emily.miller,  Docker Desktop ,36,WKSTN-U1024
APP024985,2026-06-19 10:33:00,U1061,jessica.rodriguez,Outlook,42,WKSTN-U1061
APP017769,2026-06-19 10:50:00,U1043,thomas.williams91,Excel,69,WKSTN-U1043
APP003815,2026-06-19 10:36:00,U1010,susan.young51,SAP,45,WKSTN-U1010
APP005836,2026-06-19 10:36:00,U1015,lisa.hernandez,SAP,27,WKSTN-U1015
APP017383,2026-06-19 10:47:00,U1042,michael.hill56,Excel,57,WKSTN-U1042
APP038857,2026-06-19 10:29:00,U1094,elizabeth.lewis69,Slack,20,WKSTN-U1094
APP004579,2026-06-19 10:46:00,U1012,linda.martinez,QuickBooks,41,WKSTN-U1012
APP014595,2026-06-19 10:54:00,U1035,nancy.rodriguez82,Outlook,90,WKSTN-U1035
APP003816,2026-06-19 10:52:00,U1010,susan.young51,Outlook,32,WKSTN-U1010
APP016585,2026-06-19 11:31:00,U1040,matthew.martin,Outlook,83,WKSTN-U1040
APP031361,2026-06-19 11:28:00,U1077,kimberly.harris58,Chrome,31,WKSTN-U1077
APP000672,2026-06-19 11:25:00,U1002,donna.ramirez,Excel,23,WKSTN-U1002
APP030582,2026-06-19 11:25:00,U1075,steven.lewis,Outlook,75,WKSTN-U1075
APP038859,2026-06-19 11:02:00,U1094,elizabeth.lewis69,  Terminal ,78,WKSTN-U1094
APP026157,2026-06-19 11:13:00,U1064,matthew.wright55,Word,67,WKSTN-U1064
APP016966,2026-06-19 11:09:00,U1041,matthew.allen52,Chrome,4,WKSTN-U1041
APP020963,2026-06-19 11:28:00,U1051,sandra.king72,Chrome,55,WKSTN-U1051
APP037089,2026-06-19 11:23:00,U1090,mary.hill,Active Directory Console,52,WKSTN-U1090
APP040860,2026-06-19 11:13:00,U1099,joseph.garcia,Zoom,74,WKSTN-U1099
APP008547,2026-06-19 11:15:00,U1021,,Slack,30,WKSTN-U1021
APP006257,2026-06-19 11:12:00,U1016,patricia.thomas,Docker Desktop,88,WKSTN-U1016
APP025771,2026-06-19 11:30:00,U1063,,DocuSign,80,WKSTN-U1063
APP028162,2026-06-19 11:05:00,U1069,jessica.clark,Outlook,20,WKSTN-U1069
APP030177,2026-06-19 11:19:00,U1074,sarah.williams7,Word,49,WKSTN-U1074
APP040090,2026-06-19 11:19:00,U1097,mark.martinez10,Zoom,67,WKSTN-U1097
APP029773,2026-06-19 11:05:00,U1073,michael.gonzalez,DocuSign,68,WKSTN-U1073
APP005018,2026-06-19 11:22:00,U1013,emily.smith,Chrome,70,WKSTN-U1013
APP019396,2026-06-19 11:11:00,U1047,sandra.lewis,Outlook,89,WKSTN-U1047
APP001491,2026-06-19 11:10:00,U1004,  elizabeth.wilson98 ,outlook,64,WKSTN-U1004
APP037988,2026-06-19 11:02:00,U1092,steven.thomas,Wireshark,33,WKSTN-U1092
APP039681,2026-06-19 11:28:00,U1096,david.allen76,Excel,2,WKSTN-U1096
APP006260,2026-06-19 11:01:00,U1016,,Chrome,41,WKSTN-U1016
APP028996,2026-06-19 11:35:00,U1071,matthew.robinson35,Chrome,47,WKSTN-U1071
APP030966,2026-06-19 11:24:00,U1076,john.torres,Word,27,WKSTN-U1076
APP010351,2026-06-19 11:41:00,U1025,betty.brown22,Docker Desktop,64,WKSTN-U1025
APP022575,2026-06-19 12:08:00,U1055,patricia.wilson54,Salesforce,35,WKSTN-U1055
APP010353,2026-06-19 12:05:00,U1025,betty.brown22,,84,WKSTN-U1025
APP011257,2026-06-19 12:07:00,U1027,patricia.brown75,Slack,81,WKSTN-U1027
APP023752,2026-06-19 12:17:00,U1058,jennifer.ramirez18	,Chrome,79,  WKSTN-U1058 
APP020962,2026-06-19 12:23:00,U1051,sandra.king72,EXCEL,77,WKSTN-U1051
APP005834,2026-06-19 11:59:00,U1015,lisa.hernandez,QuickBooks,10,WKSTN-U1015
APP002286,2026-06-19 11:57:00,U1006,george.gonzalez,Excel,83,WKSTN-U1006
APP040474,2026-06-19 12:21:00,U1098,nancy.wright49,Chrome,33,WKSTN-U1098
APP021354,2026-06-19 11:39:00,U1052,paul.taylor,Zoom,90,WKSTN-U1052
APP040859,2026-06-19 11:44:00,U1099,joseph.garcia,PowerPoint,36,WKSTN-U1099
APP022959,2026-06-19 11:39:00,U1056,anthony.clark,Outlook,57,
APP016174,2026-06-19 12:11:00,U1039,mark.thomas,Workday,46,WKSTN-U1039
APP022165,2026-06-19 12:08:00,U1054,anthony.martinez,Zoom,9,WKSTN-U1054
APP021748,2026-06-19 11:41:00,U1053,john.jackson31,Outlook,27,WKSTN-U1053
APP033049,2026-06-19 11:38:00,U1081,margaret.davis,Terminal,83,WKSTN-U1081
APP036194,2026-06-19 12:03:00,U1088,andrew.smith85,  Wireshark ,34,WKSTN-U1088
APP014972,2026-06-19 11:54:00,U1036,  linda.jones ,  Chrome ,,WKSTN-U1036
APP001493,2026-06-19 11:35:00,U1004,elizabeth.wilson98,Chrome,71,WKSTN-U1004
APP007654,2026-06-19 11:38:00,U1019,donna.anderson,Jenkins,21,WKSTN-U1019
APP016586,2026-06-19 11:38:00,U1040,matthew.martin,Excel	,56,WKSTN-U1040
APP037985,2026-06-19 12:01:00,U1092,STEVEN.THOMAS,Slack,7,WKSTN-U1092
APP014596,2026-06-19 12:13:00,U1035,nancy.rodriguez82,Outlook,16,WKSTN-U1035
APP007657,2026-06-19 12:15:00,U1019,donna.anderson,Slack,4,WKSTN-U1019
APP025368,2026-06-19 12:07:00,U1062,william.martin,Chrome,,WKSTN-U1062
APP040863,2026-06-19 12:26:00,U1099,joseph.garcia,Zoom,76,WKSTN-U1099
APP000676,2026-06-19 12:44:00,U1002,donna.ramirez,Outlook,56,WKSTN-U1002
APP026981,2026-06-19 12:41:00,U1066,michelle.wright62,Outlook,54,WKSTN-U1066
APP025370,2026-06-19 12:33:00,U1062,william.martin,chrome,27,WKSTN-U1062
APP008548,2026-06-19 12:51:00,U1021,JESSICA.WALKER,Docker Desktop,5,WKSTN-U1021
APP008105,2026-06-19 12:24:00,U1020,ANDREW.THOMAS36,Slack,71,WKSTN-U1020
APP020964,2026-06-19 12:31:00,U1051,sandra.king72,Chrome,63,WKSTN-U1051	
APP028161,2026-06-19 12:48:00,U1069,jessica.clark,Outlook,59,WKSTN-U1069
APP009011,2026-06-19 12:24:00,U1022,sandra.brown,Git,11,WKSTN-U1022
APP009453,2026-06-19 12:33:00,U1023,richard.wright,VSCode,61,WKSTN-U1023
APP014186,2026-06-19 12:45:00,U1034,thomas.allen63,Excel	,55,WKSTN-U1034
APP033050,2026-06-19 12:57:00,U1081,margaret.davis,Terminal,75,WKSTN-U1081
APP020160,2026-06-19 12:34:00,U1049,michelle.jones59,Chrome,33,WKSTN-U1049
APP001492,2026-06-19 12:58:00,U1004,elizabeth.wilson98,QuickBooks,71,WKSTN-U1004
APP009454,2026-06-19 12:32:00,U1023,richard.wright,Git,23,WKSTN-U1023
APP011259,2026-06-19 12:57:00,U1027,patricia.brown75,Chrome,35,WKSTN-U1027
APP029772,2026-06-19 12:46:00,U1073,michael.gonzalez,Word,,WKSTN-U1073
APP033053,2026-06-19 12:55:00,U1081,margaret.davis,Chrome,76,WKSTN-U1081
APP019399,2026-06-19 12:41:00,U1047,sandra.lewis,Chrome,12,WKSTN-U1047
APP018165,2026-06-19 12:37:00,U1044,lisa.ramirez9,Excel,13,WKSTN-U1044
APP035704,2026-06-19 12:36:00,U1087,charles.sanchez,  Terminal ,51,WKSTN-U1087	
APP040473,2026-06-19 12:45:00,U1098,nancy.wright49,Excel,62,WKSTN-U1098
APP010795,2026-06-19 12:31:00,U1026,elizabeth.gonzalez,Jenkins,55,WKSTN-U1026
APP024987,2026-06-19 12:28:00,U1061,jessica.rodriguez,Chrome,35,WKSTN-U1061
APP039265,2026-06-19 12:27:00,U1095,richard.thomas74,outlook,46,WKSTN-U1095
APP008546,2026-06-19 13:28:00,U1021,jessica.walker,  Chrome ,13,WKSTN-U1021
APP016175,2026-06-19 13:23:00,U1039,mark.thomas,Outlook,90,
APP018168,2026-06-19 13:00:00,U1044,lisa.ramirez9,Outlook,74,WKSTN-U1044
APP041232,2026-06-19 13:37:00,U1100,daniel.brown38,Zoom,22,WKSTN-U1100
APP008104,2026-06-19 13:10:00,U1020,andrew.thomas36,Git,32,WKSTN-U1020	
APP005420,2026-06-19 13:18:00,U1014,james.taylor,Chrome,73,WKSTN-U1014
APP005837,2026-06-19 13:17:00,U1015,LISA.HERNANDEZ,QuickBooks,75,WKSTN-U1015
APP003814,2026-06-19 13:09:00,U1010,susan.young51,Excel,33,WKSTN-U1010
APP024983,2026-06-19 13:18:00,U1061,jessica.rodriguez,Chrome,71,WKSTN-U1061
APP029395,2026-06-19 13:06:00,U1072,kenneth.lopez,Outlook,36,WKSTN-U1072
APP037527,2026-06-19 13:29:00,U1091,linda.robinson,Chrome,85,WKSTN-U1091
APP010796,2026-06-19 13:10:00,U1026,elizabeth.gonzalez,Git,11,WKSTN-U1026
APP008106,2026-06-19 13:32:00,U1020,andrew.thomas36,Git,72,WKSTN-U1020
APP014970,2026-06-19 13:17:00,U1036,linda.jones,Workday,32,WKSTN-U1036
APP002675,2026-06-19 13:20:00,U1007,sarah.robinson82,Chrome,37,WKSTN-U1007
APP014185,2026-06-19 13:34:00,U1034,thomas.allen63,Workday,28,WKSTN-U1034
APP031358,2026-06-19 13:03:00,U1077,kimberly.harris58,Chrome,28,WKSTN-U1077
APP028994,2026-06-19 13:14:00,U1071,matthew.robinson35,  Outlook ,60,WKSTN-U1071
APP010350,2026-06-19 13:31:00,U1025,betty.brown22,VSCode,56,WKSTN-U1025
APP010798,2026-06-19 13:12:00,U1026,elizabeth.gonzalez,VSCODE,62,WKSTN-U1026	
APP037986,2026-06-19 13:30:00,U1092,steven.thomas,PuTTY,90,WKSTN-U1092
APP023346,2026-06-19 13:35:00,U1057,nancy.sanchez,Zoom,56,WKSTN-U1057
APP027366,2026-06-19 13:01:00,U1067,paul.thomas97,Chrome,63,WKSTN-U1067
APP011707,2026-06-19 13:19:00,U1028,john.hill,VSCode,,WKSTN-U1028
APP026158,2026-06-19 13:12:00,U1064,matthew.wright55,Word,25,WKSTN-U1064
APP015385,2026-06-19 13:40:00,U1037,robert.martin,Outlook,34,WKSTN-U1037
APP015384,2026-06-19 13:38:00,U1037,robert.martin,  Workday ,76,WKSTN-U1037
APP023349,2026-06-19 13:57:00,U1057,nancy.sanchez,Salesforce,82,WKSTN-U1057
APP012991,2026-06-19 13:38:00,U1031,john.wright28,Outlook,24,WKSTN-U1031
APP000673,2026-06-19 14:00:00,U1002,donna.ramirez,,64,WKSTN-U1002
APP021353,2026-06-19 13:50:00,U1052,paul.taylor,Outlook,29,  WKSTN-U1052 
APP041234,2026-06-19 14:00:00,U1100,daniel.brown38,Outlook,53,WKSTN-U1100
APP003439,2026-06-19 13:55:00,U1009,daniel.brown,Excel,56,WKSTN-U1009
APP014594,2026-06-19 13:59:00,U1035,nancy.rodriguez82,Chrome,43,WKSTN-U1035
APP018164,2026-06-19 13:43:00,U1044,  lisa.ramirez9 ,Chrome,2,WKSTN-U1044
APP006741,2026-06-19 13:40:00,U1017,emily.hernandez34,Slack,83,WKSTN-U1017
APP039682,2026-06-19 13:46:00,U1096,david.allen76,Zoom,39,WKSTN-U1096
APP012990,2026-06-19 13:46:00,U1031,john.wright28,Excel,51,WKSTN-U1031
APP032190,2026-06-19 13:53:00,U1079,emily.jones,Terminal,71,WKSTN-U1079
APP038420,2026-06-19 13:58:00,U1093,sarah.clark44,Slack,12,WKSTN-U1093
APP017382,2026-06-19 13:48:00,U1042,michael.hill56,Excel,7,WKSTN-U1042
APP040472,2026-06-19 13:49:00,U1098,nancy.wright49,PowerPoint,38,
APP024552,2026-06-19 13:42:00,U1060,matthew.anderson,Outlook,77,WKSTN-U1060
APP026159,2026-06-19 13:54:00,U1064,matthew.wright55,DocuSign,85,WKSTN-U1064
APP009908,2026-06-19 13:45:00,U1024,emily.miller,Slack,15,WKSTN-U1024
APP004187,2026-06-19 13:48:00,U1011,donna.ramirez75,Excel,8,WKSTN-U1011
APP014593,2026-06-19 13:47:00,U1035,nancy.rodriguez82,Outlook,,WKSTN-U1035
APP030581,2026-06-19 13:57:00,U1075,steven.lewis,DocuSign,24,
APP022957,2026-06-19 13:40:00,U1056,anthony.clark,Chrome,28,WKSTN-U1056
APP026979,2026-06-19 14:00:00,U1066,michelle.wright62,Word,50,WKSTN-U1066
APP022164,2026-06-19 14:02:00,U1054,anthony.martinez,Salesforce,17,WKSTN-U1054
APP034375,2026-06-19 14:43:00,U1084,joshua.taylor,Active Directory Console,12,WKSTN-U1084
APP022573,2026-06-19 14:15:00,U1055,patricia.wilson54,Chrome,35,WKSTN-U1055
APP031360,2026-06-19 14:30:00,U1077,kimberly.harris58,Outlook,2,WKSTN-U1077
APP022574,2026-06-19 14:30:00,U1055,patricia.wilson54,Zoom,48,WKSTN-U1055
APP031362,2026-06-19 14:41:00,U1077,kimberly.harris58,word,12,WKSTN-U1077
APP024151,2026-06-19 14:31:00,U1059,daniel.perez98,Excel,,WKSTN-U1059
APP018167,2026-06-19 14:38:00,U1044,lisa.ramirez9,Workday,2,WKSTN-U1044
APP018558,2026-06-19 14:20:00,U1045,daniel.sanchez90,Chrome,22,WKSTN-U1045
APP018988,2026-06-19 14:02:00,U1046,michelle.torres39,Workday,26,WKSTN-U1046
APP034828,2026-06-19 14:32:00,U1085,barbara.walker67,PuTTY,29,WKSTN-U1085
APP001092,2026-06-19 14:31:00,U1003,kenneth.clark29,EXCEL,55,WKSTN-U1003
APP000675,2026-06-19 14:19:00,U1002,donna.ramirez,Outlook,83,WKSTN-U1002
APP019395,2026-06-19 14:14:00,U1047,sandra.lewis,Salesforce,16,WKSTN-U1047
APP011708,2026-06-19 14:07:00,U1028,john.hill,Chrome,40,WKSTN-U1028
APP036193,2026-06-19 14:19:00,U1088,andrew.smith85,Terminal,25,WKSTN-U1088
APP028995,2026-06-19 14:25:00,U1071,MATTHEW.ROBINSON35,Chrome,-31.0,WKSTN-U1071
APP025770,2026-06-19 14:21:00,U1063,john.nguyen,Chrome,84,WKSTN-U1063
APP030176,2026-06-19 14:26:00,U1074,sarah.williams7,Chrome,28,WKSTN-U1074
APP003042,2026-06-19 14:03:00,U1008,joshua.hernandez,Chrome,7,WKSTN-U1008
APP016178,2026-06-19 14:28:00,U1039,mark.thomas,Excel,71,WKSTN-U1039
APP006739,2026-06-19 14:32:00,U1017,emily.hernandez34,Docker Desktop,80,WKSTN-U1017
APP002676,2026-06-19 14:34:00,U1007,sarah.robinson82,Chrome,42,WKSTN-U1007
APP016965,2026-06-19 14:24:00,U1041,matthew.allen52,Excel,38,WKSTN-U1041
APP040089,2026-06-19 14:15:00,U1097,mark.martinez10,PowerPoint,75,WKSTN-U1097
APP028997,2026-06-19 14:47:00,U1071,  matthew.robinson35 ,Outlook,28,WKSTN-U1071	
APP023753,2026-06-19 15:04:00,U1058,jennifer.ramirez18,Zoom,72,WKSTN-U1058
APP013803,2026-06-19 14:46:00,U1033,linda.miller,CHROME,79,WKSTN-U1033
APP009909,2026-06-19 14:54:00,U1024,emily.miller,Chrome,85,WKSTN-U1024
APP028163,2026-06-19 14:53:00,U1069,jessica.clark,Chrome,22,WKSTN-U1069
APP029774,2026-06-19 15:00:00,U1073,michael.gonzalez,Chrome,55,WKSTN-U1073
APP018557,2026-06-19 15:02:00,U1045,,  Workday ,27,  WKSTN-U1045 
APP005019,2026-06-19 14:55:00,U1013,emily.smith,Excel,73,WKSTN-U1013
APP025367,2026-06-19 14:53:00,U1062,william.martin,Chrome,-46.0,WKSTN-U1062
APP041235,2026-06-19 15:20:00,U1100,daniel.brown38,Chrome,58,WKSTN-U1100
APP021355,2026-06-19 14:57:00,U1052,PAUL.TAYLOR,  Outlook ,9,WKSTN-U1052
APP033922,2026-06-19 14:55:00,U1083,sarah.allen70,Chrome,34,WKSTN-U1083
APP013802,2026-06-19 15:17:00,U1033,linda.miller,Workday,63,WKSTN-U1033
APP022163,2026-06-19 15:07:00,U1054,anthony.martinez	,Salesforce,25,WKSTN-U1054
APP013804,2026-06-19 15:22:00,U1033,linda.miller,Excel,,WKSTN-U1033
APP028998,2026-06-19 14:44:00,U1071,matthew.robinson35,Chrome,26,WKSTN-U1071
APP017768,2026-06-19 14:50:00,U1043,thomas.williams91	,Excel,63,WKSTN-U1043
APP031359,2026-06-19 15:17:00,U1077,kimberly.harris58,Chrome,39,WKSTN-U1077
APP034376,2026-06-19 15:06:00,U1084,joshua.taylor,PuTTY,55,WKSTN-U1084
APP008107,2026-06-19 14:48:00,U1020,andrew.thomas36,Slack,27,WKSTN-U1020
APP020161,2026-06-19 15:00:00,U1049,michelle.jones59,Outlook,83,WKSTN-U1049
APP026559,2026-06-19 14:54:00,U1065,MICHAEL.RAMIREZ47,Outlook,54,WKSTN-U1065
APP002287,2026-06-19 15:10:00,U1006,george.gonzalez,SAP,32,  WKSTN-U1006 
APP006740,2026-06-19 14:54:00,U1017,emily.hernandez34	,Git,15,WKSTN-U1017
APP012143,2026-06-19 15:23:00,U1029,michelle.garcia54,Slack,6,WKSTN-U1029
APP016177,2026-06-19 15:58:00,U1039,mark.thomas,Chrome,51,WKSTN-U1039
APP024551,2026-06-19 15:27:00,U1060,matthew.anderson,Outlook,57,WKSTN-U1060
APP039684,2026-06-19 15:55:00,U1096,david.allen76,PowerPoint,50,WKSTN-U1096
APP025774,2026-06-19 15:43:00,U1063,john.nguyen,Chrome,18,WKSTN-U1063
APP019781,2026-06-19 15:27:00,U1048,jennifer.thomas87,  Salesforce ,19,
APP007204,2026-06-19 15:58:00,U1018,betty.white57,Chrome,60,WKSTN-U1018
APP008545,2026-06-19 15:29:00,U1021,,Docker Desktop,86,WKSTN-U1021
APP003043,2026-06-19 16:09:00,U1008,joshua.hernandez,Excel,71,WKSTN-U1008
APP032191,2026-06-19 15:54:00,U1079,emily.jones,Slack,34,WKSTN-U1079
APP000674,2026-06-19 15:47:00,U1002,donna.ramirez,SAP,18,WKSTN-U1002
APP015787,2026-06-19 15:32:00,U1038,emily.clark,Chrome,29,WKSTN-U1038
APP004580,2026-06-19 15:48:00,U1012,linda.martinez,SAP,86,WKSTN-U1012
APP040475,2026-06-19 15:39:00,U1098,nancy.wright49,Outlook,80,WKSTN-U1098
APP013414,2026-06-19 15:34:00,U1032,paul.wright91,Excel,22,WKSTN-U1032
APP025773,2026-06-19 15:24:00,U1063,john.nguyen,Outlook,79,WKSTN-U1063
APP018987,2026-06-19 15:59:00,U1046,michelle.torres39,Chrome,17,WKSTN-U1046
APP024984,2026-06-19 15:43:00,U1061,jessica.rodriguez,,27,WKSTN-U1061
APP014971,2026-06-19 15:46:00,U1036,linda.jones,  Outlook ,34,WKSTN-U1036
APP004578,2026-06-19 16:05:00,U1012,linda.martinez,Excel,67,WKSTN-U1012
APP028579,2026-06-19 15:40:00,U1070,betty.thomas40,Chrome,42,WKSTN-U1070
APP027737,2026-06-19 15:37:00,U1068,susan.thompson34,Chrome,77,WKSTN-U1068
APP001490,2026-06-19 15:25:00,U1004,elizabeth.wilson98,Outlook,27,WKSTN-U1004
APP027367,2026-06-19 15:49:00,U1067,paul.thomas97,DocuSign,25,WKSTN-U1067
APP028578,2026-06-19 16:05:00,U1070,betty.thomas40,Chrome,76,WKSTN-U1070
APP031759,2026-06-19 15:41:00,U1078,  michelle.miller ,Chrome,42,WKSTN-U1078
APP030583,2026-06-19 16:18:00,U1075,  STEVEN.LEWIS ,Chrome,15,WKSTN-U1075
APP039683,2026-06-19 16:24:00,U1096,DAVID.ALLEN76,PowerPoint,27,WKSTN-U1096
APP035273,2026-06-19 16:48:00,U1086,steven.thompson53,PuTTY,7,WKSTN-U1086
APP030175,2026-06-19 16:13:00,U1074,sarah.williams7,DocuSign,39,WKSTN-U1074
APP033465,2026-06-19 16:26:00,U1082,karen.hill96,Active Directory Console,28,WKSTN-U1082
APP014187,2026-06-19 16:51:00,U1034,thomas.allen63,Outlook,44,WKSTN-U1034
APP000259,2026-06-19 17:02:00,U1001,linda.johnson95,Excel	,55,WKSTN-U1001
APP037987,2026-06-19 16:16:00,U1092,steven.thomas,,66,WKSTN-U1092
APP001091,2026-06-19 16:51:00,U1003,kenneth.clark29,Chrome,,WKSTN-U1003
APP007203,2026-06-19 17:02:00,U1018,betty.white57,Git,45,WKSTN-U1018
APP009010,2026-06-19 16:32:00,U1022,sandra.brown,Chrome,65,WKSTN-U1022
APP024986,2026-06-19 17:00:00,U1061,jessica.rodriguez,  Salesforce ,31,WKSTN-U1061
APP018990,2026-06-19 16:40:00,U1046,michelle.torres39,Excel,82,WKSTN-U1046
APP027365,2026-06-19 16:36:00,U1067,paul.thomas97	,Word,27,WKSTN-U1067
APP010797,2026-06-19 17:13:00,U1026,elizabeth.gonzalez,Docker Desktop,28,WKSTN-U1026
APP006738,2026-06-19 17:33:00,U1017,emily.hernandez34,Docker Desktop,6,WKSTN-U1017
APP038422,2026-06-19 16:40:00,U1093,sarah.clark44,Terminal,20,WKSTN-U1093
APP035274,2026-06-19 16:47:00,U1086,  steven.thompson53 ,Terminal,48,WKSTN-U1086
APP010352,2026-06-19 16:16:00,U1025,betty.brown22,Docker Desktop,34,WKSTN-U1025
APP016963,2026-06-19 16:37:00,U1041,matthew.allen52,Excel,24,WKSTN-U1041
APP030967,2026-06-19 16:30:00,U1076,john.torres,Word,40,WKSTN-U1076
APP023348,2026-06-19 16:47:00,U1057,nancy.sanchez,Zoom,64,WKSTN-U1057
APP014974,2026-06-19 16:45:00,U1036,linda.jones,Outlook,74,WKSTN-U1036
APP000260,2026-06-19 16:46:00,U1001,linda.johnson95	,Excel,6,WKSTN-U1001
APP010349,2026-06-19 16:19:00,U1025,betty.brown22,Slack,75,WKSTN-U1025
APP034399,2026-06-20 09:16:00,U1084,joshua.taylor,Chrome,43,WKSTN-U1084
APP028181,2026-06-21 15:04:00,U1069,jessica.clark,Outlook,41,WKSTN-U1069
APP004598,2026-06-21 14:58:00,U1012,linda.martinez,Outlook,60,WKSTN-U1012
APP025366,2026-06-19 17:59:00,U1062,william.martin,Outlook,75,WKSTN-U1062
APP013004,2026-06-20 07:51:00,U1031,john.wright28,  Excel ,88,WKSTN-U1031
APP034400,2026-06-20 16:34:00,U1084,joshua.taylor,WIRESHARK,76,WKSTN-U1084
APP033482,2026-06-22 07:20:00,U1082,karen.hill96,PuTTY,18,WKSTN-U1082
APP004597,2026-06-21 13:06:00,U1012,linda.martinez,Chrome,31,WKSTN-U1012
APP041252,2026-06-22 07:27:00,U1100,daniel.brown38,CHROME,35,WKSTN-U1100
APP033464,2026-06-19 17:42:00,U1082,karen.hill96,Active Directory Console,27,
APP028180,2026-06-21 11:23:00,U1069,jessica.clark,Chrome,58,WKSTN-U1069
APP013005,2026-06-20 13:57:00,U1031,john.wright28,Outlook,36,WKSTN-U1031
APP018989,2026-06-19 17:47:00,U1046,  michelle.torres39 ,Workday,82,WKSTN-U1046
APP038858,2026-06-19 17:45:00,U1094,elizabeth.lewis69,PuTTY,26,WKSTN-U1094
APP030190,2026-06-20 11:57:00,U1074,sarah.williams7,Word,51,WKSTN-U1074
APP013006,2026-06-20 14:50:00,U1031,john.wright28,outlook,24,WKSTN-U1031
APP030191,2026-06-20 08:53:00,U1074,sarah.williams7,Outlook,62,WKSTN-U1074
APP030189,2026-06-20 07:24:00,U1074,sarah.williams7,Outlook,53,WKSTN-U1074
APP004596,2026-06-21 07:01:00,U1012,linda.martinez,SAP,46,WKSTN-U1012
APP040879,2026-06-22 07:14:00,U1099,joseph.garcia,PowerPoint,23,WKSTN-U1099
APP030192,2026-06-20 12:28:00,U1074,sarah.williams7,DocuSign,37,WKSTN-U1074
APP028182,2026-06-21 12:35:00,U1069,jessica.clark,Word,69,WKSTN-U1069
APP009477,2026-06-22 07:31:00,U1023,richard.wright,Docker Desktop,31,WKSTN-U1023
APP033077,2026-06-22 07:07:00,U1081,margaret.davis,active directory console,41,WKSTN-U1081
APP034398,2026-06-20 15:42:00,U1084,,Slack,11,WKSTN-U1084
APP035729,2026-06-22 09:04:00,U1087,charles.sanchez,Active Directory Console,31,WKSTN-U1087
APP019800,2026-06-22 08:29:00,U1048,jennifer.thomas87,Zoom,53,WKSTN-U1048
APP036650,2026-06-22 08:32:00,U1089,paul.brown27,PuTTY,2,WKSTN-U1089
APP007679,2026-06-22 07:42:00,U1019,donna.anderson,VSCode,89,WKSTN-U1019
APP018185,2026-06-22 09:06:00,U1044,lisa.ramirez9,Excel,67,WKSTN-U1044
APP034844,2026-06-22 09:15:00,U1085,barbara.walker67,Wireshark,90,WKSTN-U1085
APP016984,2026-06-22 08:24:00,U1041,matthew.allen52,Workday,44,WKSTN-U1041
APP038004,2026-06-22 08:08:00,U1092,steven.thomas,PuTTY,25,WKSTN-U1092
APP006762,2026-06-22 07:34:00,U1017,emily.hernandez34,Chrome,75,WKSTN-U1017
APP027754,2026-06-22 09:02:00,U1068,susan.thompson34,,11,WKSTN-U1068
APP009933,2026-06-22 08:15:00,U1024,emily.miller,Slack,83,WKSTN-U1024
APP006759,2026-06-22 08:30:00,U1017,emily.hernandez34,Docker Desktop,67,WKSTN-U1017
APP005035,2026-06-22 08:44:00,U1013,emily.smith,Chrome,78,WKSTN-U1013
APP005433,2026-06-22 07:43:00,U1014,james.taylor,Excel,14,WKSTN-U1014
APP033075,2026-06-22 07:50:00,U1081,margaret.davis,Slack,50,WKSTN-U1081
APP009934,2026-06-22 09:06:00,U1024,emily.miller,Chrome,82,WKSTN-U1024
APP028199,2026-06-22 08:10:00,U1069,jessica.clark,Word,17,WKSTN-U1069
APP028201,2026-06-22 07:48:00,U1069,jessica.clark,Outlook,89,WKSTN-U1069	
APP020981,2026-06-22 08:42:00,U1051,sandra.king72	,Zoom,41,WKSTN-U1051
APP020982,2026-06-22 07:49:00,U1051,sandra.king72,Salesforce,41,WKSTN-U1051
APP012162,2026-06-22 08:28:00,U1029,michelle.garcia54,JENKINS,21,  WKSTN-U1029 
APP034416,2026-06-22 09:11:00,U1084,joshua.taylor,Active Directory Console,12,WKSTN-U1084
APP027383,2026-06-22 09:12:00,U1067,paul.thomas97	,Chrome,4,  WKSTN-U1067 
APP001108,2026-06-22 08:46:00,U1003,kenneth.clark29,Outlook,3,WKSTN-U1003
APP033944,2026-06-22 09:09:00,U1083,sarah.allen70,PuTTY,78,WKSTN-U1083
APP001508,2026-06-22 09:53:00,U1004,elizabeth.wilson98,SAP,41,WKSTN-U1004
APP003062,2026-06-22 09:41:00,U1008,joshua.hernandez,Outlook,6,WKSTN-U1008
APP018187,2026-06-22 09:45:00,U1044,lisa.ramirez9,Chrome,20,WKSTN-U1044
APP001897,2026-06-22 09:24:00,U1005,robert.robinson,Chrome,77,WKSTN-U1005
APP020979,2026-06-22 09:27:00,U1051,  sandra.king72 ,Zoom,75,WKSTN-U1051
APP028200,2026-06-22 09:25:00,U1069,jessica.clark,DocuSign,56,WKSTN-U1069
APP030209,2026-06-22 09:27:00,U1074,sarah.williams7,Word,88,WKSTN-U1074
APP031779,2026-06-22 09:48:00,U1078,michelle.miller,Chrome,13,WKSTN-U1078
APP036648,2026-06-22 09:46:00,U1089,PAUL.BROWN27,Chrome,50,WKSTN-U1089
APP041256,2026-06-22 09:47:00,U1100,daniel.brown38,POWERPOINT,11,WKSTN-U1100
APP018186,2026-06-22 09:27:00,U1044,lisa.ramirez9,Chrome,73,WKSTN-U1044
APP038440,2026-06-22 09:25:00,U1093,sarah.clark44,Active Directory Console,28,WKSTN-U1093
APP006283,2026-06-22 09:56:00,U1016,patricia.thomas,Git,19,WKSTN-U1016
APP021765,2026-06-22 09:28:00,U1053,john.jackson31,Zoom,55,WKSTN-U1053
APP040877,2026-06-22 09:50:00,U1099,,Excel,16,WKSTN-U1099
APP003061,2026-06-22 09:35:00,U1008,joshua.hernandez,Chrome,21,WKSTN-U1008
APP001896,2026-06-22 09:21:00,U1005,robert.robinson,Excel,62,WKSTN-U1005
APP003456,2026-06-22 09:43:00,U1009,daniel.brown,QuickBooks,86,WKSTN-U1009
APP011277,2026-06-22 09:24:00,U1027,patricia.brown75,Jenkins,21,WKSTN-U1027
APP022596,2026-06-22 09:53:00,U1055,patricia.wilson54	,Salesforce,17,WKSTN-U1055
APP029411,2026-06-22 09:47:00,U1072,kenneth.lopez,Outlook,32,WKSTN-U1072
APP011719,2026-06-22 09:36:00,U1028,john.hill,Slack,45,WKSTN-U1028
APP038002,2026-06-22 09:38:00,U1092,steven.thomas,Slack,74,WKSTN-U1092
APP009032,2026-06-22 09:15:00,U1022,sandra.brown,Docker Desktop,12,WKSTN-U1022
APP014202,2026-06-22 09:23:00,U1034,thomas.allen63,Excel,15,WKSTN-U1034
APP029013,2026-06-22 10:30:00,U1071,matthew.robinson35,Outlook,45,WKSTN-U1071
APP006761,2026-06-22 10:22:00,U1017,emily.hernandez34,Slack,37,WKSTN-U1017
APP009476,2026-06-22 09:57:00,U1023,richard.wright,Slack,3,WKSTN-U1023
APP022189,2026-06-22 10:18:00,U1054,anthony.martinez,Chrome,10,
APP017790,2026-06-22 10:25:00,U1043,thomas.williams91,Excel,64,WKSTN-U1043
APP021370,2026-06-22 10:25:00,U1052,paul.taylor,chrome	,30,WKSTN-U1052
APP022976,2026-06-22 10:14:00,U1056,anthony.clark,Chrome,4,WKSTN-U1056
APP019004,2026-06-22 10:13:00,U1046,michelle.torres39,Excel	,61,WKSTN-U1046
APP033073,2026-06-22 10:16:00,U1081,margaret.davis,Wireshark,60,WKSTN-U1081
APP002306,2026-06-22 10:21:00,U1006,george.gonzalez,Excel,60,WKSTN-U1006
APP028599,2026-06-22 10:12:00,U1070,betty.thomas40,Outlook,3,WKSTN-U1070
APP007683,2026-06-22 10:28:00,U1019,,DOCKER DESKTOP,85,WKSTN-U1019
APP009475,2026-06-22 10:14:00,U1023,richard.wright,Chrome,54,WKSTN-U1023
APP009474,2026-06-22 10:13:00,U1023,richard.wright,Docker Desktop,N/A,WKSTN-U1023
APP040491,2026-06-22 10:07:00,U1098,nancy.wright49,Chrome,56,WKSTN-U1098
APP030989,2026-06-22 10:06:00,U1076,john.torres,Word,39,WKSTN-U1076
APP001110,2026-06-22 10:23:00,U1003,kenneth.clark29,Excel,28,WKSTN-U1003
APP027385,2026-06-22 10:16:00,U1067,paul.thomas97,CHROME,63,WKSTN-U1067
APP020176,2026-06-22 10:15:00,U1049,michelle.jones59,  Salesforce ,7,WKSTN-U1049
APP006281,2026-06-22 10:22:00,U1016,patricia.thomas,Docker Desktop,63,WKSTN-U1016
APP029794,2026-06-22 10:01:00,U1073,michael.gonzalez,Chrome,10,WKSTN-U1073
APP040878,2026-06-22 10:10:00,U1099,JOSEPH.GARCIA,Zoom,21,WKSTN-U1099
APP011720,2026-06-22 10:21:00,U1028,john.hill,Docker Desktop,76,WKSTN-U1028
APP005854,2026-06-22 10:24:00,U1015,lisa.hernandez,Excel,24,WKSTN-U1015
APP002304,2026-06-22 10:19:00,U1006,george.gonzalez,QuickBooks,75,WKSTN-U1006
APP021764,2026-06-22 10:49:00,U1053,john.jackson31,Outlook,8,WKSTN-U1053
APP031378,2026-06-22 11:06:00,U1077,kimberly.harris58,Outlook,41,WKSTN-U1077
APP006758,2026-06-22 11:00:00,U1017,emily.hernandez34,Jenkins,13,WKSTN-U1017
APP030600,2026-06-22 10:37:00,U1075,steven.lewis,Outlook,48,WKSTN-U1075
APP040109,2026-06-22 10:55:00,U1097,mark.martinez10,PowerPoint,77,WKSTN-U1097
APP023768,2026-06-22 11:08:00,U1058,jennifer.ramirez18,Outlook,86,WKSTN-U1058
APP039703,2026-06-22 10:33:00,U1096,david.allen76,PowerPoint,31,WKSTN-U1096
APP030985,2026-06-22 10:38:00,U1076,john.torres,DocuSign,69,WKSTN-U1076
APP013822,2026-06-22 10:32:00,U1033,linda.miller,Outlook,58,WKSTN-U1033
APP038879,2026-06-22 11:09:00,U1094,elizabeth.lewis69,Terminal,78,WKSTN-U1094
APP015803,2026-06-22 11:05:00,U1038,emily.clark,Outlook,17,WKSTN-U1038
APP039704,2026-06-22 11:09:00,U1096,david.allen76,Outlook,87,WKSTN-U1096
APP026176,2026-06-22 10:49:00,U1064,matthew.wright55,Chrome,7,WKSTN-U1064
APP025006,2026-06-22 10:46:00,U1061,jessica.rodriguez	,Salesforce,73,WKSTN-U1061
APP006760,2026-06-22 11:08:00,U1017,emily.hernandez34,Docker Desktop,10,WKSTN-U1017
APP005437,2026-06-22 11:07:00,U1014,james.taylor,QuickBooks,21,WKSTN-U1014
APP018576,2026-06-22 10:30:00,U1045,daniel.sanchez90,Chrome,74,WKSTN-U1045
APP038006,2026-06-22 10:53:00,U1092,steven.thomas,Chrome,15,WKSTN-U1092
APP004618,2026-06-22 10:33:00,U1012,linda.martinez,Outlook,17,WKSTN-U1012
APP034415,2026-06-22 11:03:00,U1084,joshua.taylor,Chrome,35,WKSTN-U1084
APP038441,2026-06-22 10:58:00,U1093,sarah.clark44,Terminal,43,WKSTN-U1093
APP018577,2026-06-22 10:32:00,U1045,daniel.sanchez90,Workday,,WKSTN-U1045
APP024172,2026-06-22 10:44:00,U1059,daniel.perez98,Zoom,67,WKSTN-U1059
APP018188,2026-06-22 11:08:00,U1044,lisa.ramirez9,Chrome,33,WKSTN-U1044	
APP003832,2026-06-22 10:48:00,U1010,susan.young51,Excel	,31,WKSTN-U1010
APP008567,2026-06-22 11:55:00,U1021,jessica.walker,Git,21,WKSTN-U1021
APP035727,2026-06-22 11:20:00,U1087,charles.sanchez,Slack,86,WKSTN-U1087
APP024570,2026-06-22 11:57:00,U1060,matthew.anderson,Zoom,37,WKSTN-U1060
APP013020,2026-06-22 11:55:00,U1031,john.wright28,Excel,72,WKSTN-U1031
APP017786,2026-06-22 11:39:00,U1043,thomas.williams91,Excel,16,WKSTN-U1043
APP025383,2026-06-22 11:53:00,U1062,william.martin,Excel,64,WKSTN-U1062
APP005434,2026-06-22 11:11:00,U1014,james.taylor,QuickBooks,31,WKSTN-U1014
APP005856,2026-06-22 11:43:00,U1015,lisa.hernandez,SAP,67,WKSTN-U1015
APP035728,2026-06-22 11:39:00,U1087,charles.sanchez,Active Directory Console,90,WKSTN-U1087
APP009932,2026-06-22 11:20:00,U1024,emily.miller,Slack,63,
APP030207,2026-06-22 11:13:00,U1074,sarah.williams7,Chrome,90,WKSTN-U1074
APP010370,2026-06-22 11:56:00,U1025,betty.brown22,Git,76,WKSTN-U1025
APP025790,2026-06-22 11:21:00,U1063,john.nguyen,Word,69,WKSTN-U1063
APP019413,2026-06-22 11:24:00,U1047,sandra.lewis,Excel,22,WKSTN-U1047
APP037547,2026-06-22 11:45:00,U1091,linda.robinson,PuTTY,65,WKSTN-U1091
APP001507,2026-06-22 11:10:00,U1004,elizabeth.wilson98,QuickBooks,77,WKSTN-U1004
APP019412,2026-06-22 11:44:00,U1047,sandra.lewis,Outlook,67,WKSTN-U1047
APP022188,2026-06-22 11:16:00,U1054,anthony.martinez,Excel,17,WKSTN-U1054
APP002303,2026-06-22 11:11:00,U1006,george.gonzalez,QuickBooks,22,WKSTN-U1006
APP008127,2026-06-22 11:56:00,U1020,andrew.thomas36,VSCode,36,WKSTN-U1020
APP008125,2026-06-22 11:19:00,U1020,andrew.thomas36,  Chrome ,34,WKSTN-U1020
APP038003,2026-06-22 11:52:00,U1092,steven.thomas,SLACK,33,
APP016983,2026-06-22 11:20:00,U1041,matthew.allen52,Workday,88,WKSTN-U1041
APP038880,2026-06-22 11:14:00,U1094,elizabeth.lewis69,Chrome,82,WKSTN-U1094
APP013022,2026-06-22 11:48:00,U1031,john.wright28,Chrome,6,WKSTN-U1031
APP004205,2026-06-22 12:06:00,U1011,donna.ramirez75,Excel,90,WKSTN-U1011
APP020584,2026-06-22 12:30:00,U1050,michael.ramirez,Excel,81,WKSTN-U1050
APP025792,2026-06-22 12:31:00,U1063,john.nguyen,,32,WKSTN-U1063
APP020175,2026-06-22 12:23:00,U1049,,Outlook,55,
APP027384,2026-06-22 12:17:00,U1067,paul.thomas97,Word,90,WKSTN-U1067
APP039283,2026-06-22 12:05:00,U1095,richard.thomas74,Excel,38,  WKSTN-U1095 
APP022980,2026-06-22 12:09:00,U1056,anthony.clark,Excel,64,WKSTN-U1056
APP040490,2026-06-22 12:25:00,U1098,nancy.wright49,Chrome,70,WKSTN-U1098
APP013823,2026-06-22 11:58:00,U1033,linda.miller,Excel,27,WKSTN-U1033
APP007680,2026-06-22 12:19:00,U1019,donna.anderson,Jenkins,39,WKSTN-U1019
APP006282,2026-06-22 12:28:00,U1016,patricia.thomas,Slack,28,WKSTN-U1016
APP030986,2026-06-22 11:59:00,U1076,john.torres,Outlook,53,WKSTN-U1076
APP007682,2026-06-22 12:22:00,U1019,donna.anderson,VSCode,14,WKSTN-U1019
APP006279,2026-06-22 12:25:00,U1016,patricia.thomas,Chrome,89,WKSTN-U1016
APP016603,2026-06-22 12:11:00,U1040,matthew.martin,Workday,81,WKSTN-U1040
APP003455,2026-06-22 12:13:00,U1009,daniel.brown,Outlook,71,WKSTN-U1009
APP024170,2026-06-22 12:26:00,U1059,  daniel.perez98 ,Zoom,60,WKSTN-U1059
APP020980,2026-06-22 12:16:00,U1051,sandra.king72,Zoom,21,WKSTN-U1051
APP014610,2026-06-22 12:12:00,U1035,nancy.rodriguez82,Workday,65,WKSTN-U1035
APP034417,2026-06-22 12:16:00,U1084,joshua.taylor,Terminal,14,WKSTN-U1084
APP030987,2026-06-22 12:15:00,U1076,JOHN.TORRES,OUTLOOK,58,WKSTN-U1076
APP032211,2026-06-22 12:07:00,U1079,emily.jones,  PuTTY ,2,WKSTN-U1079
APP037548,2026-06-22 12:02:00,U1091,linda.robinson,Wireshark,4,WKSTN-U1091
APP005853,2026-06-22 12:30:00,U1015,lisa.hernandez,QuickBooks,43,WKSTN-U1015
APP016605,2026-06-22 12:27:00,U1040,matthew.martin,Workday,39,WKSTN-U1040
APP009478,2026-06-22 13:11:00,U1023,richard.wright,Git,59,WKSTN-U1023
APP038005,2026-06-22 12:40:00,U1092,,Slack,72,WKSTN-U1092
APP005435,2026-06-22 13:14:00,U1014,james.taylor,Outlook,18,WKSTN-U1014
APP038439,2026-06-22 12:57:00,U1093,sarah.clark44,PuTTY,85,WKSTN-U1093
APP041254,2026-06-22 13:05:00,U1100,daniel.brown38,PowerPoint,2,WKSTN-U1100
APP001505,2026-06-22 12:40:00,U1004,  elizabeth.wilson98 ,QUICKBOOKS,9,WKSTN-U1004
APP008568,2026-06-22 12:50:00,U1021,jessica.walker,Slack,65,WKSTN-U1021
APP002305,2026-06-22 12:51:00,U1006,george.gonzalez,QuickBooks,13,WKSTN-U1006
APP003458,2026-06-22 12:56:00,U1009,daniel.brown,excel,43,WKSTN-U1009
APP026997,2026-06-22 13:14:00,U1066,michelle.wright62,Word,78,WKSTN-U1066
APP025385,2026-06-22 12:57:00,U1062,william.martin,Salesforce,60,WKSTN-U1062
APP014988,2026-06-22 13:08:00,U1036,linda.jones,Chrome,,WKSTN-U1036
APP025384,2026-06-22 12:58:00,U1062,william.martin,Salesforce,33,WKSTN-U1062
APP029011,2026-06-22 12:45:00,U1071,matthew.robinson35,Outlook,74,WKSTN-U1071
APP000277,2026-06-22 12:54:00,U1001,linda.johnson95,Excel,30,WKSTN-U1001
APP002689,2026-06-22 12:42:00,U1007,sarah.robinson82,Chrome,88,WKSTN-U1007
APP027753,2026-06-22 12:33:00,U1068,susan.thompson34,DocuSign,70,WKSTN-U1068
APP018184,2026-06-22 13:06:00,U1044,lisa.ramirez9,Chrome,49,WKSTN-U1044
APP022979,2026-06-22 13:07:00,U1056,anthony.clark,Outlook,54,WKSTN-U1056
APP009029,2026-06-22 12:36:00,U1022,sandra.brown,Git,11,WKSTN-U1022
APP034419,2026-06-22 12:36:00,U1084,joshua.taylor,Wireshark,73,WKSTN-U1084
APP002688,2026-06-22 13:09:00,U1007,sarah.robinson82,QuickBooks,,WKSTN-U1007
APP026177,2026-06-22 12:35:00,U1064,matthew.wright55,DocuSign,89,WKSTN-U1064
APP009931,2026-06-22 12:32:00,U1024,emily.miller,Git,50,WKSTN-U1024
APP023367,2026-06-22 12:49:00,U1057,nancy.sanchez,Excel,53,WKSTN-U1057
APP026577,2026-06-22 13:47:00,U1065,,  Outlook ,2,WKSTN-U1065
APP013431,2026-06-22 13:55:00,U1032,paul.wright91,Workday,89,WKSTN-U1032
APP033076,2026-06-22 13:51:00,U1081,margaret.davis,Slack,49,WKSTN-U1081
APP004616,2026-06-22 13:17:00,U1012,,Excel,18,WKSTN-U1012
APP020983,2026-06-22 13:42:00,U1051,sandra.king72,Excel,82,WKSTN-U1051
APP027382,2026-06-22 13:20:00,U1067,paul.thomas97,Outlook,27,WKSTN-U1067
APP035295,2026-06-22 13:30:00,U1086,steven.thompson53,Terminal,46,WKSTN-U1086
APP017402,2026-06-22 13:59:00,U1042,michael.hill56,Excel,,WKSTN-U1042
APP029409,2026-06-22 13:41:00,U1072,kenneth.lopez,Word,3,WKSTN-U1072
APP015401,2026-06-22 13:50:00,U1037,robert.martin,Excel,60,WKSTN-U1037
APP013821,2026-06-22 13:57:00,U1033,  linda.miller ,Excel,41,WKSTN-U1033
APP000275,2026-06-22 13:33:00,U1001,LINDA.JOHNSON95,SAP,83,WKSTN-U1001
APP033942,2026-06-22 13:15:00,U1083,sarah.allen70,Terminal,72,WKSTN-U1083
APP041255,2026-06-22 13:30:00,U1100,daniel.brown38,Zoom,14,WKSTN-U1100
APP024569,2026-06-22 14:01:00,U1060,matthew.anderson,EXCEL,58,WKSTN-U1060	
APP009031,2026-06-22 13:29:00,U1022,sandra.brown,Chrome,77,  WKSTN-U1022 
APP029410,2026-06-22 13:34:00,U1072,kenneth.lopez,  Chrome ,34,WKSTN-U1072
APP033943,2026-06-22 13:41:00,U1083,sarah.allen70,PuTTY,79,
APP010369,2026-06-22 13:29:00,U1025,betty.brown22	,Slack,26,WKSTN-U1025
APP030601,2026-06-22 13:53:00,U1075,steven.lewis,Word,52,WKSTN-U1075
APP014201,2026-06-22 13:58:00,U1034,thomas.allen63,Excel,75,WKSTN-U1034
APP028598,2026-06-22 13:39:00,U1070,betty.thomas40	,DocuSign	,21,WKSTN-U1070
APP021373,2026-06-22 13:47:00,U1052,paul.taylor	,Salesforce,12,WKSTN-U1052
APP036211,2026-06-22 13:31:00,U1088,andrew.smith85,PuTTY,73,WKSTN-U1088
APP033481,2026-06-22 13:19:00,U1082,karen.hill96,Active Directory Console,59,WKSTN-U1082
APP024171,2026-06-22 14:27:00,U1059,daniel.perez98,Chrome,59,  WKSTN-U1059 
APP023769,2026-06-22 14:05:00,U1058,jennifer.ramirez18,Excel,70,WKSTN-U1058
APP040107,2026-06-22 14:28:00,U1097,mark.martinez10,Chrome,26,WKSTN-U1097
APP034845,2026-06-22 14:12:00,U1085,barbara.walker67,CHROME,10,WKSTN-U1085
APP015400,2026-06-22 14:32:00,U1037,robert.martin,Workday,30,WKSTN-U1037
APP017787,2026-06-22 14:32:00,U1043,thomas.williams91,Workday,59,WKSTN-U1043
APP041253,2026-06-22 14:29:00,U1100,daniel.brown38,Chrome,27,WKSTN-U1100
APP029791,2026-06-22 14:08:00,U1073,michael.gonzalez,Chrome,69,
APP008569,2026-06-22 14:16:00,U1021,jessica.walker,Slack,46,WKSTN-U1021
APP014987,2026-06-22 14:03:00,U1036,linda.jones,EXCEL,77,
APP005857,2026-06-22 14:31:00,U1015,lisa.hernandez,Chrome,62,WKSTN-U1015
APP029412,2026-06-22 14:16:00,U1072,kenneth.lopez,Word,,WKSTN-U1072
APP039284,2026-06-22 14:07:00,U1095,richard.thomas74,Zoom,38,WKSTN-U1095
APP033074,2026-06-22 14:03:00,U1081,margaret.davis,Chrome,76,WKSTN-U1081
APP007223,2026-06-22 14:17:00,U1018,betty.white57,Jenkins,70,WKSTN-U1018
APP016985,2026-06-22 14:21:00,U1041,matthew.allen52,Excel,,WKSTN-U1041
APP005034,2026-06-22 14:13:00,U1013,emily.smith,SAP,16,WKSTN-U1013
APP025005,2026-06-22 14:08:00,U1061,jessica.rodriguez,Salesforce,20,WKSTN-U1061
APP031377,2026-06-22 14:12:00,U1077,kimberly.harris58,Chrome,58,WKSTN-U1077
APP026578,2026-06-22 14:24:00,U1065,michael.ramirez47,DocuSign,60,WKSTN-U1065
APP007681,2026-06-22 14:23:00,U1019,donna.anderson,Docker Desktop,44,WKSTN-U1019
APP010371,2026-06-22 14:28:00,U1025,betty.brown22,Slack,70,WKSTN-U1025
APP016193,2026-06-22 14:22:00,U1039,mark.thomas,CHROME,20,WKSTN-U1039
APP017403,2026-06-22 14:13:00,U1042,michael.hill56,Outlook,40,WKSTN-U1042
APP034843,2026-06-22 14:32:00,U1085,barbara.walker67,Chrome,14,WKSTN-U1085
APP022597,2026-06-22 15:06:00,U1055,patricia.wilson54,Outlook,43,WKSTN-U1055
APP025004,2026-06-22 14:38:00,U1061,jessica.rodriguez,Salesforce,57,WKSTN-U1061
APP006280,2026-06-22 14:59:00,U1016,  patricia.thomas ,SLACK,5,WKSTN-U1016
APP014611,2026-06-22 14:43:00,U1035,nancy.rodriguez82,Outlook,19,WKSTN-U1035
APP029014,2026-06-22 14:58:00,U1071,matthew.robinson35,Outlook,35,WKSTN-U1071
APP035726,2026-06-22 15:06:00,U1087,charles.sanchez,Wireshark,67,WKSTN-U1087
APP023366,2026-06-22 14:39:00,U1057,nancy.sanchez,,70,WKSTN-U1057
APP025382,2026-06-22 14:58:00,U1062,william.martin	,Chrome,85,
APP001506,2026-06-22 14:48:00,U1004,elizabeth.wilson98,Excel,33,WKSTN-U1004
APP025007,2026-06-22 14:34:00,U1061,jessica.rodriguez,Zoom,4,WKSTN-U1061
APP027752,2026-06-22 14:34:00,U1068,susan.thompson34,Chrome,59,WKSTN-U1068
APP034418,2026-06-22 14:39:00,U1084,joshua.taylor,Slack,89,WKSTN-U1084
APP021766,2026-06-22 14:49:00,U1053,john.jackson31,Salesforce,50,WKSTN-U1053
APP005436,2026-06-22 15:08:00,U1014,james.taylor,Outlook,37,WKSTN-U1014
APP037546,2026-06-22 14:57:00,U1091,linda.robinson,Slack,29,WKSTN-U1091
APP029793,2026-06-22 14:38:00,U1073,michael.gonzalez,DocuSign,57,WKSTN-U1073
APP029015,2026-06-22 14:46:00,U1071,matthew.robinson35,DocuSign,50,WKSTN-U1071
APP001895,2026-06-22 14:48:00,U1005,robert.robinson,Outlook,31000.0,WKSTN-U1005
APP003831,2026-06-22 15:01:00,U1010,susan.young51,QuickBooks,26,  WKSTN-U1010 
APP036210,2026-06-22 15:04:00,U1088,andrew.smith85,Slack,75,WKSTN-U1088
APP010811,2026-06-22 15:08:00,U1026,elizabeth.gonzalez,Slack,72,WKSTN-U1026
APP009030,2026-06-22 14:40:00,U1022,sandra.brown,vscode,56,WKSTN-U1022
APP023368,2026-06-22 14:40:00,U1057,nancy.sanchez,Excel,53,WKSTN-U1057
APP019003,2026-06-22 14:51:00,U1046,michelle.torres39,  Excel ,88,WKSTN-U1046
APP030210,2026-06-22 15:09:00,U1074,sarah.williams7,Word,9,WKSTN-U1074
APP028597,2026-06-22 15:18:00,U1070,betty.thomas40,Chrome,75,WKSTN-U1070
APP017401,2026-06-22 15:29:00,U1042,michael.hill56,chrome,33,WKSTN-U1042
APP015402,2026-06-22 15:41:00,U1037,robert.martin,Chrome,59,WKSTN-U1037
APP022977,2026-06-22 15:42:00,U1056,anthony.clark,Outlook,69,WKSTN-U1056
APP036647,2026-06-22 15:29:00,U1089,paul.brown27,PuTTY,89,WKSTN-U1089
APP031375,2026-06-22 15:14:00,U1077,kimberly.harris58,Chrome,,WKSTN-U1077
APP029792,2026-06-22 15:34:00,U1073,michael.gonzalez,Word,6,WKSTN-U1073
APP019801,2026-06-22 15:44:00,U1048,jennifer.thomas87,Excel,45,WKSTN-U1048
APP020174,2026-06-22 15:32:00,U1049,michelle.jones59,Zoom,77,WKSTN-U1049
APP026998,2026-06-22 15:40:00,U1066,michelle.wright62,Word,11,WKSTN-U1066
APP012161,2026-06-22 15:32:00,U1029,michelle.garcia54,Jenkins,18,WKSTN-U1029
APP004202,2026-06-22 15:19:00,U1011,donna.ramirez75,Outlook,10,WKSTN-U1011
APP036649,2026-06-22 15:16:00,U1089,paul.brown27,Wireshark,5,WKSTN-U1089
APP012163,2026-06-22 15:42:00,U1029,michelle.garcia54,Slack,63,  WKSTN-U1029 
APP022978,2026-06-22 15:25:00,U1056,anthony.clark,Zoom,89,WKSTN-U1056
APP022598,2026-06-22 15:38:00,U1055,patricia.wilson54,Outlook,80,
APP013021,2026-06-22 15:28:00,U1031,john.wright28,Chrome,72,WKSTN-U1031
APP000276,2026-06-22 15:29:00,U1001,linda.johnson95,QuickBooks,49,WKSTN-U1001
APP021371,2026-06-22 15:15:00,U1052,paul.taylor,Zoom,72,WKSTN-U1052
APP026579,2026-06-22 15:16:00,U1065,michael.ramirez47,Word,71,WKSTN-U1065
APP015804,2026-06-22 15:29:00,U1038,emily.clark	,Chrome,85,WKSTN-U1038
APP019799,2026-06-22 15:22:00,U1048,jennifer.thomas87,Salesforce,20,WKSTN-U1048
APP013430,2026-06-22 15:48:00,U1032,paul.wright91,Workday,80,WKSTN-U1032
APP004204,2026-06-22 15:16:00,U1011,donna.ramirez75,Chrome,78,WKSTN-U1011	
APP002690,2026-06-22 15:27:00,U1007,sarah.robinson82,SAP,90,WKSTN-U1007
APP030208,2026-06-22 15:53:00,U1074,sarah.williams7,Word,63,WKSTN-U1074
APP000698,2026-06-22 15:50:00,U1002,donna.ramirez,Outlook,39,WKSTN-U1002
APP040489,2026-06-22 16:22:00,U1098,nancy.wright49,Outlook,61,WKSTN-U1098
APP039702,2026-06-22 16:01:00,U1096,david.allen76,Outlook,2,WKSTN-U1096
APP028600,2026-06-22 15:59:00,U1070,betty.thomas40,Word,23,WKSTN-U1070
APP019411,2026-06-22 15:48:00,U1047,sandra.lewis,Outlook,3,WKSTN-U1047
APP021372,2026-06-22 16:14:00,U1052,paul.taylor,Zoom	,32,WKSTN-U1052
APP003457,2026-06-22 16:01:00,U1009,daniel.brown,  QuickBooks ,72,WKSTN-U1009
APP015805,2026-06-22 16:04:00,U1038,emily.clark,Chrome,46,WKSTN-U1038
APP037104,2026-06-22 16:05:00,U1090,mary.hill,Wireshark,4,WKSTN-U1090
APP010812,2026-06-22 16:04:00,U1026,elizabeth.gonzalez,Git,39,WKSTN-U1026
APP031376,2026-06-22 15:49:00,U1077,kimberly.harris58,Word,26,WKSTN-U1077
APP004203,2026-06-22 16:04:00,U1011,donna.ramirez75,SAP,29,WKSTN-U1011
APP011722,2026-06-22 16:17:00,U1028,john.hill,Slack,62,WKSTN-U1028
APP022187,2026-06-22 16:16:00,U1054,anthony.martinez,,67,WKSTN-U1054
APP000278,2026-06-22 15:50:00,U1001,linda.johnson95,Excel,63,WKSTN-U1001
APP011278,2026-06-22 16:14:00,U1027,patricia.brown75,Git,32,WKSTN-U1027
APP008126,2026-06-22 15:58:00,U1020,andrew.thomas36,  Git ,65,WKSTN-U1020
APP031780,2026-06-22 16:00:00,U1078,michelle.miller,DocuSign,20,WKSTN-U1078
APP017788,2026-06-22 16:13:00,U1043,thomas.williams91,chrome,86,WKSTN-U1043
APP007222,2026-06-22 16:19:00,U1018,betty.white57,VSCode,40,WKSTN-U1018
APP014203,2026-06-22 15:48:00,U1034,thomas.allen63,Workday,88,WKSTN-U1034
APP011279,2026-06-22 16:16:00,U1027,patricia.brown75,Git,,WKSTN-U1027
APP016194,2026-06-22 15:58:00,U1039,mark.thomas,Workday,85,WKSTN-U1039
APP019798,2026-06-22 15:59:00,U1048,,Salesforce,49,WKSTN-U1048
APP025003,2026-06-22 17:04:00,U1061,jessica.rodriguez,Outlook,8,WKSTN-U1061
APP024169,2026-06-22 17:00:00,U1059,daniel.perez98,Outlook,48,WKSTN-U1059
APP011721,2026-06-22 17:13:00,U1028,john.hill,Git,51,WKSTN-U1028
APP001109,2026-06-22 16:23:00,U1003,kenneth.clark29,quickbooks,54,WKSTN-U1003
APP039282,2026-06-22 17:05:00,U1095,richard.thomas74,Excel,23,WKSTN-U1095
APP024173,2026-06-22 16:26:00,U1059,daniel.perez98,Zoom,66,WKSTN-U1059
APP025791,2026-06-22 16:43:00,U1063,john.nguyen,DocuSign,75,WKSTN-U1063
APP030988,2026-06-22 16:39:00,U1076,john.torres,Chrome,75,WKSTN-U1076
APP018575,2026-06-22 16:51:00,U1045,daniel.sanchez90,Excel,33,WKSTN-U1045
APP026580,2026-06-22 16:33:00,U1065,michael.ramirez47,Outlook,42,WKSTN-U1065
APP022594,2026-06-22 16:36:00,U1055,patricia.wilson54,Excel,87,WKSTN-U1055
APP035294,2026-06-22 16:40:00,U1086,steven.thompson53,CHROME,15,WKSTN-U1086
APP032212,2026-06-22 16:44:00,U1079,emily.jones,Wireshark,29,WKSTN-U1079
APP000696,2026-06-22 16:28:00,U1002,donna.ramirez,QuickBooks,68,WKSTN-U1002
APP039281,2026-06-22 16:46:00,U1095,richard.thomas74,Chrome,22,  WKSTN-U1095 
APP005855,2026-06-22 17:06:00,U1015,lisa.hernandez,QuickBooks,40,WKSTN-U1015
APP029012,2026-06-22 17:23:00,U1071,matthew.robinson35,Chrome,21,WKSTN-U1071
APP016602,2026-06-22 17:23:00,U1040,matthew.martin,Workday,8,WKSTN-U1040
APP026175,2026-06-22 16:42:00,U1064,matthew.wright55,Chrome,31,WKSTN-U1064
APP018578,2026-06-22 17:02:00,U1045,daniel.sanchez90,Outlook,25,WKSTN-U1045
APP020585,2026-06-22 17:13:00,U1050,michael.ramirez,Outlook,17,WKSTN-U1050
APP004617,2026-06-22 16:38:00,U1012,linda.martinez,Excel,,WKSTN-U1012
APP017789,2026-06-22 17:17:00,U1043,thomas.williams91,Chrome,16,WKSTN-U1043
APP038878,2026-06-22 16:37:00,U1094,elizabeth.lewis69,Terminal,25,WKSTN-U1094
APP040108,2026-06-22 16:44:00,U1097,mark.martinez10,Outlook,10,WKSTN-U1097
APP014612,2026-06-22 17:46:00,U1035,,Workday,73,WKSTN-U1035
APP022595,2026-06-22 17:37:00,U1055,patricia.wilson54,Zoom,72,WKSTN-U1055
APP008140,2026-06-23 07:31:00,U1020,andrew.thomas36,Chrome,16,WKSTN-U1020
APP031008,2026-06-23 07:52:00,U1076,john.torres,Chrome,65,WKSTN-U1076
APP038462,2026-06-23 07:46:00,U1093,sarah.clark44,Slack,11,WKSTN-U1093
APP031007,2026-06-23 07:59:00,U1076,john.torres,Outlook,18,WKSTN-U1076
APP038460,2026-06-23 07:30:00,U1093,sarah.clark44,PuTTY,11,WKSTN-U1093
APP019819,2026-06-23 08:19:00,U1048,jennifer.thomas87,Outlook,51,WKSTN-U1048
APP026581,2026-06-22 18:05:00,U1065,,Word,26,WKSTN-U1065
APP011299,2026-06-23 07:55:00,U1027,patricia.brown75,VSCode,50,WKSTN-U1027
APP036668,2026-06-23 07:44:00,U1089,paul.brown27,Chrome,47,WKSTN-U1089
APP027015,2026-06-23 07:55:00,U1066,michelle.wright62,DocuSign,60,WKSTN-U1066
APP035293,2026-06-22 17:42:00,U1086,steven.thompson53,Chrome,47,WKSTN-U1086
APP016604,2026-06-22 17:29:00,U1040,MATTHEW.MARTIN,Outlook,56,WKSTN-U1040
APP033501,2026-06-23 07:26:00,U1082,karen.hill96,Slack,70,WKSTN-U1082
APP024587,2026-06-23 08:11:00,U1060,matthew.anderson,Zoom,80,WKSTN-U1060
APP004227,2026-06-23 07:33:00,U1011,donna.ramirez75,Outlook,72,WKSTN-U1011
APP033092,2026-06-23 08:13:00,U1081,margaret.davis,Chrome,6,WKSTN-U1081
APP027769,2026-06-23 08:22:00,U1068,susan.thompson34,DocuSign,64,WKSTN-U1068
APP037103,2026-06-22 17:48:00,U1090,mary.hill,Wireshark,63,WKSTN-U1090
APP014222,2026-06-23 07:29:00,U1034,thomas.allen63,Chrome,67,  WKSTN-U1034 
APP000697,2026-06-22 18:08:00,U1002,donna.ramirez,Excel,47,WKSTN-U1002
APP040123,2026-06-23 08:07:00,U1097,mark.martinez10,Zoom,39,WKSTN-U1097
APP001125,2026-06-23 07:57:00,U1003,kenneth.clark29,Excel,60,WKSTN-U1003
APP004224,2026-06-23 07:42:00,U1011,donna.ramirez75,Chrome,9,WKSTN-U1011
APP038897,2026-06-23 08:27:00,U1094,elizabeth.lewis69,Chrome,89,WKSTN-U1094
APP040896,2026-06-23 09:01:00,U1099,joseph.garcia,PowerPoint,43,WKSTN-U1099
APP040507,2026-06-23 08:41:00,U1098,nancy.wright49,Outlook,27,WKSTN-U1098
APP001129,2026-06-23 08:31:00,U1003,kenneth.clark29,SAP,59,WKSTN-U1003
APP013041,2026-06-23 08:50:00,U1031,john.wright28,Outlook,-88.0,WKSTN-U1031
APP031395,2026-06-23 08:28:00,U1077,kimberly.harris58,Word,20,
APP022210,2026-06-23 08:51:00,U1054,ANTHONY.MARTINEZ,Chrome,70,WKSTN-U1054
APP021386,2026-06-23 09:13:00,U1052,paul.taylor,Salesforce,79,
APP016624,2026-06-23 08:59:00,U1040,  matthew.martin ,Outlook,72,WKSTN-U1040
APP007243,2026-06-23 08:59:00,U1018,betty.white57,Git,68,WKSTN-U1018
APP018207,2026-06-23 08:47:00,U1044,lisa.ramirez9,Workday,40,WKSTN-U1044
APP040125,2026-06-23 08:40:00,U1097,mark.martinez10,Outlook,22,WKSTN-U1097
APP014627,2026-06-23 09:16:00,U1035,nancy.rodriguez82,Excel,33,WKSTN-U1035
APP020601,2026-06-23 08:46:00,U1050,michael.ramirez,Zoom,62,WKSTN-U1050
APP016209,2026-06-23 09:02:00,U1039,mark.thomas,Outlook,66,WKSTN-U1039
APP018592,2026-06-23 09:07:00,U1045,daniel.sanchez90,Outlook,67,WKSTN-U1045
APP004226,2026-06-23 08:22:00,U1011,donna.ramirez75,SAP,28,WKSTN-U1011
APP019433,2026-06-23 08:35:00,U1047,sandra.lewis,Zoom,58,WKSTN-U1047	
APP031800,2026-06-23 09:05:00,U1078,michelle.miller,Outlook,33,WKSTN-U1078
APP028218,2026-06-23 08:26:00,U1069,jessica.clark,Chrome,14,
APP008591,2026-06-23 08:37:00,U1021,jessica.walker,VSCode,20,WKSTN-U1021
APP011739,2026-06-23 08:51:00,U1028,john.hill,Chrome,34,WKSTN-U1028
APP035310,2026-06-23 08:35:00,U1086,steven.thompson53,Wireshark,34,WKSTN-U1086
APP001127,2026-06-23 08:31:00,U1003,kenneth.clark29,QuickBooks,43,WKSTN-U1003
APP036230,2026-06-23 08:36:00,U1088,andrew.smith85,Slack,82,  WKSTN-U1088 
APP040893,2026-06-23 09:37:00,U1099,joseph.garcia,Zoom,80,WKSTN-U1099
APP010398,2026-06-23 09:27:00,U1025,betty.brown22,Chrome,84,WKSTN-U1025
APP011740,2026-06-23 09:24:00,U1028,john.hill,Slack,82,WKSTN-U1028
APP001525,2026-06-23 09:27:00,U1004,elizabeth.wilson98,Outlook,53,WKSTN-U1004
APP014226,2026-06-23 09:52:00,U1034,THOMAS.ALLEN63,Workday,3,WKSTN-U1034
APP017008,2026-06-23 09:42:00,U1041,,Outlook,33,WKSTN-U1041
APP010395,2026-06-23 09:48:00,U1025,betty.brown22,Docker Desktop,63,WKSTN-U1025
APP008593,2026-06-23 09:42:00,U1021,jessica.walker,Chrome,59,WKSTN-U1021
APP036670,2026-06-23 09:35:00,U1089,paul.brown27,Slack,76,WKSTN-U1089
APP035745,2026-06-23 09:35:00,U1087,charles.sanchez	,Chrome,25,WKSTN-U1087
APP008589,2026-06-23 09:36:00,U1021,jessica.walker,Git,34,WKSTN-U1021
APP023387,2026-06-23 09:39:00,U1057,nancy.sanchez,Excel,,WKSTN-U1057
APP017420,2026-06-23 09:41:00,U1042,michael.hill56,Excel,40,WKSTN-U1042
APP033091,2026-06-23 09:52:00,U1081,margaret.davis,Chrome,55,WKSTN-U1081
APP022213,2026-06-23 09:28:00,U1054,anthony.martinez,chrome	,83,WKSTN-U1054
APP037567,2026-06-23 09:33:00,U1091,linda.robinson,PuTTY,83,  WKSTN-U1091 
APP027770,2026-06-23 09:19:00,U1068,susan.thompson34,Outlook,8,WKSTN-U1068
APP009495,2026-06-23 09:21:00,U1023,richard.wright,Chrome,8,WKSTN-U1023
APP021388,2026-06-23 09:19:00,U1052,paul.taylor,Zoom,39,WKSTN-U1052
APP033504,2026-06-23 09:34:00,U1082,karen.hill96,Slack,22,WKSTN-U1082
APP013837,2026-06-23 09:47:00,U1033,linda.miller,Outlook,18,WKSTN-U1033
APP029031,2026-06-23 09:40:00,U1071,matthew.robinson35,Outlook	,84,WKSTN-U1071
APP025807,2026-06-23 09:43:00,U1063,john.nguyen,DocuSign,3,WKSTN-U1063
APP007244,2026-06-23 09:32:00,U1018,BETTY.WHITE57,Slack,72,WKSTN-U1018
APP016208,2026-06-23 09:37:00,U1039,mark.thomas,Workday,40,WKSTN-U1039
APP027400,2026-06-23 09:56:00,U1067,paul.thomas97,Chrome,26,WKSTN-U1067
APP031396,2026-06-23 10:22:00,U1077,kimberly.harris58,  Chrome ,12,WKSTN-U1077
APP009949,2026-06-23 10:06:00,U1024,emily.miller,Jenkins,3,WKSTN-U1024
APP022998,2026-06-23 10:15:00,U1056,anthony.clark	,Excel,46,WKSTN-U1056
APP014225,2026-06-23 09:55:00,U1034,thomas.allen63,Chrome,11,WKSTN-U1034
APP001526,2026-06-23 09:53:00,U1004,elizabeth.wilson98,Chrome,67,  WKSTN-U1004 
APP013040,2026-06-23 10:03:00,U1031,john.wright28,Chrome,32,WKSTN-U1031
APP013444,2026-06-23 10:04:00,U1032,paul.wright91,Chrome,53,WKSTN-U1032	
APP025400,2026-06-23 10:09:00,U1062,william.martin,,61,WKSTN-U1062
APP023784,2026-06-23 10:00:00,U1058,jennifer.ramirez18,Excel,48,WKSTN-U1058
APP023390,2026-06-23 10:15:00,U1057,nancy.sanchez,Salesforce,21,WKSTN-U1057
APP017421,2026-06-23 10:15:00,U1042,michael.hill56,  CHROME ,79,WKSTN-U1042
APP038030,2026-06-23 10:22:00,U1092,steven.thomas,Wireshark,57,WKSTN-U1092
APP010397,2026-06-23 10:23:00,U1025,betty.brown22,Git,4,WKSTN-U1025
APP007697,2026-06-23 09:54:00,U1019,donna.anderson,VSCode,44,WKSTN-U1019
APP024589,2026-06-23 10:01:00,U1060,matthew.anderson,Excel,23,WKSTN-U1060
APP013838,2026-06-23 10:06:00,U1033,linda.miller,Outlook,46,WKSTN-U1033
APP015008,2026-06-23 09:59:00,U1036,linda.jones,Workday	,20,WKSTN-U1036
APP022999,2026-06-23 09:58:00,U1056,anthony.clark,Chrome,62,WKSTN-U1056	
APP038028,2026-06-23 09:56:00,U1092,steven.thomas,Wireshark,59,WKSTN-U1092
APP020604,2026-06-23 10:13:00,U1050,michael.ramirez,Salesforce,5,WKSTN-U1050
APP030617,2026-06-23 10:12:00,U1075,steven.lewis,Chrome,18,WKSTN-U1075
APP023785,2026-06-23 09:58:00,U1058,jennifer.ramirez18,Salesforce,46,WKSTN-U1058
APP032225,2026-06-23 09:57:00,U1079,emily.jones,Chrome,36,WKSTN-U1079
APP020195,2026-06-23 10:15:00,U1049,michelle.jones59,Zoom,24,WKSTN-U1049
APP006300,2026-06-23 10:33:00,U1016,patricia.thomas,Docker Desktop,56,WKSTN-U1016
APP008139,2026-06-23 10:43:00,U1020,andrew.thomas36,Docker Desktop,48,WKSTN-U1020
APP038463,2026-06-23 10:43:00,U1093,sarah.clark44,Active Directory Console,51,WKSTN-U1093
APP030616,2026-06-23 10:40:00,U1075,steven.lewis,Chrome,80,WKSTN-U1075
APP013836,2026-06-23 10:35:00,U1033,linda.miller,Workday,66,WKSTN-U1033
APP025808,2026-06-23 10:24:00,U1063,john.nguyen,DocuSign,24,WKSTN-U1063
APP040506,2026-06-23 10:41:00,U1098,nancy.wright49,Excel,8,
APP033964,2026-06-23 10:37:00,U1083,sarah.allen70,Slack,33,WKSTN-U1083
APP018208,2026-06-23 10:30:00,U1044,lisa.ramirez9,Outlook,26,WKSTN-U1044
APP033961,2026-06-23 10:43:00,U1083,sarah.allen70,Wireshark,47,WKSTN-U1083
APP000713,2026-06-23 10:38:00,U1002,donna.ramirez,Chrome,63,WKSTN-U1002
APP036232,2026-06-23 10:47:00,U1088,,PuTTY,22,WKSTN-U1088
APP017004,2026-06-23 10:39:00,U1041,matthew.allen52,Chrome,35,WKSTN-U1041
APP031006,2026-06-23 10:24:00,U1076,john.torres,Word,45,WKSTN-U1076
APP019817,2026-06-23 10:43:00,U1048,jennifer.thomas87,Outlook,57,WKSTN-U1048
APP017419,2026-06-23 10:35:00,U1042,michael.hill56,Workday,2,WKSTN-U1042
APP041269,2026-06-23 10:39:00,U1100,daniel.brown38,Zoom,6,WKSTN-U1100
APP001915,2026-06-23 10:29:00,U1005,robert.robinson,excel,18,WKSTN-U1005
APP025805,2026-06-23 10:35:00,U1063,john.nguyen,Chrome,6,WKSTN-U1063
APP002322,2026-06-23 10:33:00,U1006,  george.gonzalez ,Chrome,6,WKSTN-U1006
APP038461,2026-06-23 10:23:00,U1093,sarah.clark44,PuTTY,22,WKSTN-U1093
APP023386,2026-06-23 10:36:00,U1057,nancy.sanchez,Chrome,48,WKSTN-U1057
APP025398,2026-06-23 10:40:00,U1062,william.martin,Salesforce,27,WKSTN-U1062
APP028613,2026-06-23 10:27:00,U1070,betty.thomas40,Outlook,44,WKSTN-U1070
APP028217,2026-06-23 10:42:00,U1069,jessica.clark,Outlook,8,WKSTN-U1069
APP005873,2026-06-23 11:06:00,U1015,lisa.hernandez,Outlook,90,WKSTN-U1015
APP034865,2026-06-23 10:52:00,U1085,barbara.walker67,Wireshark,10,WKSTN-U1085
APP004223,2026-06-23 11:02:00,U1011,donna.ramirez75,SAP,16,WKSTN-U1011
APP032226,2026-06-23 11:04:00,U1079,emily.jones,Active Directory Console,71,WKSTN-U1079
APP040508,2026-06-23 11:08:00,U1098,nancy.wright49,Excel,31,WKSTN-U1098
APP030229,2026-06-23 11:05:00,U1074,sarah.williams7,Word,84,WKSTN-U1074
APP017809,2026-06-23 10:52:00,U1043,thomas.williams91,OUTLOOK,8,WKSTN-U1043
APP039303,2026-06-23 11:09:00,U1095,richard.thomas74,,41,WKSTN-U1095
APP021001,2026-06-23 11:24:00,U1051,sandra.king72,Zoom,5,WKSTN-U1051
APP001524,2026-06-23 11:26:00,U1004,elizabeth.wilson98,Chrome,42,WKSTN-U1004
APP025396,2026-06-23 11:04:00,U1062,william.martin,Salesforce,39000.0,WKSTN-U1062
APP008592,2026-06-23 11:13:00,U1021,,Jenkins,68,WKSTN-U1021
APP031801,2026-06-23 11:24:00,U1078,michelle.miller,DocuSign,,WKSTN-U1078
APP023389,2026-06-23 11:14:00,U1057,NANCY.SANCHEZ,Excel,76,WKSTN-U1057
APP028216,2026-06-23 11:23:00,U1069,jessica.clark,Chrome,26,WKSTN-U1069
APP036669,2026-06-23 11:24:00,U1089,paul.brown27,Terminal,51,WKSTN-U1089
APP000291,2026-06-23 11:01:00,U1001,,QuickBooks,10,WKSTN-U1001
APP034438,2026-06-23 10:48:00,U1084,joshua.taylor,Chrome,13,WKSTN-U1084
APP031799,2026-06-23 11:16:00,U1078,michelle.miller,  Word ,64,WKSTN-U1078
APP019432,2026-06-23 11:06:00,U1047,sandra.lewis,Salesforce,86,WKSTN-U1047
APP017808,2026-06-23 10:53:00,U1043,,Workday,36,WKSTN-U1043
APP009051,2026-06-23 11:17:00,U1022,sandra.brown,Slack,47,WKSTN-U1022
APP019435,2026-06-23 11:24:00,U1047,sandra.lewis,Excel,80,WKSTN-U1047
APP022211,2026-06-23 11:04:00,U1054,anthony.martinez,Excel,10,WKSTN-U1054
APP028612,2026-06-23 11:02:00,U1070,betty.thomas40	,DocuSign,24,WKSTN-U1070
APP016207,2026-06-23 11:40:00,U1039,mark.thomas,Chrome,11,WKSTN-U1039
APP002710,2026-06-23 11:50:00,U1007,sarah.robinson82,SAP,,WKSTN-U1007
APP009049,2026-06-23 11:58:00,U1022,SANDRA.BROWN,Jenkins,15,WKSTN-U1022
APP040505,2026-06-23 11:44:00,U1098,nancy.wright49,Excel,2,WKSTN-U1098
APP016210,2026-06-23 11:50:00,U1039,mark.thomas,Chrome,66,WKSTN-U1039
APP023388,2026-06-23 11:42:00,U1057,,Excel,32,WKSTN-U1057
APP039721,2026-06-23 12:00:00,U1096,david.allen76,Excel,,WKSTN-U1096
APP038900,2026-06-23 11:51:00,U1094,elizabeth.lewis69,Active Directory Console,84,WKSTN-U1094
APP023001,2026-06-23 11:46:00,U1056,anthony.clark,Zoom,75,WKSTN-U1056
APP007240,2026-06-23 11:39:00,U1018,betty.white57,Docker Desktop,77,WKSTN-U1018
APP035746,2026-06-23 11:43:00,U1087,charles.sanchez,Slack,43,WKSTN-U1087
APP038898,2026-06-23 11:45:00,U1094,elizabeth.lewis69,Slack,47,WKSTN-U1094
APP006781,2026-06-23 11:59:00,U1017,emily.hernandez34,Git,27,WKSTN-U1017
APP003073,2026-06-23 11:52:00,U1008,joshua.hernandez,Chrome,58,WKSTN-U1008
APP001527,2026-06-23 11:37:00,U1004,elizabeth.wilson98,Chrome,25,WKSTN-U1004
APP032227,2026-06-23 11:49:00,U1079,emily.jones,Chrome,60,WKSTN-U1079
APP021000,2026-06-23 12:00:00,U1051,sandra.king72,Salesforce,9,WKSTN-U1051
APP025397,2026-06-23 11:37:00,U1062,william.martin,Zoom,25,WKSTN-U1062
APP021387,2026-06-23 11:49:00,U1052,paul.taylor,Excel,12,WKSTN-U1052
APP015823,2026-06-23 11:39:00,U1038,emily.clark,Workday,51,WKSTN-U1038
APP037566,2026-06-23 11:40:00,U1091,linda.robinson,Slack,81,WKSTN-U1091
APP027013,2026-06-23 11:46:00,U1066,michelle.wright62,Outlook,40,WKSTN-U1066
APP039304,2026-06-23 11:51:00,U1095,richard.thomas74,,48,WKSTN-U1095
APP041268,2026-06-23 11:39:00,U1100,daniel.brown38,zoom,13,WKSTN-U1100
APP024194,2026-06-23 12:00:00,U1059,daniel.perez98,Chrome,36,WKSTN-U1059
APP014628,2026-06-23 12:30:00,U1035,nancy.rodriguez82,Chrome,55,WKSTN-U1035
APP005874,2026-06-23 12:16:00,U1015,lisa.hernandez,QuickBooks,67,WKSTN-U1015
APP024193,2026-06-23 12:09:00,U1059,daniel.perez98,Zoom,22,WKSTN-U1059
APP005456,2026-06-23 12:20:00,U1014,james.taylor,quickbooks,14,WKSTN-U1014
APP012180,2026-06-23 12:39:00,U1029,michelle.garcia54	,Docker Desktop,14,WKSTN-U1029
APP019820,2026-06-23 12:03:00,U1048,jennifer.thomas87,Excel,14,WKSTN-U1048
APP004635,2026-06-23 12:32:00,U1012,linda.martinez,SAP,49,WKSTN-U1012
APP040895,2026-06-23 12:19:00,U1099,joseph.garcia,Outlook,37,WKSTN-U1099
APP013447,2026-06-23 12:20:00,U1032,paul.wright91,Excel,39,  WKSTN-U1032 
APP000292,2026-06-23 12:02:00,U1001,linda.johnson95,SAP,10,WKSTN-U1001
APP013039,2026-06-23 12:19:00,U1031,john.wright28,Workday,53,WKSTN-U1031
APP027768,2026-06-23 12:03:00,U1068,susan.thompson34,Outlook,75,
APP026194,2026-06-23 12:44:00,U1064,matthew.wright55,Outlook,6,WKSTN-U1064
APP038899,2026-06-23 12:40:00,U1094,elizabeth.lewis69,Active Directory Console,45,WKSTN-U1094
APP000290,2026-06-23 12:21:00,U1001,linda.johnson95,SAP,7,WKSTN-U1001
APP009497,2026-06-23 12:15:00,U1023,richard.wright,GIT,86,WKSTN-U1023
APP016623,2026-06-23 12:45:00,U1040,matthew.martin,Chrome,2,
APP029030,2026-06-23 12:46:00,U1071,matthew.robinson35,,56,WKSTN-U1071
APP028614,2026-06-23 12:27:00,U1070,betty.thomas40,Outlook,9,WKSTN-U1070
APP001126,2026-06-23 12:47:00,U1003,kenneth.clark29,,60,
APP038029,2026-06-23 12:46:00,U1092,steven.thomas,Slack,21,WKSTN-U1092
APP037121,2026-06-23 12:18:00,U1090,mary.hill,Terminal,63,WKSTN-U1090
APP027767,2026-06-23 12:25:00,U1068,susan.thompson34,Outlook,42,WKSTN-U1068
APP013445,2026-06-23 12:13:00,U1032,paul.wright91,Workday,15,WKSTN-U1032
APP006301,2026-06-23 12:31:00,U1016,patricia.thomas,Jenkins,25,WKSTN-U1016
APP040124,2026-06-23 13:05:00,U1097,mark.martinez10,Excel,68,WKSTN-U1097
APP029431,2026-06-23 13:19:00,U1072,kenneth.lopez,DocuSign,44,WKSTN-U1072
APP034866,2026-06-23 13:14:00,U1085,barbara.walker67,Slack,11,WKSTN-U1085
APP021779,2026-06-23 12:51:00,U1053,john.jackson31,Outlook,46,WKSTN-U1053
APP006302,2026-06-23 12:50:00,U1016,patricia.thomas,Slack,30,WKSTN-U1016
APP039305,2026-06-23 13:21:00,U1095,richard.thomas74,Excel,57,WKSTN-U1095
APP018209,2026-06-23 12:52:00,U1044,lisa.ramirez9,Workday,41,WKSTN-U1044
APP025806,2026-06-23 12:54:00,U1063,john.nguyen,  Word ,12,WKSTN-U1063
APP006783,2026-06-23 12:54:00,U1017,emily.hernandez34,Chrome,79,WKSTN-U1017
APP018595,2026-06-23 12:53:00,U1045,DANIEL.SANCHEZ90,Workday,58,WKSTN-U1045
APP029428,2026-06-23 13:20:00,U1072,kenneth.lopez,Word,87,WKSTN-U1072
APP015822,2026-06-23 13:14:00,U1038,emily.clark,Outlook,84,WKSTN-U1038
APP033503,2026-06-23 12:57:00,U1082,karen.hill96,Terminal,11,
APP022209,2026-06-23 13:10:00,U1054,anthony.martinez,Zoom,58,WKSTN-U1054
APP009498,2026-06-23 13:16:00,U1023,richard.wright,Jenkins,65,WKSTN-U1023
APP010829,2026-06-23 13:07:00,U1026,,Jenkins,3,WKSTN-U1026
APP031393,2026-06-23 13:07:00,U1077,kimberly.harris58,docusign,48,WKSTN-U1077
APP015007,2026-06-23 12:57:00,U1036,linda.jones,Excel,77,WKSTN-U1036
APP002323,2026-06-23 12:57:00,U1006,george.gonzalez,Outlook,9,WKSTN-U1006
APP027014,2026-06-23 13:21:00,U1066,michelle.wright62,CHROME,62,  WKSTN-U1066 
APP033500,2026-06-23 12:54:00,U1082,karen.hill96,Wireshark,89,WKSTN-U1082
APP024191,2026-06-23 13:12:00,U1059,daniel.perez98,Excel,59,WKSTN-U1059
APP003846,2026-06-23 13:18:00,U1010,susan.young51,Chrome,29,WKSTN-U1010
APP011303,2026-06-23 12:51:00,U1027,patricia.brown75,VSCode,41,WKSTN-U1027
APP036229,2026-06-23 12:49:00,U1088,andrew.smith85,Slack,28,WKSTN-U1088
APP017418,2026-06-23 13:38:00,U1042,michael.hill56,Outlook,90,WKSTN-U1042
APP018594,2026-06-23 13:45:00,U1045,daniel.sanchez90,Outlook,52,WKSTN-U1045
APP030228,2026-06-23 13:50:00,U1074,sarah.williams7,Word,22,WKSTN-U1074
APP039719,2026-06-23 13:55:00,U1096,david.allen76,Chrome,29,WKSTN-U1096
APP019022,2026-06-23 13:41:00,U1046,michelle.torres39,Outlook,29,WKSTN-U1046
APP024588,2026-06-23 13:28:00,U1060,matthew.anderson,Zoom,84,WKSTN-U1060
APP020603,2026-06-23 13:22:00,U1050,michael.ramirez,Zoom,45,WKSTN-U1050
APP031802,2026-06-23 13:24:00,U1078,michelle.miller,DocuSign,10,WKSTN-U1078
APP015418,2026-06-23 13:37:00,U1037,robert.martin,Excel,78,WKSTN-U1037
APP011301,2026-06-23 13:38:00,U1027,patricia.brown75,Chrome,10,WKSTN-U1027
APP035311,2026-06-23 13:30:00,U1086,steven.thompson53,Active Directory Console,71,WKSTN-U1086
APP020602,2026-06-23 13:44:00,U1050,michael.ramirez,Chrome,31,WKSTN-U1050
APP020600,2026-06-23 13:55:00,U1050,michael.ramirez,Salesforce,33,WKSTN-U1050
APP003477,2026-06-23 13:23:00,U1009,  daniel.brown ,Excel,11,WKSTN-U1009
APP004225,2026-06-23 13:53:00,U1011,donna.ramirez75,SAP,67,WKSTN-U1011
APP022611,2026-06-23 13:51:00,U1055,patricia.wilson54,  Outlook ,53,WKSTN-U1055
APP029812,2026-06-23 13:52:00,U1073,michael.gonzalez,Chrome,42,WKSTN-U1073
APP018593,2026-06-23 13:53:00,U1045,daniel.sanchez90,Workday,36,WKSTN-U1045
APP005455,2026-06-23 13:41:00,U1014,james.taylor,Chrome,73,WKSTN-U1014
APP001128,2026-06-23 13:39:00,U1003,,Excel,17,WKSTN-U1003
APP038031,2026-06-23 13:36:00,U1092,steven.thomas,Terminal,81,
APP010396,2026-06-23 13:48:00,U1025,betty.brown22,Docker Desktop,82,WKSTN-U1025
APP029032,2026-06-23 13:35:00,U1071,MATTHEW.ROBINSON35,Outlook	,22,WKSTN-U1071
APP021002,2026-06-23 13:33:00,U1051,sandra.king72,Salesforce,51,WKSTN-U1051
APP023787,2026-06-23 13:34:00,U1058,jennifer.ramirez18,Excel,62,WKSTN-U1058
APP021780,2026-06-23 14:10:00,U1053,john.jackson31,Zoom,82,WKSTN-U1053
APP019436,2026-06-23 14:15:00,U1047,sandra.lewis,Zoom,79,WKSTN-U1047
APP025023,2026-06-23 14:33:00,U1061,jessica.rodriguez,Excel,60,WKSTN-U1061
APP029430,2026-06-23 14:06:00,U1072,kenneth.lopez,DocuSign,68,WKSTN-U1072
APP026600,2026-06-23 14:38:00,U1065,michael.ramirez47,DocuSign,88,WKSTN-U1065
APP036231,2026-06-23 13:57:00,U1088,andrew.smith85,Chrome,45,WKSTN-U1088
APP034436,2026-06-23 14:19:00,U1084,joshua.taylor,Active Directory Console,19,WKSTN-U1084
APP006779,2026-06-23 14:14:00,U1017,emily.hernandez34,Git,67,WKSTN-U1017
APP029432,2026-06-23 14:02:00,U1072,,Word,68,
APP011738,2026-06-23 14:35:00,U1028,john.hill,Slack,90,WKSTN-U1028
APP009948,2026-06-23 14:28:00,U1024,emily.miller,Jenkins,68,WKSTN-U1024
APP022614,2026-06-23 14:26:00,U1055,,Salesforce,30,WKSTN-U1055
APP007241,2026-06-23 14:38:00,U1018,betty.white57,Chrome,,WKSTN-U1018
APP025809,2026-06-23 14:21:00,U1063,john.nguyen,Word,20,WKSTN-U1063
APP000289,2026-06-23 14:23:00,U1001,linda.johnson95,SAP,29,WKSTN-U1001
APP005053,2026-06-23 14:20:00,U1013,emily.smith,chrome,45,WKSTN-U1013
APP033962,2026-06-23 14:31:00,U1083,sarah.allen70,PuTTY	,77,WKSTN-U1083
APP001916,2026-06-23 14:35:00,U1005,robert.robinson,Excel,41,WKSTN-U1005
APP031005,2026-06-23 14:24:00,U1076,john.torres,Outlook,88,WKSTN-U1076
APP019818,2026-06-23 13:59:00,U1048,jennifer.thomas87,Excel,53,WKSTN-U1048
APP015004,2026-06-23 13:59:00,U1036,linda.jones,Outlook,43,WKSTN-U1036
APP023000,2026-06-23 14:11:00,U1056,anthony.clark,Zoom,35,WKSTN-U1056
APP029810,2026-06-23 14:35:00,U1073,michael.gonzalez,Outlook,31,WKSTN-U1073
APP003474,2026-06-23 14:37:00,U1009,daniel.brown,Outlook,21,WKSTN-U1009
APP011300,2026-06-23 14:26:00,U1027,patricia.brown75,Slack,66,WKSTN-U1027
APP004636,2026-06-23 15:13:00,U1012,linda.martinez,QuickBooks,49,WKSTN-U1012
APP003844,2026-06-23 15:13:00,U1010,susan.young51,Outlook,22,WKSTN-U1010
APP015419,2026-06-23 14:45:00,U1037,robert.martin,Workday,73,WKSTN-U1037
APP008590,2026-06-23 14:54:00,U1021,jessica.walker,VSCode,42,
APP012181,2026-06-23 14:57:00,U1029,michelle.garcia54,Chrome,50,WKSTN-U1029
APP014629,2026-06-23 15:06:00,U1035,nancy.rodriguez82,Excel,43,WKSTN-U1035
APP013038,2026-06-23 14:46:00,U1031,john.wright28	,Workday,12,WKSTN-U1031
APP014223,2026-06-23 14:45:00,U1034,thomas.allen63,Outlook,22,WKSTN-U1034
APP000712,2026-06-23 15:07:00,U1002,donna.ramirez,Excel,15,WKSTN-U1002
APP027399,2026-06-23 14:45:00,U1067,paul.thomas97,Chrome,11,WKSTN-U1067
APP003845,2026-06-23 14:44:00,U1010,susan.young51,Chrome,70,WKSTN-U1010
APP027012,2026-06-23 14:47:00,U1066,michelle.wright62,,15,WKSTN-U1066
APP019434,2026-06-23 15:06:00,U1047,sandra.lewis,Salesforce,3,WKSTN-U1047
APP026599,2026-06-23 14:50:00,U1065,michael.ramirez47,DocuSign,9,WKSTN-U1065
APP009050,2026-06-23 15:04:00,U1022,sandra.brown,Git,56,WKSTN-U1022
APP024586,2026-06-23 15:09:00,U1060,matthew.anderson,,63,WKSTN-U1060
APP010394,2026-06-23 14:52:00,U1025,betty.brown22,Slack,74,WKSTN-U1025
APP024590,2026-06-23 14:48:00,U1060,matthew.anderson,Outlook,5,WKSTN-U1060
APP016206,2026-06-23 14:48:00,U1039,mark.thomas,Outlook,69,WKSTN-U1039
APP037124,2026-06-23 15:05:00,U1090,mary.hill,Active Directory Console,74,WKSTN-U1090
APP003473,2026-06-23 15:02:00,U1009,daniel.brown,SAP,30,WKSTN-U1009
APP026598,2026-06-23 14:43:00,U1065,michael.ramirez47,Outlook,46,WKSTN-U1065
APP029809,2026-06-23 15:08:00,U1073,michael.gonzalez,Chrome,35,WKSTN-U1073
APP006780,2026-06-23 14:51:00,U1017,emily.hernandez34,Git,,WKSTN-U1017
APP002709,2026-06-23 14:57:00,U1007,sarah.robinson82,Outlook,89,WKSTN-U1007
APP020194,2026-06-23 15:32:00,U1049,michelle.jones59,Chrome,62,WKSTN-U1049
APP020193,2026-06-23 15:33:00,U1049,michelle.jones59,Zoom,78,WKSTN-U1049
APP015006,2026-06-23 15:27:00,U1036,linda.jones,Chrome,25,WKSTN-U1036	
APP015005,2026-06-23 15:43:00,U1036,linda.jones,Excel,76,WKSTN-U1036
APP034437,2026-06-23 15:33:00,U1084,joshua.taylor,Slack,73,WKSTN-U1084
APP030227,2026-06-23 15:23:00,U1074,sarah.williams7,Outlook,35,WKSTN-U1074
APP040894,2026-06-23 15:29:00,U1099,joseph.garcia,Outlook,55,WKSTN-U1099
APP039720,2026-06-23 15:28:00,U1096,david.allen76,Outlook,,WKSTN-U1096
APP033502,2026-06-23 15:20:00,U1082,karen.hill96,Wireshark,67,WKSTN-U1082
APP011302,2026-06-23 15:18:00,U1027,PATRICIA.BROWN75,Git,64,WKSTN-U1027
APP005052,2026-06-23 15:16:00,U1013,emily.smith,SAP,28,WKSTN-U1013
APP006782,2026-06-23 15:22:00,U1017,emily.hernandez34,Jenkins,88,WKSTN-U1017
APP035744,2026-06-23 15:33:00,U1087,charles.sanchez,Active Directory Console,64,WKSTN-U1087
APP029429,2026-06-23 15:39:00,U1072,kenneth.lopez,docusign,79,WKSTN-U1072
APP038032,2026-06-23 15:30:00,U1092,steven.thomas,Terminal,28,WKSTN-U1092
APP035312,2026-06-23 15:27:00,U1086,steven.thompson53,Wireshark,71,WKSTN-U1086
APP029811,2026-06-23 15:41:00,U1073,michael.gonzalez,Outlook,48,WKSTN-U1073
APP009052,2026-06-23 15:35:00,U1022,sandra.brown,Chrome,3,WKSTN-U1022
APP031394,2026-06-23 15:20:00,U1077,kimberly.harris58,Word,89,WKSTN-U1077
APP025021,2026-06-23 15:25:00,U1061,jessica.rodriguez,Salesforce,33,WKSTN-U1061
APP009496,2026-06-23 15:31:00,U1023,richard.wright,chrome,,WKSTN-U1023
APP022212,2026-06-23 15:29:00,U1054,anthony.martinez,Outlook,12,WKSTN-U1054
APP022997,2026-06-23 15:22:00,U1056,anthony.clark,Zoom,80,WKSTN-U1056
APP015824,2026-06-23 15:32:00,U1038,emily.clark,Chrome,21,WKSTN-U1038
APP014224,2026-06-23 15:31:00,U1034,thomas.allen63,Chrome,74,WKSTN-U1034
APP018596,2026-06-23 15:59:00,U1045,daniel.sanchez90,Excel,25,WKSTN-U1045
APP037122,2026-06-23 15:53:00,U1090,mary.hill,Chrome,23,WKSTN-U1090
APP025399,2026-06-23 16:13:00,U1062,  william.martin ,Zoom,40,WKSTN-U1062
APP005454,2026-06-23 16:10:00,U1014,james.taylor,Excel,23,WKSTN-U1014
APP039722,2026-06-23 16:19:00,U1096,david.allen76,Chrome,2,WKSTN-U1096
APP002324,2026-06-23 15:49:00,U1006,  george.gonzalez ,  QuickBooks ,57,WKSTN-U1006
APP025022,2026-06-23 15:52:00,U1061,jessica.rodriguez,Zoom,49,WKSTN-U1061
APP022613,2026-06-23 16:09:00,U1055,patricia.wilson54	,Outlook,43,WKSTN-U1055
APP019021,2026-06-23 16:35:00,U1046,michelle.torres39,Outlook,3,WKSTN-U1046
APP003847,2026-06-23 15:48:00,U1010,susan.young51,Outlook,56,WKSTN-U1010
APP019023,2026-06-23 16:02:00,U1046,MICHELLE.TORRES39,Chrome,6,WKSTN-U1046
APP023786,2026-06-23 16:04:00,U1058,jennifer.ramirez18,SALESFORCE,58,WKSTN-U1058
APP004634,2026-06-23 16:19:00,U1012,linda.martinez,Chrome,65,WKSTN-U1012
APP010828,2026-06-23 16:14:00,U1026,elizabeth.gonzalez,Slack,36,WKSTN-U1026
APP003475,2026-06-23 16:17:00,U1009,daniel.brown,Excel,2,WKSTN-U1009
APP004637,2026-06-23 16:27:00,U1012,LINDA.MARTINEZ,Outlook,51,WKSTN-U1012
APP005054,2026-06-23 16:15:00,U1013,emily.smith,Outlook,70,WKSTN-U1013
APP002708,2026-06-23 16:26:00,U1007,sarah.robinson82,Outlook,64,WKSTN-U1007
APP007698,2026-06-23 15:47:00,U1019,donna.anderson,Git,43,WKSTN-U1019
APP005875,2026-06-23 16:23:00,U1015,lisa.hernandez,sap,75,WKSTN-U1015
APP007242,2026-06-23 16:17:00,U1018,betty.white57,Docker Desktop,54,WKSTN-U1018
APP017007,2026-06-23 16:33:00,U1041,matthew.allen52,Workday,58,WKSTN-U1041
APP033963,2026-06-23 16:07:00,U1083,sarah.allen70,Wireshark,62,WKSTN-U1083
APP031798,2026-06-23 15:48:00,U1078,michelle.miller,Word,43,WKSTN-U1078
APP026601,2026-06-23 15:44:00,U1065,michael.ramirez47,DocuSign,7,WKSTN-U1065
APP004656,2026-06-24 07:58:00,U1012,linda.martinez,SAP,5,WKSTN-U1012
APP000309,2026-06-24 07:46:00,U1001,linda.johnson95,Chrome,77,
APP017005,2026-06-23 17:06:00,U1041,matthew.allen52,Chrome,78,WKSTN-U1041	
APP019024,2026-06-23 16:43:00,U1046,michelle.torres39,Workday,39,WKSTN-U1046
APP017824,2026-06-24 08:13:00,U1043,thomas.williams91,Excel,N/A,WKSTN-U1043
APP017006,2026-06-23 16:57:00,U1041,matthew.allen52,Outlook,17,WKSTN-U1041
APP037123,2026-06-23 17:05:00,U1090,mary.hill,Slack,64,WKSTN-U1090
APP022612,2026-06-23 16:38:00,U1055,patricia.wilson54,Outlook,22,WKSTN-U1055
APP011756,2026-06-24 08:03:00,U1028,john.hill,  Slack ,26,WKSTN-U1028
APP003072,2026-06-23 16:35:00,U1008,joshua.hernandez,outlook,61,WKSTN-U1008
APP013446,2026-06-23 16:40:00,U1032,paul.wright91,Workday,8,WKSTN-U1032
APP013839,2026-06-23 17:10:00,U1033,linda.miller,chrome,49,WKSTN-U1033
APP026195,2026-06-23 16:38:00,U1064,matthew.wright55,Outlook,18,WKSTN-U1064
APP024192,2026-06-23 16:46:00,U1059,daniel.perez98,Excel,39,WKSTN-U1059
APP033524,2026-06-24 07:14:00,U1082,karen.hill96,Chrome,26,WKSTN-U1082
APP003860,2026-06-24 07:36:00,U1010,susan.young51,Outlook,83,WKSTN-U1010
APP012643,2026-06-24 07:43:00,U1030,betty.rodriguez86,Chrome,4,WKSTN-U1030
APP009053,2026-06-23 17:22:00,U1022,sandra.brown,  Jenkins ,5,WKSTN-U1022
APP007264,2026-06-24 08:06:00,U1018,betty.white57,Slack,35,WKSTN-U1018
APP033526,2026-06-24 07:06:00,U1082,karen.hill96,Chrome,64,WKSTN-U1082
APP012642,2026-06-24 07:58:00,U1030,betty.rodriguez86,Slack,53,WKSTN-U1030
APP040145,2026-06-24 07:26:00,U1097,MARK.MARTINEZ10,Outlook,46,WKSTN-U1097
APP031025,2026-06-24 07:45:00,U1076,john.torres,DocuSign,41,WKSTN-U1076
APP006303,2026-06-23 16:36:00,U1016,patricia.thomas,Jenkins,10,WKSTN-U1016
APP003476,2026-06-23 16:47:00,U1009,daniel.brown,Chrome,15,WKSTN-U1009
APP003859,2026-06-24 08:15:00,U1010,susan.young51,Chrome,58,WKSTN-U1010
APP009072,2026-06-24 08:49:00,U1022,sandra.brown,Chrome,21,WKSTN-U1022
APP018226,2026-06-24 08:20:00,U1044,lisa.ramirez9,Excel,34,WKSTN-U1044
APP010853,2026-06-24 08:41:00,U1026,elizabeth.gonzalez,Chrome,4,WKSTN-U1026
APP028235,2026-06-24 09:09:00,U1069,jessica.clark,DocuSign,53,WKSTN-U1069
APP033978,2026-06-24 09:02:00,U1083,sarah.allen70,Slack,77,WKSTN-U1083
APP040143,2026-06-24 08:26:00,U1097,mark.martinez10,Outlook,85,WKSTN-U1097
APP009074,2026-06-24 08:27:00,U1022,sandra.brown,Chrome,13,WKSTN-U1022
APP013462,2026-06-24 08:31:00,U1032,paul.wright91,Outlook,50,WKSTN-U1032
APP009518,2026-06-24 08:51:00,U1023,richard.wright,Chrome,72,WKSTN-U1023
APP019451,2026-06-24 08:54:00,U1047,sandra.lewis,Excel,43,WKSTN-U1047
APP017438,2026-06-24 09:12:00,U1042,michael.hill56,Workday,39,WKSTN-U1042
APP040142,2026-06-24 08:15:00,U1097,mark.martinez10,  Chrome ,18,WKSTN-U1097
APP009964,2026-06-24 08:23:00,U1024,emily.miller,VSCode,76,WKSTN-U1024
APP019831,2026-06-24 08:21:00,U1048,jennifer.thomas87,Zoom,,WKSTN-U1048
APP013059,2026-06-24 08:56:00,U1031,  john.wright28 ,Workday,8,WKSTN-U1031
APP005068,2026-06-24 08:51:00,U1013,emily.smith,Chrome,9,WKSTN-U1013
APP018617,2026-06-24 08:13:00,U1045,daniel.sanchez90,  Chrome ,14,WKSTN-U1045
APP018228,2026-06-24 08:36:00,U1044,lisa.ramirez9,Outlook,18,WKSTN-U1044
APP038051,2026-06-24 08:35:00,U1092,steven.thomas,Chrome,64,WKSTN-U1092
APP008617,2026-06-24 08:48:00,U1021,jessica.walker,Git,53,WKSTN-U1021
APP016638,2026-06-24 09:01:00,U1040,matthew.martin,Excel,87,WKSTN-U1040
APP011324,2026-06-24 08:49:00,U1027,patricia.brown75,Docker Desktop,29,WKSTN-U1027
APP040146,2026-06-24 08:49:00,U1097,mark.martinez10,Chrome,75,WKSTN-U1097
APP035335,2026-06-24 08:44:00,U1086,steven.thompson53,PuTTY,52,WKSTN-U1086
APP029050,2026-06-24 09:16:00,U1071,matthew.robinson35,  Chrome ,27,WKSTN-U1071
APP012645,2026-06-24 09:39:00,U1030,betty.rodriguez86,Jenkins,78,WKSTN-U1030
APP031414,2026-06-24 09:56:00,U1077,kimberly.harris58,Outlook,51,WKSTN-U1077
APP028631,2026-06-24 09:35:00,U1070,betty.thomas40,Outlook,20,WKSTN-U1070
APP039321,2026-06-24 09:21:00,U1095,RICHARD.THOMAS74,Outlook,41,WKSTN-U1095
APP039320,2026-06-24 09:35:00,U1095,richard.thomas74,Outlook,60,WKSTN-U1095
APP019452,2026-06-24 09:35:00,U1047,SANDRA.LEWIS,Outlook	,24,WKSTN-U1047
APP012200,2026-06-24 09:18:00,U1029,michelle.garcia54,Docker Desktop,56,WKSTN-U1029
APP005067,2026-06-24 09:32:00,U1013,emily.smith,excel,56,WKSTN-U1013
APP028630,2026-06-24 09:40:00,U1070,betty.thomas40,Outlook,29,WKSTN-U1070
APP030636,2026-06-24 09:42:00,U1075,steven.lewis,DocuSign,39,WKSTN-U1075
APP002724,2026-06-24 09:21:00,U1007,sarah.robinson82,Excel,38,WKSTN-U1007
APP019044,2026-06-24 09:45:00,U1046,michelle.torres39,Outlook	,89,WKSTN-U1046
APP015844,2026-06-24 09:32:00,U1038,emily.clark,OUTLOOK,71,WKSTN-U1038
APP033525,2026-06-24 09:53:00,U1082,karen.hill96,  Chrome ,82,WKSTN-U1082
APP001933,2026-06-24 09:23:00,U1005,robert.robinson,SAP,83,WKSTN-U1005
APP005891,2026-06-24 09:46:00,U1015,lisa.hernandez,Outlook,5,WKSTN-U1015
APP033115,2026-06-24 09:52:00,U1081,margaret.davis,Active Directory Console,7,WKSTN-U1081
APP040525,2026-06-24 09:17:00,U1098,nancy.wright49,Chrome,2,WKSTN-U1098
APP025825,2026-06-24 09:14:00,U1063,john.nguyen,DocuSign,38,WKSTN-U1063
APP038482,2026-06-24 09:37:00,U1093,sarah.clark44,PuTTY,55,WKSTN-U1093
APP010851,2026-06-24 09:32:00,U1026,elizabeth.gonzalez,Docker Desktop,4,WKSTN-U1026
APP029826,2026-06-24 09:57:00,U1073,michael.gonzalez,Word,29,WKSTN-U1073
APP021022,2026-06-24 09:51:00,U1051,sandra.king72	,Chrome,73,WKSTN-U1051
APP038919,2026-06-24 09:52:00,U1094,,Chrome,24,WKSTN-U1094
APP000731,2026-06-24 10:15:00,U1002,donna.ramirez,Outlook,45,WKSTN-U1002
APP007716,2026-06-24 10:09:00,U1019,donna.anderson,Slack,2,WKSTN-U1019
APP018225,2026-06-24 10:02:00,U1044,lisa.ramirez9,Workday,9,WKSTN-U1044
APP040144,2026-06-24 10:12:00,U1097,mark.martinez10,PowerPoint,28,WKSTN-U1097
APP015842,2026-06-24 10:29:00,U1038,emily.clark,Outlook,53,WKSTN-U1038
APP030247,2026-06-24 10:39:00,U1074,sarah.williams7,Outlook,43,WKSTN-U1074
APP009519,2026-06-24 10:42:00,U1023,richard.wright,Docker Desktop,68,  WKSTN-U1023 
APP007265,2026-06-24 09:59:00,U1018,,Chrome,73,WKSTN-U1018
APP010414,2026-06-24 10:32:00,U1025,betty.brown22,Docker Desktop,29,WKSTN-U1025
APP003492,2026-06-24 10:25:00,U1009,daniel.brown,QuickBooks,72,WKSTN-U1009
APP040526,2026-06-24 10:32:00,U1098,nancy.wright49,Zoom,23,WKSTN-U1098
APP026625,2026-06-24 10:31:00,U1065,michael.ramirez47,Outlook,65,WKSTN-U1065
APP025040,2026-06-24 10:27:00,U1061,jessica.rodriguez,Excel,40,WKSTN-U1061
APP037148,2026-06-24 10:31:00,U1090,mary.hill,Active Directory Console,6,WKSTN-U1090
APP010854,2026-06-24 10:02:00,U1026,  elizabeth.gonzalez ,Docker Desktop,,WKSTN-U1026
APP009963,2026-06-24 10:33:00,U1024,emily.miller,Docker Desktop,10,WKSTN-U1024
APP025039,2026-06-24 10:34:00,U1061,jessica.rodriguez,Salesforce,27,WKSTN-U1061
APP029451,2026-06-24 10:12:00,U1072,kenneth.lopez,Word,31,WKSTN-U1072
APP035337,2026-06-24 09:58:00,U1086,STEVEN.THOMPSON53,Active Directory Console,69,WKSTN-U1086	
APP015843,2026-06-24 10:01:00,U1038,emily.clark,Chrome,8,WKSTN-U1038
APP004242,2026-06-24 10:26:00,U1011,donna.ramirez75,Excel,58,WKSTN-U1011
APP025417,2026-06-24 10:03:00,U1062,william.martin,Excel,27,WKSTN-U1062
APP008159,2026-06-24 10:30:00,U1020,andrew.thomas36,Slack,29,WKSTN-U1020
APP032240,2026-06-24 10:44:00,U1079,emily.jones,Wireshark,53,WKSTN-U1079
APP013060,2026-06-24 10:05:00,U1031,john.wright28,Outlook,64,WKSTN-U1031
APP034454,2026-06-24 11:01:00,U1084,joshua.taylor,Wireshark,69,WKSTN-U1084
APP019833,2026-06-24 11:00:00,U1048,jennifer.thomas87,Outlook,36,WKSTN-U1048
APP029048,2026-06-24 11:03:00,U1071,  matthew.robinson35 ,Outlook,64,WKSTN-U1071
APP038922,2026-06-24 10:48:00,U1094,elizabeth.lewis69,Slack,90,WKSTN-U1094
APP031818,2026-06-24 11:03:00,U1078,michelle.miller,DocuSign,15,WKSTN-U1078
APP009073,2026-06-24 10:50:00,U1022,sandra.brown,VSCode,34,WKSTN-U1022
APP027416,2026-06-24 10:51:00,U1067,paul.thomas97,DocuSign,37,WKSTN-U1067
APP026626,2026-06-24 11:08:00,U1065,michael.ramirez47,Word,88,WKSTN-U1065
APP036688,2026-06-24 11:06:00,U1089,paul.brown27,PuTTY,83,WKSTN-U1089
APP031413,2026-06-24 11:09:00,U1077,kimberly.harris58,Outlook,85,WKSTN-U1077
APP014246,2026-06-24 11:00:00,U1034,thomas.allen63,WORKDAY,83,WKSTN-U1034
APP003088,2026-06-24 11:06:00,U1008,joshua.hernandez,Excel,60,WKSTN-U1008
APP028233,2026-06-24 11:10:00,U1069,jessica.clark,Word,17,WKSTN-U1069
APP038047,2026-06-24 10:54:00,U1092,steven.thomas,Terminal,58,WKSTN-U1092
APP001146,2026-06-24 11:02:00,U1003,kenneth.clark29,QuickBooks,80,WKSTN-U1003
APP012198,2026-06-24 10:55:00,U1029,michelle.garcia54,Slack,20,WKSTN-U1029
APP000308,2026-06-24 10:46:00,U1001,linda.johnson95,QuickBooks,37,WKSTN-U1001
APP038049,2026-06-24 10:52:00,U1092,steven.thomas,Wireshark,29,WKSTN-U1092
APP033114,2026-06-24 11:08:00,U1081,margaret.davis,Terminal,7,WKSTN-U1081
APP003090,2026-06-24 11:00:00,U1008,joshua.hernandez,SAP,37,WKSTN-U1008
APP029450,2026-06-24 10:57:00,U1072,kenneth.lopez,Chrome,,WKSTN-U1072
APP017023,2026-06-24 11:01:00,U1041,matthew.allen52,Outlook,76,WKSTN-U1041
APP015022,2026-06-24 11:01:00,U1036,linda.jones,Outlook,21,WKSTN-U1036
APP016224,2026-06-24 11:02:00,U1039,mark.thomas,Workday,2,WKSTN-U1039
APP012199,2026-06-24 11:00:00,U1029,michelle.garcia54,Docker Desktop,35,WKSTN-U1029
APP027789,2026-06-24 11:38:00,U1068,susan.thompson34,DocuSign,59,WKSTN-U1068
APP039738,2026-06-24 11:12:00,U1096,david.allen76,Excel,14,WKSTN-U1096
APP004657,2026-06-24 11:38:00,U1012,linda.martinez,SAP	,65,WKSTN-U1012
APP006320,2026-06-24 11:19:00,U1016,PATRICIA.THOMAS,Slack,86,WKSTN-U1016
APP025041,2026-06-24 11:29:00,U1061,jessica.rodriguez,  Salesforce ,71,WKSTN-U1061
APP013857,2026-06-24 11:37:00,U1033,linda.miller,Workday,59,WKSTN-U1033
APP018618,2026-06-24 11:37:00,U1045,daniel.sanchez90,Excel,63,WKSTN-U1045
APP030637,2026-06-24 11:11:00,U1075,steven.lewis,DocuSign,82,WKSTN-U1075
APP037587,2026-06-24 11:24:00,U1091,linda.robinson,Chrome,49,WKSTN-U1091	
APP014245,2026-06-24 11:24:00,U1034,thomas.allen63,Outlook,33,WKSTN-U1034
APP036691,2026-06-24 11:30:00,U1089,paul.brown27,Active Directory Console,18,WKSTN-U1089
APP040912,2026-06-24 11:14:00,U1099,joseph.garcia,Outlook,34,WKSTN-U1099
APP041286,2026-06-24 11:42:00,U1100,daniel.brown38,Excel,45,WKSTN-U1100
APP008158,2026-06-24 11:29:00,U1020,andrew.thomas36,Jenkins,88,WKSTN-U1020
APP038920,2026-06-24 11:46:00,U1094,elizabeth.lewis69,Active Directory Console,,WKSTN-U1094
APP000732,2026-06-24 11:36:00,U1002,donna.ramirez,SAP,30,WKSTN-U1002
APP026623,2026-06-24 11:42:00,U1065,michael.ramirez47,Chrome,64,WKSTN-U1065
APP027033,2026-06-24 11:38:00,U1066,michelle.wright62,Outlook,54,WKSTN-U1066
APP003086,2026-06-24 11:22:00,U1008,joshua.hernandez,QuickBooks,26,WKSTN-U1008
APP005893,2026-06-24 11:32:00,U1015,lisa.hernandez,Chrome,37,WKSTN-U1015
APP031027,2026-06-24 11:28:00,U1076,john.torres,Chrome,30,WKSTN-U1076
APP035334,2026-06-24 11:33:00,U1086,steven.thompson53,TERMINAL	,75,WKSTN-U1086
APP013061,2026-06-24 11:36:00,U1031,john.wright28,Workday,80,WKSTN-U1031
APP020617,2026-06-24 11:27:00,U1050,michael.ramirez,Excel,38,WKSTN-U1050
APP012644,2026-06-24 11:15:00,U1030,betty.rodriguez86,Slack,35,WKSTN-U1030
APP038483,2026-06-24 11:58:00,U1093,sarah.clark44,Wireshark,46,WKSTN-U1093
APP020212,2026-06-24 12:02:00,U1049,michelle.jones59,Chrome,15,WKSTN-U1049
APP015023,2026-06-24 11:51:00,U1036,LINDA.JONES,Excel,76,WKSTN-U1036
APP015841,2026-06-24 11:47:00,U1038,emily.clark,Chrome,52,WKSTN-U1038
APP037146,2026-06-24 11:57:00,U1090,mary.hill,Chrome,46,WKSTN-U1090
APP011757,2026-06-24 12:19:00,U1028,JOHN.HILL,Git,29,WKSTN-U1028
APP037147,2026-06-24 11:48:00,U1090,mary.hill,PuTTY,69,WKSTN-U1090
APP006321,2026-06-24 11:55:00,U1016,patricia.thomas,VSCode,25,WKSTN-U1016
APP023016,2026-06-24 11:48:00,U1056,anthony.clark,Outlook,20,WKSTN-U1056
APP029452,2026-06-24 12:03:00,U1072,kenneth.lopez,Outlook,67,WKSTN-U1072
APP013856,2026-06-24 12:12:00,U1033,linda.miller,Outlook,46,WKSTN-U1033
APP033979,2026-06-24 11:53:00,U1083,sarah.allen70,Terminal,63,
APP017024,2026-06-24 12:04:00,U1041,matthew.allen52,Outlook,65,WKSTN-U1041
APP006801,2026-06-24 12:10:00,U1017,emily.hernandez34,Docker Desktop,80,WKSTN-U1017
APP013855,2026-06-24 11:57:00,U1033,linda.miller,Chrome,68,WKSTN-U1033
APP022629,2026-06-24 12:06:00,U1055,,Zoom,80,WKSTN-U1055
APP020616,2026-06-24 12:07:00,U1050,michael.ramirez,Zoom,22,WKSTN-U1050
APP018615,2026-06-24 11:54:00,U1045,daniel.sanchez90,Chrome,4,WKSTN-U1045
APP013058,2026-06-24 12:03:00,U1031,john.wright28,Excel,32,WKSTN-U1031
APP019042,2026-06-24 12:00:00,U1046,michelle.torres39,Workday,,WKSTN-U1046
APP027415,2026-06-24 12:13:00,U1067,paul.thomas97,DocuSign,29,WKSTN-U1067
APP002342,2026-06-24 11:49:00,U1006,george.gonzalez,QuickBooks,66,WKSTN-U1006
APP011755,2026-06-24 11:48:00,U1028,john.hill,Git,72,WKSTN-U1028
APP038050,2026-06-24 11:54:00,U1092,steven.thomas,Wireshark,65,WKSTN-U1092
APP010850,2026-06-24 12:00:00,U1026,elizabeth.gonzalez,Chrome,59,WKSTN-U1026
APP036690,2026-06-24 12:59:00,U1089,paul.brown27,Wireshark,11,WKSTN-U1089
APP014247,2026-06-24 12:22:00,U1034,THOMAS.ALLEN63,  Excel ,25,WKSTN-U1034
APP014243,2026-06-24 12:48:00,U1034,thomas.allen63,Outlook,58,WKSTN-U1034
APP019832,2026-06-24 12:35:00,U1048,jennifer.thomas87,Outlook,85,WKSTN-U1048
APP003858,2026-06-24 12:57:00,U1010,susan.young51,SAP,68,WKSTN-U1010
APP003089,2026-06-24 12:33:00,U1008,joshua.hernandez,QuickBooks,71,WKSTN-U1008
APP004655,2026-06-24 12:41:00,U1012,linda.martinez,Outlook,30,WKSTN-U1012
APP031817,2026-06-24 12:32:00,U1078,michelle.miller,Chrome,,WKSTN-U1078
APP002341,2026-06-24 12:24:00,U1006,george.gonzalez,QuickBooks,4,WKSTN-U1006
APP019045,2026-06-24 13:04:00,U1046,  michelle.torres39 ,Chrome,,WKSTN-U1046
APP039318,2026-06-24 12:42:00,U1095,richard.thomas74,PowerPoint,45,WKSTN-U1095
APP036247,2026-06-24 12:37:00,U1088,andrew.smith85,Active Directory Console,21,WKSTN-U1088
APP027413,2026-06-24 12:39:00,U1067,paul.thomas97,DocuSign,58,WKSTN-U1067
APP006803,2026-06-24 12:58:00,U1017,EMILY.HERNANDEZ34,Chrome,57,WKSTN-U1017
APP025420,2026-06-24 12:24:00,U1062,william.martin,Excel,65,WKSTN-U1062
APP015435,2026-06-24 12:39:00,U1037,robert.martin,Excel,28,WKSTN-U1037
APP003087,2026-06-24 12:36:00,U1008,joshua.hernandez,Chrome,53,WKSTN-U1008
APP024605,2026-06-24 12:59:00,U1060,matthew.anderson,Zoom,19,WKSTN-U1060
APP004241,2026-06-24 12:43:00,U1011,donna.ramirez75,Excel,79,WKSTN-U1011
APP028633,2026-06-24 12:22:00,U1070,betty.thomas40,Outlook,55,WKSTN-U1070
APP009965,2026-06-24 13:05:00,U1024,emily.miller,VSCode,27,WKSTN-U1024
APP017026,2026-06-24 12:41:00,U1041,matthew.allen52,Workday,65,WKSTN-U1041
APP038048,2026-06-24 12:35:00,U1092,steven.thomas,Active Directory Console,28,WKSTN-U1092
APP037149,2026-06-24 13:04:00,U1090,mary.hill,Wireshark,53,WKSTN-U1090
APP014244,2026-06-24 12:22:00,U1034,thomas.allen63,CHROME,51,WKSTN-U1034
APP020213,2026-06-24 13:34:00,U1049,michelle.jones59,,65,WKSTN-U1049
APP010852,2026-06-24 13:32:00,U1026,elizabeth.gonzalez,Chrome,47,WKSTN-U1026
APP015021,2026-06-24 13:17:00,U1036,  linda.jones ,Chrome,8,WKSTN-U1036
APP029828,2026-06-24 13:38:00,U1073,michael.gonzalez,Chrome,48,WKSTN-U1073
APP026624,2026-06-24 13:24:00,U1065,michael.ramirez47,Chrome,67,WKSTN-U1065
APP009520,2026-06-24 13:21:00,U1023,,Chrome,62,WKSTN-U1023
APP017440,2026-06-24 13:26:00,U1042,michael.hill56,  Excel ,5,WKSTN-U1042
APP001932,2026-06-24 13:29:00,U1005,robert.robinson,SAP,61,WKSTN-U1005
APP027034,2026-06-24 13:05:00,U1066,michelle.wright62,DocuSign,45,WKSTN-U1066
APP027788,2026-06-24 13:08:00,U1068,susan.thompson34,Chrome,71,WKSTN-U1068
APP031819,2026-06-24 13:05:00,U1078,michelle.miller,,82,WKSTN-U1078
APP002723,2026-06-24 13:16:00,U1007,sarah.robinson82,Outlook,64,WKSTN-U1007
APP014644,2026-06-24 13:16:00,U1035,nancy.rodriguez82,Excel,78,
APP025416,2026-06-24 13:10:00,U1062,william.martin,Zoom,44,WKSTN-U1062
APP030248,2026-06-24 13:33:00,U1074,sarah.williams7,Chrome,72,WKSTN-U1074
APP001540,2026-06-24 13:06:00,U1004,ELIZABETH.WILSON98,Excel,84,WKSTN-U1004
APP011758,2026-06-24 13:31:00,U1028,john.hill,Chrome,53,  WKSTN-U1028 
APP006804,2026-06-24 13:25:00,U1017,emily.hernandez34,Slack,77,WKSTN-U1017
APP034453,2026-06-24 13:29:00,U1084,joshua.taylor,Chrome,32,WKSTN-U1084
APP029047,2026-06-24 13:16:00,U1071,matthew.robinson35,Chrome,73,WKSTN-U1071
APP014646,2026-06-24 13:12:00,U1035,nancy.rodriguez82,Chrome,29,WKSTN-U1035
APP011323,2026-06-24 13:16:00,U1027,patricia.brown75,Slack,73,WKSTN-U1027
APP040913,2026-06-24 13:17:00,U1099,joseph.garcia,PowerPoint,44,WKSTN-U1099
APP025824,2026-06-24 13:13:00,U1063,john.nguyen,Word,90,WKSTN-U1063
APP032239,2026-06-24 13:05:00,U1079,emily.jones,Active Directory Console,2,WKSTN-U1079
APP025823,2026-06-24 14:05:00,U1063,john.nguyen,DocuSign,38,WKSTN-U1063
APP038485,2026-06-24 14:12:00,U1093,sarah.clark44,Terminal,7,WKSTN-U1093
APP018227,2026-06-24 13:41:00,U1044,lisa.ramirez9,Outlook,84,WKSTN-U1044
APP008160,2026-06-24 14:12:00,U1020,andrew.thomas36,Git,22,WKSTN-U1020
APP021408,2026-06-24 14:18:00,U1052,paul.taylor,Salesforce,26,WKSTN-U1052
APP030635,2026-06-24 13:41:00,U1075,steven.lewis,Chrome,33,  WKSTN-U1075 
APP026208,2026-06-24 14:03:00,U1064,matthew.wright55,DocuSign,36,WKSTN-U1064
APP029049,2026-06-24 14:18:00,U1071,matthew.robinson35,Outlook,63,WKSTN-U1071
APP034883,2026-06-24 13:58:00,U1085,,Terminal,61,WKSTN-U1085
APP033113,2026-06-24 14:18:00,U1081,margaret.davis,PuTTY,34,WKSTN-U1081
APP020620,2026-06-24 14:06:00,U1050,michael.ramirez,Excel,19,WKSTN-U1050
APP039319,2026-06-24 13:49:00,U1095,richard.thomas74,PowerPoint,15,
APP026627,2026-06-24 13:43:00,U1065,michael.ramirez47	,Chrome,52,WKSTN-U1065
APP018614,2026-06-24 13:55:00,U1045,daniel.sanchez90,Excel,38,WKSTN-U1045
APP036692,2026-06-24 14:04:00,U1089,paul.brown27,Slack,27,WKSTN-U1089
APP003493,2026-06-24 14:17:00,U1009,daniel.brown,Outlook,29,WKSTN-U1009
APP017439,2026-06-24 13:56:00,U1042,michael.hill56,Excel,64,WKSTN-U1042
APP037586,2026-06-24 13:46:00,U1091,LINDA.ROBINSON,Terminal,63,WKSTN-U1091
APP038486,2026-06-24 14:17:00,U1093,sarah.clark44,Wireshark,50,WKSTN-U1093
APP007717,2026-06-24 14:06:00,U1019,donna.anderson,Chrome,47,WKSTN-U1019
APP024215,2026-06-24 14:03:00,U1059,daniel.perez98,Chrome,43,WKSTN-U1059
APP041289,2026-06-24 13:55:00,U1100,daniel.brown38,PowerPoint,28,WKSTN-U1100
APP031026,2026-06-24 14:14:00,U1076,john.torres,Outlook,72,WKSTN-U1076
APP021020,2026-06-24 13:49:00,U1051,sandra.king72,Chrome,80,WKSTN-U1051
APP021019,2026-06-24 14:16:00,U1051,sandra.king72,Chrome,54,WKSTN-U1051
APP039737,2026-06-24 14:54:00,U1096,david.allen76,Outlook,20,WKSTN-U1096
APP023404,2026-06-24 14:47:00,U1057,nancy.sanchez,Outlook,32,WKSTN-U1057
APP009517,2026-06-24 14:50:00,U1023,richard.wright,Chrome,52,WKSTN-U1023
APP018616,2026-06-24 15:00:00,U1045,daniel.sanchez90,Outlook,73,WKSTN-U1045
APP017022,2026-06-24 15:02:00,U1041,matthew.allen52,Chrome,89,WKSTN-U1041
APP022228,2026-06-24 15:00:00,U1054,anthony.martinez,Zoom,65,WKSTN-U1054
APP005069,2026-06-24 14:23:00,U1013,  emily.smith ,Chrome,43,WKSTN-U1013
APP030249,2026-06-24 14:22:00,U1074,sarah.williams7,Outlook,89,WKSTN-U1074
APP016225,2026-06-24 14:51:00,U1039,mark.thomas,Chrome,37,WKSTN-U1039
APP004243,2026-06-24 14:52:00,U1011,donna.ramirez75,quickbooks,57,WKSTN-U1011
APP022627,2026-06-24 14:24:00,U1055,patricia.wilson54,Excel,53,WKSTN-U1055
APP034455,2026-06-24 14:58:00,U1084,joshua.taylor,Chrome,,WKSTN-U1084
APP027414,2026-06-24 14:41:00,U1067,paul.thomas97,Outlook,19,WKSTN-U1067
APP005892,2026-06-24 14:37:00,U1015,lisa.hernandez,QuickBooks,72,WKSTN-U1015
APP041288,2026-06-24 14:46:00,U1100,daniel.brown38,Zoom,59,WKSTN-U1100
APP031412,2026-06-24 15:00:00,U1077,kimberly.harris58	,DocuSign,90,WKSTN-U1077
APP025826,2026-06-24 14:46:00,U1063,john.nguyen,DocuSign,22,WKSTN-U1063
APP023017,2026-06-24 14:49:00,U1056,anthony.clark,Excel,22,WKSTN-U1056
APP022628,2026-06-24 15:01:00,U1055,patricia.wilson54,Outlook,17,WKSTN-U1055
APP029449,2026-06-24 14:54:00,U1072,kenneth.lopez,Word,55,WKSTN-U1072
APP015434,2026-06-24 14:23:00,U1037,robert.martin,Workday,43,WKSTN-U1037
APP000310,2026-06-24 14:45:00,U1001,linda.johnson95,Excel,82,WKSTN-U1001
APP026209,2026-06-24 14:23:00,U1064,matthew.wright55,DocuSign,59,
APP013461,2026-06-24 14:25:00,U1032,paul.wright91,Outlook,13,WKSTN-U1032
APP035765,2026-06-24 14:57:00,U1087,charles.sanchez,PuTTY,36,WKSTN-U1087
APP021407,2026-06-24 15:30:00,U1052,paul.taylor,Excel,28,WKSTN-U1052
APP025822,2026-06-24 15:30:00,U1063,john.nguyen,Outlook,62,WKSTN-U1063
APP034884,2026-06-24 15:06:00,U1085,barbara.walker67,,46,WKSTN-U1085
APP001542,2026-06-24 15:05:00,U1004,elizabeth.wilson98,SAP,9,WKSTN-U1004
APP028632,2026-06-24 15:14:00,U1070,betty.thomas40,Outlook,70,WKSTN-U1070
APP029827,2026-06-24 15:29:00,U1073,michael.gonzalez,Word,47,WKSTN-U1073
APP009521,2026-06-24 15:27:00,U1023,richard.wright,Chrome,23,WKSTN-U1023
APP001934,2026-06-24 15:05:00,U1005,robert.robinson,Outlook,50,WKSTN-U1005
APP006802,2026-06-24 15:15:00,U1017,emily.hernandez34,Slack,87,WKSTN-U1017
APP014647,2026-06-24 15:24:00,U1035,nancy.rodriguez82,Workday,7,WKSTN-U1035
APP025418,2026-06-24 15:24:00,U1062,william.martin,SALESFORCE,53,WKSTN-U1062
APP001539,2026-06-24 15:09:00,U1004,elizabeth.wilson98,QuickBooks,86,WKSTN-U1004
APP027032,2026-06-24 15:05:00,U1066,michelle.wright62,Outlook,89,WKSTN-U1066
APP008616,2026-06-24 15:17:00,U1021,jessica.walker,Git,78,WKSTN-U1021
APP020619,2026-06-24 15:16:00,U1050,michael.ramirez,Chrome,24,WKSTN-U1050
APP005476,2026-06-24 15:09:00,U1014,james.taylor,Outlook,52,WKSTN-U1014
APP021795,2026-06-24 15:18:00,U1053,john.jackson31,Zoom,33,WKSTN-U1053	
APP024214,2026-06-24 15:07:00,U1059,daniel.perez98,Salesforce,-43.0,WKSTN-U1059
APP023018,2026-06-24 15:06:00,U1056,anthony.clark,  Zoom ,21,WKSTN-U1056
APP021406,2026-06-24 15:22:00,U1052,paul.taylor,Chrome,12,WKSTN-U1052
APP017025,2026-06-24 15:07:00,U1041,matthew.allen52,Outlook,51,WKSTN-U1041
APP035763,2026-06-24 15:06:00,U1087,,Chrome,8,WKSTN-U1087
APP021018,2026-06-24 15:03:00,U1051,sandra.king72,Zoom,57,WKSTN-U1051
APP001147,2026-06-24 15:18:00,U1003,kenneth.clark29,Chrome,75,WKSTN-U1003
APP035766,2026-06-24 15:15:00,U1087,charles.sanchez,Chrome,86,WKSTN-U1087
APP000730,2026-06-24 16:05:00,U1002,donna.ramirez,Chrome,73,WKSTN-U1002
APP021021,2026-06-24 16:07:00,U1051,sandra.king72,Zoom,N/A,WKSTN-U1051
APP035764,2026-06-24 15:33:00,U1087,charles.sanchez,Terminal,,WKSTN-U1087
APP007715,2026-06-24 15:57:00,U1019,,Docker Desktop,15,WKSTN-U1019
APP017825,2026-06-24 15:57:00,U1043,thomas.williams91,Excel,9,WKSTN-U1043
APP035336,2026-06-24 15:34:00,U1086,steven.thompson53,Wireshark,N/A,WKSTN-U1086
APP005070,2026-06-24 15:33:00,U1013,emily.smith,Chrome,,WKSTN-U1013
APP026210,2026-06-24 15:41:00,U1064,matthew.wright55,Outlook,78,WKSTN-U1064
APP020618,2026-06-24 16:09:00,U1050,michael.ramirez,Salesforce,12,WKSTN-U1050
APP005475,2026-06-24 15:53:00,U1014,,SAP,79,WKSTN-U1014
APP037145,2026-06-24 16:13:00,U1090,mary.hill,Slack,56,WKSTN-U1090
APP023807,2026-06-24 15:47:00,U1058,jennifer.ramirez18,Zoom,51,WKSTN-U1058
APP023403,2026-06-24 15:50:00,U1057,nancy.sanchez,Chrome,38,WKSTN-U1057
APP034452,2026-06-24 15:45:00,U1084,joshua.taylor,PuTTY,6,WKSTN-U1084
APP000733,2026-06-24 15:42:00,U1002,donna.ramirez,Outlook,44,WKSTN-U1002
APP036689,2026-06-24 15:35:00,U1089,paul.brown27,Wireshark,66,WKSTN-U1089
APP038921,2026-06-24 15:56:00,U1094,elizabeth.lewis69,Slack,64,WKSTN-U1094
APP001541,2026-06-24 15:41:00,U1004,elizabeth.wilson98,sap,64,WKSTN-U1004
APP016637,2026-06-24 15:36:00,U1040,matthew.martin,Outlook,41,WKSTN-U1040
APP038484,2026-06-24 16:13:00,U1093,,PuTTY,58,WKSTN-U1093
APP023808,2026-06-24 15:33:00,U1058,jennifer.ramirez18,Zoom,12,WKSTN-U1058
APP033980,2026-06-24 15:31:00,U1083,sarah.allen70,Terminal	,40,WKSTN-U1083
APP019043,2026-06-24 16:12:00,U1046,michelle.torres39,Workday,61,WKSTN-U1046
APP028234,2026-06-24 15:54:00,U1069,jessica.clark,DocuSign,89,WKSTN-U1069
APP024212,2026-06-24 16:06:00,U1059,daniel.perez98,OUTLOOK,,WKSTN-U1059	
APP010415,2026-06-24 16:22:00,U1025,betty.brown22,Jenkins,28,WKSTN-U1025
APP036246,2026-06-24 16:17:00,U1088,andrew.smith85,Active Directory Console,77,WKSTN-U1088
APP041287,2026-06-24 17:45:00,U1100,daniel.brown38,Excel,81,WKSTN-U1100
APP020638,2026-06-25 07:38:00,U1050,michael.ramirez,,17,WKSTN-U1050
APP014648,2026-06-24 17:12:00,U1035,nancy.rodriguez82,Chrome,42,WKSTN-U1035
APP023015,2026-06-24 17:57:00,U1056,anthony.clark,Outlook,82,WKSTN-U1056
APP021796,2026-06-24 17:37:00,U1053,john.jackson31,Outlook,85,WKSTN-U1053
APP013479,2026-06-25 07:37:00,U1032,paul.wright91,Excel,78,
APP003511,2026-06-25 07:52:00,U1009,daniel.brown,Excel	,13,WKSTN-U1009
APP024606,2026-06-24 16:47:00,U1060,matthew.anderson,Zoom,83,WKSTN-U1060
APP030250,2026-06-24 16:21:00,U1074,sarah.williams7,Chrome,55,WKSTN-U1074
APP041290,2026-06-24 16:33:00,U1100,DANIEL.BROWN38,Outlook,15,WKSTN-U1100
APP019470,2026-06-25 07:32:00,U1047,SANDRA.LEWIS,Outlook,69,WKSTN-U1047
APP007718,2026-06-24 17:40:00,U1019,donna.anderson,Chrome,75,WKSTN-U1019
APP015433,2026-06-24 16:30:00,U1037,robert.martin,Excel,67,WKSTN-U1037
APP019041,2026-06-24 17:05:00,U1046,michelle.torres39,Workday,55,WKSTN-U1046
APP024213,2026-06-24 16:47:00,U1059,daniel.perez98,Excel	,52,WKSTN-U1059
APP025052,2026-06-25 07:41:00,U1061,jessica.rodriguez,Excel,64,WKSTN-U1061
APP007714,2026-06-24 16:52:00,U1019,donna.anderson,jenkins,43,WKSTN-U1019
APP014645,2026-06-24 17:15:00,U1035,nancy.rodriguez82,Chrome,64,WKSTN-U1035
APP005491,2026-06-25 07:50:00,U1014,james.taylor,SAP,75,WKSTN-U1014
APP022227,2026-06-24 17:47:00,U1054,anthony.martinez,Outlook	,79,WKSTN-U1054
APP037588,2026-06-24 17:00:00,U1091,linda.robinson,wireshark,,WKSTN-U1091	
APP025419,2026-06-24 17:25:00,U1062,william.martin,Excel,66,WKSTN-U1062
APP001148,2026-06-24 16:23:00,U1003,kenneth.clark29,Chrome,24,
APP011778,2026-06-25 08:52:00,U1028,john.hill,,87000.0,WKSTN-U1028
APP025440,2026-06-25 08:45:00,U1062,william.martin,Salesforce,40,WKSTN-U1062
APP005487,2026-06-25 08:41:00,U1014,james.taylor,Outlook,9,WKSTN-U1014
APP006338,2026-06-25 08:21:00,U1016,patricia.thomas,Chrome,23,WKSTN-U1016
APP010876,2026-06-25 08:42:00,U1026,elizabeth.gonzalez,Jenkins,24,WKSTN-U1026
APP040164,2026-06-25 08:53:00,U1097,mark.martinez10,Outlook,9,WKSTN-U1097
APP008178,2026-06-25 08:47:00,U1020,andrew.thomas36,Docker Desktop,2,  WKSTN-U1020 
APP021036,2026-06-25 08:26:00,U1051,sandra.king72,Outlook,27,WKSTN-U1051
APP030655,2026-06-25 08:29:00,U1075,steven.lewis,Outlook,68,WKSTN-U1075
APP012661,2026-06-25 09:08:00,U1030,betty.rodriguez86,Docker Desktop,40,WKSTN-U1030
APP010873,2026-06-25 08:08:00,U1026,elizabeth.gonzalez,Slack,24,WKSTN-U1026
APP015452,2026-06-25 09:10:00,U1037,  ROBERT.MARTIN ,Excel,44,WKSTN-U1037
APP015040,2026-06-25 08:53:00,U1036,linda.jones,Excel,65,WKSTN-U1036
APP013873,2026-06-25 08:13:00,U1033,linda.miller,Excel,85,WKSTN-U1033
APP039752,2026-06-25 08:32:00,U1096,david.allen76,PowerPoint,72,WKSTN-U1096
APP035350,2026-06-25 08:55:00,U1086,steven.thompson53,active directory console,19,WKSTN-U1086
APP018635,2026-06-25 08:50:00,U1045,daniel.sanchez90,Outlook,83,WKSTN-U1045
APP003110,2026-06-25 08:58:00,U1008,joshua.hernandez,Outlook,22,WKSTN-U1008
APP008180,2026-06-25 09:11:00,U1020,andrew.thomas36,VSCode,,WKSTN-U1020
APP017842,2026-06-25 08:11:00,U1043,thomas.williams91,excel,45,WKSTN-U1043
APP011780,2026-06-25 08:56:00,U1028,john.hill,Chrome,69,WKSTN-U1028
APP008181,2026-06-25 09:11:00,U1020,andrew.thomas36,VSCode,40,WKSTN-U1020
APP012220,2026-06-25 08:38:00,U1029,michelle.garcia54,Docker Desktop,72,WKSTN-U1029
APP006342,2026-06-25 08:53:00,U1016,patricia.thomas,Docker Desktop,28,WKSTN-U1016
APP016244,2026-06-25 08:06:00,U1039,mark.thomas,Outlook,9,WKSTN-U1039
APP020230,2026-06-25 09:27:00,U1049,michelle.jones59,Chrome,4,WKSTN-U1049
APP025441,2026-06-25 09:32:00,U1062,william.martin,Zoom,76,WKSTN-U1062
APP007740,2026-06-25 09:41:00,U1019,DONNA.ANDERSON,VSCode,59,WKSTN-U1019
APP024622,2026-06-25 09:32:00,U1060,matthew.anderson,Excel,55,WKSTN-U1060
APP015864,2026-06-25 09:43:00,U1038,emily.clark,Excel,85,WKSTN-U1038
APP024621,2026-06-25 09:41:00,U1060,matthew.anderson,Excel,66,WKSTN-U1060
APP001950,2026-06-25 09:35:00,U1005,robert.robinson,Excel,7,WKSTN-U1005
APP016243,2026-06-25 09:22:00,U1039,mark.thomas,  Chrome ,61,WKSTN-U1039
APP000752,2026-06-25 09:32:00,U1002,donna.ramirez,Excel,81,WKSTN-U1002
APP005905,2026-06-25 09:48:00,U1015,lisa.hernandez,Chrome,37,WKSTN-U1015
APP028650,2026-06-25 09:22:00,U1070,betty.thomas40,DocuSign,4,WKSTN-U1070
APP024624,2026-06-25 09:44:00,U1060,matthew.anderson,Salesforce,72,WKSTN-U1060
APP011781,2026-06-25 09:28:00,U1028,john.hill,VSCode,15,WKSTN-U1028
APP021815,2026-06-25 09:45:00,U1053,john.jackson31,Zoom,29,WKSTN-U1053
APP019467,2026-06-25 09:14:00,U1047,sandra.lewis,Salesforce,14,
APP030657,2026-06-25 09:40:00,U1075,steven.lewis,,55,WKSTN-U1075
APP026222,2026-06-25 09:13:00,U1064,matthew.wright55,Word,10,WKSTN-U1064
APP030265,2026-06-25 09:45:00,U1074,sarah.williams7,Word,40,WKSTN-U1074
APP006825,2026-06-25 09:18:00,U1017,emily.hernandez34,Docker Desktop,,WKSTN-U1017
APP029845,2026-06-25 09:34:00,U1073,michael.gonzalez,Chrome,87,
APP011349,2026-06-25 09:42:00,U1027,patricia.brown75,Slack,87,WKSTN-U1027	
APP011350,2026-06-25 09:32:00,U1027,patricia.brown75,VSCode,42,WKSTN-U1027
APP030656,2026-06-25 09:49:00,U1075,steven.lewis,Word,50,WKSTN-U1075
APP023824,2026-06-25 09:48:00,U1058,jennifer.ramirez18,Excel,27,WKSTN-U1058
APP001556,2026-06-25 09:25:00,U1004,elizabeth.wilson98,Chrome,6,WKSTN-U1004
APP007286,2026-06-25 10:23:00,U1018,betty.white57,Slack,,WKSTN-U1018
APP000326,2026-06-25 10:04:00,U1001,linda.johnson95,Chrome,65,WKSTN-U1001
APP022643,2026-06-25 10:15:00,U1055,patricia.wilson54,Outlook,89,WKSTN-U1055
APP005095,2026-06-25 10:09:00,U1013,emily.smith,Excel,87,WKSTN-U1013
APP029847,2026-06-25 10:17:00,U1073,michael.gonzalez,Outlook,39,WKSTN-U1073
APP037610,2026-06-25 10:33:00,U1091,linda.robinson,Slack,28,WKSTN-U1091
APP021035,2026-06-25 09:51:00,U1051,sandra.king72,Excel,59,WKSTN-U1051
APP005908,2026-06-25 09:56:00,U1015,lisa.hernandez,Outlook,55,WKSTN-U1015
APP019847,2026-06-25 10:29:00,U1048,jennifer.thomas87,Excel,48,WKSTN-U1048
APP022252,2026-06-25 10:02:00,U1054,anthony.martinez,Salesforce,22,WKSTN-U1054
APP015039,2026-06-25 10:24:00,U1036,linda.jones,Workday,41,WKSTN-U1036
APP031836,2026-06-25 10:31:00,U1078,michelle.miller,Outlook,27,WKSTN-U1078
APP009534,2026-06-25 10:22:00,U1023,richard.wright,Git,11,WKSTN-U1023
APP034002,2026-06-25 10:26:00,U1083,,PuTTY,37,WKSTN-U1083
APP000325,2026-06-25 10:03:00,U1001,linda.johnson95,QuickBooks,35,WKSTN-U1001
APP018243,2026-06-25 10:12:00,U1044,lisa.ramirez9,Excel,62,WKSTN-U1044
APP016658,2026-06-25 10:23:00,U1040,matthew.martin,EXCEL,51,WKSTN-U1040
APP012221,2026-06-25 09:57:00,U1029,michelle.garcia54,Jenkins,35,WKSTN-U1029
APP010430,2026-06-25 09:56:00,U1025,betty.brown22,Git,46,WKSTN-U1025
APP033133,2026-06-25 10:09:00,U1081,margaret.davis,Terminal,34,WKSTN-U1081
APP004674,2026-06-25 10:01:00,U1012,linda.martinez,Outlook,5,WKSTN-U1012
APP015450,2026-06-25 10:03:00,U1037,robert.martin,Chrome,72,WKSTN-U1037
APP021812,2026-06-25 10:23:00,U1053,,Zoom,61,WKSTN-U1053
APP006823,2026-06-25 09:53:00,U1017,emily.hernandez34,Jenkins,6,WKSTN-U1017
APP033545,2026-06-25 10:16:00,U1082,karen.hill96,Slack,58,WKSTN-U1082
APP039336,2026-06-25 11:05:00,U1095,richard.thomas74,Excel,39,WKSTN-U1095
APP028651,2026-06-25 10:50:00,U1070,betty.thomas40,Word,86,
APP037169,2026-06-25 10:49:00,U1090,mary.hill,Chrome	,82,WKSTN-U1090
APP034899,2026-06-25 10:59:00,U1085,barbara.walker67,Active Directory Console,25,WKSTN-U1085
APP034902,2026-06-25 10:59:00,U1085,barbara.walker67,Slack,45,WKSTN-U1085
APP021814,2026-06-25 10:38:00,U1053,john.jackson31,Salesforce,34,WKSTN-U1053
APP019471,2026-06-25 10:59:00,U1047,sandra.lewis,Zoom,37,WKSTN-U1047
APP000754,2026-06-25 10:46:00,U1002,donna.ramirez,Excel,85,WKSTN-U1002
APP018634,2026-06-25 11:07:00,U1045,daniel.sanchez90,Chrome,3,WKSTN-U1045
APP026647,2026-06-25 10:34:00,U1065,michael.ramirez47,Chrome,81,WKSTN-U1065
APP021811,2026-06-25 11:01:00,U1053,john.jackson31,Excel,31,
APP029470,2026-06-25 11:01:00,U1072,kenneth.lopez,Outlook,33,WKSTN-U1072
APP025841,2026-06-25 11:02:00,U1063,john.nguyen,OUTLOOK,80,WKSTN-U1063
APP012662,2026-06-25 11:00:00,U1030,betty.rodriguez86,,30,WKSTN-U1030
APP039751,2026-06-25 10:58:00,U1096,david.allen76,Chrome,8,WKSTN-U1096
APP009982,2026-06-25 10:52:00,U1024,emily.miller,Jenkins,41,WKSTN-U1024
APP029848,2026-06-25 10:55:00,U1073,michael.gonzalez,Outlook,13,WKSTN-U1073
APP012219,2026-06-25 10:35:00,U1029,michelle.garcia54,Docker Desktop,86,WKSTN-U1029
APP011347,2026-06-25 10:42:00,U1027,patricia.brown75,Git,55,WKSTN-U1027
APP000324,2026-06-25 10:58:00,U1001,linda.johnson95,Chrome,85,WKSTN-U1001
APP029469,2026-06-25 10:58:00,U1072,kenneth.lopez,Word,78,WKSTN-U1072
APP034898,2026-06-25 10:35:00,U1085,barbara.walker67,Slack,65,WKSTN-U1085
APP023423,2026-06-25 10:56:00,U1057,nancy.sanchez,Chrome,61,WKSTN-U1057
APP005489,2026-06-25 11:05:00,U1014,james.taylor,QuickBooks,29,WKSTN-U1014
APP031425,2026-06-25 11:05:00,U1077,kimberly.harris58,Outlook,70,WKSTN-U1077
APP010877,2026-06-25 11:19:00,U1026,elizabeth.gonzalez,Docker Desktop,65,WKSTN-U1026
APP009093,2026-06-25 11:14:00,U1022,sandra.brown,Docker Desktop,72,WKSTN-U1022
APP024230,2026-06-25 11:42:00,U1059,daniel.perez98,Outlook,17,WKSTN-U1059
APP030653,2026-06-25 11:17:00,U1075,,Outlook,61,WKSTN-U1075
APP031042,2026-06-25 11:31:00,U1076,john.torres,Chrome,74,WKSTN-U1076
APP037606,2026-06-25 11:27:00,U1091,linda.robinson	,Active Directory Console,16,WKSTN-U1091
APP028652,2026-06-25 11:09:00,U1070,betty.thomas40,Outlook,88,WKSTN-U1070
APP041304,2026-06-25 11:20:00,U1100,daniel.brown38,Outlook,84,WKSTN-U1100
APP036266,2026-06-25 11:42:00,U1088,andrew.smith85,Wireshark,61,WKSTN-U1088
APP019469,2026-06-25 11:32:00,U1047,sandra.lewis,Salesforce,26,  WKSTN-U1047 
APP009985,2026-06-25 11:44:00,U1024,emily.miller,VSCode,11,WKSTN-U1024
APP038506,2026-06-25 11:31:00,U1093,sarah.clark44,PuTTY,80,WKSTN-U1093
APP007287,2026-06-25 11:25:00,U1018,betty.white57,Git,25,WKSTN-U1018
APP005488,2026-06-25 11:47:00,U1014,james.taylor,Outlook,18,WKSTN-U1014
APP027805,2026-06-25 11:38:00,U1068,susan.thompson34,Word,43,WKSTN-U1068
APP027050,2026-06-25 11:17:00,U1066,michelle.wright62,DocuSign,3,WKSTN-U1066
APP001163,2026-06-25 11:50:00,U1003,kenneth.clark29,SAP,41,WKSTN-U1003
APP003880,2026-06-25 11:23:00,U1010,susan.young51,Excel,75,WKSTN-U1010
APP038938,2026-06-25 11:13:00,U1094,elizabeth.lewis69,PuTTY,,WKSTN-U1094
APP040926,2026-06-25 11:11:00,U1099,joseph.garcia,Chrome,31,WKSTN-U1099
APP038937,2026-06-25 11:14:00,U1094,elizabeth.lewis69,Chrome,85,WKSTN-U1094
APP034004,2026-06-25 11:32:00,U1083,sarah.allen70,PuTTY,57,WKSTN-U1083
APP024231,2026-06-25 11:55:00,U1059,daniel.perez98,Outlook,44,WKSTN-U1059
APP011779,2026-06-25 11:37:00,U1028,john.hill,  Git ,8,WKSTN-U1028
APP019065,2026-06-25 11:52:00,U1046,michelle.torres39,Chrome,89,WKSTN-U1046
APP026225,2026-06-25 12:02:00,U1064,matthew.wright55,Word,50,WKSTN-U1064
APP023425,2026-06-25 11:55:00,U1057,nancy.sanchez,Chrome,76,WKSTN-U1057
APP007741,2026-06-25 12:11:00,U1019,donna.anderson,,23,WKSTN-U1019
APP001165,2026-06-25 12:25:00,U1003,kenneth.clark29,SAP,16,WKSTN-U1003
APP041305,2026-06-25 12:15:00,U1100,daniel.brown38,Excel,35,WKSTN-U1100
APP035781,2026-06-25 12:03:00,U1087,  charles.sanchez ,Terminal,31,WKSTN-U1087
APP018244,2026-06-25 12:15:00,U1044,lisa.ramirez9,EXCEL,37,WKSTN-U1044
APP026646,2026-06-25 12:11:00,U1065,michael.ramirez47,DocuSign,53,WKSTN-U1065
APP026224,2026-06-25 12:11:00,U1064,matthew.wright55,  Chrome ,90,WKSTN-U1064
APP026645,2026-06-25 12:20:00,U1065,michael.ramirez47,Outlook,78,WKSTN-U1065
APP029468,2026-06-25 12:17:00,U1072,KENNETH.LOPEZ,Chrome,37,WKSTN-U1072
APP001164,2026-06-25 12:13:00,U1003,kenneth.clark29,Chrome,72,WKSTN-U1003
APP039335,2026-06-25 11:56:00,U1095,richard.thomas74,Zoom,43,WKSTN-U1095
APP022645,2026-06-25 12:06:00,U1055,patricia.wilson54,Chrome,82,WKSTN-U1055
APP008179,2026-06-25 12:19:00,U1020,ANDREW.THOMAS36,Docker Desktop,75,WKSTN-U1020
APP024623,2026-06-25 12:04:00,U1060,matthew.anderson,Chrome,18,WKSTN-U1060
APP002354,2026-06-25 12:04:00,U1006,george.gonzalez,Outlook,54,WKSTN-U1006
APP007743,2026-06-25 12:02:00,U1019,donna.anderson,Docker Desktop,45,WKSTN-U1019
APP013872,2026-06-25 12:22:00,U1033,linda.miller,Workday,79,WKSTN-U1033
APP025054,2026-06-25 12:15:00,U1061,jessica.rodriguez,Outlook,23,WKSTN-U1061
APP026644,2026-06-25 12:10:00,U1065,michael.ramirez47,Chrome,77,WKSTN-U1065
APP018636,2026-06-25 12:07:00,U1045,daniel.sanchez90,Chrome,23,WKSTN-U1045
APP023037,2026-06-25 12:21:00,U1056,anthony.clark,Excel,63,WKSTN-U1056
APP028250,2026-06-25 12:03:00,U1069,jessica.clark,Word,29,WKSTN-U1069
APP003881,2026-06-25 11:57:00,U1010,susan.young51,SAP,72,WKSTN-U1010
APP030266,2026-06-25 12:38:00,U1074,sarah.williams7,DocuSign,84,WKSTN-U1074
APP014260,2026-06-25 12:57:00,U1034,thomas.allen63,Excel,75,WKSTN-U1034
APP017458,2026-06-25 12:50:00,U1042,michael.hill56,Workday,77,WKSTN-U1042
APP026223,2026-06-25 12:58:00,U1064,matthew.wright55,Word,85,WKSTN-U1064
APP027806,2026-06-25 12:37:00,U1068,susan.thompson34,,4,WKSTN-U1068
APP023036,2026-06-25 12:59:00,U1056,anthony.clark,Outlook	,47,WKSTN-U1056
APP007285,2026-06-25 12:45:00,U1018,  betty.white57 ,Jenkins,40,WKSTN-U1018
APP018637,2026-06-25 12:57:00,U1045,daniel.sanchez90,Chrome,65,WKSTN-U1045
APP031426,2026-06-25 12:29:00,U1077,kimberly.harris58,Word,47,WKSTN-U1077
APP037609,2026-06-25 12:26:00,U1091,linda.robinson,Wireshark,54,WKSTN-U1091
APP010874,2026-06-25 12:57:00,U1026,elizabeth.gonzalez,Slack,16,WKSTN-U1026
APP036709,2026-06-25 12:35:00,U1089,paul.brown27,Chrome,52,WKSTN-U1089
APP025053,2026-06-25 12:52:00,U1061,jessica.rodriguez,Chrome,63,WKSTN-U1061
APP034471,2026-06-25 12:41:00,U1084,joshua.taylor,Chrome,25,  WKSTN-U1084 
APP015866,2026-06-25 12:54:00,U1038,emily.clark,Workday,20,WKSTN-U1038
APP020227,2026-06-25 12:28:00,U1049,michelle.jones59,Chrome,79,WKSTN-U1049
APP023823,2026-06-25 12:33:00,U1058,jennifer.ramirez18,Outlook,24,WKSTN-U1058
APP008633,2026-06-25 12:57:00,U1021,jessica.walker,Git,63,WKSTN-U1021
APP003512,2026-06-25 12:32:00,U1009,daniel.brown,Excel,N/A,WKSTN-U1009
APP023422,2026-06-25 12:55:00,U1057,nancy.sanchez,Excel,70,WKSTN-U1057
APP009984,2026-06-25 12:36:00,U1024,emily.miller,VSCode,30,  WKSTN-U1024 
APP040165,2026-06-25 12:33:00,U1097,mark.martinez10,Outlook,33,WKSTN-U1097
APP006827,2026-06-25 12:29:00,U1017,emily.hernandez34,,24,WKSTN-U1017
APP034472,2026-06-25 12:48:00,U1084,joshua.taylor,,41,WKSTN-U1084
APP015038,2026-06-25 12:44:00,U1036,linda.jones,Chrome,68,WKSTN-U1036
APP015865,2026-06-25 13:30:00,U1038,emily.clark,Chrome,25,WKSTN-U1038
APP006826,2026-06-25 13:25:00,U1017,emily.hernandez34,Jenkins,64,WKSTN-U1017
APP029846,2026-06-25 13:01:00,U1073,michael.gonzalez,Outlook,76,WKSTN-U1073
APP002741,2026-06-25 13:02:00,U1007,sarah.robinson82,Excel,28,WKSTN-U1007
APP034003,2026-06-25 13:01:00,U1083,sarah.allen70,Chrome,27,WKSTN-U1083
APP025840,2026-06-25 13:02:00,U1063,john.nguyen,Chrome,5,WKSTN-U1063
APP011348,2026-06-25 13:21:00,U1027,patricia.brown75,chrome,36,WKSTN-U1027
APP023421,2026-06-25 13:13:00,U1057,nancy.sanchez	,Chrome,29,WKSTN-U1057
APP024232,2026-06-25 13:07:00,U1059,  daniel.perez98 ,Salesforce,32,WKSTN-U1059
APP019468,2026-06-25 13:17:00,U1047,sandra.lewis,Chrome,11,WKSTN-U1047
APP013478,2026-06-25 13:25:00,U1032,paul.wright91,  Outlook ,,WKSTN-U1032
APP005093,2026-06-25 13:19:00,U1013,emily.smith,QuickBooks,7,WKSTN-U1013
APP036710,2026-06-25 13:25:00,U1089,paul.brown27,,10,WKSTN-U1089
APP020640,2026-06-25 13:24:00,U1050,michael.ramirez,Outlook,34,WKSTN-U1050
APP001555,2026-06-25 13:18:00,U1004,elizabeth.wilson98,QuickBooks,41,WKSTN-U1004
APP006340,2026-06-25 13:19:00,U1016,patricia.thomas,Slack,65,WKSTN-U1016
APP040927,2026-06-25 13:17:00,U1099,,  Zoom ,38,WKSTN-U1099
APP017456,2026-06-25 13:22:00,U1042,michael.hill56,Outlook,72,WKSTN-U1042
APP014662,2026-06-25 13:16:00,U1035,nancy.rodriguez82,Excel,44,WKSTN-U1035
APP004257,2026-06-25 13:17:00,U1011,donna.ramirez75,Chrome,58,WKSTN-U1011
APP040163,2026-06-25 13:01:00,U1097,mark.martinez10,PowerPoint,90,WKSTN-U1097
APP031837,2026-06-25 13:34:00,U1078,michelle.miller,Word,16,WKSTN-U1078
APP041306,2026-06-25 13:08:00,U1100,daniel.brown38,Excel,77,WKSTN-U1100
APP011782,2026-06-25 13:17:00,U1028,john.hill,Slack,83,WKSTN-U1028
APP032255,2026-06-25 13:10:00,U1079,emily.jones,Active Directory Console,82,WKSTN-U1079
APP016656,2026-06-25 14:14:00,U1040,matthew.martin,Workday,63,WKSTN-U1040
APP005909,2026-06-25 13:34:00,U1015,lisa.hernandez,  QuickBooks ,42,WKSTN-U1015
APP017048,2026-06-25 13:56:00,U1041,matthew.allen52,Outlook,69,WKSTN-U1041
APP037170,2026-06-25 13:57:00,U1090,mary.hill,Chrome,67,WKSTN-U1090
APP013477,2026-06-25 13:42:00,U1032,paul.wright91,Outlook,39,WKSTN-U1032
APP020229,2026-06-25 13:48:00,U1049,michelle.jones59,Excel,11,WKSTN-U1049
APP007288,2026-06-25 14:02:00,U1018,betty.white57,Chrome,66,WKSTN-U1018
APP003109,2026-06-25 14:11:00,U1008,joshua.hernandez,Outlook,19,WKSTN-U1008
APP009090,2026-06-25 13:46:00,U1022,sandra.brown,VSCode,68,WKSTN-U1022
APP013871,2026-06-25 13:49:00,U1033,linda.miller,Chrome,11,WKSTN-U1033
APP040544,2026-06-25 13:55:00,U1098,nancy.wright49,Zoom,34,WKSTN-U1098
APP009091,2026-06-25 13:49:00,U1022,sandra.brown,Chrome,73,WKSTN-U1022
APP032254,2026-06-25 13:53:00,U1079,emily.jones,Terminal,45,WKSTN-U1079
APP013075,2026-06-25 13:58:00,U1031,,Workday,35,WKSTN-U1031
APP037171,2026-06-25 14:04:00,U1090,mary.hill,Slack,45,WKSTN-U1090
APP001948,2026-06-25 13:58:00,U1005,robert.robinson,SAP	,30,WKSTN-U1005
APP017460,2026-06-25 14:04:00,U1042,michael.hill56,Outlook,8,WKSTN-U1042
APP031839,2026-06-25 13:50:00,U1078,michelle.miller	,Word,32,WKSTN-U1078
APP000753,2026-06-25 13:55:00,U1002,donna.ramirez,QuickBooks,89,WKSTN-U1002
APP005490,2026-06-25 13:47:00,U1014,james.taylor,Chrome,47,WKSTN-U1014
APP030267,2026-06-25 13:44:00,U1074,sarah.williams7,DocuSign,36,WKSTN-U1074
APP000323,2026-06-25 13:37:00,U1001,linda.johnson95,QuickBooks,50,WKSTN-U1001
APP004675,2026-06-25 14:09:00,U1012,linda.martinez,QuickBooks,31,WKSTN-U1012
APP014661,2026-06-25 13:45:00,U1035,nancy.rodriguez82,Outlook,77,WKSTN-U1035
APP012664,2026-06-25 14:07:00,U1030,betty.rodriguez86,Docker Desktop,58,WKSTN-U1030
APP017459,2026-06-25 14:25:00,U1042,michael.hill56,Chrome,25,WKSTN-U1042
APP003879,2026-06-25 14:23:00,U1010,susan.young51,SAP,48,WKSTN-U1010
APP009983,2026-06-25 14:36:00,U1024,emily.miller,VSCode,72,WKSTN-U1024
APP027437,2026-06-25 14:24:00,U1067,paul.thomas97,Chrome,84,WKSTN-U1067
APP010431,2026-06-25 14:32:00,U1025,betty.brown22,Git,51,WKSTN-U1025
APP021427,2026-06-25 14:15:00,U1052,paul.taylor,Zoom,86,WKSTN-U1052
APP023424,2026-06-25 14:33:00,U1057,nancy.sanchez,Outlook,88,WKSTN-U1057
APP012663,2026-06-25 14:39:00,U1030,betty.rodriguez86,Docker Desktop,30,WKSTN-U1030
APP014663,2026-06-25 14:17:00,U1035,nancy.rodriguez82,Chrome,52,WKSTN-U1035
APP025439,2026-06-25 14:35:00,U1062,william.martin,Excel	,53,WKSTN-U1062
APP031427,2026-06-25 14:19:00,U1077,kimberly.harris58,Word,43,WKSTN-U1077
APP039337,2026-06-25 14:27:00,U1095,richard.thomas74,Outlook,87,WKSTN-U1095
APP022253,2026-06-25 14:21:00,U1054,anthony.martinez,Chrome,79,WKSTN-U1054
APP021425,2026-06-25 14:23:00,U1052,paul.taylor,Zoom,55,WKSTN-U1052
APP017457,2026-06-25 14:31:00,U1042,michael.hill56,Chrome,47,WKSTN-U1042
APP034470,2026-06-25 14:25:00,U1084,joshua.taylor,Active Directory Console,29,WKSTN-U1084
APP005096,2026-06-25 14:36:00,U1013,EMILY.SMITH,Chrome,2,WKSTN-U1013
APP021813,2026-06-25 14:27:00,U1053,john.jackson31,Outlook,26,WKSTN-U1053
APP033134,2026-06-25 14:28:00,U1081,margaret.davis,Wireshark,43,WKSTN-U1081
APP006341,2026-06-25 14:20:00,U1016,patricia.thomas,Docker Desktop,83,WKSTN-U1016
APP013074,2026-06-25 14:26:00,U1031,john.wright28,,78,WKSTN-U1031
APP005907,2026-06-25 14:17:00,U1015,lisa.hernandez,QuickBooks,35,WKSTN-U1015
APP015451,2026-06-25 14:18:00,U1037,robert.martin,  Workday ,26,WKSTN-U1037
APP037608,2026-06-25 14:28:00,U1091,linda.robinson,Terminal,73,WKSTN-U1091
APP017844,2026-06-25 14:34:00,U1043,thomas.williams91,EXCEL,15,WKSTN-U1043
APP017050,2026-06-25 15:06:00,U1041,matthew.allen52,Chrome,42,WKSTN-U1041
APP003882,2026-06-25 14:50:00,U1010,susan.young51,SAP,82,WKSTN-U1010
APP020641,2026-06-25 15:08:00,U1050,michael.ramirez,,89,WKSTN-U1050
APP009092,2026-06-25 15:01:00,U1022,sandra.brown,Chrome,72,WKSTN-U1022
APP025055,2026-06-25 14:47:00,U1061,jessica.rodriguez,Salesforce,66,WKSTN-U1061
APP017047,2026-06-25 14:55:00,U1041,matthew.allen52,Chrome,42,WKSTN-U1041
APP020639,2026-06-25 15:10:00,U1050,michael.ramirez,Zoom,17,WKSTN-U1050
APP009094,2026-06-25 14:43:00,U1022,sandra.brown,,64,WKSTN-U1022
APP022251,2026-06-25 14:51:00,U1054,anthony.martinez,Outlook,30,WKSTN-U1054
APP035351,2026-06-25 15:09:00,U1086,steven.thompson53,Chrome,22,WKSTN-U1086
APP004256,2026-06-25 14:51:00,U1011,donna.ramirez75,SAP,27,WKSTN-U1011
APP017843,2026-06-25 14:50:00,U1043,thomas.williams91,Excel,59,WKSTN-U1043
APP016655,2026-06-25 15:10:00,U1040,matthew.martin,Outlook,7,WKSTN-U1040
APP010875,2026-06-25 15:15:00,U1026,elizabeth.gonzalez,Jenkins,13,WKSTN-U1026
APP041303,2026-06-25 14:52:00,U1100,daniel.brown38,Zoom,66,WKSTN-U1100
APP008632,2026-06-25 15:04:00,U1021,jessica.walker,Jenkins,35,WKSTN-U1021
APP038939,2026-06-25 15:03:00,U1094,elizabeth.lewis69,Chrome,43,WKSTN-U1094
APP019066,2026-06-25 15:19:00,U1046,michelle.torres39,Chrome,63,WKSTN-U1046
APP002740,2026-06-25 15:09:00,U1007,SARAH.ROBINSON82,SAP,14,WKSTN-U1007
APP039338,2026-06-25 15:19:00,U1095,richard.thomas74,powerpoint,7,WKSTN-U1095
APP039339,2026-06-25 15:09:00,U1095,richard.thomas74,Outlook,70,WKSTN-U1095
APP040545,2026-06-25 15:08:00,U1098,,Excel,8,WKSTN-U1098
APP007742,2026-06-25 15:05:00,U1019,donna.anderson,Slack,19,WKSTN-U1019
APP033546,2026-06-25 15:02:00,U1082,karen.hill96,Slack,82,WKSTN-U1082
APP004258,2026-06-25 15:10:00,U1011,donna.ramirez75,SAP,55,WKSTN-U1011
APP021426,2026-06-25 16:12:00,U1052,paul.taylor	,Zoom,65,WKSTN-U1052
APP009537,2026-06-25 15:34:00,U1023,richard.wright,Docker Desktop,29,WKSTN-U1023
APP022644,2026-06-25 15:35:00,U1055,patricia.wilson54,Salesforce,41,WKSTN-U1055
APP002742,2026-06-25 15:37:00,U1007,sarah.robinson82,Outlook,77,WKSTN-U1007
APP020228,2026-06-25 15:38:00,U1049,michelle.jones59,Outlook,71,WKSTN-U1049
APP030654,2026-06-25 15:33:00,U1075,steven.lewis,Word,57,WKSTN-U1075
APP001166,2026-06-25 15:31:00,U1003,kenneth.clark29,QuickBooks,,WKSTN-U1003
APP024620,2026-06-25 15:23:00,U1060,,Salesforce,40,WKSTN-U1060
APP009536,2026-06-25 16:01:00,U1023,richard.wright,Slack,83,WKSTN-U1023
APP012665,2026-06-25 16:07:00,U1030,betty.rodriguez86,Git,50,WKSTN-U1030
APP027438,2026-06-25 16:05:00,U1067,paul.thomas97,Word,63,WKSTN-U1067
APP037607,2026-06-25 15:44:00,U1091,linda.robinson,Wireshark,72,WKSTN-U1091
APP031838,2026-06-25 15:50:00,U1078,michelle.miller,Outlook,20,WKSTN-U1078
APP031041,2026-06-25 15:49:00,U1076,john.torres,Word,39,WKSTN-U1076
APP034900,2026-06-25 16:12:00,U1085,barbara.walker67,Slack,72,WKSTN-U1085
APP006824,2026-06-25 16:02:00,U1017,emily.hernandez34,Git,44,WKSTN-U1017
APP031840,2026-06-25 16:06:00,U1078,michelle.miller,OUTLOOK,58,WKSTN-U1078
APP011351,2026-06-25 15:56:00,U1027,patricia.brown75,Jenkins,15,WKSTN-U1027
APP006339,2026-06-25 16:10:00,U1016,patricia.thomas,Docker Desktop,71,WKSTN-U1016	
APP031428,2026-06-25 15:31:00,U1077,kimberly.harris58,Chrome,78,WKSTN-U1077
APP017049,2026-06-25 15:36:00,U1041,matthew.allen52,Excel,31,WKSTN-U1041
APP038069,2026-06-25 16:12:00,U1092,steven.thomas,Terminal,81,WKSTN-U1092
APP016242,2026-06-25 15:21:00,U1039,mark.thomas,Excel,22,WKSTN-U1039
APP015453,2026-06-25 16:08:00,U1037,robert.martin	,Outlook,80,WKSTN-U1037
APP016657,2026-06-25 15:38:00,U1040,matthew.martin,Outlook,74,WKSTN-U1040
APP017051,2026-06-25 16:55:00,U1041,matthew.allen52,Workday,24,WKSTN-U1041
APP004676,2026-06-25 17:15:00,U1012,linda.martinez,Chrome	,90,WKSTN-U1012
APP024229,2026-06-25 16:28:00,U1059,daniel.perez98,Chrome,25,WKSTN-U1059
APP002353,2026-06-25 16:23:00,U1006,george.gonzalez,Outlook,17,WKSTN-U1006
APP001949,2026-06-25 16:20:00,U1005,robert.robinson,SAP,87,WKSTN-U1005
APP007284,2026-06-25 17:13:00,U1018,betty.white57,Docker Desktop,75,WKSTN-U1018
APP009986,2026-06-25 16:46:00,U1024,emily.miller,Slack,67,WKSTN-U1024
APP035780,2026-06-25 17:28:00,U1087,charles.sanchez,Slack,,WKSTN-U1087
APP015041,2026-06-25 16:15:00,U1036,linda.jones,Workday,35,WKSTN-U1036
APP005906,2026-06-25 16:14:00,U1015,lisa.hernandez	,  Outlook ,59,WKSTN-U1015
APP027051,2026-06-25 16:46:00,U1066,michelle.wright62,DocuSign,19,WKSTN-U1066
APP038507,2026-06-25 16:46:00,U1093,sarah.clark44,Terminal,63,WKSTN-U1093
APP022642,2026-06-25 17:16:00,U1055,patricia.wilson54,OUTLOOK,73,  WKSTN-U1055 
APP016659,2026-06-25 16:35:00,U1040,matthew.martin,Outlook,,WKSTN-U1040
APP029066,2026-06-25 16:49:00,U1071,matthew.robinson35,Chrome,32,WKSTN-U1071
APP002355,2026-06-25 16:49:00,U1006,george.gonzalez,Outlook,2,WKSTN-U1006
APP001557,2026-06-25 16:25:00,U1004,elizabeth.wilson98,SAP,90,WKSTN-U1004
APP034901,2026-06-25 16:44:00,U1085,barbara.walker67,PuTTY,76,WKSTN-U1085
APP027049,2026-06-25 17:14:00,U1066,michelle.wright62,Word,,WKSTN-U1066
APP009535,2026-06-25 17:00:00,U1023,richard.wright,Git,33,WKSTN-U1023
APP014261,2026-06-25 17:16:00,U1034,thomas.allen63,Excel,8,WKSTN-U1034
APP001558,2026-06-25 17:04:00,U1004,elizabeth.wilson98,Excel,34,WKSTN-U1004
APP029065,2026-06-25 16:27:00,U1071,matthew.robinson35,Chrome,63,WKSTN-U1071
APP019846,2026-06-25 16:49:00,U1048,jennifer.thomas87,Zoom,26,WKSTN-U1048
APP028251,2026-06-25 17:20:00,U1069,jessica.clark,DocuSign,45,WKSTN-U1069
APP036726,2026-06-26 07:16:00,U1089,paul.brown27,PUTTY,42,WKSTN-U1089
APP031862,2026-06-26 08:01:00,U1078,michelle.miller,Word,16,WKSTN-U1078
APP034492,2026-06-26 07:32:00,U1084,  joshua.taylor ,Slack,46,WKSTN-U1084
APP040177,2026-06-26 08:25:00,U1097,mark.martinez10,Zoom,62,WKSTN-U1097
APP017478,2026-06-26 07:53:00,U1042,MICHAEL.HILL56,Excel,90,WKSTN-U1042
APP027807,2026-06-25 17:45:00,U1068,susan.thompson34,Word,78,WKSTN-U1068
APP020248,2026-06-26 07:48:00,U1049,michelle.jones59,Excel,6,WKSTN-U1049
APP024250,2026-06-26 08:15:00,U1059,daniel.perez98,Excel,73,WKSTN-U1059
APP003529,2026-06-26 07:54:00,U1009,daniel.brown,Excel,87,WKSTN-U1009
APP023822,2026-06-25 17:37:00,U1058,jennifer.ramirez18,Outlook,67,WKSTN-U1058
APP005094,2026-06-25 18:09:00,U1013,emily.smith,QuickBooks,17,WKSTN-U1013
APP038505,2026-06-25 17:33:00,U1093,sarah.clark44,Chrome,78,WKSTN-U1093
APP014280,2026-06-26 08:09:00,U1034,thomas.allen63,Outlook,23,WKSTN-U1034
APP040178,2026-06-26 07:33:00,U1097,mark.martinez10,Chrome,13,WKSTN-U1097
APP027808,2026-06-25 17:58:00,U1068,susan.thompson34,Outlook,27,WKSTN-U1068
APP008656,2026-06-26 07:27:00,U1021,jessica.walker,VSCode,39,WKSTN-U1021
APP028671,2026-06-26 08:16:00,U1070,betty.thomas40,chrome,83,WKSTN-U1070
APP036265,2026-06-25 17:37:00,U1088,  andrew.smith85 ,  PuTTY ,32,WKSTN-U1088
APP038068,2026-06-25 17:51:00,U1092,steven.thomas,Active Directory Console,66,WKSTN-U1092
APP003527,2026-06-26 08:10:00,U1009,daniel.brown,Outlook,7,WKSTN-U1009
APP024644,2026-06-26 07:54:00,U1060,matthew.anderson,Salesforce,31,WKSTN-U1060
APP008655,2026-06-26 08:12:00,U1021,jessica.walker,Chrome,43,WKSTN-U1021
APP007303,2026-06-26 08:11:00,U1018,betty.white57,Chrome,49,WKSTN-U1018
APP024248,2026-06-26 08:00:00,U1059,daniel.perez98,Excel,59,WKSTN-U1059
APP024645,2026-06-26 08:17:00,U1060,matthew.anderson,Excel,31,WKSTN-U1060
APP013891,2026-06-26 08:48:00,U1033,linda.miller,Excel,10,WKSTN-U1033
APP011368,2026-06-26 09:03:00,U1027,patricia.brown75,,78,WKSTN-U1027
APP022662,2026-06-26 08:52:00,U1055,patricia.wilson54,Zoom,48,WKSTN-U1055
APP029079,2026-06-26 08:31:00,U1071,matthew.robinson35,Word,8,WKSTN-U1071
APP035800,2026-06-26 08:27:00,U1087,charles.sanchez,Terminal,30,WKSTN-U1087
APP025069,2026-06-26 08:36:00,U1061,jessica.rodriguez,Salesforce,81,WKSTN-U1061
APP008653,2026-06-26 08:25:00,U1021,jessica.walker,Git,82,WKSTN-U1021
APP015879,2026-06-26 08:40:00,U1038,emily.clark,Workday,55,WKSTN-U1038
APP013087,2026-06-26 08:38:00,U1031,john.wright28,Excel,77,  WKSTN-U1031 
APP034924,2026-06-26 08:31:00,U1085,barbara.walker67,Slack,60,WKSTN-U1085
APP029082,2026-06-26 08:35:00,U1071,matthew.robinson35,DocuSign,88,WKSTN-U1071
APP019858,2026-06-26 09:00:00,U1048,jennifer.thomas87,Zoom,50,WKSTN-U1048
APP032711,2026-06-26 08:33:00,U1080,joseph.jackson91,Slack,57,WKSTN-U1080
APP015883,2026-06-26 08:50:00,U1038,emily.clark,Excel,40,WKSTN-U1038
APP017477,2026-06-26 08:39:00,U1042,michael.hill56,OUTLOOK,30,WKSTN-U1042
APP034922,2026-06-26 08:47:00,U1085,barbara.walker67,Wireshark,46,WKSTN-U1085
APP027828,2026-06-26 08:54:00,U1068,susan.thompson34,docusign,30,WKSTN-U1068
APP036728,2026-06-26 08:54:00,U1089,paul.brown27,Terminal,23,WKSTN-U1089
APP034023,2026-06-26 08:28:00,U1083,sarah.allen70,Terminal,13,WKSTN-U1083
APP015472,2026-06-26 08:54:00,U1037,robert.martin,Excel,68,WKSTN-U1037
APP034022,2026-06-26 09:01:00,U1083,sarah.allen70,SLACK,77,WKSTN-U1083
APP025073,2026-06-26 08:49:00,U1061,jessica.rodriguez,Chrome,74,WKSTN-U1061
APP034921,2026-06-26 08:27:00,U1085,barbara.walker67,PuTTY,58,WKSTN-U1085
APP038959,2026-06-26 08:52:00,U1094,elizabeth.lewis69,PuTTY,10,WKSTN-U1094
APP008202,2026-06-26 08:44:00,U1020,andrew.thomas36,Docker Desktop,77,WKSTN-U1020
APP026663,2026-06-26 09:29:00,U1065,michael.ramirez47,Chrome,46,WKSTN-U1065
APP017070,2026-06-26 09:44:00,U1041,matthew.allen52,Outlook,75,WKSTN-U1041
APP019859,2026-06-26 09:42:00,U1048,jennifer.thomas87,Salesforce,35,WKSTN-U1048
APP017476,2026-06-26 09:44:00,U1042,michael.hill56,Chrome,69,WKSTN-U1042
APP009555,2026-06-26 09:19:00,U1023,richard.wright,Docker Desktop,90,
APP008204,2026-06-26 09:03:00,U1020,andrew.thomas36,Git,64,WKSTN-U1020
APP002753,2026-06-26 09:36:00,U1007,sarah.robinson82,Chrome,55,WKSTN-U1007
APP030287,2026-06-26 09:44:00,U1074,sarah.williams7,Outlook,75,WKSTN-U1074
APP017474,2026-06-26 09:14:00,U1042,michael.hill56,Outlook,46,WKSTN-U1042
APP002755,2026-06-26 09:25:00,U1007,sarah.robinson82,Outlook,39,WKSTN-U1007
APP031446,2026-06-26 09:36:00,U1077,kimberly.harris58,Word,65,WKSTN-U1077
APP035801,2026-06-26 09:23:00,U1087,charles.sanchez,Active Directory Console,34,WKSTN-U1087
APP030678,2026-06-26 09:42:00,U1075,steven.lewis,Word,19,WKSTN-U1075
APP032271,2026-06-26 09:44:00,U1079,emily.jones,Wireshark,45,  WKSTN-U1079 
APP013089,2026-06-26 09:05:00,U1031,john.wright28,Outlook	,76,WKSTN-U1031	
APP018260,2026-06-26 09:34:00,U1044,lisa.ramirez9,Outlook,32,WKSTN-U1044
APP015474,2026-06-26 09:12:00,U1037,robert.martin,Excel,30,WKSTN-U1037
APP034490,2026-06-26 09:16:00,U1084,,Wireshark,43,WKSTN-U1084
APP009116,2026-06-26 09:11:00,U1022,sandra.brown,  VSCode ,61,WKSTN-U1022
APP008652,2026-06-26 09:11:00,U1021,jessica.walker,Git,5,
APP003900,2026-06-26 09:05:00,U1010,susan.young51,Outlook,31,WKSTN-U1010
APP017069,2026-06-26 09:17:00,U1041,matthew.allen52,Excel,16,WKSTN-U1041
APP024643,2026-06-26 09:33:00,U1060,matthew.anderson,Chrome,16,WKSTN-U1060
APP014278,2026-06-26 09:39:00,U1034,thomas.allen63,Excel,57,WKSTN-U1034
APP011802,2026-06-26 09:07:00,U1028,john.hill,VSCode,59,WKSTN-U1028
APP021446,2026-06-26 10:14:00,U1052,paul.taylor,Chrome,52,WKSTN-U1052
APP025860,2026-06-26 09:49:00,U1063,john.nguyen,Outlook,10,WKSTN-U1063
APP039769,2026-06-26 09:52:00,U1096,david.allen76,PowerPoint,81,WKSTN-U1096
APP010894,2026-06-26 09:53:00,U1026,elizabeth.gonzalez,Git,43,WKSTN-U1026
APP002375,2026-06-26 09:47:00,U1006,george.gonzalez,Excel,82,WKSTN-U1006
APP032273,2026-06-26 10:02:00,U1079,emily.jones,Wireshark,18,WKSTN-U1079
APP036283,2026-06-26 09:48:00,U1088,andrew.smith85,Active Directory Console,47,WKSTN-U1088
APP025070,2026-06-26 10:11:00,U1061,jessica.rodriguez,Excel,87,WKSTN-U1061
APP022271,2026-06-26 09:50:00,U1054,anthony.martinez,ZOOM,36,WKSTN-U1054
APP040564,2026-06-26 09:59:00,U1098,nancy.wright49,Outlook,66,WKSTN-U1098
APP021445,2026-06-26 09:52:00,U1052,paul.taylor,Zoom,,WKSTN-U1052
APP011369,2026-06-26 09:54:00,U1027,patricia.brown75	,Slack,52,WKSTN-U1027
APP026241,2026-06-26 10:09:00,U1064,matthew.wright55,DocuSign,73,WKSTN-U1064
APP026242,2026-06-26 09:56:00,U1064,matthew.wright55	,Word	,4,WKSTN-U1064
APP010893,2026-06-26 10:15:00,U1026,elizabeth.gonzalez,Chrome,21,WKSTN-U1026
APP000769,2026-06-26 09:55:00,U1002,donna.ramirez,Outlook,24,WKSTN-U1002
APP039773,2026-06-26 10:11:00,U1096,david.allen76,Zoom,18,WKSTN-U1096
APP021447,2026-06-26 10:11:00,U1052,paul.taylor,Excel,56,WKSTN-U1052
APP009554,2026-06-26 09:48:00,U1023,richard.wright,Slack,82,WKSTN-U1023
APP021055,2026-06-26 10:14:00,U1051,sandra.king72,Salesforce,56,WKSTN-U1051
APP039355,2026-06-26 09:53:00,U1095,richard.thomas74,Outlook,42,WKSTN-U1095
APP035366,2026-06-26 10:07:00,U1086,steven.thompson53,Terminal,65,WKSTN-U1086
APP023057,2026-06-26 09:55:00,U1056,  anthony.clark ,Zoom,47,WKSTN-U1056
APP015053,2026-06-26 09:52:00,U1036,linda.jones,Chrome,45,WKSTN-U1036
APP004278,2026-06-26 10:11:00,U1011,donna.ramirez75,Outlook,3,WKSTN-U1011
APP030675,2026-06-26 10:47:00,U1075,steven.lewis,Word,48,WKSTN-U1075
APP030286,2026-06-26 10:35:00,U1074,sarah.williams7,OUTLOOK,13,WKSTN-U1074
APP003121,2026-06-26 10:25:00,U1008,joshua.hernandez,chrome,78,WKSTN-U1008
APP032710,2026-06-26 10:30:00,U1080,joseph.jackson91,Chrome,80,WKSTN-U1080
APP035367,2026-06-26 10:24:00,U1086,steven.thompson53,Chrome,73,WKSTN-U1086
APP025858,2026-06-26 10:45:00,U1063,john.nguyen	,Chrome,,WKSTN-U1063
APP040939,2026-06-26 10:26:00,U1099,joseph.garcia,Excel,65,WKSTN-U1099
APP000347,2026-06-26 10:41:00,U1001,linda.johnson95,Outlook,60,WKSTN-U1001
APP023442,2026-06-26 10:36:00,U1057,nancy.sanchez,Zoom,3,WKSTN-U1057
APP015475,2026-06-26 10:42:00,U1037,robert.martin,Workday,25,WKSTN-U1037
APP005510,2026-06-26 10:32:00,U1014,james.taylor,QuickBooks,46,WKSTN-U1014
APP001968,2026-06-26 10:27:00,U1005,robert.robinson,Outlook,28,WKSTN-U1005
APP033564,2026-06-26 10:29:00,U1082,karen.hill96,Terminal,73,WKSTN-U1082
APP031448,2026-06-26 10:38:00,U1077,kimberly.harris58,Outlook,-18.0,WKSTN-U1077
APP013090,2026-06-26 10:47:00,U1031,john.wright28,Chrome,2,WKSTN-U1031
APP033562,2026-06-26 10:41:00,U1082,karen.hill96,Terminal,42,WKSTN-U1082
APP027832,2026-06-26 10:18:00,U1068,susan.thompson34,Word,42,WKSTN-U1068
APP021832,2026-06-26 10:35:00,U1053,john.jackson31,Zoom,35,WKSTN-U1053
APP036727,2026-06-26 10:31:00,U1089,paul.brown27,Active Directory Console,49,WKSTN-U1089
APP014279,2026-06-26 10:45:00,U1034,thomas.allen63,Excel,63,
APP036287,2026-06-26 10:47:00,U1088,andrew.smith85,Chrome,27,WKSTN-U1088
APP030677,2026-06-26 10:37:00,U1075,steven.lewis,DocuSign,66,WKSTN-U1075
APP002372,2026-06-26 10:44:00,U1006,george.gonzalez,Chrome,33,WKSTN-U1006
APP017864,2026-06-26 10:24:00,U1043,thomas.williams91,Chrome,8,WKSTN-U1043
APP004689,2026-06-26 10:24:00,U1012,linda.martinez,Chrome,46,WKSTN-U1012
APP031060,2026-06-26 11:08:00,U1076,john.torres,Chrome,34,WKSTN-U1076
APP032272,2026-06-26 11:36:00,U1079,emily.jones,PuTTY,56,WKSTN-U1079
APP019857,2026-06-26 11:14:00,U1048,jennifer.thomas87,Chrome,81,WKSTN-U1048
APP031861,2026-06-26 11:21:00,U1078,michelle.miller,outlook,82,WKSTN-U1078
APP002757,2026-06-26 11:10:00,U1007,sarah.robinson82,Chrome,49,WKSTN-U1007
APP027068,2026-06-26 11:12:00,U1066,michelle.wright62,Chrome	,57,WKSTN-U1066
APP006844,2026-06-26 11:33:00,U1017,emily.hernandez34,Jenkins,58,WKSTN-U1017
APP016675,2026-06-26 11:27:00,U1040,matthew.martin,Excel,29,WKSTN-U1040
APP015473,2026-06-26 11:24:00,U1037,robert.martin,Outlook,23,WKSTN-U1037
APP019860,2026-06-26 11:08:00,U1048,jennifer.thomas87,Salesforce,36,WKSTN-U1048
APP004688,2026-06-26 11:36:00,U1012,linda.martinez,Outlook,56,WKSTN-U1012
APP028269,2026-06-26 10:57:00,U1069,jessica.clark,DocuSign,2,WKSTN-U1069
APP029860,2026-06-26 11:34:00,U1073,michael.gonzalez,Word,5,WKSTN-U1073
APP004279,2026-06-26 11:36:00,U1011,donna.ramirez75,Excel,9,WKSTN-U1011
APP032712,2026-06-26 11:07:00,U1080,JOSEPH.JACKSON91,  PuTTY ,89,WKSTN-U1080
APP039354,2026-06-26 11:21:00,U1095,richard.thomas74,Chrome,20,WKSTN-U1095
APP019487,2026-06-26 10:50:00,U1047,sandra.lewis,OUTLOOK,,WKSTN-U1047
APP015054,2026-06-26 11:03:00,U1036,linda.jones,Chrome,37,WKSTN-U1036
APP020247,2026-06-26 10:55:00,U1049,michelle.jones59,Excel,45,WKSTN-U1049	
APP025857,2026-06-26 11:41:00,U1063,john.nguyen,Outlook,56,WKSTN-U1063
APP039771,2026-06-26 11:00:00,U1096,david.allen76,PowerPoint,72,WKSTN-U1096
APP038085,2026-06-26 11:18:00,U1092,steven.thomas,Slack,72,WKSTN-U1092
APP019486,2026-06-26 11:30:00,U1047,sandra.lewis,Zoom,11,WKSTN-U1047
APP018656,2026-06-26 10:49:00,U1045,daniel.sanchez90,,5,WKSTN-U1045
APP017475,2026-06-26 11:44:00,U1042,michael.hill56,Outlook,56,WKSTN-U1042
APP029078,2026-06-26 11:56:00,U1071,matthew.robinson35,Outlook,67,WKSTN-U1071
APP028268,2026-06-26 12:05:00,U1069,jessica.clark,Outlook,21,WKSTN-U1069
APP022665,2026-06-26 12:08:00,U1055,patricia.wilson54,Outlook,64,WKSTN-U1055
APP004277,2026-06-26 11:52:00,U1011,donna.ramirez75,Outlook,66,WKSTN-U1011
APP025462,2026-06-26 12:10:00,U1062,  WILLIAM.MARTIN ,Outlook,58,WKSTN-U1062
APP025071,2026-06-26 12:12:00,U1061,jessica.rodriguez,Chrome,59,WKSTN-U1061
APP013496,2026-06-26 12:16:00,U1032,paul.wright91,Outlook,63,WKSTN-U1032
APP007764,2026-06-26 12:09:00,U1019,donna.anderson,Git,72,WKSTN-U1019
APP039770,2026-06-26 12:09:00,U1096,david.allen76,Excel,86,WKSTN-U1096
APP003902,2026-06-26 12:08:00,U1010,susan.young51,Excel,39,WKSTN-U1010
APP023438,2026-06-26 12:00:00,U1057,nancy.sanchez,Chrome,65,WKSTN-U1057
APP009114,2026-06-26 12:24:00,U1022,sandra.brown,Jenkins,55,WKSTN-U1022
APP017068,2026-06-26 12:10:00,U1041,MATTHEW.ALLEN52,Outlook,25,
APP010447,2026-06-26 12:08:00,U1025,betty.brown22,Chrome,61,  WKSTN-U1025 
APP025072,2026-06-26 12:21:00,U1061,  jessica.rodriguez ,Salesforce,35,WKSTN-U1061
APP024642,2026-06-26 12:11:00,U1060,matthew.anderson,Excel,36,WKSTN-U1060
APP007304,2026-06-26 12:24:00,U1018,betty.white57,Slack,20,WKSTN-U1018
APP002754,2026-06-26 11:49:00,U1007,sarah.robinson82,SAP,39,WKSTN-U1007
APP033148,2026-06-26 12:02:00,U1081,margaret.davis,Chrome,11,WKSTN-U1081
APP000348,2026-06-26 12:19:00,U1001,linda.johnson95,Excel,30,WKSTN-U1001
APP033563,2026-06-26 12:16:00,U1082,karen.hill96,Slack,82,WKSTN-U1082
APP016260,2026-06-26 11:58:00,U1039,mark.thomas,Workday,28,WKSTN-U1039
APP010005,2026-06-26 12:17:00,U1024,emily.miller,VSCode,15,WKSTN-U1024
APP038958,2026-06-26 12:06:00,U1094,elizabeth.lewis69,Active Directory Console,30,WKSTN-U1094
APP020658,2026-06-26 11:47:00,U1050,michael.ramirez	,Chrome,55,WKSTN-U1050
APP036286,2026-06-26 12:38:00,U1088,andrew.smith85,Slack,11,WKSTN-U1088
APP018654,2026-06-26 12:52:00,U1045,daniel.sanchez90,Chrome,54,WKSTN-U1045
APP024646,2026-06-26 12:43:00,U1060,matthew.anderson,Salesforce,21,WKSTN-U1060
APP040941,2026-06-26 12:56:00,U1099,joseph.garcia,Excel,74,WKSTN-U1099
APP014281,2026-06-26 13:05:00,U1034,thomas.allen63	,WORKDAY,14,WKSTN-U1034
APP023056,2026-06-26 12:49:00,U1056,anthony.clark,Salesforce,89,WKSTN-U1056
APP034923,2026-06-26 12:26:00,U1085,barbara.walker67,,72,WKSTN-U1085
APP009553,2026-06-26 12:32:00,U1023,richard.wright,Chrome,16,WKSTN-U1023
APP015881,2026-06-26 13:09:00,U1038,emily.clark,Outlook,30,WKSTN-U1038
APP029862,2026-06-26 12:50:00,U1073,michael.gonzalez,DocuSign,9,WKSTN-U1073
APP016258,2026-06-26 12:49:00,U1039,mark.thomas,Outlook,78,WKSTN-U1039
APP008654,2026-06-26 12:36:00,U1021,jessica.walker,Jenkins,29,WKSTN-U1021
APP037628,2026-06-26 13:12:00,U1091,linda.robinson,PuTTY,51,WKSTN-U1091
APP008205,2026-06-26 13:06:00,U1020,andrew.thomas36,VSCode	,69,WKSTN-U1020
APP001577,2026-06-26 12:42:00,U1004,elizabeth.wilson98,QuickBooks,25,WKSTN-U1004
APP027829,2026-06-26 12:27:00,U1068,susan.thompson34,Outlook,51,WKSTN-U1068
APP001578,2026-06-26 12:31:00,U1004,elizabeth.wilson98,Outlook,75,WKSTN-U1004
APP018655,2026-06-26 12:46:00,U1045,daniel.sanchez90,Excel,9000.0,
APP030284,2026-06-26 13:01:00,U1074,sarah.williams7,DocuSign,2,WKSTN-U1074
APP040938,2026-06-26 12:54:00,U1099,joseph.garcia,,30,WKSTN-U1099
APP031058,2026-06-26 12:51:00,U1076,  john.torres ,Outlook,68,WKSTN-U1076
APP025463,2026-06-26 12:49:00,U1062,william.martin,Chrome,86,WKSTN-U1062
APP040179,2026-06-26 13:03:00,U1097,mark.martinez10,Excel,4,WKSTN-U1097	
APP026244,2026-06-26 12:47:00,U1064,matthew.wright55,Word,37,WKSTN-U1064
APP038957,2026-06-26 12:58:00,U1094,elizabeth.lewis69,Wireshark,80,WKSTN-U1094
APP013088,2026-06-26 13:51:00,U1031,john.wright28,Excel,15,WKSTN-U1031
APP020246,2026-06-26 13:30:00,U1049,michelle.jones59,Excel,46,WKSTN-U1049
APP020660,2026-06-26 13:25:00,U1050,michael.ramirez,Chrome,N/A,WKSTN-U1050
APP015880,2026-06-26 13:26:00,U1038,emily.clark,Workday,72,WKSTN-U1038
APP037629,2026-06-26 13:34:00,U1091,linda.robinson,Chrome,18,WKSTN-U1091
APP031059,2026-06-26 13:34:00,U1076,john.torres,DocuSign,71,WKSTN-U1076
APP035803,2026-06-26 13:26:00,U1087,charles.sanchez,Active Directory Console,41,  WKSTN-U1087 
APP035804,2026-06-26 13:49:00,U1087,charles.sanchez,Wireshark,71,WKSTN-U1087
APP026662,2026-06-26 13:12:00,U1065,  michael.ramirez47 ,Chrome,,WKSTN-U1065
APP011801,2026-06-26 13:20:00,U1028,john.hill,Git,41,WKSTN-U1028
APP022663,2026-06-26 13:12:00,U1055,patricia.wilson54,Outlook,37,WKSTN-U1055
APP020661,2026-06-26 13:35:00,U1050,michael.ramirez,Zoom,69,WKSTN-U1050
APP038086,2026-06-26 13:24:00,U1092,steven.thomas,Slack,37,WKSTN-U1092
APP005924,2026-06-26 13:37:00,U1015,lisa.hernandez,Outlook,2,WKSTN-U1015
APP000770,2026-06-26 13:14:00,U1002,donna.ramirez,SAP,25,WKSTN-U1002
APP003901,2026-06-26 13:39:00,U1010,susan.young51,QuickBooks,45,WKSTN-U1010
APP014681,2026-06-26 13:23:00,U1035,nancy.rodriguez82,Workday,61,WKSTN-U1035
APP022664,2026-06-26 13:26:00,U1055,patricia.wilson54,Outlook,37,WKSTN-U1055
APP028674,2026-06-26 13:38:00,U1070,betty.thomas40,,16,WKSTN-U1070
APP023439,2026-06-26 13:49:00,U1057,NANCY.SANCHEZ,Salesforce,34,WKSTN-U1057
APP001967,2026-06-26 13:25:00,U1005,robert.robinson,QuickBooks,27,WKSTN-U1005
APP034491,2026-06-26 13:52:00,U1084,joshua.taylor,Terminal,6,WKSTN-U1084
APP037627,2026-06-26 13:16:00,U1091,linda.robinson,Active Directory Console,6,WKSTN-U1091
APP014282,2026-06-26 13:52:00,U1034,thomas.allen63,Workday,24,WKSTN-U1034
APP031447,2026-06-26 13:46:00,U1077,kimberly.harris58,Word,41,WKSTN-U1077
APP029490,2026-06-26 13:56:00,U1072,kenneth.lopez,Outlook,64,WKSTN-U1072
APP019081,2026-06-26 14:23:00,U1046,michelle.torres39,Excel,43,WKSTN-U1046
APP019861,2026-06-26 14:11:00,U1048,jennifer.thomas87,Outlook,7,WKSTN-U1048
APP038956,2026-06-26 14:04:00,U1094,elizabeth.lewis69	,Chrome,52,WKSTN-U1094
APP016676,2026-06-26 14:27:00,U1040,matthew.martin,Outlook,77,WKSTN-U1040
APP008206,2026-06-26 14:03:00,U1020,andrew.thomas36,Chrome,55,WKSTN-U1020
APP027067,2026-06-26 13:55:00,U1066,michelle.wright62,Word,38,WKSTN-U1066
APP027830,2026-06-26 14:18:00,U1068,susan.thompson34,Outlook,16,WKSTN-U1068
APP012238,2026-06-26 14:24:00,U1029,michelle.garcia54,Chrome,66,WKSTN-U1029
APP012239,2026-06-26 14:19:00,U1029,michelle.garcia54,Docker Desktop,32,WKSTN-U1029
APP021833,2026-06-26 14:02:00,U1053,john.jackson31,Salesforce,9,WKSTN-U1053
APP028673,2026-06-26 14:33:00,U1070,  betty.thomas40 ,Outlook,50,WKSTN-U1070
APP038529,2026-06-26 14:12:00,U1093,sarah.clark44,PuTTY,54,WKSTN-U1093
APP027831,2026-06-26 14:12:00,U1068,susan.thompson34,Chrome,74,WKSTN-U1068
APP007763,2026-06-26 14:12:00,U1019,donna.anderson,Chrome,79,WKSTN-U1019
APP040940,2026-06-26 14:04:00,U1099,joseph.garcia,outlook,29,WKSTN-U1099
APP028672,2026-06-26 14:11:00,U1070,  betty.thomas40 ,DocuSign,63,WKSTN-U1070
APP000346,2026-06-26 14:17:00,U1001,linda.johnson95,Outlook,12,WKSTN-U1001
APP012683,2026-06-26 14:26:00,U1030,betty.rodriguez86,Docker Desktop,40,WKSTN-U1030
APP036285,2026-06-26 13:54:00,U1088,andrew.smith85,Chrome,90,WKSTN-U1088
APP000345,2026-06-26 14:27:00,U1001,linda.johnson95,QuickBooks,36,WKSTN-U1001
APP003899,2026-06-26 13:57:00,U1010,susan.young51,QuickBooks,7,WKSTN-U1010
APP033560,2026-06-26 14:02:00,U1082,karen.hill96,Slack,17,WKSTN-U1082
APP029081,2026-06-26 14:26:00,U1071,matthew.robinson35,Outlook,59,WKSTN-U1071
APP023840,2026-06-26 14:20:00,U1058,jennifer.ramirez18,zoom,34,WKSTN-U1058
APP017067,2026-06-26 15:00:00,U1041,matthew.allen52,Workday,17,WKSTN-U1041
APP029861,2026-06-26 14:57:00,U1073,michael.gonzalez,,87,WKSTN-U1073
APP001185,2026-06-26 14:46:00,U1003,kenneth.clark29,Excel,28,WKSTN-U1003
APP023441,2026-06-26 14:47:00,U1057,nancy.sanchez,Chrome,76,WKSTN-U1057
APP033147,2026-06-26 14:57:00,U1081,margaret.davis,Slack,47,WKSTN-U1081
APP030676,2026-06-26 15:04:00,U1075,steven.lewis,Outlook,51,WKSTN-U1075
APP028272,2026-06-26 14:37:00,U1069,jessica.clark,Chrome,36,WKSTN-U1069
APP003525,2026-06-26 14:49:00,U1009,daniel.brown,QuickBooks,30,WKSTN-U1009
APP025461,2026-06-26 14:40:00,U1062,william.martin,Excel,78,WKSTN-U1062
APP022270,2026-06-26 14:52:00,U1054,anthony.martinez,Excel,78,WKSTN-U1054
APP002374,2026-06-26 14:42:00,U1006,george.gonzalez,SAP,37,WKSTN-U1006
APP021444,2026-06-26 14:48:00,U1052,paul.taylor,Chrome,20,WKSTN-U1052
APP002756,2026-06-26 14:33:00,U1007,sarah.robinson82,QuickBooks,68,WKSTN-U1007
APP027457,2026-06-26 15:04:00,U1067,paul.thomas97,Chrome,28,WKSTN-U1067
APP027456,2026-06-26 14:51:00,U1067,paul.thomas97,Word,25,WKSTN-U1067
APP033561,2026-06-26 14:46:00,U1082,karen.hill96,Terminal,31,WKSTN-U1082
APP022269,2026-06-26 14:37:00,U1054,anthony.martinez,Outlook,41,WKSTN-U1054
APP037190,2026-06-26 14:34:00,U1090,mary.hill,PuTTY,63,WKSTN-U1090
APP003526,2026-06-26 14:43:00,U1009,daniel.brown,QuickBooks,54,WKSTN-U1009	
APP040565,2026-06-26 14:55:00,U1098,nancy.wright49,Chrome,29,WKSTN-U1098
APP037189,2026-06-26 14:35:00,U1090,mary.hill,Chrome,81,WKSTN-U1090
APP001969,2026-06-26 14:38:00,U1005,robert.robinson,SAP,,WKSTN-U1005
APP015882,2026-06-26 15:03:00,U1038,emily.clark,Chrome,11,WKSTN-U1038
APP009552,2026-06-26 14:58:00,U1023,richard.wright,Slack,40,WKSTN-U1023
APP031860,2026-06-26 15:01:00,U1078,michelle.miller,Word,24,WKSTN-U1078
APP030285,2026-06-26 15:19:00,U1074,sarah.williams7,Word,33,WKSTN-U1074
APP013091,2026-06-26 15:16:00,U1031,john.wright28,Excel,61,WKSTN-U1031
APP012240,2026-06-26 15:21:00,U1029,michelle.garcia54,Jenkins,68,WKSTN-U1029
APP023440,2026-06-26 15:12:00,U1057,nancy.sanchez,Zoom,12,WKSTN-U1057
APP013889,2026-06-26 15:21:00,U1033,linda.miller,Excel,84,WKSTN-U1033
APP010004,2026-06-26 15:12:00,U1024,emily.miller,,68,WKSTN-U1024
APP032709,2026-06-26 15:05:00,U1080,joseph.jackson91,  Terminal ,15,WKSTN-U1080
APP040176,2026-06-26 15:17:00,U1097,MARK.MARTINEZ10,PowerPoint,3,WKSTN-U1097
APP028675,2026-06-26 15:15:00,U1070,betty.thomas40,DocuSign,83,WKSTN-U1070
APP002373,2026-06-26 15:16:00,U1006,george.gonzalez,outlook,35,WKSTN-U1006
APP029489,2026-06-26 15:04:00,U1072,kenneth.lopez,Word,60,WKSTN-U1072
APP012684,2026-06-26 15:14:00,U1030,betty.rodriguez86,,82,WKSTN-U1030
APP006360,2026-06-26 15:16:00,U1016,patricia.thomas,Jenkins,50,WKSTN-U1016
APP035802,2026-06-26 15:05:00,U1087,charles.sanchez,Chrome,19,WKSTN-U1087
APP014680,2026-06-26 15:11:00,U1035,,Workday,67,WKSTN-U1035
APP005509,2026-06-26 15:13:00,U1014,james.taylor,Outlook,23,WKSTN-U1014
APP006359,2026-06-26 15:12:00,U1016,patricia.thomas,Slack,68,  WKSTN-U1016 
APP001186,2026-06-26 15:10:00,U1003,kenneth.clark29,SAP,60,WKSTN-U1003
APP013495,2026-06-26 15:14:00,U1032,paul.wright91,Excel	,29,WKSTN-U1032
APP006843,2026-06-26 15:25:00,U1017,emily.hernandez34	,Git,27,WKSTN-U1017
APP013890,2026-06-26 15:28:00,U1033,linda.miller,Excel,90,WKSTN-U1033
APP015056,2026-06-26 15:30:00,U1036,linda.jones,Chrome,73,WKSTN-U1036
APP025861,2026-06-26 15:18:00,U1063,john.nguyen,Word,82,WKSTN-U1063
APP003528,2026-06-26 15:05:00,U1009,daniel.brown,QuickBooks,52,WKSTN-U1009
APP026240,2026-06-26 15:28:00,U1064,matthew.wright55	,Chrome,21,WKSTN-U1064
APP040566,2026-06-26 15:53:00,U1098,nancy.wright49,Zoom,38,WKSTN-U1098
APP008203,2026-06-26 15:51:00,U1020,andrew.thomas36,VSCode,59,WKSTN-U1020
APP029488,2026-06-26 15:38:00,U1072,kenneth.lopez,Chrome,55,
APP009115,2026-06-26 15:38:00,U1022,sandra.brown,Slack,3,WKSTN-U1022
APP016673,2026-06-26 15:55:00,U1040,matthew.martin,Outlook,31,WKSTN-U1040
APP024249,2026-06-26 15:32:00,U1059,daniel.perez98,Outlook,31,WKSTN-U1059
APP000771,2026-06-26 15:37:00,U1002,  donna.ramirez ,Excel,67,WKSTN-U1002
APP010448,2026-06-26 15:45:00,U1025,betty.brown22,Docker Desktop,84,WKSTN-U1025
APP027066,2026-06-26 15:35:00,U1066,michelle.wright62,Word,33,WKSTN-U1066
APP029080,2026-06-26 15:53:00,U1071,matthew.robinson35,Word,73,WKSTN-U1071
APP001184,2026-06-26 15:33:00,U1003,kenneth.clark29,SAP,68,WKSTN-U1003
APP017863,2026-06-26 15:32:00,U1043,thomas.williams91,Chrome,10,WKSTN-U1043
APP016674,2026-06-26 15:35:00,U1040,matthew.martin,Excel,7,WKSTN-U1040
APP040567,2026-06-26 15:34:00,U1098,nancy.wright49,OUTLOOK,85,WKSTN-U1098
APP036284,2026-06-26 15:46:00,U1088,andrew.smith85,Chrome,84,WKSTN-U1088
APP019488,2026-06-26 15:43:00,U1047,sandra.lewis,Salesforce,66,WKSTN-U1047
APP030679,2026-06-26 15:53:00,U1075,steven.lewis,Word,69,WKSTN-U1075
APP041320,2026-06-26 15:33:00,U1100,daniel.brown38,zoom,15,WKSTN-U1100
APP025459,2026-06-26 15:30:00,U1062,william.martin,Chrome,39,WKSTN-U1062
APP007305,2026-06-26 15:46:00,U1018,betty.white57,Git,90,WKSTN-U1018
APP022661,2026-06-26 15:41:00,U1055,patricia.wilson54	,Zoom,27000.0,WKSTN-U1055
APP005925,2026-06-26 15:53:00,U1015,lisa.hernandez,Outlook,51,WKSTN-U1015
APP029487,2026-06-26 15:43:00,U1072,kenneth.lopez,DocuSign,10,WKSTN-U1072
APP017862,2026-06-26 15:51:00,U1043,thomas.williams91,Outlook,35,WKSTN-U1043
APP025460,2026-06-26 15:38:00,U1062,william.martin,Excel,76,WKSTN-U1062
APP005111,2026-06-26 16:27:00,U1013,emily.smith,SAP,27,WKSTN-U1013
APP038528,2026-06-26 16:02:00,U1093,sarah.clark44	,slack,80,WKSTN-U1093
APP039356,2026-06-26 16:36:00,U1095,richard.thomas74,PowerPoint,61,WKSTN-U1095
APP007762,2026-06-26 16:57:00,U1019,donna.anderson,Git,,WKSTN-U1019
APP028271,2026-06-26 17:20:00,U1069,jessica.clark,DocuSign,50,WKSTN-U1069
APP005110,2026-06-26 16:17:00,U1013,emily.smith,Outlook,36,WKSTN-U1013
APP015476,2026-06-26 16:00:00,U1037,robert.martin,Outlook,59,WKSTN-U1037
APP028270,2026-06-26 17:19:00,U1069,jessica.clark,Word,35,WKSTN-U1069
APP034024,2026-06-26 16:20:00,U1083,sarah.allen70,Wireshark,68,WKSTN-U1083
APP001970,2026-06-26 17:02:00,U1005,robert.robinson,Chrome,58,WKSTN-U1005
APP021053,2026-06-26 16:16:00,U1051,sandra.king72,Zoom,31,WKSTN-U1051
APP039772,2026-06-26 16:35:00,U1096,david.allen76,PowerPoint,23,WKSTN-U1096
APP021056,2026-06-26 16:27:00,U1051,SANDRA.KING72,Salesforce,9,WKSTN-U1051
APP021054,2026-06-26 16:52:00,U1051,sandra.king72	,Excel,42,WKSTN-U1051
APP015055,2026-06-26 16:49:00,U1036,linda.jones,Chrome,50,WKSTN-U1036
APP019082,2026-06-26 16:46:00,U1046,michelle.torres39,Excel,3,WKSTN-U1046	
APP025859,2026-06-26 16:15:00,U1063,john.nguyen,DocuSign,15,WKSTN-U1063	
APP021057,2026-06-26 16:17:00,U1051,sandra.king72,Chrome,46,WKSTN-U1051
APP003122,2026-06-26 17:02:00,U1008,,QuickBooks,32,WKSTN-U1008
APP016259,2026-06-26 17:04:00,U1039,MARK.THOMAS,Outlook,68,WKSTN-U1039
APP023839,2026-06-26 15:56:00,U1058,jennifer.ramirez18,Excel,67,WKSTN-U1058
APP018653,2026-06-26 16:50:00,U1045,daniel.sanchez90,Excel,81,WKSTN-U1045
APP018259,2026-06-26 16:27:00,U1044,lisa.ramirez9,Chrome,21,WKSTN-U1044
APP018261,2026-06-26 16:18:00,U1044,lisa.ramirez9,Outlook,51,WKSTN-U1044
APP041321,2026-06-26 16:40:00,U1100,daniel.brown38,Outlook,2,WKSTN-U1100
APP021850,2026-06-28 10:38:00,U1053,  john.jackson31 ,  Zoom ,80,WKSTN-U1053
APP026685,2026-06-27 09:29:00,U1065,michael.ramirez47,  Chrome ,46,WKSTN-U1065
APP041342,2026-06-28 10:52:00,U1100,daniel.brown38,Chrome,37,WKSTN-U1100
APP015071,2026-06-27 09:11:00,U1036,linda.jones,  Excel ,90,
APP006867,2026-06-28 09:43:00,U1017,emily.hernandez34,Docker Desktop,39,WKSTN-U1017
APP026686,2026-06-27 15:11:00,U1065,michael.ramirez47,Chrome,11,WKSTN-U1065
APP004690,2026-06-26 17:57:00,U1012,linda.martinez,SAP,62,  WKSTN-U1012 
APP033582,2026-06-28 07:34:00,U1082,KAREN.HILL96,Terminal,38,WKSTN-U1082
APP015070,2026-06-27 08:35:00,U1036,linda.jones,Workday,24,WKSTN-U1036
APP026684,2026-06-27 12:48:00,U1065,michael.ramirez47,Word,4,WKSTN-U1065
APP027065,2026-06-26 17:33:00,U1066,michelle.wright62,Chrome,18,WKSTN-U1066
APP005127,2026-06-27 14:39:00,U1013,emily.smith,SAP,9,WKSTN-U1013
APP026687,2026-06-27 12:02:00,U1065,michael.ramirez47,Word,31,
APP033583,2026-06-28 07:16:00,U1082,karen.hill96,Chrome,5,WKSTN-U1082
APP016261,2026-06-26 17:48:00,U1039,mark.thomas,Excel,64,WKSTN-U1039	
APP020659,2026-06-26 17:29:00,U1050,michael.ramirez,Salesforce,83,WKSTN-U1050
APP005125,2026-06-27 10:31:00,U1013,emily.smith,QuickBooks,49,WKSTN-U1013
APP029879,2026-06-28 10:13:00,U1073,michael.gonzalez,Word,44,WKSTN-U1073
APP033580,2026-06-28 10:20:00,U1082,karen.hill96,Terminal,30,WKSTN-U1082
APP005126,2026-06-27 15:49:00,U1013,emily.smith,Excel,72,WKSTN-U1013
APP026243,2026-06-26 17:57:00,U1064,matthew.wright55,DocuSign,35,
APP005124,2026-06-27 10:01:00,U1013,emily.smith,Chrome,29,WKSTN-U1013
APP035368,2026-06-26 17:25:00,U1086,steven.thompson53,Wireshark,8,WKSTN-U1086
APP006865,2026-06-28 10:50:00,U1017,emily.hernandez34,Slack,47,WKSTN-U1017
APP029882,2026-06-28 13:07:00,U1073,michael.gonzalez,Chrome,30,WKSTN-U1073
APP004710,2026-06-29 07:51:00,U1012,linda.martinez,SAP,30,WKSTN-U1012
APP028287,2026-06-29 07:09:00,U1069,jessica.clark,Chrome,8,WKSTN-U1069	
APP033581,2026-06-28 14:47:00,U1082,karen.hill96,PuTTY,50,WKSTN-U1082
APP026263,2026-06-29 07:31:00,U1064,matthew.wright55,Word,8,WKSTN-U1064
APP041341,2026-06-28 13:18:00,U1100,daniel.brown38,Zoom,44,WKSTN-U1100
APP010911,2026-06-29 07:48:00,U1026,elizabeth.gonzalez,Chrome,78,WKSTN-U1026
APP026704,2026-06-29 07:58:00,U1065,michael.ramirez47,DocuSign,30,WKSTN-U1065
APP022289,2026-06-29 07:33:00,U1054,anthony.martinez,Salesforce,25,WKSTN-U1054
APP007325,2026-06-28 13:37:00,U1018,betty.white57,Slack,32,WKSTN-U1018
APP007322,2026-06-28 15:55:00,U1018,betty.white57,Slack,40,WKSTN-U1018
APP007783,2026-06-29 07:15:00,U1019,DONNA.ANDERSON,Slack,53,WKSTN-U1019
APP007323,2026-06-28 14:46:00,U1018,betty.white57	,VSCode,41,WKSTN-U1018
APP011823,2026-06-29 07:12:00,U1028,john.hill,Chrome,84,WKSTN-U1028
APP006864,2026-06-28 13:58:00,U1017,emily.hernandez34,VSCode,54,WKSTN-U1017
APP034511,2026-06-29 07:01:00,U1084,joshua.taylor,Active Directory Console,13,WKSTN-U1084
APP029881,2026-06-28 13:18:00,U1073,michael.gonzalez,Outlook,62,WKSTN-U1073
APP021851,2026-06-28 14:26:00,U1053,john.jackson31,CHROME,9,WKSTN-U1053
APP006866,2026-06-28 13:51:00,U1017,emily.hernandez34,Chrome	,21,WKSTN-U1017
APP029880,2026-06-28 16:09:00,U1073,michael.gonzalez,Outlook,90,WKSTN-U1073
APP001593,2026-06-29 07:46:00,U1004,,QuickBooks,32,WKSTN-U1004
APP021848,2026-06-28 14:45:00,U1053,john.jackson31,Outlook,21,WKSTN-U1053
APP007324,2026-06-28 16:38:00,U1018,betty.white57,Git,40,WKSTN-U1018
APP027084,2026-06-29 07:31:00,U1066,michelle.wright62,Outlook,70,WKSTN-U1066
APP041340,2026-06-28 14:33:00,U1100,daniel.brown38,Excel,54,WKSTN-U1100
APP021849,2026-06-28 13:23:00,U1053,john.jackson31,Outlook,27,WKSTN-U1053	
APP010465,2026-06-29 08:43:00,U1025,betty.brown22,Jenkins,65,WKSTN-U1025
APP015495,2026-06-29 08:37:00,U1037,ROBERT.MARTIN,Chrome,42,WKSTN-U1037
APP017490,2026-06-29 08:36:00,U1042,michael.hill56,Excel,15,WKSTN-U1042
APP039370,2026-06-29 08:09:00,U1095,richard.thomas74,Excel,10,WKSTN-U1095
APP038106,2026-06-29 08:27:00,U1092,,Active Directory Console,72,WKSTN-U1092
APP022288,2026-06-29 08:01:00,U1054,anthony.martinez,Outlook,76,WKSTN-U1054
APP040957,2026-06-29 08:20:00,U1099,joseph.garcia,Zoom,31,WKSTN-U1099
APP013109,2026-06-29 08:45:00,U1031,john.wright28,Outlook,20,WKSTN-U1031
APP010468,2026-06-29 08:39:00,U1025,betty.brown22,Chrome,36,WKSTN-U1025
APP005146,2026-06-29 08:28:00,U1013,emily.smith,Outlook,29,WKSTN-U1013
APP025877,2026-06-29 08:18:00,U1063,john.nguyen,Word,13,WKSTN-U1063
APP008227,2026-06-29 08:35:00,U1020,ANDREW.THOMAS36,Docker Desktop,21,WKSTN-U1020
APP024271,2026-06-29 08:49:00,U1059,daniel.perez98,Zoom,21,WKSTN-U1059
APP000792,2026-06-29 08:18:00,U1002,donna.ramirez,SAP,28,WKSTN-U1002
APP013107,2026-06-29 08:31:00,U1031,john.wright28,chrome,61,WKSTN-U1031
APP020680,2026-06-29 08:05:00,U1050,michael.ramirez,  Zoom ,16,WKSTN-U1050
APP013106,2026-06-29 08:49:00,U1031,john.wright28,Chrome,27,WKSTN-U1031
APP033168,2026-06-29 08:50:00,U1081,margaret.davis,Active Directory Console,88,WKSTN-U1081
APP027467,2026-06-29 08:33:00,U1067,paul.thomas97,Chrome,85,WKSTN-U1067
APP021464,2026-06-29 08:00:00,U1052,paul.taylor,Excel,80,  WKSTN-U1052 
APP005530,2026-06-29 08:34:00,U1014,,Chrome,,WKSTN-U1014
APP001592,2026-06-29 08:08:00,U1004,elizabeth.wilson98,Chrome,,WKSTN-U1004
APP013110,2026-06-29 08:20:00,U1031,john.wright28,Outlook,89,WKSTN-U1031
APP021074,2026-06-29 08:36:00,U1051,sandra.king72,Salesforce,12,WKSTN-U1051
APP027087,2026-06-29 08:01:00,U1066,michelle.wright62,Chrome,12,WKSTN-U1066
APP028290,2026-06-29 09:27:00,U1069,jessica.clark,DocuSign,64,WKSTN-U1069
APP017489,2026-06-29 09:07:00,U1042,michael.hill56,Workday,43,WKSTN-U1042
APP023854,2026-06-29 09:28:00,U1058,,Excel,18,WKSTN-U1058	
APP031468,2026-06-29 09:14:00,U1077,kimberly.harris58,DocuSign,54,WKSTN-U1077
APP026260,2026-06-29 09:14:00,U1064,matthew.wright55,Outlook,50,WKSTN-U1064
APP015493,2026-06-29 09:06:00,U1037,robert.martin,Outlook,78,WKSTN-U1037
APP020679,2026-06-29 08:57:00,U1050,MICHAEL.RAMIREZ,Salesforce,56,WKSTN-U1050
APP008225,2026-06-29 09:16:00,U1020,andrew.thomas36,Jenkins,13,WKSTN-U1020
APP015492,2026-06-29 09:30:00,U1037,robert.martin,  Excel ,43,WKSTN-U1037
APP038978,2026-06-29 09:32:00,U1094,elizabeth.lewis69,Chrome,80,WKSTN-U1094
APP019879,2026-06-29 09:12:00,U1048,,Chrome,43,WKSTN-U1048
APP002775,2026-06-29 09:24:00,U1007,sarah.robinson82,SAP,19,WKSTN-U1007
APP037654,2026-06-29 09:03:00,U1091,linda.robinson,Chrome,36,WKSTN-U1091
APP038976,2026-06-29 08:50:00,U1094,elizabeth.lewis69,Wireshark,61,WKSTN-U1094
APP010467,2026-06-29 09:14:00,U1025,betty.brown22,Docker Desktop,79,WKSTN-U1025
APP011825,2026-06-29 08:59:00,U1028,john.hill,chrome,26,WKSTN-U1028
APP032730,2026-06-29 08:54:00,U1080,JOSEPH.JACKSON91,Terminal,24,WKSTN-U1080
APP010912,2026-06-29 09:32:00,U1026,elizabeth.gonzalez,Slack,10,WKSTN-U1026
APP029501,2026-06-29 09:07:00,U1072,kenneth.lopez,Outlook,70,WKSTN-U1072
APP006382,2026-06-29 09:19:00,U1016,patricia.thomas,Docker Desktop,44,WKSTN-U1016
APP027085,2026-06-29 09:20:00,U1066,MICHELLE.WRIGHT62,Word,19,WKSTN-U1066	
APP018277,2026-06-29 09:25:00,U1044,lisa.ramirez9,EXCEL,8,WKSTN-U1044
APP010909,2026-06-29 09:20:00,U1026,elizabeth.gonzalez,Git,50,WKSTN-U1026
APP026705,2026-06-29 08:52:00,U1065,michael.ramirez47,Word,9,WKSTN-U1065
APP018673,2026-06-29 09:17:00,U1045,daniel.sanchez90,Workday,44,WKSTN-U1045
APP013910,2026-06-29 10:07:00,U1033,linda.miller,Excel,74,WKSTN-U1033
APP024657,2026-06-29 10:08:00,U1060,matthew.anderson,Salesforce,41,
APP038979,2026-06-29 09:41:00,U1094,  ELIZABETH.LEWIS69 ,Terminal,38,WKSTN-U1094
APP009576,2026-06-29 09:57:00,U1023,richard.wright,Slack,89,WKSTN-U1023
APP011390,2026-06-29 09:37:00,U1027,patricia.brown75,Git,67,  WKSTN-U1027 
APP000791,2026-06-29 09:40:00,U1002,donna.ramirez,Chrome,70,WKSTN-U1002
APP034508,2026-06-29 10:02:00,U1084,joshua.taylor,PuTTY,,WKSTN-U1084
APP022685,2026-06-29 10:03:00,U1055,patricia.wilson54,Excel,80,WKSTN-U1055
APP040196,2026-06-29 09:56:00,U1097,mark.martinez10,Chrome,42,WKSTN-U1097
APP034942,2026-06-29 10:06:00,U1085,barbara.walker67,Chrome,21,WKSTN-U1085
APP034512,2026-06-29 09:42:00,U1084,joshua.taylor,Chrome,86,WKSTN-U1084
APP037652,2026-06-29 09:48:00,U1091,linda.robinson,Wireshark,29,WKSTN-U1091
APP019503,2026-06-29 09:55:00,U1047,sandra.lewis,Outlook,,WKSTN-U1047
APP006886,2026-06-29 09:58:00,U1017,emily.hernandez34,Docker Desktop,49,WKSTN-U1017
APP022286,2026-06-29 09:44:00,U1054,anthony.martinez,Salesforce,16,WKSTN-U1054
APP029096,2026-06-29 10:08:00,U1071,matthew.robinson35,Outlook,9,WKSTN-U1071
APP023077,2026-06-29 09:34:00,U1056,anthony.clark,Zoom,16,WKSTN-U1056
APP005946,2026-06-29 09:38:00,U1015,lisa.hernandez,QuickBooks,82,WKSTN-U1015
APP000367,2026-06-29 09:57:00,U1001,linda.johnson95,QuickBooks,21,WKSTN-U1001
APP028693,2026-06-29 10:08:00,U1070,betty.thomas40,Chrome,2,WKSTN-U1070
APP014301,2026-06-29 09:55:00,U1034,THOMAS.ALLEN63,Excel,39,WKSTN-U1034	
APP032732,2026-06-29 09:52:00,U1080,joseph.jackson91,Terminal,55,  WKSTN-U1080 
APP027468,2026-06-29 09:51:00,U1067,paul.thomas97,Chrome,20,WKSTN-U1067
APP010022,2026-06-29 09:38:00,U1024,emily.miller,  Slack ,26,WKSTN-U1024
APP016692,2026-06-29 09:52:00,U1040,matthew.martin,Workday,34,WKSTN-U1040
APP001204,2026-06-29 10:38:00,U1003,kenneth.clark29,Chrome,35,WKSTN-U1003
APP040583,2026-06-29 10:16:00,U1098,nancy.wright49,Outlook,68,WKSTN-U1098
APP024656,2026-06-29 10:17:00,U1060,matthew.anderson,Zoom,70,WKSTN-U1060
APP030306,2026-06-29 10:16:00,U1074,sarah.williams7,Chrome,57,WKSTN-U1074
APP034045,2026-06-29 10:13:00,U1083,sarah.allen70,PuTTY,50,WKSTN-U1083
APP011389,2026-06-29 10:10:00,U1027,patricia.brown75,VSCode,54,WKSTN-U1027
APP024658,2026-06-29 10:25:00,U1060,matthew.anderson,Chrome,70,WKSTN-U1060
APP002390,2026-06-29 10:30:00,U1006,,Outlook,27,WKSTN-U1006
APP033606,2026-06-29 10:25:00,U1082,karen.hill96,Chrome	,68,WKSTN-U1082
APP013909,2026-06-29 10:26:00,U1033,linda.miller,Workday,46,WKSTN-U1033
APP018278,2026-06-29 10:39:00,U1044,  lisa.ramirez9 ,Outlook,71,WKSTN-U1044
APP033167,2026-06-29 10:24:00,U1081,margaret.davis,Active Directory Console,82,WKSTN-U1081
APP028695,2026-06-29 10:22:00,U1070,betty.thomas40,Outlook	,40,WKSTN-U1070
APP035388,2026-06-29 10:20:00,U1086,steven.thompson53	,Chrome,86,WKSTN-U1086
APP040194,2026-06-29 10:25:00,U1097,mark.martinez10,Excel,3,WKSTN-U1097
APP025085,2026-06-29 10:35:00,U1061,jessica.rodriguez,Outlook,51,WKSTN-U1061
APP015494,2026-06-29 10:19:00,U1037,  robert.martin ,Chrome,65,WKSTN-U1037
APP035385,2026-06-29 10:34:00,U1086,steven.thompson53,Wireshark,54,WKSTN-U1086
APP014693,2026-06-29 10:35:00,U1035,  nancy.rodriguez82 ,Outlook,31,WKSTN-U1035
APP038104,2026-06-29 10:26:00,U1092,steven.thomas,PuTTY,20,WKSTN-U1092
APP011821,2026-06-29 10:31:00,U1028,john.hill,Git,62,WKSTN-U1028
APP033607,2026-06-29 10:16:00,U1082,karen.hill96,Chrome,11,WKSTN-U1082
APP015087,2026-06-29 10:20:00,U1036,linda.jones,Excel,2,WKSTN-U1036
APP026261,2026-06-29 10:17:00,U1064,matthew.wright55,Outlook,62,WKSTN-U1064
APP017883,2026-06-29 10:28:00,U1043,thomas.williams91,Workday,25,WKSTN-U1043
APP039374,2026-06-29 11:22:00,U1095,richard.thomas74,Chrome,63,WKSTN-U1095
APP032292,2026-06-29 11:09:00,U1079,emily.jones,Chrome,12,WKSTN-U1079
APP018280,2026-06-29 11:06:00,U1044,lisa.ramirez9,Chrome,60,WKSTN-U1044
APP025479,2026-06-29 11:07:00,U1062,william.martin,Outlook,38,WKSTN-U1062
APP001206,2026-06-29 10:58:00,U1003,kenneth.clark29,QuickBooks,43,WKSTN-U1003
APP026262,2026-06-29 10:54:00,U1064,matthew.wright55,,46,  WKSTN-U1064 
APP018674,2026-06-29 11:10:00,U1045,daniel.sanchez90,Excel,76,WKSTN-U1045
APP002778,2026-06-29 11:19:00,U1007,sarah.robinson82,Chrome,17,WKSTN-U1007
APP018279,2026-06-29 11:02:00,U1044,lisa.ramirez9,Chrome,90,WKSTN-U1044
APP008226,2026-06-29 11:01:00,U1020,andrew.thomas36,Chrome,45,WKSTN-U1020
APP001991,2026-06-29 11:22:00,U1005,,QuickBooks,50,WKSTN-U1005
APP041360,2026-06-29 11:17:00,U1100,daniel.brown38,Excel,46,WKSTN-U1100
APP004290,2026-06-29 11:24:00,U1011,donna.ramirez75,QuickBooks,50,WKSTN-U1011
APP002393,2026-06-29 10:40:00,U1006,george.gonzalez,Outlook,65,WKSTN-U1006
APP038105,2026-06-29 11:15:00,U1092,steven.thomas,Chrome,44,WKSTN-U1092
APP023454,2026-06-29 11:20:00,U1057,nancy.sanchez,  Zoom ,49,WKSTN-U1057
APP025084,2026-06-29 11:00:00,U1061,jessica.rodriguez,Salesforce,62,WKSTN-U1061
APP028291,2026-06-29 11:21:00,U1069,jessica.clark,Outlook,88,WKSTN-U1069
APP029898,2026-06-29 11:14:00,U1073,michael.gonzalez,Word,51,
APP032731,2026-06-29 10:49:00,U1080,joseph.jackson91,Terminal,3,WKSTN-U1080
APP001990,2026-06-29 10:44:00,U1005,robert.robinson,Outlook,41,WKSTN-U1005
APP025876,2026-06-29 11:09:00,U1063,john.nguyen,DocuSign,30,WKSTN-U1063
APP012700,2026-06-29 10:44:00,U1030,betty.rodriguez86,Jenkins,5,WKSTN-U1030
APP031464,2026-06-29 11:18:00,U1077,kimberly.harris58,Outlook,41,WKSTN-U1077
APP021071,2026-06-29 11:13:00,U1051,sandra.king72,Zoom,3,WKSTN-U1051
APP038545,2026-06-29 12:01:00,U1093,sarah.clark44,  Chrome ,33,WKSTN-U1093
APP005945,2026-06-29 12:05:00,U1015,lisa.hernandez,Chrome,58,WKSTN-U1015
APP003141,2026-06-29 11:44:00,U1008,joshua.hernandez,Outlook,46,WKSTN-U1008
APP004289,2026-06-29 11:55:00,U1011,donna.ramirez75,Chrome	,73,WKSTN-U1011
APP025481,2026-06-29 12:03:00,U1062,william.martin,Outlook,70,WKSTN-U1062
APP038975,2026-06-29 11:58:00,U1094,elizabeth.lewis69,Terminal,53,WKSTN-U1094
APP038544,2026-06-29 12:02:00,U1093,sarah.clark44,Slack,3,WKSTN-U1093
APP014695,2026-06-29 11:40:00,U1035,nancy.rodriguez82,Chrome,44,WKSTN-U1035
APP027086,2026-06-29 11:34:00,U1066,michelle.wright62,Word,53,WKSTN-U1066
APP013108,2026-06-29 11:30:00,U1031,john.wright28,,36,
APP030689,2026-06-29 11:33:00,U1075,steven.lewis,,51,WKSTN-U1075
APP037651,2026-06-29 11:38:00,U1091,linda.robinson,Wireshark,49,WKSTN-U1091	
APP022684,2026-06-29 12:00:00,U1055,patricia.wilson54,Excel,41,WKSTN-U1055
APP017882,2026-06-29 11:36:00,U1043,thomas.williams91,Workday,15,WKSTN-U1043
APP004293,2026-06-29 11:59:00,U1011,donna.ramirez75,SAP,79,WKSTN-U1011
APP007348,2026-06-29 11:40:00,U1018,betty.white57,Git,61,WKSTN-U1018
APP035384,2026-06-29 11:45:00,U1086,steven.thompson53,Chrome,53,WKSTN-U1086
APP014694,2026-06-29 11:42:00,U1035,nancy.rodriguez82,Chrome,41,WKSTN-U1035
APP020267,2026-06-29 11:29:00,U1049,michelle.jones59,Salesforce,14,WKSTN-U1049
APP006381,2026-06-29 11:36:00,U1016,patricia.thomas,Chrome,7,WKSTN-U1016
APP011824,2026-06-29 11:32:00,U1028,john.hill,Chrome,36,WKSTN-U1028
APP036305,2026-06-29 11:55:00,U1088,andrew.smith85,Wireshark,88,WKSTN-U1088
APP033608,2026-06-29 11:42:00,U1082,karen.hill96,PuTTY,38,WKSTN-U1082
APP022683,2026-06-29 11:28:00,U1055,patricia.wilson54,Zoom,13,WKSTN-U1055
APP037209,2026-06-29 11:34:00,U1090,mary.hill,Chrome,86,WKSTN-U1090
APP036746,2026-06-29 12:19:00,U1089,paul.brown27,Active Directory Console,8,WKSTN-U1089
APP019095,2026-06-29 12:29:00,U1046,michelle.torres39,,17,WKSTN-U1046
APP006384,2026-06-29 12:24:00,U1016,patricia.thomas,Chrome,,WKSTN-U1016
APP004709,2026-06-29 12:32:00,U1012,linda.martinez,QuickBooks,21,WKSTN-U1012
APP036306,2026-06-29 12:28:00,U1088,andrew.smith85,Slack,84,WKSTN-U1088
APP014302,2026-06-29 12:23:00,U1034,thomas.allen63,Chrome,74,WKSTN-U1034
APP013512,2026-06-29 12:10:00,U1032,paul.wright91,Workday,81,WKSTN-U1032
APP021462,2026-06-29 12:27:00,U1052,paul.taylor,Outlook,31,WKSTN-U1052
APP040958,2026-06-29 12:06:00,U1099,joseph.garcia,Excel,3,WKSTN-U1099	
APP010466,2026-06-29 12:11:00,U1025,betty.brown22,VSCode,90,WKSTN-U1025
APP028288,2026-06-29 12:11:00,U1069,jessica.clark,Chrome,29,WKSTN-U1069
APP009132,2026-06-29 12:24:00,U1022,sandra.brown,Chrome,56,WKSTN-U1022
APP003546,2026-06-29 12:21:00,U1009,daniel.brown,Excel,89,WKSTN-U1009
APP000788,2026-06-29 12:24:00,U1002,donna.ramirez,SAP,39,WKSTN-U1002
APP003543,2026-06-29 12:12:00,U1009,  daniel.brown ,QuickBooks,78,WKSTN-U1009	
APP039372,2026-06-29 12:29:00,U1095,richard.thomas74,Zoom,54,WKSTN-U1095
APP005528,2026-06-29 12:33:00,U1014,james.taylor,SAP,49,WKSTN-U1014
APP001989,2026-06-29 12:13:00,U1005,robert.robinson,Excel,34,WKSTN-U1005
APP028289,2026-06-29 12:08:00,U1069,jessica.clark,Chrome,55,WKSTN-U1069
APP035822,2026-06-29 12:27:00,U1087,charles.sanchez,Active Directory Console,72,WKSTN-U1087
APP029095,2026-06-29 12:30:00,U1071,matthew.robinson35,Word,30,WKSTN-U1071
APP012258,2026-06-29 12:21:00,U1029,michelle.garcia54,VSCode,2,WKSTN-U1029
APP022287,2026-06-29 12:06:00,U1054,anthony.martinez,Salesforce,4,WKSTN-U1054
APP011822,2026-06-29 12:31:00,U1028,john.hill,Docker Desktop,4,WKSTN-U1028	
APP004291,2026-06-29 12:31:00,U1011,donna.ramirez75,SAP,60,  WKSTN-U1011 
APP021463,2026-06-29 13:07:00,U1052,paul.taylor,Zoom,60,WKSTN-U1052
APP002776,2026-06-29 13:06:00,U1007,sarah.robinson82,Outlook,56,WKSTN-U1007
APP027470,2026-06-29 12:58:00,U1067,,Outlook,73,WKSTN-U1067
APP009128,2026-06-29 12:52:00,U1022,sandra.brown,Docker Desktop,64,WKSTN-U1022
APP040195,2026-06-29 12:40:00,U1097,mark.martinez10,Excel,61,WKSTN-U1097
APP037650,2026-06-29 12:41:00,U1091,linda.robinson,PuTTY,27,WKSTN-U1091
APP017082,2026-06-29 12:45:00,U1041,matthew.allen52,Workday,78,
APP010023,2026-06-29 13:04:00,U1024,emily.miller,Chrome,2,WKSTN-U1024
APP000363,2026-06-29 12:56:00,U1001,  linda.johnson95 ,Excel,89,WKSTN-U1001
APP020268,2026-06-29 13:13:00,U1049,michelle.jones59,Outlook,84,WKSTN-U1049
APP037208,2026-06-29 13:02:00,U1090,mary.hill,Wireshark,26,WKSTN-U1090
APP038546,2026-06-29 12:54:00,U1093,sarah.clark44,putty,80,WKSTN-U1093
APP037653,2026-06-29 13:05:00,U1091,,Wireshark,20,WKSTN-U1091
APP029504,2026-06-29 12:50:00,U1072,kenneth.lopez,Word,45,WKSTN-U1072
APP031078,2026-06-29 12:36:00,U1076,john.torres,Chrome,65,WKSTN-U1076
APP039789,2026-06-29 13:14:00,U1096,david.allen76,Outlook,79,WKSTN-U1096
APP030307,2026-06-29 13:04:00,U1074,sarah.williams7,Word,73,WKSTN-U1074
APP021870,2026-06-29 12:46:00,U1053,john.jackson31,Outlook,86,WKSTN-U1053
APP029896,2026-06-29 13:09:00,U1073,michael.gonzalez,Word,33,WKSTN-U1073
APP000790,2026-06-29 12:38:00,U1002,donna.ramirez,SAP,14,WKSTN-U1002
APP011391,2026-06-29 12:41:00,U1027,patricia.brown75,Docker Desktop,75,WKSTN-U1027
APP028694,2026-06-29 12:38:00,U1070,betty.thomas40,Word,63,WKSTN-U1070
APP008675,2026-06-29 12:39:00,U1021,jessica.walker,Slack,81,WKSTN-U1021
APP027471,2026-06-29 13:09:00,U1067,paul.thomas97,Word,24,WKSTN-U1067
APP019880,2026-06-29 12:36:00,U1048,jennifer.thomas87,Salesforce,51,WKSTN-U1048
APP013516,2026-06-29 13:28:00,U1032,paul.wright91,,43,WKSTN-U1032
APP006383,2026-06-29 13:21:00,U1016,patricia.thomas,Jenkins,56,WKSTN-U1016
APP005529,2026-06-29 13:27:00,U1014,james.taylor,QuickBooks,90,WKSTN-U1014
APP016276,2026-06-29 13:47:00,U1039,mark.thomas,Excel,7,
APP012701,2026-06-29 13:24:00,U1030,betty.rodriguez86,Jenkins,30,WKSTN-U1030
APP031467,2026-06-29 13:23:00,U1077,kimberly.harris58,Chrome,57,WKSTN-U1077
APP022290,2026-06-29 13:32:00,U1054,anthony.martinez,Salesforce,5,WKSTN-U1054
APP033605,2026-06-29 13:20:00,U1082,karen.hill96,PuTTY,54,  WKSTN-U1082 
APP021872,2026-06-29 13:35:00,U1053,,Salesforce,57,WKSTN-U1053
APP003544,2026-06-29 13:27:00,U1009,daniel.brown,Excel,80,WKSTN-U1009
APP024272,2026-06-29 13:15:00,U1059,daniel.perez98,Salesforce	,21,WKSTN-U1059
APP001207,2026-06-29 13:17:00,U1003,kenneth.clark29,Outlook,5,WKSTN-U1003
APP031880,2026-06-29 13:39:00,U1078,michelle.miller,Outlook,30,WKSTN-U1078
APP027854,2026-06-29 13:24:00,U1068,susan.thompson34,Outlook,25,WKSTN-U1068
APP026706,2026-06-29 13:47:00,U1065,michael.ramirez47,DocuSign,59,WKSTN-U1065	
APP025482,2026-06-29 13:37:00,U1062,william.martin,Outlook,23,WKSTN-U1062
APP001203,2026-06-29 13:25:00,U1003,kenneth.clark29,,30,WKSTN-U1003
APP006888,2026-06-29 13:16:00,U1017,emily.hernandez34,Jenkins,78,WKSTN-U1017
APP029899,2026-06-29 13:31:00,U1073,MICHAEL.GONZALEZ,Word,72,WKSTN-U1073
APP003140,2026-06-29 13:45:00,U1008,joshua.hernandez,Chrome,84,  WKSTN-U1008 
APP021072,2026-06-29 13:46:00,U1051,sandra.king72,Chrome,15,WKSTN-U1051
APP005147,2026-06-29 13:30:00,U1013,emily.smith,Outlook,13,WKSTN-U1013
APP003914,2026-06-29 13:38:00,U1010,,SAP,79,WKSTN-U1010
APP010910,2026-06-29 13:17:00,U1026,elizabeth.gonzalez,VSCode,68,WKSTN-U1026
APP014303,2026-06-29 13:42:00,U1034,thomas.allen63,Excel,20,WKSTN-U1034
APP016691,2026-06-29 14:07:00,U1040,matthew.martin,Excel,41,WKSTN-U1040
APP006885,2026-06-29 14:30:00,U1017,emily.hernandez34,Git,80,WKSTN-U1017
APP004708,2026-06-29 14:20:00,U1012,,SAP,85,WKSTN-U1012
APP029502,2026-06-29 13:58:00,U1072,kenneth.lopez,Outlook,47,WKSTN-U1072
APP019502,2026-06-29 14:26:00,U1047,  sandra.lewis ,Excel,17,WKSTN-U1047
APP000364,2026-06-29 14:14:00,U1001,linda.johnson95,Outlook,12,WKSTN-U1001
APP007782,2026-06-29 14:11:00,U1019,donna.anderson,Slack,,WKSTN-U1019
APP019096,2026-06-29 14:29:00,U1046,michelle.torres39,Workday,58,WKSTN-U1046
APP002777,2026-06-29 14:25:00,U1007,sarah.robinson82,Outlook,43,WKSTN-U1007
APP023856,2026-06-29 14:19:00,U1058,jennifer.ramirez18,Outlook,44,WKSTN-U1058
APP002392,2026-06-29 14:12:00,U1006,george.gonzalez,Chrome,85,WKSTN-U1006
APP040956,2026-06-29 14:23:00,U1099,joseph.garcia,Excel,57,WKSTN-U1099
APP008224,2026-06-29 13:57:00,U1020,andrew.thomas36,VSCode	,50,WKSTN-U1020
APP005527,2026-06-29 14:16:00,U1014,james.taylor,  Excel ,53,WKSTN-U1014
APP041361,2026-06-29 14:17:00,U1100,daniel.brown38,PowerPoint,41,WKSTN-U1100
APP034510,2026-06-29 14:15:00,U1084,,Wireshark,22,WKSTN-U1084
APP029098,2026-06-29 13:51:00,U1071,matthew.robinson35,DocuSign,4,WKSTN-U1071
APP004711,2026-06-29 14:21:00,U1012,linda.martinez,Outlook,24,WKSTN-U1012
APP027469,2026-06-29 14:27:00,U1067,paul.thomas97,Word,33,WKSTN-U1067
APP029900,2026-06-29 14:00:00,U1073,michael.gonzalez,DocuSign,21,WKSTN-U1073
APP004292,2026-06-29 14:27:00,U1011,donna.ramirez75,Outlook,25,WKSTN-U1011
APP012702,2026-06-29 13:59:00,U1030,betty.rodriguez86,Git,7,WKSTN-U1030
APP023076,2026-06-29 13:51:00,U1056,anthony.clark,Zoom,45,WKSTN-U1056
APP017083,2026-06-29 14:02:00,U1041,matthew.allen52,Workday,15,WKSTN-U1041
APP009129,2026-06-29 14:20:00,U1022,sandra.brown,Docker Desktop,3,WKSTN-U1022
APP019878,2026-06-29 15:07:00,U1048,jennifer.thomas87,Salesforce,74,WKSTN-U1048
APP010908,2026-06-29 14:42:00,U1026,ELIZABETH.GONZALEZ,docker desktop,72,WKSTN-U1026
APP020681,2026-06-29 15:02:00,U1050,michael.ramirez,Salesforce,64,WKSTN-U1050
APP029099,2026-06-29 14:42:00,U1071,matthew.robinson35,Chrome,84,WKSTN-U1071
APP035823,2026-06-29 14:32:00,U1087,charles.sanchez,Terminal,24,WKSTN-U1087
APP022686,2026-06-29 14:39:00,U1055,patricia.wilson54,Chrome,61,WKSTN-U1055
APP036745,2026-06-29 14:54:00,U1089,paul.brown27,Wireshark,44,WKSTN-U1089
APP006889,2026-06-29 14:50:00,U1017,emily.hernandez34,Jenkins,4,WKSTN-U1017
APP005531,2026-06-29 14:48:00,U1014,james.taylor,Chrome,79,WKSTN-U1014
APP015900,2026-06-29 14:30:00,U1038,emily.clark,Outlook,-40.0,WKSTN-U1038	
APP038977,2026-06-29 15:06:00,U1094,elizabeth.lewis69,  Slack ,32,WKSTN-U1094
APP031879,2026-06-29 14:34:00,U1078,michelle.miller,DocuSign,29,WKSTN-U1078
APP034940,2026-06-29 14:32:00,U1085,barbara.walker67,Active Directory Console,85,WKSTN-U1085
APP027850,2026-06-29 14:52:00,U1068,susan.thompson34,Chrome,68,WKSTN-U1068
APP027853,2026-06-29 14:52:00,U1068,susan.thompson34,Outlook,65,WKSTN-U1068
APP039373,2026-06-29 15:04:00,U1095,richard.thomas74,Chrome,80,WKSTN-U1095
APP035821,2026-06-29 14:35:00,U1087,charles.sanchez	,Wireshark,14,WKSTN-U1087
APP034044,2026-06-29 14:42:00,U1083,sarah.allen70,Wireshark,58,WKSTN-U1083
APP039371,2026-06-29 14:33:00,U1095,richard.thomas74,Zoom,84,WKSTN-U1095
APP029503,2026-06-29 14:38:00,U1072,kenneth.lopez,Outlook	,12,WKSTN-U1072
APP034509,2026-06-29 14:31:00,U1084,joshua.taylor,Wireshark,70,WKSTN-U1084
APP034941,2026-06-29 14:34:00,U1085,BARBARA.WALKER67,Wireshark,39,WKSTN-U1085
APP009578,2026-06-29 14:43:00,U1023,,VSCode,38,WKSTN-U1023
APP031878,2026-06-29 15:05:00,U1078,michelle.miller,Word,19,WKSTN-U1078
APP005947,2026-06-29 15:04:00,U1015,,Outlook,70,  WKSTN-U1015 
APP033169,2026-06-29 15:24:00,U1081,margaret.davis,Slack,63,WKSTN-U1081
APP025480,2026-06-29 15:47:00,U1062,william.martin,Chrome,37,WKSTN-U1062
APP035824,2026-06-29 15:10:00,U1087,charles.sanchez,Active Directory Console,49,WKSTN-U1087
APP035386,2026-06-29 15:46:00,U1086,steven.thompson53,Active Directory Console,57,WKSTN-U1086
APP031465,2026-06-29 15:49:00,U1077,KIMBERLY.HARRIS58,Outlook,55,WKSTN-U1077
APP003142,2026-06-29 15:39:00,U1008,joshua.hernandez,Excel,65,WKSTN-U1008
APP023455,2026-06-29 15:15:00,U1057,nancy.sanchez,Chrome,-21.0,WKSTN-U1057
APP023078,2026-06-29 15:12:00,U1056,anthony.clark,Chrome,36,WKSTN-U1056
APP013515,2026-06-29 15:26:00,U1032,paul.wright91,workday,29,WKSTN-U1032
APP035387,2026-06-29 15:35:00,U1086,steven.thompson53,Terminal,57,WKSTN-U1086
APP018281,2026-06-29 15:25:00,U1044,lisa.ramirez9,Workday,88,WKSTN-U1044
APP012257,2026-06-29 15:21:00,U1029,michelle.garcia54,Chrome,72,WKSTN-U1029
APP008674,2026-06-29 15:44:00,U1021,jessica.walker,Chrome,17,WKSTN-U1021
APP032293,2026-06-29 15:35:00,U1079,emily.jones,Chrome,52,WKSTN-U1079
APP010024,2026-06-29 15:31:00,U1024,emily.miller,Docker Desktop,27,WKSTN-U1024
APP031079,2026-06-29 15:13:00,U1076,john.torres,Outlook,44,WKSTN-U1076
APP003547,2026-06-29 15:41:00,U1009,daniel.brown,QuickBooks,71,WKSTN-U1009
APP031466,2026-06-29 15:29:00,U1077,kimberly.harris58,docusign,50,WKSTN-U1077
APP010025,2026-06-29 15:21:00,U1024,emily.miller,Git,36,WKSTN-U1024
APP023075,2026-06-29 15:44:00,U1056,anthony.clark,,17,WKSTN-U1056
APP031077,2026-06-29 15:16:00,U1076,john.torres,Chrome,22,WKSTN-U1076
APP040582,2026-06-29 15:13:00,U1098,nancy.wright49,Chrome,3,WKSTN-U1098
APP000365,2026-06-29 15:50:00,U1001,linda.johnson95,Chrome,39,WKSTN-U1001
APP032733,2026-06-29 15:40:00,U1080,joseph.jackson91,Chrome,17,WKSTN-U1080
APP010021,2026-06-29 15:46:00,U1024,emily.miller,Chrome,83,WKSTN-U1024
APP039790,2026-06-29 16:16:00,U1096,david.allen76,Excel	,21,WKSTN-U1096
APP029897,2026-06-29 16:03:00,U1073,michael.gonzalez,Word,39,  WKSTN-U1073 
APP006887,2026-06-29 15:54:00,U1017,emily.hernandez34,GIT,49,WKSTN-U1017
APP005944,2026-06-29 15:55:00,U1015,lisa.hernandez,SAP,27,WKSTN-U1015
APP040581,2026-06-29 16:24:00,U1098,nancy.wright49,Zoom,,WKSTN-U1098
APP013514,2026-06-29 15:53:00,U1032,paul.wright91,Excel,11,WKSTN-U1032
APP020678,2026-06-29 16:22:00,U1050,michael.ramirez,chrome,90,WKSTN-U1050
APP006380,2026-06-29 16:28:00,U1016,patricia.thomas,Docker Desktop,63000.0,WKSTN-U1016
APP018672,2026-06-29 16:09:00,U1045,daniel.sanchez90,Chrome,55,WKSTN-U1045
APP009577,2026-06-29 16:08:00,U1023,richard.wright,Jenkins,28,
APP030305,2026-06-29 16:19:00,U1074,sarah.williams7,DocuSign,17,WKSTN-U1074
APP018675,2026-06-29 16:24:00,U1045,DANIEL.SANCHEZ90,Chrome,26,WKSTN-U1045
APP012703,2026-06-29 16:30:00,U1030,betty.rodriguez86,Git,78,WKSTN-U1030
APP033166,2026-06-29 15:54:00,U1081,margaret.davis,Slack,13,WKSTN-U1081
APP000789,2026-06-29 15:54:00,U1002,donna.ramirez,Excel,43,
APP000366,2026-06-29 16:03:00,U1001,linda.johnson95,Excel,11,WKSTN-U1001
APP030690,2026-06-29 16:19:00,U1075,steven.lewis,Word,37,WKSTN-U1075
APP021073,2026-06-29 16:00:00,U1051,sandra.king72,Zoom,58,WKSTN-U1051
APP015086,2026-06-29 15:54:00,U1036,linda.jones,Outlook,73,WKSTN-U1036
APP031076,2026-06-29 16:04:00,U1076,john.torres,Outlook,2,WKSTN-U1076
APP041362,2026-06-29 16:30:00,U1100,daniel.brown38,Chrome,81,WKSTN-U1100
APP027852,2026-06-29 16:30:00,U1068,susan.thompson34,Word,87,
APP024273,2026-06-29 16:14:00,U1059,daniel.perez98,Excel,42,WKSTN-U1059
APP016275,2026-06-29 16:05:00,U1039,mark.thomas,Excel,11,WKSTN-U1039
APP002391,2026-06-29 16:18:00,U1006,george.gonzalez,SAP,46,WKSTN-U1006
APP003545,2026-06-29 17:25:00,U1009,daniel.brown,Excel,90,WKSTN-U1009
APP029097,2026-06-29 16:48:00,U1071,matthew.robinson35,Outlook,17,WKSTN-U1071
APP009131,2026-06-29 17:47:00,U1022,sandra.brown,VSCode,90,WKSTN-U1022
APP041359,2026-06-29 17:37:00,U1100,daniel.brown38,PowerPoint,9,WKSTN-U1100
APP007347,2026-06-29 16:37:00,U1018,betty.white57,VSCode,88,WKSTN-U1018
APP003161,2026-06-30 07:21:00,U1008,joshua.hernandez,QuickBooks,33,WKSTN-U1008
APP013126,2026-06-30 07:31:00,U1031,john.wright28,Chrome,71,WKSTN-U1031
APP031876,2026-06-29 16:39:00,U1078,michelle.miller,DocuSign,83,WKSTN-U1078
APP021871,2026-06-29 17:28:00,U1053,john.jackson31,Chrome,80,WKSTN-U1053
APP027851,2026-06-29 16:30:00,U1068,susan.thompson34,Word,45,WKSTN-U1068
APP010044,2026-06-30 07:19:00,U1024,emily.miller,Git,22,WKSTN-U1024
APP021869,2026-06-29 16:37:00,U1053,john.jackson31,Outlook,12,WKSTN-U1053
APP040584,2026-06-29 16:38:00,U1098,nancy.wright49,PowerPoint,43,WKSTN-U1098
APP009130,2026-06-29 17:21:00,U1022,sandra.brown,Jenkins,14,WKSTN-U1022
APP003915,2026-06-29 17:19:00,U1010,susan.young51,Excel,32,WKSTN-U1010
APP009579,2026-06-29 17:19:00,U1023,richard.wright,Docker Desktop,3,WKSTN-U1023
APP023453,2026-06-29 16:36:00,U1057,nancy.sanchez,Outlook,21,WKSTN-U1057
APP001205,2026-06-29 17:12:00,U1003,kenneth.clark29,QUICKBOOKS,52,WKSTN-U1003
APP025497,2026-06-30 07:38:00,U1062,william.martin,Zoom,47,WKSTN-U1062
APP015901,2026-06-29 16:34:00,U1038,emily.clark,Outlook,13,WKSTN-U1038
APP023855,2026-06-29 17:00:00,U1058,jennifer.ramirez18,Salesforce,14,WKSTN-U1058
APP025483,2026-06-29 16:48:00,U1062,william.martin,Outlook,14,WKSTN-U1062
APP031877,2026-06-29 17:44:00,U1078,michelle.miller,DocuSign,-20.0,WKSTN-U1078
APP011392,2026-06-29 16:59:00,U1027,patricia.brown75,Jenkins,26,WKSTN-U1027
APP013513,2026-06-29 18:00:00,U1032,paul.wright91,Chrome,,WKSTN-U1032
APP038995,2026-06-30 08:11:00,U1094,elizabeth.lewis69,Slack,68,WKSTN-U1094
APP025498,2026-06-30 07:51:00,U1062,william.martin,Salesforce,6,WKSTN-U1062
APP038999,2026-06-30 08:00:00,U1094,elizabeth.lewis69,Chrome,29,WKSTN-U1094
APP034961,2026-06-30 08:43:00,U1085,,Active Directory Console,20,WKSTN-U1085
APP027489,2026-06-30 08:34:00,U1067,paul.thomas97,Word	,2,WKSTN-U1067
APP025102,2026-06-30 08:24:00,U1061,jessica.rodriguez,  Excel ,21,WKSTN-U1061
APP003567,2026-06-30 08:16:00,U1009,daniel.brown,Chrome,76,WKSTN-U1009
APP015102,2026-06-30 08:59:00,U1036,linda.jones,,70,WKSTN-U1036	
APP034528,2026-06-30 08:59:00,U1084,joshua.taylor,PuTTY,78,WKSTN-U1084	
APP022700,2026-06-30 08:22:00,U1055,patricia.wilson54,Chrome,25,WKSTN-U1055
APP023875,2026-06-30 08:34:00,U1058,jennifer.ramirez18,Salesforce,23,WKSTN-U1058
APP009598,2026-06-30 08:35:00,U1023,richard.wright,VSCode,81,WKSTN-U1023
APP039394,2026-06-30 08:15:00,U1095,richard.thomas74,Excel,31,WKSTN-U1095
APP011412,2026-06-30 07:53:00,U1027,patricia.brown75,Slack	,83,WKSTN-U1027
APP004310,2026-06-30 07:42:00,U1011,donna.ramirez75,QuickBooks,43,WKSTN-U1011
APP022701,2026-06-30 08:50:00,U1055,patricia.wilson54	,Zoom,31,WKSTN-U1055
APP004307,2026-06-30 08:15:00,U1011,donna.ramirez75,Excel,29,WKSTN-U1011
APP011840,2026-06-30 08:31:00,U1028,john.hill,Docker Desktop,69,WKSTN-U1028
APP011414,2026-06-30 08:25:00,U1027,patricia.brown75,Chrome,18,WKSTN-U1027
APP026281,2026-06-30 08:36:00,U1064,matthew.wright55,Outlook,67,WKSTN-U1064
APP013127,2026-06-30 08:23:00,U1031,john.wright28,Excel,45,WKSTN-U1031
APP027869,2026-06-30 08:17:00,U1068,susan.thompson34,DocuSign,16,WKSTN-U1068
APP034063,2026-06-30 08:55:00,U1083,sarah.allen70,PuTTY,37,WKSTN-U1083
APP021093,2026-06-30 08:54:00,U1051,sandra.king72,zoom,37,WKSTN-U1051	
APP025101,2026-06-30 08:33:00,U1061,jessica.rodriguez,Outlook,46,WKSTN-U1061
APP024287,2026-06-30 09:15:00,U1059,daniel.perez98,Zoom,34,WKSTN-U1059
APP038568,2026-06-30 09:28:00,U1093,sarah.clark44,Active Directory Console,,WKSTN-U1093
APP012720,2026-06-30 09:18:00,U1030,betty.rodriguez86,Docker Desktop,9,  WKSTN-U1030 
APP040971,2026-06-30 09:30:00,U1099,joseph.garcia,Chrome,55,WKSTN-U1099
APP026725,2026-06-30 09:21:00,U1065,michael.ramirez47,DocuSign,29,WKSTN-U1065
APP005165,2026-06-30 09:08:00,U1013,emily.smith,EXCEL,18,WKSTN-U1013
APP031896,2026-06-30 09:25:00,U1078,michelle.miller,Outlook,3,WKSTN-U1078
APP006912,2026-06-30 09:05:00,U1017,emily.hernandez34,Slack,72,WKSTN-U1017
APP027100,2026-06-30 09:16:00,U1066,michelle.wright62,Word,86,WKSTN-U1066
APP002010,2026-06-30 09:10:00,U1005,robert.robinson,Chrome,46,WKSTN-U1005
APP038565,2026-06-30 09:23:00,U1093,sarah.clark44,Terminal,84,WKSTN-U1093
APP032751,2026-06-30 09:28:00,U1080,joseph.jackson91,PuTTY,21,WKSTN-U1080
APP011413,2026-06-30 09:32:00,U1027,patricia.brown75,Git,17,WKSTN-U1027
APP019896,2026-06-30 09:35:00,U1048,jennifer.thomas87,Outlook,43,WKSTN-U1048
APP038124,2026-06-30 09:26:00,U1092,steven.thomas,Slack,21,WKSTN-U1092
APP034963,2026-06-30 09:26:00,U1085,barbara.walker67,PuTTY,53,WKSTN-U1085
APP027866,2026-06-30 09:05:00,U1068,susan.thompson34,Chrome,67,WKSTN-U1068
APP025100,2026-06-30 09:11:00,U1061,jessica.rodriguez,Chrome,26,WKSTN-U1061
APP019113,2026-06-30 09:21:00,U1046,michelle.torres39,Outlook,79,WKSTN-U1046
APP026726,2026-06-30 09:14:00,U1065,michael.ramirez47,Chrome,11,WKSTN-U1065
APP003931,2026-06-30 09:31:00,U1010,susan.young51,Outlook,,
APP022699,2026-06-30 09:31:00,U1055,patricia.wilson54,Zoom,10,WKSTN-U1055
APP014712,2026-06-30 09:10:00,U1035,nancy.rodriguez82,Workday,40,WKSTN-U1035
APP003159,2026-06-30 09:20:00,U1008,joshua.hernandez,Excel,58,WKSTN-U1008
APP005553,2026-06-30 09:30:00,U1014,james.taylor,QuickBooks,84,WKSTN-U1014
APP024288,2026-06-30 10:00:00,U1059,daniel.perez98,Chrome,68,WKSTN-U1059
APP018297,2026-06-30 09:50:00,U1044,lisa.ramirez9,Chrome,78,WKSTN-U1044
APP032314,2026-06-30 09:49:00,U1079,emily.jones,Slack,21,WKSTN-U1079
APP009153,2026-06-30 09:49:00,U1022,sandra.brown	,Chrome,17,WKSTN-U1022
APP007807,2026-06-30 09:48:00,U1019,donna.anderson,  Git ,76,WKSTN-U1019
APP010043,2026-06-30 10:02:00,U1024,emily.miller,Slack,30,WKSTN-U1024
APP026280,2026-06-30 09:46:00,U1064,matthew.wright55,DocuSign,77,WKSTN-U1064
APP029917,2026-06-30 09:59:00,U1073,michael.gonzalez,Outlook,18,WKSTN-U1073
APP028712,2026-06-30 09:40:00,U1070,betty.thomas40,Word,38,WKSTN-U1070
APP010490,2026-06-30 09:56:00,U1025,betty.brown22,,41,WKSTN-U1025
APP003932,2026-06-30 09:47:00,U1010,susan.young51,Excel,29,WKSTN-U1010
APP037673,2026-06-30 10:00:00,U1091,linda.robinson,Terminal,4,WKSTN-U1091
APP036322,2026-06-30 10:00:00,U1088,andrew.smith85,Terminal,85,WKSTN-U1088
APP004727,2026-06-30 09:58:00,U1012,linda.martinez	,,,WKSTN-U1012
APP008249,2026-06-30 09:51:00,U1020,andrew.thomas36,Chrome,69,WKSTN-U1020
APP009151,2026-06-30 09:42:00,U1022,sandra.brown,Jenkins,47,WKSTN-U1022
APP038127,2026-06-30 09:48:00,U1092,steven.thomas,Chrome,68,WKSTN-U1092
APP030707,2026-06-30 09:49:00,U1075,steven.lewis,Word,50,WKSTN-U1075
APP013535,2026-06-30 10:01:00,U1032,  paul.wright91 ,Excel,14,WKSTN-U1032	
APP014710,2026-06-30 09:35:00,U1035,nancy.rodriguez82,Outlook,20,WKSTN-U1035	
APP020697,2026-06-30 09:37:00,U1050,michael.ramirez,Chrome,90,WKSTN-U1050
APP034962,2026-06-30 09:56:00,U1085,,PuTTY,15,  WKSTN-U1085 
APP035406,2026-06-30 09:58:00,U1086,steven.thompson53,,47,WKSTN-U1086
APP037231,2026-06-30 09:54:00,U1090,mary.hill,Slack,40,WKSTN-U1090
APP003934,2026-06-30 09:35:00,U1010,SUSAN.YOUNG51,SAP,32,WKSTN-U1010
APP000387,2026-06-30 10:17:00,U1001,linda.johnson95,QuickBooks,52,WKSTN-U1001
APP028309,2026-06-30 10:18:00,U1069,jessica.clark,Outlook,33,WKSTN-U1069
APP004309,2026-06-30 10:14:00,U1011,donna.ramirez75,Excel,33,WKSTN-U1011
APP025891,2026-06-30 10:07:00,U1063,john.nguyen,DocuSign,90,WKSTN-U1063
APP032750,2026-06-30 10:37:00,U1080,joseph.jackson91,PuTTY,84,WKSTN-U1080	
APP003568,2026-06-30 10:47:00,U1009,daniel.brown,Excel,23,WKSTN-U1009
APP026722,2026-06-30 10:12:00,U1065,michael.ramirez47,CHROME,73,WKSTN-U1065	
APP007806,2026-06-30 10:15:00,U1019,donna.anderson,  Git ,6,WKSTN-U1019
APP027867,2026-06-30 10:40:00,U1068,susan.thompson34,WORD,4,WKSTN-U1068
APP035849,2026-06-30 10:11:00,U1087,charles.sanchez,Active Directory Console,17,WKSTN-U1087
APP010931,2026-06-30 10:20:00,U1026,elizabeth.gonzalez,Jenkins,56,WKSTN-U1026
APP019114,2026-06-30 10:49:00,U1046,michelle.torres39,Workday,4,WKSTN-U1046
APP019522,2026-06-30 10:42:00,U1047,sandra.lewis,Salesforce,19,WKSTN-U1047
APP001616,2026-06-30 10:28:00,U1004,elizabeth.wilson98,QuickBooks,5,WKSTN-U1004
APP017505,2026-06-30 10:24:00,U1042,michael.hill56,Chrome	,,WKSTN-U1042
APP021479,2026-06-30 10:47:00,U1052,paul.taylor,Salesforce,12,WKSTN-U1052
APP023476,2026-06-30 10:16:00,U1057,nancy.sanchez,Zoom,69,WKSTN-U1057
APP022307,2026-06-30 10:08:00,U1054,anthony.martinez,Chrome,55,WKSTN-U1054
APP039804,2026-06-30 10:24:00,U1096,david.allen76,EXCEL,10,WKSTN-U1096
APP005163,2026-06-30 10:06:00,U1013,emily.smith,Excel,55,WKSTN-U1013
APP000388,2026-06-30 10:11:00,U1001,linda.johnson95,SAP,74,WKSTN-U1001
APP028311,2026-06-30 10:34:00,U1069,jessica.clark,Chrome,66,WKSTN-U1069
APP031488,2026-06-30 10:31:00,U1077,kimberly.harris58,Word,46,WKSTN-U1077
APP028711,2026-06-30 10:33:00,U1070,betty.thomas40,DocuSign,78,WKSTN-U1070
APP015517,2026-06-30 10:25:00,U1037,,Excel,74,WKSTN-U1037
APP018699,2026-06-30 11:14:00,U1045,daniel.sanchez90,Workday	,6,WKSTN-U1045
APP027486,2026-06-30 11:03:00,U1067,paul.thomas97,Outlook,31,WKSTN-U1067
APP004729,2026-06-30 11:04:00,U1012,linda.martinez,Outlook,64,WKSTN-U1012
APP029116,2026-06-30 11:03:00,U1071,matthew.robinson35,Outlook,61,WKSTN-U1071
APP037675,2026-06-30 10:57:00,U1091,linda.robinson,Wireshark,44,WKSTN-U1091
APP011842,2026-06-30 10:51:00,U1028,  john.hill ,chrome,16,WKSTN-U1028
APP019519,2026-06-30 11:02:00,U1047,sandra.lewis,Zoom,8,WKSTN-U1047
APP033183,2026-06-30 11:09:00,U1081,margaret.davis,Slack,88,WKSTN-U1081
APP034065,2026-06-30 11:07:00,U1083,sarah.allen70,Active Directory Console,60,WKSTN-U1083
APP019895,2026-06-30 11:16:00,U1048,jennifer.thomas87,Zoom,81,WKSTN-U1048
APP006409,2026-06-30 10:51:00,U1016,patricia.thomas,Docker Desktop,80,WKSTN-U1016
APP018698,2026-06-30 11:00:00,U1045,daniel.sanchez90,Outlook,70,WKSTN-U1045
APP023874,2026-06-30 11:19:00,U1058,jennifer.ramirez18,Chrome,56,WKSTN-U1058
APP009150,2026-06-30 11:05:00,U1022,sandra.brown,Git,33,WKSTN-U1022
APP037233,2026-06-30 11:10:00,U1090,mary.hill,Active Directory Console,32,WKSTN-U1090
APP035848,2026-06-30 11:14:00,U1087,charles.sanchez,Terminal,70,WKSTN-U1087
APP020696,2026-06-30 10:54:00,U1050,michael.ramirez,Outlook,36,WKSTN-U1050
APP031092,2026-06-30 10:53:00,U1076,john.torres,DocuSign,41,WKSTN-U1076
APP023474,2026-06-30 11:07:00,U1057,nancy.sanchez,Outlook,40,WKSTN-U1057
APP027487,2026-06-30 11:03:00,U1067,paul.thomas97,Chrome,28,WKSTN-U1067
APP025890,2026-06-30 11:21:00,U1063,  john.nguyen ,DocuSign,27,WKSTN-U1063
APP000808,2026-06-30 10:53:00,U1002,donna.ramirez,SAP,2,WKSTN-U1002
APP003930,2026-06-30 11:15:00,U1010,susan.young51,SAP,77,WKSTN-U1010
APP040596,2026-06-30 10:56:00,U1098,nancy.wright49,PowerPoint,35,WKSTN-U1098
APP021092,2026-06-30 11:16:00,U1051,sandra.king72,Zoom,43,WKSTN-U1051
APP004308,2026-06-30 11:23:00,U1011,donna.ramirez75,Outlook,2,WKSTN-U1011	
APP017503,2026-06-30 11:49:00,U1042,michael.hill56,Excel,31,WKSTN-U1042
APP016289,2026-06-30 12:07:00,U1039,mark.thomas,Excel,60,WKSTN-U1039
APP040209,2026-06-30 12:11:00,U1097,mark.martinez10,Zoom,48,WKSTN-U1097
APP040210,2026-06-30 11:28:00,U1097,mark.martinez10,Outlook,89,WKSTN-U1097
APP001222,2026-06-30 11:21:00,U1003,kenneth.clark29,Excel,76,WKSTN-U1003
APP006410,2026-06-30 11:27:00,U1016,patricia.thomas,Jenkins,53,WKSTN-U1016
APP040972,2026-06-30 11:26:00,U1099,joseph.garcia,Excel,23,WKSTN-U1099
APP032748,2026-06-30 12:06:00,U1080,joseph.jackson91,Slack,90,WKSTN-U1080
APP032749,2026-06-30 11:48:00,U1080,joseph.jackson91,Terminal,80,WKSTN-U1080
APP004311,2026-06-30 12:04:00,U1011,donna.ramirez75,Chrome,14,WKSTN-U1011
APP031897,2026-06-30 11:45:00,U1078,michelle.miller,Word,75,WKSTN-U1078
APP010488,2026-06-30 11:44:00,U1025,betty.brown22,Chrome,8,WKSTN-U1025
APP010045,2026-06-30 11:23:00,U1024,emily.miller,GIT,,WKSTN-U1024
APP027868,2026-06-30 12:06:00,U1068,susan.thompson34,Word,41,WKSTN-U1068
APP005162,2026-06-30 11:32:00,U1013,emily.smith,Chrome,4,WKSTN-U1013
APP007365,2026-06-30 12:11:00,U1018,betty.white57,Jenkins,60,WKSTN-U1018
APP021090,2026-06-30 12:03:00,U1051,sandra.king72,Zoom,13,WKSTN-U1051
APP037229,2026-06-30 11:48:00,U1090,mary.hill,Chrome,53,WKSTN-U1090
APP016290,2026-06-30 12:00:00,U1039,mark.thomas,Chrome,53,WKSTN-U1039
APP033184,2026-06-30 11:46:00,U1081,margaret.davis,Active Directory Console,37,WKSTN-U1081
APP006408,2026-06-30 11:48:00,U1016,patricia.thomas,VSCode,50,WKSTN-U1016
APP007366,2026-06-30 11:58:00,U1018,betty.white57,VSCode,84,WKSTN-U1018
APP020282,2026-06-30 11:41:00,U1049,michelle.jones59,Excel,76,WKSTN-U1049
APP040208,2026-06-30 11:57:00,U1097,mark.martinez10,Outlook,26,WKSTN-U1097
APP017101,2026-06-30 12:32:00,U1041,matthew.allen52,,72,WKSTN-U1041
APP031489,2026-06-30 12:41:00,U1077,kimberly.harris58,DocuSign,67,WKSTN-U1077
APP038569,2026-06-30 12:14:00,U1093,sarah.clark44,Chrome,78,WKSTN-U1093
APP010933,2026-06-30 12:29:00,U1026,elizabeth.gonzalez,Git,29,WKSTN-U1026
APP005965,2026-06-30 12:13:00,U1015,LISA.HERNANDEZ,QuickBooks,51,WKSTN-U1015
APP001220,2026-06-30 12:17:00,U1003,kenneth.clark29,Outlook,84,  WKSTN-U1003 
APP026282,2026-06-30 12:14:00,U1064,matthew.wright55,Outlook,71,WKSTN-U1064
APP030706,2026-06-30 12:22:00,U1075,steven.lewis,Chrome,72,WKSTN-U1075
APP029521,2026-06-30 12:14:00,U1072,kenneth.lopez,DocuSign,17,WKSTN-U1072
APP026279,2026-06-30 12:30:00,U1064,matthew.wright55,Word,76,WKSTN-U1064
APP021091,2026-06-30 12:18:00,U1051,sandra.king72,Salesforce,30,WKSTN-U1051
APP031487,2026-06-30 12:24:00,U1077,kimberly.harris58,Chrome,89,WKSTN-U1077
APP024672,2026-06-30 12:30:00,U1060,matthew.anderson,Excel,12,WKSTN-U1060
APP015515,2026-06-30 12:29:00,U1037,robert.martin,Excel,87,WKSTN-U1037
APP035408,2026-06-30 12:21:00,U1086,steven.thompson53,Chrome,76,WKSTN-U1086
APP024674,2026-06-30 12:18:00,U1060,matthew.anderson,Chrome,81,WKSTN-U1060
APP014321,2026-06-30 12:13:00,U1034,thomas.allen63,Workday,86,WKSTN-U1034
APP017903,2026-06-30 12:26:00,U1043,thomas.williams91,Outlook,2,
APP022308,2026-06-30 12:43:00,U1054,anthony.martinez,Outlook,29,WKSTN-U1054
APP035409,2026-06-30 12:22:00,U1086,steven.thompson53,Chrome,86,WKSTN-U1086
APP041377,2026-06-30 12:18:00,U1100,daniel.brown38,Chrome,27,WKSTN-U1100
APP006407,2026-06-30 12:41:00,U1016,patricia.thomas,,82,WKSTN-U1016
APP030322,2026-06-30 12:22:00,U1074,sarah.williams7,DocuSign,29,WKSTN-U1074
APP015513,2026-06-30 12:25:00,U1037,robert.martin,Workday,45,WKSTN-U1037
APP038566,2026-06-30 12:31:00,U1093,sarah.clark44,Wireshark,51,WKSTN-U1093
APP029916,2026-06-30 13:11:00,U1073,michael.gonzalez,Word,22,WKSTN-U1073
APP039806,2026-06-30 13:08:00,U1096,david.allen76,Outlook,22,WKSTN-U1096
APP003160,2026-06-30 12:46:00,U1008,joshua.hernandez,Excel,20,WKSTN-U1008
APP033626,2026-06-30 12:53:00,U1082,karen.hill96,PuTTY,74,WKSTN-U1082
APP026723,2026-06-30 13:06:00,U1065,michael.ramirez47,Chrome,90,WKSTN-U1065
APP006913,2026-06-30 13:13:00,U1017,  emily.hernandez34 ,Jenkins,45,WKSTN-U1017
APP027102,2026-06-30 12:50:00,U1066,  michelle.wright62 ,Chrome,56,WKSTN-U1066
APP041380,2026-06-30 12:45:00,U1100,daniel.brown38,Zoom,56,WKSTN-U1100
APP016708,2026-06-30 12:48:00,U1040,,Workday,32,WKSTN-U1040
APP036324,2026-06-30 13:04:00,U1088,andrew.smith85,Wireshark,29,WKSTN-U1088
APP008248,2026-06-30 12:57:00,U1020,andrew.thomas36,,58,WKSTN-U1020
APP038998,2026-06-30 13:12:00,U1094,elizabeth.lewis69,chrome,45,WKSTN-U1094
APP034530,2026-06-30 13:15:00,U1084,joshua.taylor,Terminal,70,WKSTN-U1084
APP017100,2026-06-30 13:04:00,U1041,matthew.allen52,Outlook,4,WKSTN-U1041
APP001614,2026-06-30 13:13:00,U1004,elizabeth.wilson98,SAP,33,WKSTN-U1004
APP023096,2026-06-30 13:07:00,U1056,anthony.clark,Excel,,WKSTN-U1056
APP027490,2026-06-30 12:44:00,U1067,paul.thomas97,Word,35,WKSTN-U1067
APP027865,2026-06-30 13:00:00,U1068,susan.thompson34,Chrome,90,WKSTN-U1068
APP029915,2026-06-30 13:20:00,U1073,michael.gonzalez,Chrome,7,WKSTN-U1073
APP024673,2026-06-30 12:46:00,U1060,matthew.anderson,Excel,74,WKSTN-U1060
APP039808,2026-06-30 13:11:00,U1096,,PowerPoint,,WKSTN-U1096
APP036323,2026-06-30 13:06:00,U1088,andrew.smith85,Terminal,83,WKSTN-U1088
APP005967,2026-06-30 12:59:00,U1015,lisa.hernandez,Excel,17,WKSTN-U1015
APP026724,2026-06-30 13:06:00,U1065,michael.ramirez47,Chrome,38,WKSTN-U1065
APP029523,2026-06-30 12:55:00,U1072,kenneth.lopez,Outlook,76,WKSTN-U1072
APP000385,2026-06-30 13:21:00,U1001,linda.johnson95,Outlook,75,WKSTN-U1001
APP017102,2026-06-30 13:30:00,U1041,matthew.allen52,Chrome,72,WKSTN-U1041
APP036761,2026-06-30 13:32:00,U1089,paul.brown27,Slack,N/A,WKSTN-U1089
APP033625,2026-06-30 13:35:00,U1082,karen.hill96,,5,WKSTN-U1082
APP016711,2026-06-30 13:43:00,U1040,matthew.martin,Chrome,83,WKSTN-U1040
APP038996,2026-06-30 13:41:00,U1094,elizabeth.lewis69,PuTTY,79,WKSTN-U1094
APP010487,2026-06-30 13:26:00,U1025,betty.brown22,Docker Desktop,8,WKSTN-U1025
APP022310,2026-06-30 13:47:00,U1054,anthony.martinez,Salesforce,16,WKSTN-U1054
APP029918,2026-06-30 13:53:00,U1073,,Chrome,85,WKSTN-U1073
APP004725,2026-06-30 13:36:00,U1012,linda.martinez,Chrome,74,WKSTN-U1012
APP015514,2026-06-30 13:50:00,U1037,ROBERT.MARTIN,Chrome,59,WKSTN-U1037
APP019112,2026-06-30 13:40:00,U1046,michelle.torres39,Chrome,5,WKSTN-U1046
APP022702,2026-06-30 13:57:00,U1055,patricia.wilson54,Chrome,43,WKSTN-U1055
APP034964,2026-06-30 13:27:00,U1085,barbara.walker67,PuTTY,83,WKSTN-U1085
APP027488,2026-06-30 13:57:00,U1067,paul.thomas97,Chrome,17,WKSTN-U1067
APP036760,2026-06-30 13:35:00,U1089,paul.brown27,Wireshark,73,WKSTN-U1089
APP008696,2026-06-30 13:22:00,U1021,jessica.walker,VSCode,38,WKSTN-U1021	
APP023095,2026-06-30 13:26:00,U1056,anthony.clark,  Chrome ,50000.0,WKSTN-U1056
APP013128,2026-06-30 13:50:00,U1031,john.wright28,Workday,24,WKSTN-U1031
APP006911,2026-06-30 13:31:00,U1017,emily.hernandez34,git,90,WKSTN-U1017
APP009599,2026-06-30 13:25:00,U1023,richard.wright,VSCode,48,  WKSTN-U1023 
APP005164,2026-06-30 13:48:00,U1013,emily.smith,QuickBooks,42,WKSTN-U1013
APP003933,2026-06-30 13:30:00,U1010,susan.young51,Chrome,66,WKSTN-U1010
APP000386,2026-06-30 13:45:00,U1001,linda.johnson95,Excel,43,WKSTN-U1001
APP004728,2026-06-30 13:42:00,U1012,linda.martinez,Excel,11,  WKSTN-U1012 
APP038567,2026-06-30 13:57:00,U1093,sarah.clark44,Wireshark,22,WKSTN-U1093
APP035850,2026-06-30 14:02:00,U1087,charles.sanchez,Chrome,89,  WKSTN-U1087 
APP039391,2026-06-30 13:59:00,U1095,,Excel,80,WKSTN-U1095
APP027101,2026-06-30 14:19:00,U1066,michelle.wright62,Outlook,70,WKSTN-U1066
APP012277,2026-06-30 14:16:00,U1029,michelle.garcia54,VSCode,8,WKSTN-U1029
APP016710,2026-06-30 14:03:00,U1040,matthew.martin,Excel,-12.0,WKSTN-U1040
APP014713,2026-06-30 14:01:00,U1035,nancy.rodriguez82,Workday,24,  WKSTN-U1035 
APP012719,2026-06-30 14:09:00,U1030,betty.rodriguez86,Slack,41,WKSTN-U1030
APP020280,2026-06-30 14:25:00,U1049,michelle.jones59,Zoom,19,WKSTN-U1049
APP034529,2026-06-30 14:10:00,U1084,joshua.taylor,PuTTY,67,WKSTN-U1084
APP012276,2026-06-30 14:20:00,U1029,  michelle.garcia54 ,Jenkins,46,WKSTN-U1029
APP028310,2026-06-30 14:05:00,U1069,jessica.clark,Outlook,7,WKSTN-U1069
APP029914,2026-06-30 14:01:00,U1073,michael.gonzalez,DocuSign	,61,WKSTN-U1073
APP013534,2026-06-30 14:26:00,U1032,paul.wright91,Outlook,80,WKSTN-U1032
APP025889,2026-06-30 14:01:00,U1063,john.nguyen,Word,66,WKSTN-U1063
APP037232,2026-06-30 14:19:00,U1090,mary.hill,Slack,53,WKSTN-U1090
APP021892,2026-06-30 14:25:00,U1053,john.jackson31,Outlook,67,WKSTN-U1053
APP012278,2026-06-30 14:17:00,U1029,michelle.garcia54,Git,31,WKSTN-U1029
APP015103,2026-06-30 14:14:00,U1036,linda.jones,Outlook,24,WKSTN-U1036
APP040970,2026-06-30 14:26:00,U1099,joseph.garcia,PowerPoint,67,WKSTN-U1099
APP013924,2026-06-30 14:21:00,U1033,linda.miller,Chrome,75,WKSTN-U1033
APP023475,2026-06-30 14:20:00,U1057,nancy.sanchez,Salesforce,39,WKSTN-U1057
APP027103,2026-06-30 14:03:00,U1066,michelle.wright62,  DocuSign ,53,WKSTN-U1066
APP041379,2026-06-30 14:17:00,U1100,daniel.brown38,Chrome,73,WKSTN-U1100
APP039392,2026-06-30 14:28:00,U1095,richard.thomas74,Excel,30,WKSTN-U1095
APP036762,2026-06-30 15:01:00,U1089,paul.brown27,Slack,38,WKSTN-U1089
APP007803,2026-06-30 14:49:00,U1019,donna.anderson,Slack,5,WKSTN-U1019
APP031091,2026-06-30 15:11:00,U1076,john.torres,Word,75,WKSTN-U1076
APP002793,2026-06-30 14:45:00,U1007,sarah.robinson82,SAP,75,WKSTN-U1007
APP021889,2026-06-30 14:41:00,U1053,john.jackson31,Salesforce,90,WKSTN-U1053
APP002009,2026-06-30 14:30:00,U1005,robert.robinson,Outlook,13,WKSTN-U1005
APP001224,2026-06-30 15:08:00,U1003,kenneth.clark29,Excel,59,WKSTN-U1003
APP002408,2026-06-30 14:32:00,U1006,george.gonzalez,QuickBooks,79,WKSTN-U1006
APP005557,2026-06-30 15:10:00,U1014,JAMES.TAYLOR,Outlook	,5,WKSTN-U1014
APP004726,2026-06-30 15:11:00,U1012,linda.martinez,Outlook,53,WKSTN-U1012
APP029115,2026-06-30 15:06:00,U1071,matthew.robinson35,DocuSign,53,WKSTN-U1071
APP001221,2026-06-30 15:08:00,U1003,kenneth.clark29,SAP,13,WKSTN-U1003
APP039390,2026-06-30 14:53:00,U1095,richard.thomas74,Chrome,45,WKSTN-U1095
APP000809,2026-06-30 14:43:00,U1002,donna.ramirez,Chrome,52,WKSTN-U1002
APP019521,2026-06-30 14:57:00,U1047,sandra.lewis,Salesforce,52,WKSTN-U1047
APP021890,2026-06-30 14:30:00,U1053,JOHN.JACKSON31,Zoom,62,WKSTN-U1053
APP002012,2026-06-30 14:38:00,U1005,robert.robinson,Excel	,52,WKSTN-U1005
APP031486,2026-06-30 15:03:00,U1077,kimberly.harris58,Chrome,49,WKSTN-U1077
APP009152,2026-06-30 14:52:00,U1022,  sandra.brown ,Slack,49,WKSTN-U1022
APP040598,2026-06-30 14:46:00,U1098,nancy.wright49,PowerPoint,19,WKSTN-U1098
APP018296,2026-06-30 14:40:00,U1044,lisa.ramirez9,Outlook,23,WKSTN-U1044
APP002011,2026-06-30 15:11:00,U1005,robert.robinson,Excel,36,WKSTN-U1005
APP038128,2026-06-30 15:05:00,U1092,steven.thomas,Active Directory Console,32,WKSTN-U1092
APP038126,2026-06-30 14:58:00,U1092,steven.thomas,Terminal,4,WKSTN-U1092
APP005161,2026-06-30 15:08:00,U1013,EMILY.SMITH,Outlook,25,WKSTN-U1013
APP040599,2026-06-30 15:37:00,U1098,nancy.wright49,PowerPoint,53,WKSTN-U1098
APP009597,2026-06-30 15:35:00,U1023,richard.wright,Slack,70,WKSTN-U1023
APP011841,2026-06-30 15:13:00,U1028,john.hill,Docker Desktop,31,WKSTN-U1028
APP017902,2026-06-30 15:46:00,U1043,thomas.williams91,Excel,24,WKSTN-U1043
APP000384,2026-06-30 15:20:00,U1001,linda.johnson95,QuickBooks,39,WKSTN-U1001
APP030321,2026-06-30 15:22:00,U1074,sarah.williams7,Outlook,13,WKSTN-U1074
APP039393,2026-06-30 15:14:00,U1095,richard.thomas74,Zoom,64,WKSTN-U1095
APP038997,2026-06-30 15:14:00,U1094,elizabeth.lewis69,PuTTY,57,WKSTN-U1094
APP029522,2026-06-30 15:47:00,U1072,kenneth.lopez	,Outlook,28,WKSTN-U1072
APP005555,2026-06-30 15:31:00,U1014,james.taylor,SAP,71,WKSTN-U1014
APP015516,2026-06-30 15:30:00,U1037,robert.martin,Chrome,12,WKSTN-U1037
APP035407,2026-06-30 15:46:00,U1086,steven.thompson53,PuTTY,36,WKSTN-U1086
APP031485,2026-06-30 15:40:00,U1077,kimberly.harris58,Chrome,4,WKSTN-U1077
APP006914,2026-06-30 15:33:00,U1017,emily.hernandez34,Chrome,81,WKSTN-U1017
APP017502,2026-06-30 15:46:00,U1042,michael.hill56,,22,WKSTN-U1042
APP037674,2026-06-30 15:45:00,U1091,linda.robinson,Chrome,2,WKSTN-U1091
APP002792,2026-06-30 15:21:00,U1007,sarah.robinson82,QuickBooks,37,WKSTN-U1007
APP037230,2026-06-30 15:13:00,U1090,mary.hill,Slack,58,WKSTN-U1090
APP024675,2026-06-30 15:16:00,U1060,matthew.anderson,Outlook,42,WKSTN-U1060
APP006406,2026-06-30 15:43:00,U1016,patricia.thomas,VSCode,88,WKSTN-U1016
APP020281,2026-06-30 15:48:00,U1049,michelle.jones59,Salesforce,84,WKSTN-U1049
APP003566,2026-06-30 15:15:00,U1009,daniel.brown,Excel,21,WKSTN-U1009
APP017099,2026-06-30 15:45:00,U1041,matthew.allen52,Chrome,7,WKSTN-U1041
APP013925,2026-06-30 15:16:00,U1033,linda.miller,Outlook,69,WKSTN-U1033
APP010489,2026-06-30 15:13:00,U1025,betty.brown22,Chrome,63,WKSTN-U1025
APP010935,2026-06-30 16:20:00,U1026,elizabeth.gonzalez,VSCode,50,WKSTN-U1026
APP035847,2026-06-30 16:23:00,U1087,charles.sanchez,Chrome,11,WKSTN-U1087	
APP010934,2026-06-30 16:05:00,U1026,elizabeth.gonzalez,VSCode,59,WKSTN-U1026
APP015918,2026-06-30 16:21:00,U1038,EMILY.CLARK,Excel,9,WKSTN-U1038
APP001615,2026-06-30 16:13:00,U1004,elizabeth.wilson98,Outlook,88,WKSTN-U1004
APP038125,2026-06-30 16:12:00,U1092,,Wireshark,20,WKSTN-U1092
APP008246,2026-06-30 16:36:00,U1020,andrew.thomas36,Chrome,82,WKSTN-U1020
APP021478,2026-06-30 16:20:00,U1052,,Salesforce,34,WKSTN-U1052
APP005554,2026-06-30 16:18:00,U1014,james.taylor,Chrome,56,WKSTN-U1014
APP030708,2026-06-30 16:18:00,U1075,,Outlook,59,
APP034064,2026-06-30 16:37:00,U1083,sarah.allen70,Chrome,59,WKSTN-U1083
APP021893,2026-06-30 16:12:00,U1053,john.jackson31,Excel,76,WKSTN-U1053
APP022309,2026-06-30 15:59:00,U1054,anthony.martinez,Outlook,42,WKSTN-U1054
APP010932,2026-06-30 16:19:00,U1026,,Jenkins,14,WKSTN-U1026
APP040597,2026-06-30 16:31:00,U1098,nancy.wright49,Zoom,87,WKSTN-U1098
APP008250,2026-06-30 15:50:00,U1020,andrew.thomas36,Docker Desktop,84,WKSTN-U1020
APP032315,2026-06-30 16:01:00,U1079,emily.jones,PuTTY	,79,WKSTN-U1079
APP017504,2026-06-30 16:01:00,U1042,michael.hill56,Chrome,25,WKSTN-U1042
APP005556,2026-06-30 16:22:00,U1014,james.taylor,Outlook,89,WKSTN-U1014	
APP008697,2026-06-30 16:37:00,U1021,jessica.walker,Jenkins,48,WKSTN-U1021
APP017904,2026-06-30 16:09:00,U1043,thomas.williams91,Workday,76,WKSTN-U1043
APP021891,2026-06-30 16:05:00,U1053,john.jackson31,Chrome,71,WKSTN-U1053
APP003565,2026-06-30 16:00:00,U1009,daniel.brown,Chrome,47,WKSTN-U1009
APP021094,2026-06-30 16:40:00,U1051,sandra.king72,Chrome,,WKSTN-U1051
APP014711,2026-06-30 16:34:00,U1035,nancy.rodriguez82,Chrome,12,WKSTN-U1035
APP037672,2026-06-30 16:57:00,U1091,linda.robinson,Active Directory Console,83,WKSTN-U1091
APP039805,2026-06-30 16:46:00,U1096,david.allen76,Zoom,83,  WKSTN-U1096 
APP005966,2026-06-30 16:53:00,U1015,lisa.hernandez,Outlook,34,WKSTN-U1015
APP012279,2026-06-30 17:06:00,U1029,MICHELLE.GARCIA54,Git,48,WKSTN-U1029
APP040211,2026-06-30 17:05:00,U1097,mark.martinez10,Outlook,39,WKSTN-U1097
APP013537,2026-06-30 17:32:00,U1032,paul.wright91,Workday,71,WKSTN-U1032
APP016709,2026-06-30 16:43:00,U1040,matthew.martin,Chrome,81,
APP015919,2026-06-30 17:16:00,U1038,emily.clark,Outlook,18,WKSTN-U1038
APP030709,2026-06-30 17:01:00,U1075,steven.lewis,DocuSign,60,
APP031093,2026-06-30 16:51:00,U1076,john.torres,Word,78,WKSTN-U1076
APP008247,2026-06-30 16:52:00,U1020,andrew.thomas36,VSCode,36,WKSTN-U1020
APP013538,2026-06-30 17:25:00,U1032,paul.wright91,Workday,50,WKSTN-U1032
APP017901,2026-06-30 16:53:00,U1043,thomas.williams91,Chrome,55,WKSTN-U1043
APP000807,2026-06-30 17:17:00,U1002,donna.ramirez,Chrome,20,WKSTN-U1002
APP013536,2026-06-30 16:52:00,U1032,paul.wright91,Workday,17,WKSTN-U1032
APP041378,2026-06-30 17:18:00,U1100,daniel.brown38,PowerPoint,22,WKSTN-U1100
APP040212,2026-06-30 17:21:00,U1097,mark.martinez10,Excel,62,WKSTN-U1097
APP002409,2026-06-30 17:49:00,U1006,george.gonzalez,SAP,75,
APP007804,2026-06-30 17:09:00,U1019,donna.anderson,Docker Desktop,10,WKSTN-U1019
APP014322,2026-06-30 17:00:00,U1034,thomas.allen63,Excel,76,  WKSTN-U1034 
APP039807,2026-06-30 16:55:00,U1096,david.allen76,Chrome,,
APP019520,2026-06-30 16:44:00,U1047,SANDRA.LEWIS,Salesforce,30,WKSTN-U1047
APP019897,2026-06-30 17:06:00,U1048,jennifer.thomas87,Excel,65,WKSTN-U1048
APP001223,2026-06-30 17:12:00,U1003,kenneth.clark29,SAP,20,WKSTN-U1003
APP007805,2026-06-30 17:29:00,U1019,donna.anderson,Jenkins,88,WKSTN-U1019
APP034332,2026-06-17 14:07:00,U1084,joshua.taylor,Active Directory Console,84,WKSTN-U1084
APP010535,2026-06-02 11:23:00,U1026,elizabeth.gonzalez,Jenkins,46,WKSTN-U1026
APP034961,2026-06-30 08:43:00,U1085,barbara.walker67,Active Directory Console,20,WKSTN-U1085
APP000959,2026-06-10 13:25:00,U1003,kenneth.clark29,Outlook,19,WKSTN-U1003
APP014939,2026-06-17 12:49:00,U1036,linda.jones,Excel,51,WKSTN-U1036
APP037464,2026-06-16 14:24:00,U1091,linda.robinson,Terminal,47,WKSTN-U1091
APP040567,2026-06-26 15:34:00,U1098,nancy.wright49,Outlook,85,WKSTN-U1098
APP009218,2026-06-03 13:28:00,U1023,richard.wright,Jenkins,89,WKSTN-U1023
APP023190,2026-06-05 08:05:00,U1057,nancy.sanchez,Salesforce,87,WKSTN-U1057
APP027196,2026-06-05 12:28:00,U1067,paul.thomas97,Word,50,WKSTN-U1067
APP021159,2026-06-04 09:36:00,U1052,paul.taylor,Outlook,27,WKSTN-U1052
APP003526,2026-06-26 14:43:00,U1009,daniel.brown,QuickBooks	,54,WKSTN-U1009
APP036396,2026-06-04 16:55:00,U1089,paul.brown27,Terminal,80,  WKSTN-U1089 
APP018207,2026-06-23 08:47:00,U1044,lisa.ramirez9,WORKDAY,40,WKSTN-U1044
APP009868,2026-06-17 14:57:00,U1024,  emily.miller ,Chrome,24,WKSTN-U1024
APP007116,2026-06-15 09:47:00,U1018,betty.white57,Jenkins,27,WKSTN-U1018
APP013991,2026-06-04 14:14:00,U1034,thomas.allen63,Chrome,14,WKSTN-U1034
APP008652,2026-06-26 09:11:00,U1021,jessica.walker	,,5,WKSTN-U1021
APP038545,2026-06-29 12:01:00,U1093,sarah.clark44,Chrome,33,WKSTN-U1093
APP000806,2026-06-30 18:00:00,U1002,donna.ramirez,SAP,72,WKSTN-U1002
APP031838,2026-06-25 15:50:00,U1078,michelle.miller,Outlook,20,WKSTN-U1078
APP022092,2026-06-15 16:20:00,U1054,anthony.martinez,Zoom,89,WKSTN-U1054
APP015803,2026-06-22 11:05:00,U1038,emily.clark,Outlook,17,WKSTN-U1038
APP007807,2026-06-30 09:48:00,U1019,donna.anderson,Git,76,WKSTN-U1019
APP005529,2026-06-29 13:27:00,U1014,james.taylor	,QuickBooks,90,WKSTN-U1014
APP007636,2026-06-18 10:14:00,U1019,donna.anderson,Chrome,42,WKSTN-U1019
APP039682,2026-06-19 13:46:00,U1096,david.allen76,Zoom,39,WKSTN-U1096
APP004310,2026-06-30 07:42:00,U1011,donna.ramirez75,,43,WKSTN-U1011
APP029718,2026-06-16 11:42:00,U1073,michael.gonzalez,Word,44,WKSTN-U1073
APP000788,2026-06-29 12:24:00,U1002,donna.ramirez,,39,WKSTN-U1002
APP010088,2026-06-02 15:27:00,U1025,betty.brown22,Git,89,WKSTN-U1025
APP005778,2026-06-16 11:28:00,U1015,lisa.hernandez,  Excel ,28,WKSTN-U1015
APP014321,2026-06-30 12:13:00,U1034,thomas.allen63,Workday,86,WKSTN-U1034
APP007466,2026-06-05 13:41:00,U1019,donna.anderson,Chrome,63,WKSTN-U1019
APP037779,2026-06-05 15:29:00,U1092,steven.thomas,Slack,,WKSTN-U1092
APP024672,2026-06-30 12:30:00,U1060,matthew.anderson,Excel,12,WKSTN-U1060
APP037413,2026-06-11 09:20:00,U1091,linda.robinson,,25,WKSTN-U1091
APP004187,2026-06-19 13:48:00,U1011,donna.ramirez75	,Excel,8,WKSTN-U1011
APP025084,2026-06-29 11:00:00,U1061,jessica.rodriguez,Salesforce,62,WKSTN-U1061	
APP015719,2026-06-15 16:01:00,U1038,emily.clark,Chrome,41,WKSTN-U1038
APP039974,2026-06-11 15:46:00,U1097,mark.martinez10,Zoom,74,WKSTN-U1097
APP006025,2026-06-03 08:48:00,U1016,patricia.thomas,Jenkins,13,WKSTN-U1016
APP020372,2026-06-05 15:40:00,U1050,michael.ramirez,Salesforce,89,WKSTN-U1050
APP040753,2026-06-11 07:36:00,U1099,joseph.garcia,Chrome,7,WKSTN-U1099
APP037650,2026-06-29 12:41:00,U1091,linda.robinson,PuTTY,27,WKSTN-U1091
APP005352,2026-06-15 16:37:00,U1014,james.taylor,Outlook,,WKSTN-U1014
APP011484,2026-06-03 18:06:00,U1028,john.hill,Docker Desktop,75,WKSTN-U1028
APP027333,2026-06-17 13:46:00,U1067,paul.thomas97,Outlook,47,WKSTN-U1067
APP007181,2026-06-18 14:09:00,U1018,betty.white57,VSCode,17,WKSTN-U1018
APP030424,2026-06-08 15:16:00,U1075,steven.lewis,DOCUSIGN,47,WKSTN-U1075
APP010931,2026-06-30 10:20:00,U1026,elizabeth.gonzalez,Jenkins,56,WKSTN-U1026
APP018949,2026-06-17 15:53:00,U1046,michelle.torres39,Workday,24,WKSTN-U1046
APP038568,2026-06-30 09:28:00,U1093,sarah.clark44,,35,WKSTN-U1093
APP016902,2026-06-15 15:02:00,U1041,matthew.allen52,Outlook,85,WKSTN-U1041
APP003090,2026-06-24 11:00:00,U1008,joshua.hernandez,SAP,37,WKSTN-U1008
APP029324,2026-06-15 12:28:00,U1072,KENNETH.LOPEZ,Word,9,WKSTN-U1072
APP003756,2026-06-15 14:58:00,U1010,susan.young51,QuickBooks,-54.0,WKSTN-U1010
APP001414,2026-06-15 15:48:00,U1004,elizabeth.wilson98,SAP,87,WKSTN-U1004
APP017325,2026-06-16 15:20:00,U1042,michael.hill56,Workday,15,WKSTN-U1042
APP006360,2026-06-26 15:16:00,U1016,patricia.thomas,Jenkins,50,WKSTN-U1016
APP010215,2026-06-10 16:02:00,U1025,betty.brown22,Slack,60,WKSTN-U1025
APP023112,2026-06-01 13:33:00,U1057,nancy.sanchez,Chrome,50,WKSTN-U1057
APP033900,2026-06-18 11:29:00,U1083,sarah.allen70,Active Directory Console,2,WKSTN-U1083	
APP040387,2026-06-12 15:54:00,U1098,nancy.wright49,Chrome,55,WKSTN-U1098
APP013802,2026-06-19 15:17:00,U1033,linda.miller,Workday,63,WKSTN-U1033
APP023403,2026-06-24 15:50:00,U1057,nancy.sanchez,Chrome,38,WKSTN-U1057
APP029397,2026-06-19 09:30:00,U1072,kenneth.lopez,  Outlook ,80,WKSTN-U1072
APP022838,2026-06-10 10:59:00,U1056,anthony.clark,Chrome,58,  WKSTN-U1056 
APP017788,2026-06-22 16:13:00,U1043,thomas.williams91,Chrome,86,WKSTN-U1043
APP035199,2026-06-15 12:56:00,U1086,steven.thompson53,Wireshark,30,WKSTN-U1086
APP029011,2026-06-22 12:45:00,U1071,matthew.robinson35,Outlook,74,WKSTN-U1071
APP029152,2026-06-02 15:22:00,U1072,kenneth.lopez,Outlook,67,WKSTN-U1072
APP024646,2026-06-26 12:43:00,U1060,matthew.anderson,Salesforce,21,WKSTN-U1060
APP022780,2026-06-05 10:40:00,U1056,anthony.clark,SALESFORCE,41,WKSTN-U1056
APP018279,2026-06-29 11:02:00,U1044,lisa.ramirez9,Chrome,90000.0,WKSTN-U1044
APP026445,2026-06-11 07:28:00,U1065,michael.ramirez47,Word,59,WKSTN-U1065
APP040145,2026-06-24 07:26:00,U1097,mark.martinez10,outlook	,46,WKSTN-U1097
APP032315,2026-06-30 16:01:00,U1079,emily.jones,PuTTY,79,WKSTN-U1079
APP022528,2026-06-16 15:35:00,U1055,patricia.wilson54,Outlook,74,WKSTN-U1055
APP021619,2026-06-10 15:42:00,U1053,john.jackson31,Zoom,74,WKSTN-U1053
APP007597,2026-06-16 08:52:00,U1019,donna.anderson,VSCode,35,WKSTN-U1019
APP022764,2026-06-04 15:53:00,U1056,anthony.clark,Zoom,36,WKSTN-U1056
APP019045,2026-06-24 13:04:00,U1046,michelle.torres39,Chrome,10,WKSTN-U1046
APP031880,2026-06-29 13:39:00,U1078,michelle.miller,Outlook,30,WKSTN-U1078
APP022492,2026-06-12 12:00:00,U1055,patricia.wilson54,Salesforce,27,WKSTN-U1055
APP008930,2026-06-15 09:25:00,U1022,sandra.brown,chrome,36,WKSTN-U1022
APP001315,2026-06-05 17:23:00,U1004,elizabeth.wilson98,QuickBooks,14,WKSTN-U1004
APP016963,2026-06-19 16:37:00,U1041,matthew.allen52,Excel,24,WKSTN-U1041
APP013262,2026-06-09 13:36:00,U1032,paul.wright91,Outlook,28,WKSTN-U1032
APP031448,2026-06-26 10:38:00,U1077,kimberly.harris58,Outlook,N/A,WKSTN-U1077
APP033756,2026-06-09 09:41:00,U1083,sarah.allen70,Slack,5,WKSTN-U1083
APP010721,2026-06-15 12:02:00,U1026,elizabeth.gonzalez,Git,80,WKSTN-U1026
