event_id,timestamp,user_id,username,command,device,privilege_used
CMD038593,2026-06-01 07:46:00,U1094,elizabeth.lewis69,cd project/,WKSTN-U1094,USER
CMD025524,2026-06-01 10:27:00,U1063,john.nguyen	,git pull	,WKSTN-U1063,USER
CMD020308,2026-06-01 09:54:00,U1050,michael.ramirez,cd project/,WKSTN-U1050,USER
CMD038594,2026-06-01 09:54:00,U1094,elizabeth.lewis69,top,WKSTN-U1094,USER
CMD006436,2026-06-01 10:17:00,U1017,emily.hernandez34,cat readme.txt,WKSTN-U1017,USER
CMD005987,2026-06-01 08:48:00,U1016,patricia.thomas,clear,WKSTN-U1016,USER
CMD036783,2026-06-01 08:48:00,U1090,,top,WKSTN-U1090,USER
CMD035434,2026-06-01 08:56:00,U1087,charles.sanchez,top,WKSTN-U1087,USER
CMD037260,2026-06-01 08:40:00,U1091,linda.robinson,ping 10.0.0.5,WKSTN-U1091,USER
CMD026306,2026-06-01 09:50:00,U1065,michael.ramirez47,top,WKSTN-U1065,USER
CMD034555,2026-06-01 10:00:00,U1085,  barbara.walker67 ,dir,WKSTN-U1085,USER
CMD009628,2026-06-01 09:49:00,U1024,emily.miller,top,WKSTN-U1024,USER
CMD033209,2026-06-01 09:40:00,U1082,karen.hill96,cd project/,WKSTN-U1082,USER
CMD038596,2026-06-01 08:49:00,U1094,elizabeth.lewis69,whoami,WKSTN-U1094,USER
CMD039418,2026-06-01 09:18:00,U1096,david.allen76,git pull,WKSTN-U1096,USER
CMD008277,2026-06-01 10:21:00,U1021,jessica.walker,systeminfo,WKSTN-U1021,USER
CMD005190,2026-06-01 08:41:00,U1014,james.taylor,ls -la,WKSTN-U1014,USER
CMD010519,2026-06-01 10:07:00,U1026,elizabeth.gonzalez,clear,WKSTN-U1026,USER
CMD036785,2026-06-01 09:44:00,U1090,mary.hill,top,WKSTN-U1090,USER
CMD026750,2026-06-01 10:17:00,U1066,michelle.wright62,systeminfo,WKSTN-U1066,USER
CMD010518,2026-06-01 10:09:00,U1026,elizabeth.gonzalez,git pull,WKSTN-U1026,USER
CMD035435,2026-06-01 10:24:00,U1087,charles.sanchez,dir,WKSTN-U1087,USER
CMD034989,2026-06-01 09:18:00,U1086,steven.thompson53,top,WKSTN-U1086,USER
CMD035436,2026-06-01 09:15:00,U1087,charles.sanchez,git status,WKSTN-U1087,USER
CMD039417,2026-06-01 10:27:00,U1096,david.allen76,cd project/,WKSTN-U1096,
CMD023893,2026-06-01 11:46:00,U1059,daniel.perez98,whoami,WKSTN-U1059,USER
CMD020310,2026-06-01 11:35:00,U1050,michael.ramirez,top,WKSTN-U1050,USER
CMD039415,2026-06-01 11:33:00,U1096,david.allen76,cd project/,WKSTN-U1096,USER
CMD034554,2026-06-01 11:46:00,U1085,barbara.walker67,clear,WKSTN-U1085,USER
CMD019917,2026-06-01 12:18:00,U1049,michelle.jones59,whoami,  WKSTN-U1049 ,USER
CMD020309,2026-06-01 11:55:00,U1050,michael.ramirez,git status,WKSTN-U1050,USER
CMD003596,2026-06-01 11:55:00,U1010,susan.young51,git status,WKSTN-U1010,USER
CMD026748,2026-06-01 11:18:00,U1066,michelle.wright62,whoami,WKSTN-U1066,USER
CMD035880,2026-06-01 11:02:00,U1088,andrew.smith85,top,WKSTN-U1088,USER
CMD036350,2026-06-01 10:38:00,U1089,paul.brown27,clear,WKSTN-U1089,
CMD010966,2026-06-01 10:34:00,U1027,patricia.brown75,top,WKSTN-U1027,USER
CMD034086,2026-06-01 10:40:00,U1084,joshua.taylor	,clear,WKSTN-U1084,USER
CMD010074,2026-06-01 10:37:00,U1025,betty.brown22,git status,WKSTN-U1025,USER
CMD006933,2026-06-01 11:36:00,U1018,betty.white57,ls -la,WKSTN-U1018,USER
CMD020307,2026-06-01 11:39:00,U1050,michael.ramirez,ping 10.0.0.5	,WKSTN-U1050,USER
CMD009181,2026-06-01 11:51:00,U1023,richard.wright,ls -la,WKSTN-U1023,
CMD032339,2026-06-01 12:13:00,U1080,joseph.jackson91,systeminfo,WKSTN-U1080,USER
CMD017534,2026-06-01 10:45:00,U1043,thomas.williams91,,WKSTN-U1043,USER
CMD020720,2026-06-01 10:39:00,U1051,sandra.king72,git pull,WKSTN-U1051,USER
CMD033651,2026-06-01 11:16:00,U1083,sarah.allen70,ipconfig,WKSTN-U1083,USER
CMD036349,2026-06-01 10:28:00,U1089,,clear,WKSTN-U1089,USER
CMD025525,2026-06-01 12:03:00,U1063,john.nguyen,clear,WKSTN-U1063,USER
CMD017532,2026-06-01 11:48:00,U1043,thomas.williams91,systeminfo,WKSTN-U1043,
CMD000829,2026-06-01 10:53:00,U1003,kenneth.clark29,ping 10.0.0.5,WKSTN-U1003,USER
CMD025523,2026-06-01 10:47:00,U1063,john.nguyen	,ls -la,WKSTN-U1063,user
CMD032340,2026-06-01 13:15:00,U1080,joseph.jackson91,  ping 10.0.0.5 ,WKSTN-U1080,USER
CMD011441,2026-06-01 12:35:00,U1028,john.hill,systeminfo,WKSTN-U1028,USER
CMD003595,2026-06-01 13:16:00,U1010,susan.young51,git status	,WKSTN-U1010,USER
CMD036352,2026-06-01 13:11:00,U1089,paul.brown27,git status,WKSTN-U1089,USER
CMD008276,2026-06-01 13:15:00,U1021,jessica.walker,systeminfo,WKSTN-U1021,USER
CMD026747,2026-06-01 13:21:00,U1066,michelle.wright62,ipconfig,WKSTN-U1066,USER
CMD010965,2026-06-01 12:40:00,U1027,patricia.brown75,ping 10.0.0.5,WKSTN-U1027,USER
CMD010072,2026-06-01 13:12:00,U1025,betty.brown22,systeminfo,WKSTN-U1025,USER
CMD031920,2026-06-01 12:22:00,U1079,emily.jones,ipconfig,WKSTN-U1079,USER
CMD025522,2026-06-01 12:22:00,U1063,john.nguyen,dir,WKSTN-U1063,USER
CMD032777,2026-06-01 12:31:00,U1081,margaret.davis,df -h,WKSTN-U1081,USER
CMD006934,2026-06-01 12:55:00,U1018,betty.white57,top,WKSTN-U1018,USER
CMD008724,2026-06-01 13:28:00,U1022,sandra.brown,systeminfo,WKSTN-U1022,USER
CMD006935,2026-06-01 13:37:00,U1018,betty.white57,cd project/,WKSTN-U1018,USER
CMD033207,2026-06-01 12:32:00,U1082,karen.hill96,ipconfig,WKSTN-U1082,
CMD034087,2026-06-01 12:20:00,U1084,joshua.taylor,git status,WKSTN-U1084,USER
CMD034990,2026-06-01 13:28:00,U1086,steven.thompson53,dir,WKSTN-U1086,USER
CMD026304,2026-06-01 12:25:00,U1065,michael.ramirez47,ipconfig,WKSTN-U1065,USER
CMD012302,2026-06-01 13:06:00,U1030,BETTY.RODRIGUEZ86,dir,WKSTN-U1030,USER
CMD036786,2026-06-01 13:32:00,U1090,mary.hill,whoami,WKSTN-U1090,USER
CMD037705,2026-06-01 12:22:00,U1092,steven.thomas,git pull,WKSTN-U1092,USER
CMD036784,2026-06-01 13:09:00,U1090,,whoami	,WKSTN-U1090,USER
CMD017533,2026-06-01 12:24:00,U1043,thomas.williams91,dir,WKSTN-U1043,USER
CMD007829,2026-06-01 13:11:00,U1020,andrew.thomas36,df -h,WKSTN-U1020,USER
CMD009179,2026-06-01 12:33:00,U1023,richard.wright,git pull,WKSTN-U1023,USER
CMD037258,2026-06-01 14:30:00,U1091,LINDA.ROBINSON,dir,WKSTN-U1091,USER
CMD010964,2026-06-01 14:52:00,U1027,patricia.brown75,whoami,WKSTN-U1027,USER
CMD010521,2026-06-01 13:44:00,U1026,elizabeth.gonzalez,cat readme.txt,WKSTN-U1026,USER
CMD019918,2026-06-01 14:08:00,U1049,  michelle.jones59 ,ls -la,WKSTN-U1049,USER
CMD007828,2026-06-01 14:40:00,U1020,andrew.thomas36,ls -la,,USER
CMD033208,2026-06-01 14:48:00,U1082,karen.hill96,whoami,WKSTN-U1082,USER
CMD034088,2026-06-01 14:30:00,U1084,joshua.taylor,ping 10.0.0.5,WKSTN-U1084,USER
CMD032779,2026-06-01 14:20:00,U1081,margaret.davis,clear,WKSTN-U1081,USER
CMD009180,2026-06-01 14:32:00,U1023,RICHARD.WRIGHT,ping 10.0.0.5,WKSTN-U1023,USER
CMD037259,2026-06-01 14:48:00,U1091,linda.robinson,git status,WKSTN-U1091,USER
CMD005582,2026-06-01 14:26:00,U1015,lisa.hernandez,git status,WKSTN-U1015,USER
CMD010520,2026-06-01 14:33:00,U1026,elizabeth.gonzalez,systeminfo,WKSTN-U1026,USER
CMD005986,2026-06-01 14:35:00,U1016,patricia.thomas,ls -la,WKSTN-U1016,user
CMD038153,2026-06-01 14:56:00,U1093,sarah.clark44,ls -la,WKSTN-U1093,USER
CMD005581,2026-06-01 13:47:00,U1015,lisa.hernandez,whoami,WKSTN-U1015,USER
CMD035879,2026-06-01 14:40:00,U1088,andrew.smith85,ls -la,WKSTN-U1088,USER
CMD009630,2026-06-01 13:37:00,U1024,emily.miller,systeminfo,WKSTN-U1024,USER
CMD002037,2026-06-01 14:21:00,U1006,george.gonzalez,ping 10.0.0.5,WKSTN-U1006,USER
CMD032338,2026-06-01 14:40:00,U1080,joseph.jackson91,top,WKSTN-U1080,USER
CMD038595,2026-06-01 15:01:00,U1094,elizabeth.lewis69,cat readme.txt,WKSTN-U1094,USER
CMD035878,2026-06-01 14:32:00,U1088,andrew.smith85,systeminfo,WKSTN-U1088,USER
CMD031919,2026-06-01 13:54:00,U1079,emily.jones,git pull,WKSTN-U1079,USER
CMD039416,2026-06-01 14:22:00,U1096,david.allen76,ls -la,WKSTN-U1096,USER
CMD007827,2026-06-01 14:39:00,U1020,andrew.thomas36,whoami,WKSTN-U1020,USER
CMD026749,2026-06-01 15:05:00,U1066,michelle.wright62,dir,WKSTN-U1066,USER
CMD011442,2026-06-01 16:43:00,U1028,john.hill,ipconfig,WKSTN-U1028,USER
CMD006435,2026-06-01 15:43:00,U1017,emily.hernandez34,ipconfig,WKSTN-U1017,USER
CMD023892,2026-06-01 16:10:00,U1059,daniel.perez98,whoami,WKSTN-U1059,USER
CMD031918,2026-06-01 16:08:00,U1079,emily.jones,cd project/,WKSTN-U1079,USER
CMD002035,2026-06-01 15:32:00,U1006,george.gonzalez,ls -la,WKSTN-U1006,USER
CMD005580,2026-06-01 16:21:00,U1015,lisa.hernandez,clear,WKSTN-U1015	,USER
CMD034085,2026-06-01 15:36:00,U1084,joshua.taylor,clear,WKSTN-U1084,
CMD002036,2026-06-01 16:21:00,U1006,george.gonzalez,clear,WKSTN-U1006,USER
CMD031921,2026-06-01 16:03:00,U1079,emily.jones,cd project/,WKSTN-U1079,USER
CMD009629,2026-06-01 16:30:00,U1024,  emily.miller ,git status,WKSTN-U1024,USER
CMD037257,2026-06-01 15:20:00,U1091,linda.robinson,  systeminfo ,WKSTN-U1091,USER
CMD012301,2026-06-01 15:43:00,U1030,betty.rodriguez86,clear,WKSTN-U1030,USER
CMD003597,2026-06-01 16:44:00,U1010,susan.young51,df -h,WKSTN-U1010,USER
CMD011867,2026-06-01 16:05:00,U1029,michelle.garcia54,dir,WKSTN-U1029,USER
CMD019916,2026-06-01 16:08:00,U1049,michelle.jones59,ping 10.0.0.5,WKSTN-U1049,USER
CMD032778,2026-06-01 17:01:00,U1081,margaret.davis,cd project/,WKSTN-U1081,USER
CMD036351,2026-06-01 16:44:00,U1089,paul.brown27,git pull,WKSTN-U1089,USER
CMD023894,2026-06-01 15:50:00,U1059,daniel.perez98,cd project/,WKSTN-U1059,USER
CMD009631,2026-06-01 15:48:00,U1024,emily.miller,git pull,WKSTN-U1024,USER
CMD026307,2026-06-01 15:10:00,U1065,michael.ramirez47,cd project/,WKSTN-U1065	,USER
CMD033652,2026-06-01 15:10:00,U1083,sarah.allen70,dir,WKSTN-U1083,USER
CMD007830,2026-06-01 15:13:00,U1020,ANDREW.THOMAS36,cat readme.txt,WKSTN-U1020,USER
CMD007389,2026-06-01 16:06:00,U1019,donna.anderson,systeminfo,WKSTN-U1019,
CMD026305,2026-06-01 15:30:00,U1065,michael.ramirez47,  whoami ,WKSTN-U1065,USER
CMD005189,2026-06-01 15:09:00,U1014,james.taylor,git pull,WKSTN-U1014,USER
CMD035457,2026-06-02 09:37:00,U1087,charles.sanchez,git pull,WKSTN-U1087,USER
CMD035459,2026-06-02 08:53:00,U1087,charles.sanchez,git pull,WKSTN-U1087,USER
CMD010094,2026-06-02 08:48:00,U1025,betty.brown22,cat readme.txt,WKSTN-U1025,USER
CMD011885,2026-06-02 07:53:00,U1029,michelle.garcia54,whoami,WKSTN-U1029,USER
CMD031942,2026-06-02 09:48:00,U1079,emily.jones,ls -la,WKSTN-U1079,USER
CMD011465,2026-06-02 09:41:00,U1028,john.hill,ipconfig,WKSTN-U1028,USER
CMD010096,2026-06-02 09:59:00,U1025,betty.brown22,git pull,WKSTN-U1025,USER
CMD001656,2026-06-02 10:01:00,U1005,robert.robinson,cd project/,WKSTN-U1005,USER
CMD016753,2026-06-02 09:03:00,U1041,matthew.allen52,git pull,WKSTN-U1041,USER
CMD006460,2026-06-02 08:56:00,U1017,emily.hernandez34,git status,WKSTN-U1017,USER
CMD011883,2026-06-02 10:19:00,U1029,michelle.garcia54,clear,WKSTN-U1029,USER
CMD025135,2026-06-02 10:12:00,U1062,william.martin,ls -la,WKSTN-U1062,USER
CMD000038,2026-06-02 08:26:00,U1001,linda.johnson95,dir,WKSTN-U1001,USER
CMD034105,2026-06-02 08:30:00,U1084,JOSHUA.TAYLOR,top,WKSTN-U1084,USER
CMD010073,2026-06-01 17:07:00,U1025,betty.brown22,df -h,WKSTN-U1025,USER
CMD010988,2026-06-02 09:45:00,U1027,patricia.brown75,ipconfig,WKSTN-U1027,USER
CMD035008,2026-06-02 08:35:00,U1086,STEVEN.THOMPSON53,ls -la,WKSTN-U1086,USER
CMD007849,2026-06-02 10:33:00,U1020,andrew.thomas36,,WKSTN-U1020,USER
CMD000036,2026-06-02 09:17:00,U1001,linda.johnson95,cd project/,WKSTN-U1001,USER
CMD008747,2026-06-02 09:57:00,U1022,sandra.brown,ipconfig,WKSTN-U1022,USER
CMD038169,2026-06-02 09:21:00,U1093,sarah.clark44,git status,  WKSTN-U1093 ,USER
CMD011467,2026-06-02 08:12:00,U1028,john.hill,dir,WKSTN-U1028,USER
CMD036805,2026-06-02 10:32:00,U1090,mary.hill,ping 10.0.0.5,WKSTN-U1090,USER
CMD007405,2026-06-02 10:25:00,U1019,donna.anderson,ls -la,WKSTN-U1019,USER
CMD032356,2026-06-02 09:22:00,U1080,joseph.jackson91,dir,WKSTN-U1080,USER
CMD023134,2026-06-02 10:39:00,U1057,nancy.sanchez,df -h,WKSTN-U1057,USER
CMD009653,2026-06-02 11:40:00,U1024,emily.miller,cat readme.txt,WKSTN-U1024,USER
CMD011884,2026-06-02 11:17:00,U1029,michelle.garcia54,cat readme.txt,WKSTN-U1029,USER
CMD009651,2026-06-02 10:54:00,U1024,emily.miller,,WKSTN-U1024,USER
CMD008744,2026-06-02 10:38:00,U1022,sandra.brown,git pull,WKSTN-U1022,USER
CMD031940,2026-06-02 11:56:00,U1079,emily.jones,df -h,WKSTN-U1079,USER
CMD010986,2026-06-02 10:45:00,U1027,patricia.brown75,dir,WKSTN-U1027,USER
CMD008745,2026-06-02 10:56:00,U1022,sandra.brown,,WKSTN-U1022,USER
CMD031941,2026-06-02 11:23:00,U1079,emily.jones,whoami,WKSTN-U1079,USER
CMD009650,2026-06-02 10:48:00,U1024,emily.miller,git pull,WKSTN-U1024,USER
CMD034104,2026-06-02 10:52:00,U1084,joshua.taylor,ls -la,WKSTN-U1084,USER
CMD032357,2026-06-02 11:33:00,U1080,joseph.jackson91,cat readme.txt,WKSTN-U1080,USER
CMD035901,2026-06-02 11:22:00,U1088,andrew.smith85,systeminfo,WKSTN-U1088,USER
CMD033229,2026-06-02 11:53:00,U1082,karen.hill96	,ipconfig,  WKSTN-U1082 ,USER
CMD037279,2026-06-02 11:14:00,U1091,linda.robinson,top,WKSTN-U1091,USER
CMD011886,2026-06-02 10:46:00,U1029,michelle.garcia54,systeminfo,WKSTN-U1029,USER
CMD038619,2026-06-02 10:59:00,U1094,elizabeth.lewis69,  ls -la ,WKSTN-U1094,USER
CMD010093,2026-06-02 11:42:00,U1025,betty.brown22,top,WKSTN-U1025,USER
CMD032798,2026-06-02 10:36:00,U1081,margaret.davis,df -h,WKSTN-U1081,USER
CMD033675,2026-06-02 12:00:00,U1083,sarah.allen70,dir,,USER
CMD007404,2026-06-02 10:42:00,U1019,donna.anderson,df -h,WKSTN-U1019,USER
CMD013581,2026-06-02 11:08:00,U1033,linda.miller,df -h,WKSTN-U1033,USER
CMD038618,2026-06-02 11:06:00,U1094,elizabeth.lewis69,clear,WKSTN-U1094,USER
CMD001657,2026-06-02 11:15:00,U1005,robert.robinson,git status,WKSTN-U1005,USER
CMD006009,2026-06-02 10:55:00,U1016,patricia.thomas	,ipconfig,WKSTN-U1016,USER
CMD025137,2026-06-02 13:07:00,U1062,william.martin,ls -la,WKSTN-U1062,USER
CMD034106,2026-06-02 12:28:00,U1084,joshua.taylor,dir,WKSTN-U1084,USER
CMD038616,2026-06-02 12:09:00,U1094,elizabeth.lewis69,df -h,WKSTN-U1094,USER
CMD009652,2026-06-02 13:10:00,U1024,emily.miller,ls -la,WKSTN-U1024,USER
CMD035458,2026-06-02 12:38:00,U1087,charles.sanchez	,cd project/,,USER
CMD012319,2026-06-02 13:38:00,U1030,betty.rodriguez86,cat readme.txt,WKSTN-U1030,USER
CMD032800,2026-06-02 13:10:00,U1081,margaret.davis,ping 10.0.0.5,WKSTN-U1081,USER
CMD009201,2026-06-02 13:45:00,U1023,,cat readme.txt,WKSTN-U1023,USER
CMD023135,2026-06-02 13:33:00,U1057,nancy.sanchez,top,WKSTN-U1057,USER
CMD038171,2026-06-02 13:48:00,U1093,sarah.clark44,cat readme.txt,WKSTN-U1093,USER
CMD038617,2026-06-02 12:45:00,U1094,elizabeth.lewis69,df -h,WKSTN-U1094,USER
CMD035460,2026-06-02 12:10:00,U1087,charles.sanchez,systeminfo,WKSTN-U1087,USER
CMD010095,2026-06-02 12:36:00,U1025,betty.brown22,ping 10.0.0.5,WKSTN-U1025,USER
CMD033228,2026-06-02 12:38:00,U1082,karen.hill96,git status,WKSTN-U1082,USER
CMD034578,2026-06-02 12:17:00,U1085,barbara.walker67,cd project/,WKSTN-U1085,USER
CMD023136,2026-06-02 12:58:00,U1057,nancy.sanchez,systeminfo,WKSTN-U1057,USER
CMD037280,2026-06-02 12:11:00,U1091,linda.robinson,top,WKSTN-U1091,USER
CMD008296,2026-06-02 12:14:00,U1021,jessica.walker,clear,WKSTN-U1021,USER
CMD034107,2026-06-02 12:06:00,U1084,joshua.taylor,whoami,WKSTN-U1084,USER
CMD008746,2026-06-02 13:51:00,U1022,sandra.brown,,WKSTN-U1022,USER
CMD038170,2026-06-02 12:05:00,U1093,sarah.clark44,whoami,WKSTN-U1093,USER
CMD033227,2026-06-02 12:33:00,U1082,karen.hill96,top	,WKSTN-U1082,USER
CMD037726,2026-06-02 13:06:00,U1092,steven.thomas,ls -la,WKSTN-U1092,USER
CMD006952,2026-06-02 13:34:00,U1018,betty.white57,systeminfo,WKSTN-U1018,USER
CMD001659,2026-06-02 13:37:00,U1005,robert.robinson,top,WKSTN-U1005,USER
CMD000037,2026-06-02 15:45:00,U1001,linda.johnson95,top,WKSTN-U1001,USER
CMD038172,2026-06-02 14:51:00,U1093,sarah.clark44,clear,WKSTN-U1093,USER
CMD006951,2026-06-02 14:43:00,U1018,betty.white57,cat readme.txt,WKSTN-U1018,USER
CMD036367,2026-06-02 15:33:00,U1089,PAUL.BROWN27,systeminfo,WKSTN-U1089,USER
CMD008297,2026-06-02 14:58:00,U1021,jessica.walker,ipconfig,WKSTN-U1021,USER
CMD011466,2026-06-02 15:24:00,U1028,john.hill,dir,WKSTN-U1028,USER
CMD004771,2026-06-02 14:37:00,U1013,emily.smith,clear,WKSTN-U1013,USER
CMD013580,2026-06-02 15:14:00,U1033,linda.miller,clear,WKSTN-U1033,USER
CMD025134,2026-06-02 15:25:00,U1062,william.martin,clear,WKSTN-U1062,USER
CMD009200,2026-06-02 14:36:00,U1023,richard.wright,dir,WKSTN-U1023,USER
CMD037281,2026-06-02 15:17:00,U1091,linda.robinson,cat readme.txt,WKSTN-U1091,USER
CMD036804,2026-06-02 15:03:00,U1090,MARY.HILL,top,WKSTN-U1090,USER
CMD010987,2026-06-02 14:51:00,U1027,patricia.brown75,ping 10.0.0.5,WKSTN-U1027,USER
CMD013579,2026-06-02 15:13:00,U1033,linda.miller,systeminfo,WKSTN-U1033,USER
CMD032799,2026-06-02 14:00:00,U1081,margaret.davis,df -h,WKSTN-U1081,
CMD035009,2026-06-02 13:59:00,U1086,steven.thompson53,clear,WKSTN-U1086,USER
CMD007850,2026-06-02 14:18:00,U1020,andrew.thomas36,ipconfig,WKSTN-U1020,USER
CMD007848,2026-06-02 14:45:00,U1020,andrew.thomas36,cd project/,WKSTN-U1020,USER
CMD036366,2026-06-02 15:39:00,U1089,paul.brown27,whoami,WKSTN-U1089,USER
CMD036806,2026-06-02 15:53:00,U1090,mary.hill,ipconfig,WKSTN-U1090,USER
CMD012318,2026-06-02 14:02:00,U1030,betty.rodriguez86,top,WKSTN-U1030,USER
CMD010541,2026-06-02 15:16:00,U1026,elizabeth.gonzalez,clear,WKSTN-U1026,USER
CMD037727,2026-06-02 15:03:00,U1092,steven.thomas,cd project/,WKSTN-U1092,USER
CMD033676,2026-06-02 14:47:00,U1083,sarah.allen70,ping 10.0.0.5,WKSTN-U1083,USER
CMD006007,2026-06-02 15:24:00,U1016,patricia.thomas,cat readme.txt,WKSTN-U1016,USER
CMD012317,2026-06-02 16:38:00,U1030,betty.rodriguez86,cat readme.txt,WKSTN-U1030,USER
CMD034579,2026-06-02 16:23:00,U1085,barbara.walker67,systeminfo,WKSTN-U1085,USER
CMD038638,2026-06-03 08:32:00,U1094,elizabeth.lewis69,git pull,WKSTN-U1094,USER
CMD006034,2026-06-03 08:32:00,U1016,patricia.thomas,git status,,USER
CMD007868,2026-06-03 08:26:00,U1020,andrew.thomas36,ping 10.0.0.5,WKSTN-U1020,USER
CMD025136,2026-06-02 16:13:00,U1062,william.martin,whoami,WKSTN-U1062,USER
CMD036385,2026-06-03 08:14:00,U1089,  paul.brown27 ,git status,WKSTN-U1089,USER
CMD010540,2026-06-02 16:40:00,U1026,elizabeth.gonzalez,ls -la,WKSTN-U1026,USER
CMD036368,2026-06-02 17:05:00,U1089,paul.brown27,git status,WKSTN-U1089,USER
CMD008763,2026-06-03 09:17:00,U1022,,df -h,WKSTN-U1022,USER
CMD008295,2026-06-02 16:18:00,U1021,jessica.walker,clear,WKSTN-U1021,USER
CMD036383,2026-06-03 08:21:00,U1089,paul.brown27	,whoami,WKSTN-U1089,USER
CMD012316,2026-06-02 17:09:00,U1030,betty.rodriguez86,git status,WKSTN-U1030,USER
CMD033694,2026-06-03 08:46:00,U1083,,cat readme.txt,WKSTN-U1083,USER
CMD033695,2026-06-03 08:55:00,U1083,sarah.allen70,ls -la,WKSTN-U1083,USER
CMD037743,2026-06-03 09:24:00,U1092,steven.thomas,cd project/,,USER
CMD009226,2026-06-03 09:23:00,U1023,richard.wright,ipconfig,  WKSTN-U1023 ,USER
CMD037296,2026-06-03 09:24:00,U1091,linda.robinson,git status,WKSTN-U1091,USER
CMD007425,2026-06-03 08:28:00,U1019,donna.anderson,ping 10.0.0.5,WKSTN-U1019,USER
CMD006008,2026-06-02 16:38:00,U1016,patricia.thomas,dir,WKSTN-U1016,USER
CMD035902,2026-06-02 16:59:00,U1088,andrew.smith85,clear,WKSTN-U1088,USER
CMD009675,2026-06-03 07:44:00,U1024,emily.miller,ls -la,WKSTN-U1024,USER
CMD008765,2026-06-03 09:22:00,U1022,sandra.brown,,WKSTN-U1022,USER
CMD036369,2026-06-02 17:02:00,U1089,paul.brown27,systeminfo,WKSTN-U1089,USER
CMD001658,2026-06-02 16:08:00,U1005,robert.robinson,whoami,WKSTN-U1005,USER
CMD034128,2026-06-03 11:37:00,U1084,joshua.taylor,cat readme.txt,WKSTN-U1084,USER
CMD008315,2026-06-03 11:22:00,U1021,jessica.walker,git status,WKSTN-U1021,USER
CMD035475,2026-06-03 11:09:00,U1087,charles.sanchez,  df -h ,WKSTN-U1087,USER
CMD034596,2026-06-03 10:52:00,U1085,barbara.walker67,whoami,WKSTN-U1085,user
CMD037742,2026-06-03 10:38:00,U1092,steven.thomas,,WKSTN-U1092,USER
CMD033249,2026-06-03 10:09:00,U1082,karen.hill96,whoami,WKSTN-U1082,USER
CMD018770,2026-06-03 10:58:00,U1046,michelle.torres39,dir,  WKSTN-U1046 ,USER
CMD012339,2026-06-03 10:25:00,U1030,betty.rodriguez86,ping 10.0.0.5,WKSTN-U1030,USER
CMD034129,2026-06-03 09:50:00,U1084,joshua.taylor,clear,WKSTN-U1084,USER
CMD034127,2026-06-03 09:39:00,U1084,joshua.taylor,df -h,WKSTN-U1084,USER
CMD036829,2026-06-03 11:00:00,U1090,mary.hill,ipconfig,WKSTN-U1090,USER
CMD004372,2026-06-03 11:40:00,U1012,linda.martinez,cat readme.txt,WKSTN-U1012,USER
CMD023158,2026-06-03 10:30:00,U1057,nancy.sanchez,df -h,WKSTN-U1057,USER
CMD006482,2026-06-03 09:58:00,U1017,emily.hernandez34,df -h,WKSTN-U1017,USER
CMD006484,2026-06-03 10:41:00,U1017,emily.hernandez34	,git status,WKSTN-U1017,USER
CMD015580,2026-06-03 09:46:00,U1038,emily.clark,git status,WKSTN-U1038,USER
CMD032377,2026-06-03 10:18:00,U1080,joseph.jackson91,,WKSTN-U1080,USER
CMD012340,2026-06-03 09:43:00,U1030,betty.rodriguez86,df -h,WKSTN-U1030,USER
CMD004374,2026-06-03 11:56:00,U1012,linda.martinez,dir,WKSTN-U1012,USER
CMD037295,2026-06-03 10:37:00,U1091,linda.robinson,dir,WKSTN-U1091,USER
CMD010115,2026-06-03 09:52:00,U1025,betty.brown22,systeminfo,WKSTN-U1025,USER
CMD006968,2026-06-03 11:34:00,U1018,betty.white57,whoami,WKSTN-U1018,USER
CMD007866,2026-06-03 11:25:00,U1020,  andrew.thomas36 ,ls -la,WKSTN-U1020,USER
CMD010114,2026-06-03 11:06:00,U1025,betty.brown22,cat readme.txt,WKSTN-U1025,
CMD035922,2026-06-03 11:27:00,U1088,andrew.smith85,clear,WKSTN-U1088,USER
CMD038637,2026-06-03 13:15:00,U1094,elizabeth.lewis69,  whoami ,WKSTN-U1094,USER
CMD011905,2026-06-03 12:14:00,U1029,michelle.garcia54,whoami,WKSTN-U1029,USER
CMD009676,2026-06-03 13:15:00,U1024,emily.miller,ipconfig,WKSTN-U1024,USER
CMD037745,2026-06-03 13:08:00,U1092,steven.thomas,dir,WKSTN-U1092,USER
CMD006967,2026-06-03 12:00:00,U1018,betty.white57,clear,WKSTN-U1018,USER
CMD004375,2026-06-03 13:29:00,U1012,linda.martinez,ping 10.0.0.5,WKSTN-U1012,USER
CMD009225,2026-06-03 12:07:00,U1023,richard.wright,df -h,WKSTN-U1023,USER
CMD041027,2026-06-03 12:22:00,U1100,daniel.brown38,ipconfig,WKSTN-U1100,USER
CMD003990,2026-06-03 12:22:00,U1011,donna.ramirez75,ipconfig,WKSTN-U1011,USER
CMD006969,2026-06-03 13:20:00,U1018,betty.white57,ping 10.0.0.5,WKSTN-U1018,USER
CMD036828,2026-06-03 12:55:00,U1090,mary.hill,git status,WKSTN-U1090,USER
CMD033248,2026-06-03 13:05:00,U1082,karen.hill96,ipconfig,WKSTN-U1082,user
CMD023541,2026-06-03 13:10:00,U1058,jennifer.ramirez18,ls -la,WKSTN-U1058,USER
CMD028365,2026-06-03 12:21:00,U1070,betty.thomas40,cd project/,WKSTN-U1070,USER
CMD007426,2026-06-03 13:26:00,U1019,donna.anderson,ls -la,WKSTN-U1019,USER
CMD007865,2026-06-03 13:04:00,U1020,andrew.thomas36,whoami,WKSTN-U1020,USER
CMD038190,2026-06-03 12:05:00,U1093,sarah.clark44,cat readme.txt,  WKSTN-U1093 ,USER
CMD033696,2026-06-03 12:40:00,U1083,sarah.allen70	,whoami,WKSTN-U1083,USER
CMD023157,2026-06-03 12:50:00,U1057,NANCY.SANCHEZ,ls -la,WKSTN-U1057,USER
CMD035031,2026-06-03 13:29:00,U1086,steven.thompson53,ipconfig,WKSTN-U1086,USER
CMD010116,2026-06-03 13:04:00,U1025,betty.brown22,systeminfo,WKSTN-U1025,USER
CMD011906,2026-06-03 12:00:00,U1029,michelle.garcia54,git pull,WKSTN-U1029,USER
CMD011007,2026-06-03 13:04:00,U1027,patricia.brown75,whoami,WKSTN-U1027,USER
CMD015579,2026-06-03 12:52:00,U1038,emily.clark,systeminfo,WKSTN-U1038,USER
CMD010113,2026-06-03 13:33:00,U1025,betty.brown22,df -h,WKSTN-U1025,USER
CMD035921,2026-06-03 14:47:00,U1088,andrew.smith85,cd project/,WKSTN-U1088,USER
CMD007867,2026-06-03 14:31:00,U1020,andrew.thomas36,git status,WKSTN-U1020,USER
CMD011005,2026-06-03 14:32:00,U1027,patricia.brown75,top,WKSTN-U1027,USER
CMD007427,2026-06-03 13:43:00,U1019,donna.anderson,systeminfo,WKSTN-U1019,USER
CMD007424,2026-06-03 16:01:00,U1019,donna.anderson,systeminfo,WKSTN-U1019,USER
CMD006481,2026-06-03 14:44:00,U1017,emily.hernandez34,df -h,WKSTN-U1017,USER
CMD010563,2026-06-03 15:13:00,U1026,,cd project/,WKSTN-U1026,USER
CMD004373,2026-06-03 15:04:00,U1012,linda.martinez,ping 10.0.0.5,WKSTN-U1012,USER
CMD011006,2026-06-03 15:57:00,U1027,patricia.brown75,,WKSTN-U1027,USER
CMD008764,2026-06-03 14:35:00,U1022,sandra.brown,whoami,WKSTN-U1022,USER
CMD023159,2026-06-03 15:09:00,U1057,nancy.sanchez,systeminfo,WKSTN-U1057,USER
CMD035030,2026-06-03 14:21:00,U1086,  steven.thompson53 ,clear,WKSTN-U1086,USER
CMD010564,2026-06-03 15:47:00,U1026,elizabeth.gonzalez,ping 10.0.0.5,WKSTN-U1026,USER
CMD010562,2026-06-03 14:48:00,U1026,elizabeth.gonzalez,cat readme.txt,,USER
CMD037744,2026-06-03 13:34:00,U1092,steven.thomas,ping 10.0.0.5,WKSTN-U1092,USER
CMD015577,2026-06-03 15:57:00,U1038,emily.clark,cd project/,WKSTN-U1038,user
CMD036384,2026-06-03 14:29:00,U1089,paul.brown27,dir,WKSTN-U1089,USER
CMD036386,2026-06-03 15:48:00,U1089,paul.brown27,dir,WKSTN-U1089,USER
CMD036827,2026-06-03 13:43:00,U1090,mary.hill,clear,WKSTN-U1090,USER
CMD006483,2026-06-03 16:13:00,U1017,emily.hernandez34,ping 10.0.0.5,WKSTN-U1017,USER
CMD023156,2026-06-03 15:29:00,U1057,nancy.sanchez,ping 10.0.0.5,WKSTN-U1057,USER
CMD032813,2026-06-03 14:26:00,U1081,margaret.davis,dir,WKSTN-U1081,USER
CMD015578,2026-06-03 15:27:00,U1038,emily.clark,systeminfo,WKSTN-U1038,USER
CMD028780,2026-06-03 13:51:00,U1071,matthew.robinson35,df -h,WKSTN-U1071,USER
CMD032376,2026-06-03 14:08:00,U1080,joseph.jackson91,ping 10.0.0.5,WKSTN-U1080,USER
CMD010137,2026-06-04 08:58:00,U1025,betty.brown22,git status,WKSTN-U1025,USER
CMD011490,2026-06-03 17:50:00,U1028,john.hill,git pull,WKSTN-U1028,USER
CMD035497,2026-06-04 09:04:00,U1087,charles.sanchez,whoami,WKSTN-U1087,USER
CMD035496,2026-06-04 09:09:00,U1087,charles.sanchez,dir,WKSTN-U1087,USER
CMD035048,2026-06-04 10:03:00,U1086,steven.thompson53,dir,WKSTN-U1086,USER
CMD037297,2026-06-03 17:08:00,U1091,linda.robinson,git pull,WKSTN-U1091,USER
CMD011027,2026-06-04 09:26:00,U1027,patricia.brown75,systeminfo,WKSTN-U1027,USER
CMD035495,2026-06-04 07:09:00,U1087,charles.sanchez,git pull,WKSTN-U1087,user
CMD034616,2026-06-04 08:23:00,U1085,barbara.walker67,ping 10.0.0.5,WKSTN-U1085,USER
CMD006048,2026-06-04 10:23:00,U1016,  patricia.thomas ,clear,WKSTN-U1016,USER
CMD010138,2026-06-04 08:08:00,U1025,betty.brown22,ipconfig,,USER
CMD035046,2026-06-04 07:15:00,U1086,steven.thompson53,systeminfo,WKSTN-U1086,USER
CMD036407,2026-06-04 10:22:00,U1089,paul.brown27,git pull,WKSTN-U1089,USER
CMD031960,2026-06-03 16:25:00,U1079,emily.jones,cat readme.txt,WKSTN-U1079,USER
CMD034148,2026-06-04 09:06:00,U1084,joshua.taylor,top,WKSTN-U1084,USER
CMD024751,2026-06-04 10:18:00,U1061,jessica.rodriguez,ls -la,WKSTN-U1061,USER
CMD000460,2026-06-04 09:20:00,U1002,donna.ramirez,df -h,WKSTN-U1002,USER
CMD035940,2026-06-04 09:50:00,U1088,  andrew.smith85 ,clear,WKSTN-U1088,USER
CMD031981,2026-06-04 07:32:00,U1079,emily.jones,ipconfig,WKSTN-U1079,USER
CMD010139,2026-06-04 08:59:00,U1025,betty.brown22,ipconfig,WKSTN-U1025,USER
CMD032828,2026-06-04 10:11:00,U1081,margaret.davis,systeminfo,WKSTN-U1081,USER
CMD019972,2026-06-04 07:32:00,U1049,michelle.jones59,git pull,WKSTN-U1049,USER
CMD028384,2026-06-04 10:03:00,U1070,betty.thomas40,systeminfo,WKSTN-U1070,USER
CMD031980,2026-06-04 08:09:00,U1079,emily.jones,  cat readme.txt ,WKSTN-U1079,USER
CMD002865,2026-06-04 08:57:00,U1008,joshua.hernandez,cat readme.txt,WKSTN-U1008,USER
CMD017973,2026-06-04 10:39:00,U1044,lisa.ramirez9,systeminfo,WKSTN-U1044,USER
CMD011929,2026-06-04 11:16:00,U1029,michelle.garcia54,df -h,WKSTN-U1029,
CMD004816,2026-06-04 11:37:00,U1013,emily.smith,whoami,WKSTN-U1013,USER
CMD037766,2026-06-04 10:49:00,U1092,steven.thomas,cat readme.txt,WKSTN-U1092,USER
CMD011507,2026-06-04 10:40:00,U1028,john.hill,cd project/,WKSTN-U1028,USER
CMD012359,2026-06-04 11:14:00,U1030,,dir,WKSTN-U1030,USER
CMD006505,2026-06-04 11:25:00,U1017,emily.hernandez34,git status,WKSTN-U1017,USER
CMD037768,2026-06-04 11:15:00,U1092,steven.thomas,clear,WKSTN-U1092,
CMD009243,2026-06-04 10:24:00,U1023,richard.wright,ping 10.0.0.5,  WKSTN-U1023 ,USER
CMD017180,2026-06-04 11:14:00,U1042,michael.hill56,df -h,WKSTN-U1042,USER
CMD009694,2026-06-04 10:27:00,U1024,emily.miller,git status,WKSTN-U1024,USER
CMD008786,2026-06-04 11:23:00,U1022,sandra.brown,ls -la,WKSTN-U1022,USER
CMD036406,2026-06-04 10:40:00,U1089,paul.brown27,cd project/,WKSTN-U1089,USER
CMD009242,2026-06-04 11:40:00,U1023,richard.wright,top,WKSTN-U1023,USER
CMD008335,2026-06-04 11:00:00,U1021,jessica.walker,git pull,WKSTN-U1021,USER
CMD021970,2026-06-04 10:53:00,U1054,anthony.martinez,systeminfo,WKSTN-U1054,USER
CMD024752,2026-06-04 11:05:00,U1061,jessica.rodriguez,git status,WKSTN-U1061,USER
CMD002864,2026-06-04 12:06:00,U1008,joshua.hernandez,clear,WKSTN-U1008,USER
CMD020776,2026-06-04 11:22:00,U1051,sandra.king72,systeminfo,WKSTN-U1051,USER
CMD011508,2026-06-04 11:44:00,U1028,john.hill,whoami,WKSTN-U1028,USER
CMD002866,2026-06-04 12:07:00,U1008,,cat readme.txt,WKSTN-U1008,USER
CMD035049,2026-06-04 12:09:00,U1086,steven.thompson53,top,WKSTN-U1086,USER
CMD033271,2026-06-04 11:15:00,U1082,karen.hill96,cd project/,WKSTN-U1082,USER
CMD007451,2026-06-04 10:53:00,U1019,donna.anderson,ping 10.0.0.5,WKSTN-U1019,USER
CMD011928,2026-06-04 10:34:00,U1029,michelle.garcia54,whoami,WKSTN-U1029,USER
CMD017974,2026-06-04 12:45:00,U1044,lisa.ramirez9,cd project/,WKSTN-U1044,USER
CMD034617,2026-06-04 12:45:00,U1085,BARBARA.WALKER67,dir,WKSTN-U1085,USER
CMD017181,2026-06-04 14:07:00,U1042,michael.hill56,ping 10.0.0.5,WKSTN-U1042,
CMD034614,2026-06-04 14:15:00,U1085,barbara.walker67,cat readme.txt,WKSTN-U1085,USER
CMD019971,2026-06-04 12:41:00,U1049,michelle.jones59,df -h,WKSTN-U1049,USER
CMD011930,2026-06-04 13:12:00,U1029,  michelle.garcia54 ,top,WKSTN-U1029,USER
CMD006508,2026-06-04 12:30:00,U1017,emily.hernandez34,dir,WKSTN-U1017,USER
CMD011509,2026-06-04 13:13:00,U1028,john.hill,dir,WKSTN-U1028,USER
CMD013618,2026-06-04 13:31:00,U1033,linda.miller	,whoami,WKSTN-U1033,USER
CMD032829,2026-06-04 13:33:00,U1081,margaret.davis,git pull,,USER
CMD000459,2026-06-04 13:05:00,U1002,donna.ramirez,top,WKSTN-U1002,USER
CMD037767,2026-06-04 13:44:00,U1092,steven.thomas,dir,WKSTN-U1092,USER
CMD007891,2026-06-04 14:10:00,U1020,andrew.thomas36,cd project/,WKSTN-U1020,USER
CMD037765,2026-06-04 12:53:00,U1092,steven.thomas,git status,WKSTN-U1092,USER
CMD021969,2026-06-04 12:24:00,U1054,anthony.martinez,whoami,WKSTN-U1054,USER
CMD006506,2026-06-04 13:57:00,U1017,emily.hernandez34,clear,WKSTN-U1017,USER
CMD012360,2026-06-04 12:52:00,U1030,betty.rodriguez86,systeminfo	,WKSTN-U1030	,USER
CMD007890,2026-06-04 13:10:00,U1020,andrew.thomas36,ipconfig,WKSTN-U1020,USER
CMD004814,2026-06-04 12:27:00,U1013,emily.smith,clear,WKSTN-U1013,USER
CMD038658,2026-06-04 13:10:00,U1094,elizabeth.lewis69,cat readme.txt,WKSTN-U1094,USER
CMD008336,2026-06-04 12:20:00,U1021,jessica.walker,,WKSTN-U1021,USER
CMD036846,2026-06-04 13:34:00,U1090,mary.hill,df -h,WKSTN-U1090,USER
CMD019974,2026-06-04 13:11:00,U1049,,cat readme.txt,WKSTN-U1049,USER
CMD008787,2026-06-04 13:18:00,U1022,sandra.brown,cd project/,WKSTN-U1022,USER
CMD032394,2026-06-04 14:21:00,U1080,joseph.jackson91,df -h,WKSTN-U1080,USER
CMD035047,2026-06-04 14:52:00,U1086,steven.thompson53,df -h,WKSTN-U1086,USER
CMD011026,2026-06-04 14:39:00,U1027,patricia.brown75,systeminfo,WKSTN-U1027,USER
CMD019973,2026-06-04 15:02:00,U1049,michelle.jones59,  whoami ,WKSTN-U1049,USER
CMD033715,2026-06-04 14:35:00,U1083,SARAH.ALLEN70,ls -la,  WKSTN-U1083 ,USER
CMD011025,2026-06-04 15:10:00,U1027,patricia.brown75,ls -la,WKSTN-U1027,USER
CMD034615,2026-06-04 14:27:00,U1085,barbara.walker67,systeminfo,WKSTN-U1085,USER
CMD033270,2026-06-04 16:53:00,U1082,,ipconfig,WKSTN-U1082,USER
CMD009693,2026-06-04 14:57:00,U1024,emily.miller,git status,WKSTN-U1024,USER
CMD008785,2026-06-04 16:10:00,U1022,sandra.brown	,ipconfig,WKSTN-U1022,USER
CMD024749,2026-06-04 14:27:00,U1061,jessica.rodriguez,top,WKSTN-U1061,USER
CMD006988,2026-06-04 14:51:00,U1018,betty.white57,whoami,WKSTN-U1018,USER
CMD010588,2026-06-04 16:03:00,U1026,elizabeth.gonzalez,clear,WKSTN-U1026,USER
CMD035939,2026-06-04 15:34:00,U1088,andrew.smith85,systeminfo,WKSTN-U1088,USER
CMD024750,2026-06-04 14:53:00,U1061,jessica.rodriguez,cd project/,WKSTN-U1061,USER
CMD011506,2026-06-04 15:34:00,U1028,john.hill,whoami,WKSTN-U1028,USER
CMD037320,2026-06-04 15:39:00,U1091,linda.robinson,git pull,WKSTN-U1091	,USER
CMD002867,2026-06-04 14:49:00,U1008,joshua.hernandez,dir,,USER
CMD034149,2026-06-04 15:50:00,U1084,joshua.taylor,df -h,WKSTN-U1084,USER
CMD004813,2026-06-04 14:42:00,U1013,emily.smith,  systeminfo ,WKSTN-U1013,USER
CMD011024,2026-06-04 14:40:00,U1027,patricia.brown75,df -h,WKSTN-U1027,USER
CMD037319,2026-06-04 16:43:00,U1091,linda.robinson,whoami,WKSTN-U1091,USER
CMD004815,2026-06-04 16:26:00,U1013,  emily.smith ,ping 10.0.0.5,WKSTN-U1013,USER
CMD038208,2026-06-04 15:20:00,U1093,sarah.clark44	,cd project/,WKSTN-U1093,USER
CMD012361,2026-06-04 15:54:00,U1030,betty.rodriguez86,cat readme.txt,WKSTN-U1030,USER
CMD007889,2026-06-04 15:05:00,U1020,andrew.thomas36,whoami,WKSTN-U1020,USER
CMD037318,2026-06-04 17:40:00,U1091,linda.robinson,clear,WKSTN-U1091,USER
CMD006507,2026-06-04 17:21:00,U1017,emily.hernandez34,ls -la,WKSTN-U1017,USER
CMD010158,2026-06-05 08:57:00,U1025,betty.brown22,cd project/,WKSTN-U1025,USER
CMD033716,2026-06-04 17:11:00,U1083,sarah.allen70,df -h,WKSTN-U1083,USER
CMD034635,2026-06-05 07:00:00,U1085,barbara.walker67,cd project/,WKSTN-U1085,USER
CMD012383,2026-06-05 08:58:00,U1030,betty.rodriguez86,git pull,WKSTN-U1030,user
CMD031579,2026-06-05 09:50:00,U1078,michelle.miller,ipconfig,WKSTN-U1078,USER
CMD034636,2026-06-05 07:41:00,U1085,barbara.walker67,cd project/,WKSTN-U1085,USER
CMD017975,2026-06-04 17:16:00,U1044,lisa.ramirez9,whoami,WKSTN-U1044,USER
CMD008351,2026-06-05 08:54:00,U1021,jessica.walker,top,WKSTN-U1021,USER
CMD010607,2026-06-05 09:38:00,U1026,elizabeth.gonzalez,whoami,WKSTN-U1026,USER
CMD034172,2026-06-05 09:18:00,U1084,joshua.taylor,top,WKSTN-U1084,USER
CMD012384,2026-06-05 09:00:00,U1030,betty.rodriguez86,clear,WKSTN-U1030,USER
CMD006066,2026-06-05 09:03:00,U1016,patricia.thomas,cat readme.txt,WKSTN-U1016,USER
CMD011525,2026-06-05 07:49:00,U1028,john.hill,ipconfig,WKSTN-U1028,USER
CMD007470,2026-06-05 09:24:00,U1019,DONNA.ANDERSON,top,WKSTN-U1019,USER
CMD020777,2026-06-04 17:25:00,U1051,sandra.king72	,top,WKSTN-U1051,USER
CMD008353,2026-06-05 08:20:00,U1021,jessica.walker,dir,WKSTN-U1021,USER
CMD010587,2026-06-04 17:45:00,U1026,elizabeth.gonzalez,  df -h ,WKSTN-U1026,USER
CMD038225,2026-06-05 07:25:00,U1093,SARAH.CLARK44,ls -la,WKSTN-U1093,USER
CMD008805,2026-06-05 08:35:00,U1022,sandra.brown,df -h,WKSTN-U1022,USER
CMD037342,2026-06-05 08:22:00,U1091,linda.robinson,clear,WKSTN-U1091,USER
CMD008352,2026-06-05 08:18:00,U1021,jessica.walker,ipconfig,WKSTN-U1021,USER
CMD013619,2026-06-04 17:28:00,U1033,  linda.miller ,cat readme.txt,WKSTN-U1033,USER
CMD009244,2026-06-04 17:32:00,U1023,richard.wright,ping 10.0.0.5,WKSTN-U1023,USER
CMD033288,2026-06-05 10:58:00,U1082,karen.hill96,cat readme.txt,  WKSTN-U1082 ,USER
CMD037786,2026-06-05 10:27:00,U1092,steven.thomas,cat readme.txt,WKSTN-U1092,USER
CMD037343,2026-06-05 10:44:00,U1091,linda.robinson,whoami,WKSTN-U1091,
CMD011050,2026-06-05 11:25:00,U1027,patricia.brown75,git status,WKSTN-U1027,USER
CMD035071,2026-06-05 10:21:00,U1086,steven.thompson53,ping 10.0.0.5,WKSTN-U1086,USER
CMD032415,2026-06-05 11:55:00,U1080,joseph.jackson91,top,WKSTN-U1080,USER
CMD017607,2026-06-05 11:11:00,U1043,thomas.williams91,ipconfig,WKSTN-U1043,USER
CMD012821,2026-06-05 12:00:00,U1031,john.wright28,systeminfo,WKSTN-U1031,USER
CMD007006,2026-06-05 11:37:00,U1018,betty.white57,ls -la,  WKSTN-U1018 ,USER
CMD033286,2026-06-05 10:27:00,U1082,karen.hill96,df -h,WKSTN-U1082,USER
CMD040304,2026-06-05 11:27:00,U1098,nancy.wright49,cd project/,WKSTN-U1098,USER
CMD006531,2026-06-05 10:05:00,U1017,emily.hernandez34,df -h,WKSTN-U1017,USER
CMD011049,2026-06-05 11:25:00,U1027,patricia.brown75,whoami,WKSTN-U1027,USER
CMD000909,2026-06-05 12:01:00,U1003,kenneth.clark29,git pull,WKSTN-U1003,USER
CMD036868,2026-06-05 11:09:00,U1090,mary.hill,git status,WKSTN-U1090,USER
CMD038673,2026-06-05 11:18:00,U1094,elizabeth.lewis69,git pull,WKSTN-U1094,USER
CMD035070,2026-06-05 11:21:00,U1086,steven.thompson53,clear,WKSTN-U1086,USER
CMD008354,2026-06-05 10:54:00,U1021,jessica.walker,systeminfo,WKSTN-U1021,USER
CMD012820,2026-06-05 11:26:00,U1031,,  systeminfo ,WKSTN-U1031,USER
CMD006068,2026-06-05 11:19:00,U1016,patricia.thomas,git pull,WKSTN-U1016,USER
CMD009260,2026-06-05 10:57:00,U1023,richard.wright,git pull,WKSTN-U1023,USER
CMD007004,2026-06-05 11:28:00,U1018,betty.white57,df -h,WKSTN-U1018,USER
CMD010156,2026-06-05 10:38:00,U1025,betty.brown22,  whoami ,WKSTN-U1025,USER
CMD035962,2026-06-05 11:22:00,U1088,andrew.smith85,whoami,WKSTN-U1088,USER
CMD038674,2026-06-05 10:55:00,U1094,elizabeth.lewis69,cat readme.txt,WKSTN-U1094	,USER
CMD011946,2026-06-05 13:57:00,U1029,michelle.garcia54,dir,,USER
CMD021992,2026-06-05 12:58:00,U1054,anthony.martinez,git status,WKSTN-U1054,USER
CMD006528,2026-06-05 13:37:00,U1017,emily.hernandez34,git status,WKSTN-U1017,USER
CMD011526,2026-06-05 13:22:00,U1028,john.hill,clear,WKSTN-U1028,USER
CMD035512,2026-06-05 12:16:00,U1087,charles.sanchez,ipconfig,WKSTN-U1087,USER
CMD036428,2026-06-05 12:42:00,U1089,paul.brown27,cd project/	,,USER
CMD040302,2026-06-05 12:20:00,U1098,nancy.wright49,systeminfo,WKSTN-U1098,USER
CMD039906,2026-06-05 12:35:00,U1097,mark.martinez10,,WKSTN-U1097,USER
CMD021989,2026-06-05 14:06:00,U1054,anthony.martinez,clear,WKSTN-U1054,USER
CMD033285,2026-06-05 13:47:00,U1082,karen.hill96,top,WKSTN-U1082,USER
CMD033287,2026-06-05 12:40:00,U1082,karen.hill96,ipconfig,WKSTN-U1082,USER
CMD038222,2026-06-05 12:20:00,U1093,sarah.clark44,git status,WKSTN-U1093,USER
CMD031580,2026-06-05 13:18:00,U1078,michelle.miller,dir,WKSTN-U1078,USER
CMD000908,2026-06-05 13:03:00,U1003,kenneth.clark29,ping 10.0.0.5,WKSTN-U1003,USER
CMD006067,2026-06-05 12:12:00,U1016,patricia.thomas,clear,WKSTN-U1016,
CMD008806,2026-06-05 12:21:00,U1022,sandra.brown,systeminfo,,USER
CMD009710,2026-06-05 13:02:00,U1024,emily.miller,ls -la,WKSTN-U1024,USER
CMD012382,2026-06-05 12:28:00,U1030,betty.rodriguez86,whoami,WKSTN-U1030,USER
CMD039907,2026-06-05 12:59:00,U1097,mark.martinez10,systeminfo,WKSTN-U1097,USER
CMD038224,2026-06-05 13:17:00,U1093,SARAH.CLARK44,whoami,WKSTN-U1093,USER
CMD007005,2026-06-05 12:47:00,U1018,betty.white57,top,WKSTN-U1018,USER
CMD036429,2026-06-05 13:29:00,U1089,paul.brown27,ping 10.0.0.5,WKSTN-U1089,USER
CMD009709,2026-06-05 12:39:00,U1024,emily.miller,top,WKSTN-U1024,USER
CMD022412,2026-06-05 14:05:00,U1055,patricia.wilson54,ls -la,WKSTN-U1055,USER
CMD007007,2026-06-05 12:32:00,U1018,betty.white57,df -h,WKSTN-U1018,USER
CMD010157,2026-06-05 15:32:00,U1025,betty.brown22,ls -la,WKSTN-U1025,USER
CMD033731,2026-06-05 14:37:00,U1083,sarah.allen70,  cd project/ ,WKSTN-U1083,USER
CMD035960,2026-06-05 15:06:00,U1088,andrew.smith85,whoami,WKSTN-U1088,USER
CMD040305,2026-06-05 14:10:00,U1098,nancy.wright49,systeminfo,WKSTN-U1098,USER
CMD009262,2026-06-05 15:23:00,U1023,richard.wright,ping 10.0.0.5	,WKSTN-U1023,USER
CMD035069,2026-06-05 15:48:00,U1086,steven.thompson53,,WKSTN-U1086,USER
CMD007471,2026-06-05 15:09:00,U1019,donna.anderson,whoami,WKSTN-U1019,USER
CMD035961,2026-06-05 14:40:00,U1088,andrew.smith85,dir,WKSTN-U1088,USER
CMD021991,2026-06-05 15:55:00,U1054,ANTHONY.MARTINEZ,cat readme.txt,WKSTN-U1054,USER
CMD040303,2026-06-05 15:48:00,U1098,nancy.wright49,cd project/,WKSTN-U1098,USER
CMD037341,2026-06-05 14:07:00,U1091,linda.robinson,systeminfo,WKSTN-U1091,USER
CMD036427,2026-06-05 14:11:00,U1089,paul.brown27,cd project/,WKSTN-U1089,USER
CMD006530,2026-06-05 15:21:00,U1017,EMILY.HERNANDEZ34,top,WKSTN-U1017,USER
CMD035068,2026-06-05 14:49:00,U1086,steven.thompson53,clear,WKSTN-U1086,USER
CMD038223,2026-06-05 15:12:00,U1093,sarah.clark44,cd project/,WKSTN-U1093,USER
CMD010155,2026-06-05 15:40:00,U1025,betty.brown22,git pull,WKSTN-U1025,USER
CMD021990,2026-06-05 14:17:00,U1054,anthony.martinez,ls -la,WKSTN-U1054,USER
CMD012822,2026-06-05 14:33:00,U1031,john.wright28,whoami,WKSTN-U1031,USER
CMD032001,2026-06-05 14:56:00,U1079,EMILY.JONES,ipconfig,WKSTN-U1079,USER
CMD007912,2026-06-05 15:32:00,U1020,andrew.thomas36,systeminfo,WKSTN-U1020,USER
CMD034634,2026-06-05 14:18:00,U1085,barbara.walker67	,top,WKSTN-U1085,USER
CMD010606,2026-06-05 15:01:00,U1026,elizabeth.gonzalez,cat readme.txt,WKSTN-U1026,USER
CMD006529,2026-06-05 15:32:00,U1017,emily.hernandez34,  df -h ,WKSTN-U1017,USER
CMD009261,2026-06-05 14:30:00,U1023,richard.wright,dir,,USER
CMD034173,2026-06-05 15:39:00,U1084,joshua.taylor,df -h,WKSTN-U1084,USER
CMD032437,2026-06-08 09:38:00,U1080,joseph.jackson91,ls -la,WKSTN-U1080,USER
CMD013248,2026-06-08 08:42:00,U1032,paul.wright91,cd project/,,USER
CMD011547,2026-06-08 09:28:00,U1028,john.hill,clear,WKSTN-U1028,USER
CMD036003,2026-06-07 14:32:00,U1088,andrew.smith85,df -h,WKSTN-U1088,USER
CMD030800,2026-06-05 17:10:00,U1076,john.torres,systeminfo,WKSTN-U1076,USER
CMD035959,2026-06-05 16:49:00,U1088,andrew.smith85,whoami,WKSTN-U1088,USER
CMD007488,2026-06-08 08:02:00,U1019,donna.anderson,systeminfo,WKSTN-U1019,USER
CMD037363,2026-06-08 07:24:00,U1091,linda.robinson,clear,WKSTN-U1091,USER
CMD036886,2026-06-07 09:08:00,U1090,mary.hill,clear,WKSTN-U1090,USER
CMD008369,2026-06-08 09:05:00,U1021,jessica.walker,ipconfig,WKSTN-U1021,USER
CMD011945,2026-06-05 16:20:00,U1029,michelle.garcia54,ls -la,WKSTN-U1029,USER
CMD036020,2026-06-08 09:09:00,U1088,andrew.smith85,dir,WKSTN-U1088,USER
CMD036021,2026-06-08 08:50:00,U1088,andrew.smith85,clear,WKSTN-U1088,USER
CMD030822,2026-06-08 09:22:00,U1076,john.torres,git pull,WKSTN-U1076,USER
CMD035983,2026-06-06 12:59:00,U1088,andrew.smith85,top,WKSTN-U1088,USER
CMD037361,2026-06-08 08:35:00,U1091,  linda.robinson ,systeminfo,WKSTN-U1091,USER
CMD032847,2026-06-05 16:30:00,U1081,margaret.davis,dir,WKSTN-U1081,USER
CMD011072,2026-06-08 08:42:00,U1027,patricia.brown75,git pull,WKSTN-U1027,USER
CMD036004,2026-06-07 08:47:00,U1088,andrew.smith85,git pull,WKSTN-U1088,USER
CMD013246,2026-06-08 07:22:00,U1032,paul.wright91,git pull,WKSTN-U1032,USER
CMD037362,2026-06-08 07:23:00,U1091,linda.robinson,  whoami ,WKSTN-U1091,USER
CMD033746,2026-06-08 09:40:00,U1083,sarah.allen70,cat readme.txt,WKSTN-U1083,USER
CMD039107,2026-06-08 08:37:00,U1095,richard.thomas74,clear,WKSTN-U1095,USER
CMD035982,2026-06-06 10:52:00,U1088,andrew.smith85,dir,  WKSTN-U1088 ,USER
CMD033308,2026-06-08 07:10:00,U1082,karen.hill96,ls -la,WKSTN-U1082,USER
CMD012404,2026-06-08 11:36:00,U1030,betty.rodriguez86,ping 10.0.0.5,  WKSTN-U1030 ,USER
CMD002901,2026-06-08 10:22:00,U1008,joshua.hernandez,top,WKSTN-U1008,USER
CMD032022,2026-06-08 10:22:00,U1079,EMILY.JONES,clear	,WKSTN-U1079,USER
CMD035092,2026-06-08 11:31:00,U1086,,ping 10.0.0.5,WKSTN-U1086,USER
CMD009732,2026-06-08 11:34:00,U1024,emily.miller,top,WKSTN-U1024,USER
CMD038692,2026-06-08 10:00:00,U1094,elizabeth.lewis69,ipconfig,WKSTN-U1094,USER
CMD032020,2026-06-08 10:47:00,U1079,emily.jones,whoami,WKSTN-U1079,USER
CMD009284,2026-06-08 10:14:00,U1023,richard.wright,cd project/,WKSTN-U1023,USER
CMD011966,2026-06-08 11:34:00,U1029,michelle.garcia54	,ipconfig,  WKSTN-U1029 ,USER
CMD034652,2026-06-08 10:34:00,U1085,barbara.walker67,df -h,WKSTN-U1085,USER
CMD036909,2026-06-08 10:46:00,U1090,mary.hill,cd project/,WKSTN-U1090,USER
CMD010627,2026-06-08 10:33:00,U1026,elizabeth.gonzalez,cat readme.txt,WKSTN-U1026,USER
CMD037805,2026-06-08 11:01:00,U1092,steven.thomas,whoami,WKSTN-U1092,USER
CMD030018,2026-06-08 10:46:00,U1074,sarah.williams7,cd project/,WKSTN-U1074,USER
CMD039108,2026-06-08 10:07:00,U1095,  richard.thomas74 ,cd project/,WKSTN-U1095,USER
CMD006088,2026-06-08 11:39:00,U1016,patricia.thomas,ls -la,WKSTN-U1016,USER
CMD007930,2026-06-08 10:08:00,U1020,andrew.thomas36,df -h,WKSTN-U1020,USER
CMD002899,2026-06-08 11:48:00,U1008,,ping 10.0.0.5,WKSTN-U1008,USER
CMD038694,2026-06-08 09:47:00,U1094,elizabeth.lewis69,top,WKSTN-U1094,USER
CMD039109,2026-06-08 10:00:00,U1095,richard.thomas74,dir,WKSTN-U1095,USER
CMD036448,2026-06-08 09:57:00,U1089,paul.brown27,git pull,WKSTN-U1089,USER
CMD010628,2026-06-08 09:45:00,U1026,elizabeth.gonzalez,dir,WKSTN-U1026,USER
CMD031599,2026-06-08 11:15:00,U1078,michelle.miller,cd project/,WKSTN-U1078,USER
CMD007023,2026-06-08 10:27:00,U1018,betty.white57,,WKSTN-U1018,USER
CMD011548,2026-06-08 10:39:00,U1028,john.hill,cd project/,WKSTN-U1028,USER
CMD006549,2026-06-08 13:22:00,U1017,emily.hernandez34,whoami,WKSTN-U1017,USER
CMD034651,2026-06-08 12:31:00,U1085,BARBARA.WALKER67,df -h,WKSTN-U1085,USER
CMD007489,2026-06-08 12:30:00,U1019,donna.anderson,df -h,WKSTN-U1019,USER
CMD010180,2026-06-08 12:01:00,U1025,betty.brown22,cd project/,WKSTN-U1025,USER
CMD003680,2026-06-08 12:50:00,U1010,susan.young51,git status,WKSTN-U1010,USER
CMD013249,2026-06-08 13:24:00,U1032,paul.wright91,dir,WKSTN-U1032,USER
CMD038247,2026-06-08 11:51:00,U1093,sarah.clark44,cat readme.txt,WKSTN-U1093,USER
CMD032436,2026-06-08 12:25:00,U1080,joseph.jackson91,cat readme.txt,WKSTN-U1080,USER
CMD007487,2026-06-08 13:10:00,U1019,donna.anderson,systeminfo,WKSTN-U1019,USER
CMD008831,2026-06-08 13:06:00,U1022,sandra.brown,ipconfig,WKSTN-U1022,USER
CMD019232,2026-06-08 12:17:00,U1047,sandra.lewis,ping 10.0.0.5,WKSTN-U1047,USER
CMD016820,2026-06-08 13:05:00,U1041,matthew.allen52,cat readme.txt,WKSTN-U1041,USER
CMD030017,2026-06-08 12:55:00,U1074,sarah.williams7,clear,WKSTN-U1074,USER
CMD013247,2026-06-08 13:02:00,U1032,paul.wright91,git status,WKSTN-U1032,user
CMD016821,2026-06-08 12:39:00,U1041,matthew.allen52,cat readme.txt,WKSTN-U1041,USER
CMD006089,2026-06-08 12:26:00,U1016,patricia.thomas,whoami,WKSTN-U1016,USER
CMD003681,2026-06-08 13:05:00,U1010,susan.young51,top,WKSTN-U1010,USER
CMD010179,2026-06-08 13:15:00,U1025,betty.brown22,git status,WKSTN-U1025,USER
CMD006550,2026-06-08 12:55:00,U1017,emily.hernandez34,ls -la,WKSTN-U1017,USER
CMD039509,2026-06-08 12:47:00,U1096,david.allen76,df -h,,USER
CMD009285,2026-06-08 13:09:00,U1023,richard.wright,df -h,WKSTN-U1023,USER
CMD036908,2026-06-08 11:49:00,U1090,mary.hill,ping 10.0.0.5,WKSTN-U1090,USER
CMD032435,2026-06-08 12:55:00,U1080,joseph.jackson91,ping 10.0.0.5	,WKSTN-U1080,USER
CMD016819,2026-06-08 13:26:00,U1041,matthew.allen52,cd project/,  WKSTN-U1041 ,USER
CMD011546,2026-06-08 12:45:00,U1028,john.hill,ipconfig,WKSTN-U1028,USER
CMD030823,2026-06-08 13:31:00,U1076,john.torres,whoami,WKSTN-U1076,USER
CMD003682,2026-06-08 14:04:00,U1010,susan.young51,top,WKSTN-U1010,USER
CMD032019,2026-06-08 13:37:00,U1079,emily.jones,whoami,WKSTN-U1079,USER
CMD032021,2026-06-08 13:57:00,U1079,emily.jones,git status,WKSTN-U1079,USER
CMD036910,2026-06-08 14:42:00,U1090,mary.hill,top,WKSTN-U1090,USER
CMD035531,2026-06-08 14:14:00,U1087,charles.sanchez,df -h,  WKSTN-U1087 ,USER
CMD038693,2026-06-08 13:56:00,U1094,elizabeth.lewis69,git pull,  WKSTN-U1094 ,USER
CMD011545,2026-06-08 14:12:00,U1028,john.hill,git pull,WKSTN-U1028,USER
CMD037364,2026-06-08 14:18:00,U1091,linda.robinson,ipconfig,WKSTN-U1091,USER
CMD036447,2026-06-08 13:54:00,U1089,paul.brown27,df -h,WKSTN-U1089,USER
CMD031601,2026-06-08 13:30:00,U1078,michelle.miller,ls -la,WKSTN-U1078,USER
CMD036446,2026-06-08 14:36:00,U1089,paul.brown27,systeminfo,WKSTN-U1089,USER
CMD010178,2026-06-08 14:14:00,U1025,betty.brown22,top,WKSTN-U1025,USER
CMD036445,2026-06-08 14:06:00,U1089,paul.brown27,ls -la,WKSTN-U1089,USER
CMD008830,2026-06-08 14:25:00,U1022,sandra.brown,cd project/,WKSTN-U1022,USER
CMD032868,2026-06-08 14:44:00,U1081,,systeminfo,WKSTN-U1081,USER
CMD007490,2026-06-08 14:34:00,U1019,donna.anderson,git pull,WKSTN-U1019,USER
CMD016422,2026-06-08 14:26:00,U1040,matthew.martin,whoami,WKSTN-U1040,USER
CMD011968,2026-06-08 14:20:00,U1029,michelle.garcia54,git status,WKSTN-U1029,USER
CMD016419,2026-06-08 13:33:00,U1040,matthew.martin,cat readme.txt,WKSTN-U1040,USER
CMD032434,2026-06-08 14:23:00,U1080,joseph.jackson91,clear,  WKSTN-U1080 ,USER
CMD035530,2026-06-08 14:43:00,U1087,charles.sanchez	,df -h,WKSTN-U1087,USER
CMD032869,2026-06-08 14:14:00,U1081,margaret.davis,df -h,WKSTN-U1081,USER
CMD036022,2026-06-08 14:06:00,U1088,andrew.smith85,ipconfig,WKSTN-U1088,USER
CMD030019,2026-06-08 14:18:00,U1074,sarah.williams7,top,WKSTN-U1074,USER
CMD019233,2026-06-08 17:10:00,U1047,sandra.lewis,systeminfo,WKSTN-U1047,USER
CMD009283,2026-06-08 16:44:00,U1023,richard.wright,,WKSTN-U1023,USER
CMD035093,2026-06-08 16:50:00,U1086,steven.thompson53,ipconfig,WKSTN-U1086,USER
CMD032867,2026-06-08 16:13:00,U1081,margaret.davis,df -h,WKSTN-U1081,USER
CMD010625,2026-06-08 15:03:00,U1026,  elizabeth.gonzalez ,git status,WKSTN-U1026,USER
CMD027217,2026-06-08 16:13:00,U1067,paul.thomas97,clear,WKSTN-U1067,USER
CMD012403,2026-06-08 17:49:00,U1030,betty.rodriguez86,whoami,WKSTN-U1030,USER
CMD016421,2026-06-08 14:47:00,U1040,matthew.martin,ipconfig,WKSTN-U1040,USER
CMD027216,2026-06-08 14:46:00,U1067,paul.thomas97,ping 10.0.0.5,WKSTN-U1067,USER
CMD030016,2026-06-08 16:02:00,U1074,sarah.williams7,top,WKSTN-U1074,USER
CMD007931,2026-06-08 15:38:00,U1020,andrew.thomas36,git pull,WKSTN-U1020,USER
CMD010626,2026-06-08 16:51:00,U1026,elizabeth.gonzalez,ping 10.0.0.5,WKSTN-U1026,USER
CMD034189,2026-06-08 15:48:00,U1084,joshua.taylor,top,WKSTN-U1084,USER
CMD031598,2026-06-08 16:46:00,U1078,michelle.miller,clear,WKSTN-U1078,USER
CMD016420,2026-06-08 15:33:00,U1040,matthew.martin,systeminfo,WKSTN-U1040,USER
CMD018824,2026-06-08 14:46:00,U1046,michelle.torres39,whoami,WKSTN-U1046,USER
CMD031600,2026-06-08 14:44:00,U1078,michelle.miller,git status,WKSTN-U1078,USER
CMD018823,2026-06-08 14:57:00,U1046,michelle.torres39,systeminfo,WKSTN-U1046,USER
CMD002900,2026-06-08 16:06:00,U1008,joshua.hernandez,top,WKSTN-U1008,USER
CMD036907,2026-06-08 15:53:00,U1090,mary.hill,clear,WKSTN-U1090,USER
CMD011967,2026-06-08 17:43:00,U1029,michelle.garcia54,whoami,WKSTN-U1029,USER
CMD009733,2026-06-08 14:46:00,U1024,emily.miller,,WKSTN-U1024,USER
CMD009734,2026-06-08 15:12:00,U1024,emily.miller,dir,WKSTN-U1024,USER
CMD039508,2026-06-08 17:16:00,U1096,david.allen76,top,WKSTN-U1096	,USER
CMD012402,2026-06-08 15:27:00,U1030,betty.rodriguez86,dir,WKSTN-U1030,USER
CMD034671,2026-06-09 10:28:00,U1085,barbara.walker67,clear,WKSTN-U1085,USER
CMD032037,2026-06-09 10:29:00,U1079,emily.jones,ipconfig,WKSTN-U1079,user
CMD009748,2026-06-09 10:16:00,U1024,emily.miller,whoami,WKSTN-U1024,USER
CMD016439,2026-06-09 09:03:00,U1040,matthew.martin,git pull,WKSTN-U1040,USER
CMD015242,2026-06-09 09:57:00,U1037,robert.martin,whoami,WKSTN-U1037,USER
CMD012424,2026-06-09 08:00:00,U1030,betty.rodriguez86,systeminfo,WKSTN-U1030,USER
CMD016836,2026-06-09 08:14:00,U1041,matthew.allen52,df -h,WKSTN-U1041,USER
CMD038707,2026-06-09 09:01:00,U1094,elizabeth.lewis69,clear	,WKSTN-U1094,USER
CMD008852,2026-06-09 09:20:00,U1022,sandra.brown,top,WKSTN-U1022,USER
CMD007041,2026-06-09 08:14:00,U1018,betty.white57,systeminfo,WKSTN-U1018,USER
CMD034207,2026-06-09 08:05:00,U1084,joshua.taylor,ping 10.0.0.5,WKSTN-U1084,USER
CMD009307,2026-06-09 10:30:00,U1023,richard.wright,git status,WKSTN-U1023,USER
CMD019658,2026-06-09 09:12:00,U1048,,ping 10.0.0.5,WKSTN-U1048,USER
CMD034669,2026-06-09 08:29:00,U1085,BARBARA.WALKER67,ls -la,WKSTN-U1085,USER
CMD012426,2026-06-09 08:05:00,U1030,betty.rodriguez86,cat readme.txt,WKSTN-U1030,USER
CMD019657,2026-06-09 09:52:00,U1048,jennifer.thomas87,ipconfig,WKSTN-U1048,USER
CMD010650,2026-06-09 09:23:00,U1026,elizabeth.gonzalez,ping 10.0.0.5,WKSTN-U1026,USER
CMD019656,2026-06-09 10:23:00,U1048,jennifer.thomas87,dir,WKSTN-U1048,USER
CMD036046,2026-06-09 10:16:00,U1088,andrew.smith85,whoami,WKSTN-U1088,USER
CMD020415,2026-06-09 09:05:00,U1050,michael.ramirez,cd project/,WKSTN-U1050,USER
CMD036928,2026-06-09 10:29:00,U1090,mary.hill,cat readme.txt,WKSTN-U1090,USER
CMD010648,2026-06-09 08:48:00,U1026,elizabeth.gonzalez	,cat readme.txt,WKSTN-U1026,USER
CMD032457,2026-06-09 10:33:00,U1080,joseph.jackson91,whoami,  WKSTN-U1080 ,USER
CMD007948,2026-06-09 08:57:00,U1020,andrew.thomas36,top,WKSTN-U1020,USER
CMD006108,2026-06-09 10:26:00,U1016,patricia.thomas,ping 10.0.0.5,WKSTN-U1016,USER
CMD033324,2026-06-09 11:52:00,U1082,karen.hill96,ping 10.0.0.5,WKSTN-U1082,USER
CMD011093,2026-06-09 10:34:00,U1027,patricia.brown75,dir,WKSTN-U1027	,USER
CMD036044,2026-06-09 12:00:00,U1088,andrew.smith85,df -h,WKSTN-U1088,USER
CMD033761,2026-06-09 11:53:00,U1083,sarah.allen70,dir,WKSTN-U1083,USER
CMD011565,2026-06-09 11:22:00,U1028,john.hill,git status,  WKSTN-U1028 ,user
CMD015654,2026-06-09 10:48:00,U1038,emily.clark,git status,WKSTN-U1038,USER
CMD010649,2026-06-09 10:44:00,U1026,elizabeth.gonzalez,clear,WKSTN-U1026,USER
CMD032887,2026-06-09 10:40:00,U1081,margaret.davis,,WKSTN-U1081,USER
CMD007511,2026-06-09 11:44:00,U1019,donna.anderson,cd project/,WKSTN-U1019,USER
CMD020416,2026-06-09 11:24:00,U1050,michael.ramirez,df -h,WKSTN-U1050,USER
CMD033763,2026-06-09 11:44:00,U1083,sarah.allen70,cat readme.txt,WKSTN-U1083,USER
CMD011988,2026-06-09 10:41:00,U1029,michelle.garcia54	,ping 10.0.0.5,WKSTN-U1029,USER
CMD009750,2026-06-09 10:35:00,U1024,emily.miller,ls -la,WKSTN-U1024,USER
CMD020414,2026-06-09 11:49:00,U1050,michael.ramirez,top,WKSTN-U1050,USER
CMD038264,2026-06-09 11:53:00,U1093,SARAH.CLARK44	,df -h,WKSTN-U1093,USER
CMD037381,2026-06-09 11:07:00,U1091,linda.robinson,cd project/,WKSTN-U1091,USER
CMD015241,2026-06-09 10:42:00,U1037,robert.martin,systeminfo,WKSTN-U1037,USER
CMD037823,2026-06-09 10:58:00,U1092,  steven.thomas ,ipconfig,WKSTN-U1092,USER
CMD038266,2026-06-09 11:38:00,U1093,sarah.clark44,ls -la,WKSTN-U1093,USER
CMD010201,2026-06-09 11:15:00,U1025,  betty.brown22 ,whoami,WKSTN-U1025,USER
CMD030040,2026-06-09 11:14:00,U1074,sarah.williams7,git pull,WKSTN-U1074,USER
CMD008853,2026-06-09 11:38:00,U1022,sandra.brown,systeminfo,WKSTN-U1022,USER
CMD006569,2026-06-09 12:00:00,U1017,emily.hernandez34,clear,WKSTN-U1017,USER
CMD008851,2026-06-09 11:39:00,U1022,sandra.brown,ipconfig,WKSTN-U1022,USER
CMD010198,2026-06-09 11:06:00,U1025,BETTY.BROWN22,systeminfo,  WKSTN-U1025 ,USER
CMD030041,2026-06-09 12:02:00,U1074,sarah.williams7,  whoami ,WKSTN-U1074,
CMD015651,2026-06-09 12:50:00,U1038,emily.clark,git status,WKSTN-U1038,USER
CMD036930,2026-06-09 12:47:00,U1090,mary.hill,ipconfig,WKSTN-U1090,USER
CMD016438,2026-06-09 12:12:00,U1040,matthew.martin,cd project/,WKSTN-U1040,USER
CMD009308,2026-06-09 12:36:00,U1023,richard.wright,df -h,WKSTN-U1023,
CMD032886,2026-06-09 13:51:00,U1081,margaret.davis,cat readme.txt,WKSTN-U1081,USER
CMD007947,2026-06-09 13:28:00,U1020,andrew.thomas36,whoami,WKSTN-U1020,USER
CMD037825,2026-06-09 13:26:00,U1092,steven.thomas,ipconfig,WKSTN-U1092,USER
CMD007510,2026-06-09 13:46:00,U1019,donna.anderson,cd project/,WKSTN-U1019,USER
CMD036471,2026-06-09 13:34:00,U1089,paul.brown27,whoami,WKSTN-U1089,USER
CMD011092,2026-06-09 13:28:00,U1027,,clear,WKSTN-U1027,USER
CMD034670,2026-06-09 13:46:00,U1085,barbara.walker67,cd project/,WKSTN-U1085,USER
CMD032038,2026-06-09 13:09:00,U1079,emily.jones,git pull,WKSTN-U1079,USER
CMD036045,2026-06-09 13:45:00,U1088,andrew.smith85,ping 10.0.0.5,WKSTN-U1088,USER
CMD032458,2026-06-09 13:44:00,U1080,joseph.jackson91,cat readme.txt,WKSTN-U1080,USER
CMD006568,2026-06-09 12:16:00,U1017,emily.hernandez34,ping 10.0.0.5,WKSTN-U1017,USER
CMD010199,2026-06-09 13:15:00,U1025,betty.brown22,ipconfig,WKSTN-U1025,USER
CMD033764,2026-06-09 12:56:00,U1083,sarah.allen70,,WKSTN-U1083,USER
CMD009749,2026-06-09 12:52:00,U1024,emily.miller,whoami,WKSTN-U1024,USER
CMD011095,2026-06-09 13:17:00,U1027,patricia.brown75,systeminfo,WKSTN-U1027,USER
CMD012423,2026-06-09 13:22:00,U1030,betty.rodriguez86,df -h,WKSTN-U1030,USER
CMD019659,2026-06-09 13:43:00,U1048,jennifer.thomas87	,whoami,WKSTN-U1048,USER
CMD012425,2026-06-09 13:44:00,U1030,betty.rodriguez86,cat readme.txt,WKSTN-U1030,USER
CMD038265,2026-06-09 12:15:00,U1093,sarah.clark44,systeminfo,WKSTN-U1093,USER
CMD014050,2026-06-09 13:09:00,U1034,thomas.allen63,df -h,WKSTN-U1034,USER
CMD011094,2026-06-09 16:10:00,U1027,patricia.brown75,cd project/,WKSTN-U1027,USER
CMD015653,2026-06-09 15:43:00,U1038,emily.clark,cd project/,WKSTN-U1038,USER
CMD015652,2026-06-09 15:17:00,U1038,emily.clark,ping 10.0.0.5,WKSTN-U1038,USER
CMD016837,2026-06-09 14:31:00,U1041,matthew.allen52	,whoami,WKSTN-U1041,user
CMD011562,2026-06-09 15:28:00,U1028,john.hill,top,WKSTN-U1028,USER
CMD016437,2026-06-09 15:40:00,U1040,matthew.martin,ipconfig,WKSTN-U1040,USER
CMD033762,2026-06-09 17:19:00,U1083,sarah.allen70,git pull,WKSTN-U1083,USER
CMD030042,2026-06-09 16:42:00,U1074,sarah.williams7,  cat readme.txt ,WKSTN-U1074,USER
CMD006567,2026-06-09 15:00:00,U1017,EMILY.HERNANDEZ34,cat readme.txt,WKSTN-U1017,USER
CMD006570,2026-06-09 15:10:00,U1017,emily.hernandez34,git pull,WKSTN-U1017,USER
CMD035552,2026-06-09 13:57:00,U1087,charles.sanchez,cd project/,WKSTN-U1087,USER
CMD008388,2026-06-09 16:43:00,U1021,jessica.walker,ipconfig,WKSTN-U1021,USER
CMD035551,2026-06-09 14:31:00,U1087,charles.sanchez,df -h,WKSTN-U1087,USER
CMD036473,2026-06-09 15:25:00,U1089,paul.brown27,git pull,WKSTN-U1089,USER
CMD010200,2026-06-09 16:04:00,U1025,betty.brown22,git status,WKSTN-U1025,USER
CMD036470,2026-06-09 14:53:00,U1089,paul.brown27,clear,WKSTN-U1089,USER
CMD036927,2026-06-09 15:39:00,U1090,mary.hill,systeminfo,WKSTN-U1090,USER
CMD020417,2026-06-09 16:05:00,U1050,michael.ramirez,cat readme.txt,WKSTN-U1050,USER
CMD011564,2026-06-09 16:07:00,U1028,john.hill,systeminfo,WKSTN-U1028,USER
CMD036929,2026-06-09 15:10:00,U1090,mary.hill,cat readme.txt,WKSTN-U1090,USER
CMD009306,2026-06-09 16:07:00,U1023,richard.wright,top,WKSTN-U1023,USER
CMD037826,2026-06-09 15:44:00,U1092,steven.thomas,clear,WKSTN-U1092,USER
CMD036472,2026-06-09 15:41:00,U1089,paul.brown27,cat readme.txt,WKSTN-U1089,USER
CMD037824,2026-06-09 16:36:00,U1092,steven.thomas,git status,WKSTN-U1092,USER
CMD011563,2026-06-09 14:50:00,U1028,john.hill,git status,WKSTN-U1028,user
CMD034230,2026-06-10 09:09:00,U1084,JOSHUA.TAYLOR,systeminfo,WKSTN-U1084,USER
CMD018440,2026-06-10 09:26:00,U1045,daniel.sanchez90,dir,WKSTN-U1045,USER
CMD038283,2026-06-10 08:19:00,U1093,sarah.clark44,df -h,WKSTN-U1093,USER
CMD036953,2026-06-10 10:38:00,U1090,mary.hill,git status,WKSTN-U1090,USER
CMD008873,2026-06-10 10:43:00,U1022,sandra.brown,ls -la,WKSTN-U1022,USER
CMD007969,2026-06-10 09:38:00,U1020,andrew.thomas36,ipconfig,WKSTN-U1020,USER
CMD009325,2026-06-10 08:15:00,U1023,richard.wright,cat readme.txt,WKSTN-U1023,USER
CMD010223,2026-06-10 10:25:00,U1025,betty.brown22,top,WKSTN-U1025,USER
CMD005309,2026-06-10 10:10:00,U1014,james.taylor,systeminfo,WKSTN-U1014,USER
CMD007968,2026-06-10 10:00:00,U1020,andrew.thomas36,top,WKSTN-U1020,USER
CMD009327,2026-06-10 09:31:00,U1023,richard.wright,,WKSTN-U1023,USER
CMD018442,2026-06-10 09:29:00,U1045,daniel.sanchez90,ipconfig,WKSTN-U1045,USER
CMD006594,2026-06-10 10:11:00,U1017,emily.hernandez34,cat readme.txt,WKSTN-U1017,USER
CMD032908,2026-06-10 10:14:00,U1081,margaret.davis,ping 10.0.0.5,WKSTN-U1081,USER
CMD033345,2026-06-10 09:20:00,U1082,karen.hill96,git pull,WKSTN-U1082,USER
CMD008406,2026-06-10 09:33:00,U1021,jessica.walker,top,WKSTN-U1021,USER
CMD009324,2026-06-10 09:44:00,U1023,richard.wright,df -h,WKSTN-U1023,USER
CMD035117,2026-06-09 17:27:00,U1086,steven.thompson53,git status,WKSTN-U1086	,USER
CMD036067,2026-06-10 09:05:00,U1088,andrew.smith85,df -h,WKSTN-U1088,USER
CMD038729,2026-06-10 08:58:00,U1094,elizabeth.lewis69,cat readme.txt,WKSTN-U1094,USER
CMD003311,2026-06-10 10:24:00,U1009,daniel.brown,top,WKSTN-U1009,USER
CMD037850,2026-06-10 09:48:00,U1092,steven.thomas,cd project/,WKSTN-U1092,USER
CMD036066,2026-06-10 09:07:00,U1088,andrew.smith85,top,WKSTN-U1088,USER
CMD040357,2026-06-10 10:48:00,U1098,nancy.wright49,df -h,WKSTN-U1098,USER
CMD036493,2026-06-10 09:59:00,U1089,paul.brown27,ping 10.0.0.5,WKSTN-U1089,USER
CMD021238,2026-06-10 11:51:00,U1052,paul.taylor,ipconfig,WKSTN-U1052,
CMD008407,2026-06-10 11:00:00,U1021,jessica.walker,dir,WKSTN-U1021,USER
CMD038727,2026-06-10 11:44:00,U1094,elizabeth.lewis69,git pull,WKSTN-U1094,USER
CMD040356,2026-06-10 11:17:00,U1098,nancy.wright49,git status,WKSTN-U1098,USER
CMD009770,2026-06-10 12:07:00,U1024,emily.miller,git pull,WKSTN-U1024,USER
CMD033344,2026-06-10 11:03:00,U1082,karen.hill96,cat readme.txt,WKSTN-U1082	,USER
CMD011118,2026-06-10 11:29:00,U1027,patricia.brown75,df -h,WKSTN-U1027,USER
CMD037851,2026-06-10 11:59:00,U1092,steven.thomas,clear,WKSTN-U1092,USER
CMD033343,2026-06-10 10:49:00,U1082,karen.hill96,ping 10.0.0.5,WKSTN-U1082,USER
CMD033783,2026-06-10 11:10:00,U1083,sarah.allen70,df -h,WKSTN-U1083,USER
CMD011119,2026-06-10 12:06:00,U1027,patricia.brown75,git pull,WKSTN-U1027,USER
CMD032909,2026-06-10 10:48:00,U1081,margaret.davis,dir,WKSTN-U1081,USER
CMD036492,2026-06-10 11:31:00,U1089,paul.brown27,dir,WKSTN-U1089,USER
CMD006126,2026-06-10 11:32:00,U1016,patricia.thomas,cat readme.txt,WKSTN-U1016,USER
CMD013289,2026-06-10 11:14:00,U1032,paul.wright91,ls -la,WKSTN-U1032,USER
CMD036068,2026-06-10 10:56:00,U1088,andrew.smith85,systeminfo,WKSTN-U1088,USER
CMD012009,2026-06-10 11:57:00,U1029,michelle.garcia54,clear,WKSTN-U1029,USER
CMD006124,2026-06-10 11:03:00,U1016,patricia.thomas,cd project/,WKSTN-U1016,USER
CMD034231,2026-06-10 10:59:00,U1084,joshua.taylor,systeminfo,WKSTN-U1084,USER
CMD034695,2026-06-10 12:14:00,U1085,barbara.walker67,systeminfo,WKSTN-U1085,USER
CMD023633,2026-06-10 11:38:00,U1058,jennifer.ramirez18,dir,WKSTN-U1058,USER
CMD008874,2026-06-10 12:00:00,U1022,sandra.brown,dir,WKSTN-U1022,USER
CMD010669,2026-06-10 11:16:00,U1026,,ipconfig,WKSTN-U1026,USER
CMD022461,2026-06-10 10:54:00,U1055,patricia.wilson54,clear,WKSTN-U1055,USER
CMD036951,2026-06-10 11:34:00,U1090,mary.hill,  systeminfo ,WKSTN-U1090,USER
CMD009326,2026-06-10 14:08:00,U1023,richard.wright,git pull,WKSTN-U1023,
CMD007970,2026-06-10 12:21:00,U1020,andrew.thomas36,whoami,WKSTN-U1020,USER
CMD021240,2026-06-10 13:22:00,U1052,paul.taylor,,WKSTN-U1052	,USER
CMD034693,2026-06-10 12:28:00,U1085,barbara.walker67,ping 10.0.0.5,WKSTN-U1085,USER
CMD011581,2026-06-10 12:51:00,U1028,john.hill,git pull,WKSTN-U1028,USER
CMD037400,2026-06-10 12:16:00,U1091,linda.robinson,dir,,USER
CMD038282,2026-06-10 13:53:00,U1093,sarah.clark44,ping 10.0.0.5,WKSTN-U1093,USER
CMD035138,2026-06-10 14:14:00,U1086,  steven.thompson53 ,whoami,WKSTN-U1086,USER
CMD033781,2026-06-10 13:04:00,U1083,sarah.allen70,cd project/,WKSTN-U1083,USER
CMD012008,2026-06-10 13:01:00,U1029,michelle.garcia54,cat readme.txt,WKSTN-U1029,USER
CMD035573,2026-06-10 14:07:00,U1087,charles.sanchez,cd project/,WKSTN-U1087,USER
CMD007060,2026-06-10 13:51:00,U1018,betty.white57,clear,,USER
CMD035139,2026-06-10 13:22:00,U1086,steven.thompson53,git status,WKSTN-U1086,USER
CMD032907,2026-06-10 12:39:00,U1081,margaret.davis,ping 10.0.0.5,WKSTN-U1081,USER
CMD032910,2026-06-10 13:24:00,U1081,margaret.davis,ls -la,WKSTN-U1081,USER
CMD033784,2026-06-10 12:50:00,U1083,  sarah.allen70 ,cd project/,  WKSTN-U1083 ,USER
CMD035140,2026-06-10 12:29:00,U1086,steven.thompson53,clear,WKSTN-U1086,USER
CMD032056,2026-06-10 13:29:00,U1079,emily.jones,dir,WKSTN-U1079,USER
CMD007528,2026-06-10 14:07:00,U1019,  donna.anderson ,git pull,WKSTN-U1019,USER
CMD010222,2026-06-10 13:08:00,U1025,betty.brown22,ping 10.0.0.5	,WKSTN-U1025,USER
CMD038730,2026-06-10 13:26:00,U1094,elizabeth.lewis69,  systeminfo ,WKSTN-U1094,USER
CMD003310,2026-06-10 14:08:00,U1009,daniel.brown,cat readme.txt,WKSTN-U1009,USER
CMD037401,2026-06-10 12:24:00,U1091,linda.robinson,dir,WKSTN-U1091,USER
CMD034232,2026-06-10 13:05:00,U1084,joshua.taylor,git status,WKSTN-U1084,USER
CMD012447,2026-06-10 13:23:00,U1030,betty.rodriguez86,dir,WKSTN-U1030,USER
CMD007061,2026-06-10 15:09:00,U1018,betty.white57,clear,WKSTN-U1018,USER
CMD009771,2026-06-10 15:31:00,U1024,emily.miller,df -h,WKSTN-U1024,USER
CMD032477,2026-06-10 15:39:00,U1080,joseph.jackson91,whoami,WKSTN-U1080,USER
CMD037852,2026-06-10 16:09:00,U1092,steven.thomas,cat readme.txt,WKSTN-U1092,USER
CMD023632,2026-06-10 14:36:00,U1058,jennifer.ramirez18,systeminfo,WKSTN-U1058,USER
CMD032478,2026-06-10 15:10:00,U1080,joseph.jackson91,,WKSTN-U1080,USER
CMD008408,2026-06-10 14:34:00,U1021,jessica.walker,df -h,WKSTN-U1021,USER
CMD018441,2026-06-10 15:18:00,U1045,daniel.sanchez90,systeminfo,WKSTN-U1045,USER
CMD009769,2026-06-10 14:55:00,U1024,emily.miller,top,WKSTN-U1024,USER
CMD012448,2026-06-10 14:29:00,U1030,betty.rodriguez86,git status,WKSTN-U1030,USER
CMD013288,2026-06-10 14:55:00,U1032,paul.wright91,top	,WKSTN-U1032,USER
CMD032058,2026-06-10 16:19:00,U1079,emily.jones,,WKSTN-U1079,USER
CMD034694,2026-06-10 15:31:00,U1085,barbara.walker67,clear,WKSTN-U1085,USER
CMD008409,2026-06-10 16:05:00,U1021,jessica.walker,ipconfig,WKSTN-U1021,USER
CMD009768,2026-06-10 16:16:00,U1024,emily.miller,top,WKSTN-U1024,USER
CMD010220,2026-06-10 14:59:00,U1025,betty.brown22,df -h,WKSTN-U1025,USER
CMD036952,2026-06-10 14:18:00,U1090,mary.hill,ping 10.0.0.5,WKSTN-U1090,USER
CMD022464,2026-06-10 15:03:00,U1055,patricia.wilson54,df -h,WKSTN-U1055,USER
CMD037849,2026-06-10 15:48:00,U1092,steven.thomas,cd project/,WKSTN-U1092,USER
CMD022463,2026-06-10 14:32:00,U1055,patricia.wilson54,clear,WKSTN-U1055,USER
CMD038728,2026-06-10 16:12:00,U1094,elizabeth.lewis69,,WKSTN-U1094,USER
CMD035141,2026-06-10 14:35:00,U1086,steven.thompson53,systeminfo,WKSTN-U1086,USER
CMD036954,2026-06-10 14:26:00,U1090,mary.hill,git pull,WKSTN-U1090,USER
CMD033782,2026-06-10 15:37:00,U1083,sarah.allen70,clear,WKSTN-U1083,USER
CMD021239,2026-06-10 15:15:00,U1052,paul.taylor,df -h,WKSTN-U1052,USER
CMD006616,2026-06-11 07:51:00,U1017,emily.hernandez34,ls -la,WKSTN-U1017,USER
CMD010668,2026-06-10 16:35:00,U1026,elizabeth.gonzalez,cd project/,WKSTN-U1026,USER
CMD010221,2026-06-10 16:23:00,U1025,BETTY.BROWN22,top,WKSTN-U1025,USER
CMD011580,2026-06-10 16:45:00,U1028,john.hill,clear,WKSTN-U1028,USER
CMD035591,2026-06-11 07:56:00,U1087,charles.sanchez,df -h,WKSTN-U1087,USER
CMD022462,2026-06-10 16:44:00,U1055,patricia.wilson54,systeminfo,WKSTN-U1055,USER
CMD012470,2026-06-11 08:32:00,U1030,betty.rodriguez86,ipconfig,WKSTN-U1030,USER
CMD032936,2026-06-11 09:25:00,U1081,margaret.davis,cd project/,WKSTN-U1081,USER
CMD034714,2026-06-11 09:50:00,U1085,barbara.walker67,ls -la,WKSTN-U1085,USER
CMD011120,2026-06-10 16:28:00,U1027,patricia.brown75,cd project/,WKSTN-U1027	,USER
CMD010689,2026-06-11 10:02:00,U1026,elizabeth.gonzalez,git pull,WKSTN-U1026,USER
CMD006618,2026-06-11 07:28:00,U1017,emily.hernandez34,git status,WKSTN-U1017,USER
CMD017274,2026-06-11 07:22:00,U1042,michael.hill56,ping 10.0.0.5,WKSTN-U1042,USER
CMD007079,2026-06-11 09:33:00,U1018,betty.white57,git status,,USER
CMD006125,2026-06-10 17:58:00,U1016,patricia.thomas,clear,WKSTN-U1016	,USER
CMD011600,2026-06-11 07:48:00,U1028,john.hill,top,WKSTN-U1028,USER
CMD032057,2026-06-10 16:44:00,U1079,emily.jones,systeminfo,WKSTN-U1079,USER
CMD017273,2026-06-11 08:59:00,U1042,michael.hill56,ipconfig,WKSTN-U1042,USER
CMD011599,2026-06-11 09:09:00,U1028,john.hill,ipconfig,WKSTN-U1028,USER
CMD020058,2026-06-11 08:49:00,U1049,  michelle.jones59 ,ipconfig,WKSTN-U1049,USER
CMD036083,2026-06-11 09:29:00,U1088,andrew.smith85,,WKSTN-U1088,USER
CMD011601,2026-06-11 09:26:00,U1028,john.hill,git pull,WKSTN-U1028,USER
CMD011141,2026-06-11 09:19:00,U1027,patricia.brown75,git status,WKSTN-U1027,USER
CMD012028,2026-06-11 08:20:00,U1029,michelle.garcia54,cd project/,WKSTN-U1029,USER
CMD038302,2026-06-11 09:25:00,U1093,sarah.clark44,git status,WKSTN-U1093,USER
CMD032081,2026-06-11 10:41:00,U1079,emily.jones,cat readme.txt,WKSTN-U1079,USER
CMD035592,2026-06-11 10:49:00,U1087,charles.sanchez,git pull,WKSTN-U1087,USER
CMD011602,2026-06-11 10:56:00,U1028,john.hill,ls -la,WKSTN-U1028,USER
CMD038748,2026-06-11 10:25:00,U1094,elizabeth.lewis69,git pull,  WKSTN-U1094 ,USER
CMD010244,2026-06-11 10:59:00,U1025,betty.brown22,clear	,WKSTN-U1025,USER
CMD007992,2026-06-11 10:02:00,U1020,andrew.thomas36,cat readme.txt,WKSTN-U1020,USER
CMD011144,2026-06-11 10:27:00,U1027,patricia.brown75,clear,WKSTN-U1027,USER
CMD032934,2026-06-11 10:04:00,U1081,margaret.davis,ipconfig,WKSTN-U1081,USER
CMD036517,2026-06-11 10:28:00,U1089,paul.brown27,whoami,WKSTN-U1089,USER
CMD007080,2026-06-11 11:25:00,U1018,betty.white57,ping 10.0.0.5,WKSTN-U1018,USER
CMD009342,2026-06-11 10:12:00,U1023,richard.wright,systeminfo,WKSTN-U1023,USER
CMD039559,2026-06-11 11:29:00,U1096,david.allen76,systeminfo,WKSTN-U1096,USER
CMD010243,2026-06-11 10:27:00,U1025,betty.brown22,git status,WKSTN-U1025,USER
CMD004089,2026-06-11 11:07:00,U1011,donna.ramirez75,df -h,WKSTN-U1011,USER
CMD008891,2026-06-11 10:34:00,U1022,sandra.brown,df -h,WKSTN-U1022,USER
CMD033360,2026-06-11 11:28:00,U1082,karen.hill96,top,WKSTN-U1082,USER
CMD012884,2026-06-11 11:02:00,U1031,john.wright28,ping 10.0.0.5,WKSTN-U1031,USER
CMD040373,2026-06-11 11:38:00,U1098,nancy.wright49,dir,WKSTN-U1098,USER
CMD036082,2026-06-11 10:41:00,U1088,andrew.smith85,,WKSTN-U1088,USER
CMD040372,2026-06-11 11:39:00,U1098,nancy.wright49,git status,WKSTN-U1098,USER
CMD007082,2026-06-11 11:17:00,U1018,betty.white57,df -h,WKSTN-U1018,user
CMD007549,2026-06-11 10:52:00,U1019,donna.anderson,ipconfig,WKSTN-U1019,USER
CMD010688,2026-06-11 11:04:00,U1026,elizabeth.gonzalez,clear,WKSTN-U1026,USER
CMD009341,2026-06-11 10:04:00,U1023,richard.wright,whoami,WKSTN-U1023,USER
CMD035593,2026-06-11 11:34:00,U1087,charles.sanchez,ping 10.0.0.5,WKSTN-U1087,USER
CMD026455,2026-06-11 12:29:00,U1065,michael.ramirez47,ls -la,WKSTN-U1065,USER
CMD008893,2026-06-11 11:56:00,U1022,,clear,WKSTN-U1022,USER
CMD012885,2026-06-11 13:30:00,U1031,john.wright28,,WKSTN-U1031,USER
CMD007993,2026-06-11 11:53:00,U1020,andrew.thomas36,dir,WKSTN-U1020,USER
CMD038300,2026-06-11 12:59:00,U1093,sarah.clark44,dir,WKSTN-U1093,USER
CMD034255,2026-06-11 12:14:00,U1084,joshua.taylor,top,WKSTN-U1084,USER
CMD034712,2026-06-11 11:44:00,U1085,barbara.walker67,,WKSTN-U1085,USER
CMD032933,2026-06-11 12:37:00,U1081,  margaret.davis ,dir,WKSTN-U1081,USER
CMD011142,2026-06-11 12:56:00,U1027,patricia.brown75,df -h,WKSTN-U1027,USER
CMD004091,2026-06-11 12:06:00,U1011,donna.ramirez75,cat readme.txt,WKSTN-U1011,USER
CMD007081,2026-06-11 12:24:00,U1018,betty.white57,ipconfig,WKSTN-U1018,USER
CMD026454,2026-06-11 12:35:00,U1065,michael.ramirez47,cat readme.txt	,WKSTN-U1065,USER
CMD036973,2026-06-11 12:50:00,U1090,mary.hill,df -h,WKSTN-U1090,USER
CMD009792,2026-06-11 12:01:00,U1024,emily.miller,git status,WKSTN-U1024,USER
CMD033362,2026-06-11 11:58:00,U1082,karen.hill96,git pull,WKSTN-U1082,USER
CMD004090,2026-06-11 11:57:00,U1011,donna.ramirez75,cd project/,WKSTN-U1011,USER
CMD012029,2026-06-11 12:52:00,U1029,michelle.garcia54,cat readme.txt,WKSTN-U1029,USER
CMD032499,2026-06-11 12:35:00,U1080,joseph.jackson91,df -h,WKSTN-U1080,user
CMD017275,2026-06-11 13:37:00,U1042,michael.hill56,cat readme.txt,WKSTN-U1042,USER
CMD034252,2026-06-11 12:12:00,U1084,joshua.taylor,clear,WKSTN-U1084,USER
CMD036081,2026-06-11 13:14:00,U1088,andrew.smith85,cat readme.txt,WKSTN-U1088,USER
CMD012883,2026-06-11 13:06:00,U1031,john.wright28,df -h,WKSTN-U1031,USER
CMD007991,2026-06-11 12:41:00,U1020,andrew.thomas36,ls -la,WKSTN-U1020,USER
CMD040374,2026-06-11 13:08:00,U1098,nancy.wright49,cd project/,WKSTN-U1098,USER
CMD008892,2026-06-11 13:39:00,U1022,sandra.brown,whoami,WKSTN-U1022,USER
CMD032497,2026-06-11 14:13:00,U1080,joseph.jackson91,top,WKSTN-U1080,USER
CMD006617,2026-06-11 14:19:00,U1017,emily.hernandez34,git status,  WKSTN-U1017 ,USER
CMD012886,2026-06-11 13:43:00,U1031,john.wright28,top,WKSTN-U1031,USER
CMD033359,2026-06-11 14:52:00,U1082,karen.hill96,ping 10.0.0.5,WKSTN-U1082,USER
CMD004906,2026-06-11 15:47:00,U1013,emily.smith,git status,WKSTN-U1013,USER
CMD038301,2026-06-11 14:32:00,U1093,sarah.clark44,ipconfig,WKSTN-U1093,USER
CMD037870,2026-06-11 14:53:00,U1092,steven.thomas,ls -la,WKSTN-U1092	,USER
CMD010687,2026-06-11 14:35:00,U1026,elizabeth.gonzalez,systeminfo,WKSTN-U1026,USER
CMD008432,2026-06-11 14:54:00,U1021,jessica.walker,cd project/,WKSTN-U1021,USER
CMD011143,2026-06-11 13:57:00,U1027,patricia.brown75,clear,WKSTN-U1027,USER
CMD034254,2026-06-11 15:01:00,U1084,joshua.taylor,ping 10.0.0.5,WKSTN-U1084,USER
CMD038747,2026-06-11 15:34:00,U1094,elizabeth.lewis69,ls -la,WKSTN-U1094,USER
CMD007994,2026-06-11 15:24:00,U1020,andrew.thomas36,cat readme.txt,WKSTN-U1020,user
CMD036972,2026-06-11 15:08:00,U1090,mary.hill,whoami,WKSTN-U1090,USER
CMD012471,2026-06-11 14:27:00,U1030,BETTY.RODRIGUEZ86,git pull,  WKSTN-U1030 ,USER
CMD036971,2026-06-11 16:01:00,U1090,mary.hill,ipconfig,  WKSTN-U1090 ,USER
CMD034253,2026-06-11 14:54:00,U1084,JOSHUA.TAYLOR,clear,WKSTN-U1084,USER
CMD037418,2026-06-11 15:18:00,U1091,linda.robinson,top,WKSTN-U1091,USER
CMD032935,2026-06-11 14:12:00,U1081,margaret.davis	,git pull,WKSTN-U1081,USER
CMD033361,2026-06-11 15:23:00,U1082,karen.hill96,cd project/,WKSTN-U1082,USER
CMD034715,2026-06-11 14:46:00,U1085,barbara.walker67,whoami,WKSTN-U1085,USER
CMD036084,2026-06-11 13:58:00,U1088,andrew.smith85,git pull,WKSTN-U1088,user
CMD035163,2026-06-11 15:29:00,U1086,steven.thompson53,clear,WKSTN-U1086,USER
CMD012027,2026-06-11 15:53:00,U1029,michelle.garcia54,git status,WKSTN-U1029,USER
CMD004907,2026-06-11 14:01:00,U1013,emily.smith,ping 10.0.0.5,WKSTN-U1013,USER
CMD036516,2026-06-11 16:20:00,U1089,paul.brown27,top,WKSTN-U1089,USER
CMD003744,2026-06-12 08:11:00,U1010,susan.young51,systeminfo,WKSTN-U1010,USER
CMD007101,2026-06-12 09:46:00,U1018,betty.white57,ipconfig,WKSTN-U1018,USER
CMD012493,2026-06-12 08:58:00,U1030,betty.rodriguez86,whoami,WKSTN-U1030,USER
CMD034713,2026-06-11 16:32:00,U1085,barbara.walker67,df -h,WKSTN-U1085,USER
CMD032500,2026-06-11 16:57:00,U1080,joseph.jackson91,git pull,  WKSTN-U1080 ,USER
CMD036515,2026-06-11 16:01:00,U1089,paul.brown27,dir,WKSTN-U1089,USER
CMD004905,2026-06-11 17:24:00,U1013,emily.smith,git pull,WKSTN-U1013,
CMD033803,2026-06-11 16:47:00,U1083,sarah.allen70,systeminfo,WKSTN-U1083,USER
CMD006164,2026-06-12 09:17:00,U1016,patricia.thomas,df -h,WKSTN-U1016,USER
CMD010709,2026-06-12 07:31:00,U1026,elizabeth.gonzalez,ipconfig,WKSTN-U1026,USER
CMD032498,2026-06-11 16:40:00,U1080,joseph.jackson91,ping 10.0.0.5,WKSTN-U1080,USER
CMD006142,2026-06-11 16:55:00,U1016,patricia.thomas,dir,WKSTN-U1016,
CMD040371,2026-06-11 16:12:00,U1098,nancy.wright49,clear,WKSTN-U1098,USER
CMD008449,2026-06-12 09:40:00,U1021,jessica.walker,whoami,WKSTN-U1021,USER
CMD007565,2026-06-12 09:19:00,U1019,donna.anderson,ipconfig,WKSTN-U1019,USER
CMD009790,2026-06-11 16:07:00,U1024,emily.miller,top,WKSTN-U1024,USER
CMD011159,2026-06-12 08:31:00,U1027,patricia.brown75,ipconfig,WKSTN-U1027,USER
CMD012908,2026-06-12 08:45:00,U1031,john.wright28,dir,WKSTN-U1031,USER
CMD010711,2026-06-12 09:25:00,U1026,ELIZABETH.GONZALEZ,whoami,WKSTN-U1026,USER
CMD036986,2026-06-12 07:50:00,U1090,mary.hill,  clear ,WKSTN-U1090,USER
CMD011160,2026-06-12 09:37:00,U1027,patricia.brown75,df -h,WKSTN-U1027,USER
CMD012492,2026-06-12 08:31:00,U1030,betty.rodriguez86,  git pull ,WKSTN-U1030,USER
CMD009791,2026-06-11 16:55:00,U1024,emily.miller,git status,WKSTN-U1024,USER
CMD038767,2026-06-12 09:36:00,U1094,elizabeth.lewis69,git status,WKSTN-U1094,USER
CMD006635,2026-06-12 10:55:00,U1017,emily.hernandez34,clear,WKSTN-U1017,USER
CMD015299,2026-06-12 11:27:00,U1037,robert.martin,git status,WKSTN-U1037,USER
CMD010710,2026-06-12 11:00:00,U1026,elizabeth.gonzalez,git status,WKSTN-U1026,USER
CMD032103,2026-06-12 10:18:00,U1079,emily.jones,ls -la,WKSTN-U1079,USER
CMD011623,2026-06-12 10:00:00,U1028,john.hill,clear,WKSTN-U1028,USER
CMD034275,2026-06-12 11:32:00,U1084,joshua.taylor,git status,WKSTN-U1084,USER
CMD010265,2026-06-12 10:26:00,U1025,betty.brown22,ping 10.0.0.5,WKSTN-U1025,USER
CMD036534,2026-06-12 11:33:00,U1089,paul.brown27,top,WKSTN-U1089,USER
CMD035614,2026-06-12 11:33:00,U1087,charles.sanchez,,WKSTN-U1087,USER
CMD011622,2026-06-12 09:49:00,U1028,JOHN.HILL,ipconfig,WKSTN-U1028,USER
CMD008916,2026-06-12 09:50:00,U1022,sandra.brown,systeminfo,WKSTN-U1022,USER
CMD010712,2026-06-12 10:39:00,U1026,elizabeth.gonzalez,ping 10.0.0.5,WKSTN-U1026,USER
CMD038318,2026-06-12 10:19:00,U1093,sarah.clark44,cd project/,WKSTN-U1093,USER
CMD024470,2026-06-12 09:51:00,U1060,MATTHEW.ANDERSON,dir,,USER
CMD034277,2026-06-12 11:45:00,U1084,joshua.taylor,git pull,WKSTN-U1084,USER
CMD036107,2026-06-12 11:09:00,U1088,andrew.smith85,systeminfo,WKSTN-U1088,USER
CMD007566,2026-06-12 11:13:00,U1019,donna.anderson,whoami,WKSTN-U1019,USER
CMD008917,2026-06-12 10:33:00,U1022,sandra.brown,cd project/,WKSTN-U1022,USER
CMD006636,2026-06-12 09:50:00,U1017,emily.hernandez34,git status,WKSTN-U1017,USER
CMD009361,2026-06-12 10:47:00,U1023,richard.wright,systeminfo	,WKSTN-U1023,USER
CMD032521,2026-06-12 11:15:00,U1080,joseph.jackson91,ipconfig,WKSTN-U1080,USER
CMD024472,2026-06-12 10:06:00,U1060,matthew.anderson,ping 10.0.0.5,WKSTN-U1060,USER
CMD024471,2026-06-12 09:49:00,U1060,matthew.anderson,whoami,,USER
CMD003745,2026-06-12 11:11:00,U1010,susan.young51,ls -la,WKSTN-U1010,USER
CMD036106,2026-06-12 09:57:00,U1088,andrew.smith85,whoami,WKSTN-U1088,USER
CMD012046,2026-06-12 12:20:00,U1029,michelle.garcia54,dir,WKSTN-U1029,USER
CMD010266,2026-06-12 12:00:00,U1025,betty.brown22,ls -la,WKSTN-U1025,USER
CMD015300,2026-06-12 11:47:00,U1037,,top,WKSTN-U1037,USER
CMD032104,2026-06-12 14:12:00,U1079,emily.jones,ipconfig,WKSTN-U1079,USER
CMD012906,2026-06-12 13:58:00,U1031,john.wright28,git status,WKSTN-U1031,USER
CMD036987,2026-06-12 12:36:00,U1090,mary.hill,ls -la,WKSTN-U1090,USER
CMD036535,2026-06-12 13:43:00,U1089,paul.brown27	,top,WKSTN-U1089,USER
CMD036104,2026-06-12 13:04:00,U1088,andrew.smith85,top,WKSTN-U1088,USER
CMD032954,2026-06-12 13:58:00,U1081,margaret.davis,systeminfo,WKSTN-U1081,USER
CMD038319,2026-06-12 14:19:00,U1093,sarah.clark44,ping 10.0.0.5,,USER
CMD036536,2026-06-12 13:39:00,U1089,paul.brown27,cd project/,WKSTN-U1089,USER
CMD028491,2026-06-12 13:07:00,U1070,betty.thomas40,systeminfo,WKSTN-U1070,USER
CMD027283,2026-06-12 12:49:00,U1067,paul.thomas97,top,,USER
CMD008011,2026-06-12 14:16:00,U1020,andrew.thomas36,dir,WKSTN-U1020,USER
CMD002588,2026-06-12 11:49:00,U1007,sarah.robinson82,ls -la,WKSTN-U1007,
CMD037434,2026-06-12 12:51:00,U1091,linda.robinson,ls -la,WKSTN-U1091,USER
CMD034276,2026-06-12 14:04:00,U1084,joshua.taylor,git pull,WKSTN-U1084,USER
CMD002587,2026-06-12 13:09:00,U1007,sarah.robinson82,git status,WKSTN-U1007,USER
CMD038768,2026-06-12 11:47:00,U1094,elizabeth.lewis69,systeminfo,WKSTN-U1094,USER
CMD033379,2026-06-12 13:34:00,U1082,karen.hill96,clear,WKSTN-U1082,USER
CMD012907,2026-06-12 13:05:00,U1031,john.wright28,ipconfig,WKSTN-U1031,USER
CMD010263,2026-06-12 13:25:00,U1025,betty.brown22,git status,WKSTN-U1025,USER
CMD007103,2026-06-12 13:40:00,U1018,  betty.white57 ,cat readme.txt,WKSTN-U1018,USER
CMD036105,2026-06-12 13:13:00,U1088,andrew.smith85,ls -la,,USER
CMD024473,2026-06-12 13:57:00,U1060,,,WKSTN-U1060,USER
CMD035184,2026-06-12 14:57:00,U1086,steven.thompson53,df -h,WKSTN-U1086,USER
CMD010264,2026-06-12 15:47:00,U1025,betty.brown22,df -h,WKSTN-U1025,USER
CMD011620,2026-06-12 14:47:00,U1028,john.hill,systeminfo,,USER
CMD024070,2026-06-12 14:40:00,U1059,daniel.perez98,df -h,WKSTN-U1059,USER
CMD015298,2026-06-12 14:33:00,U1037,robert.martin,clear,WKSTN-U1037,USER
CMD037888,2026-06-12 15:11:00,U1092,steven.thomas,df -h,WKSTN-U1092,USER
CMD033381,2026-06-12 15:35:00,U1082,karen.hill96,clear,WKSTN-U1082,USER
CMD012905,2026-06-12 16:09:00,U1031,john.wright28,dir,  WKSTN-U1031 ,USER
CMD031278,2026-06-12 15:58:00,U1077,kimberly.harris58,top,WKSTN-U1077,USER
CMD012491,2026-06-12 14:19:00,U1030,betty.rodriguez86,top,WKSTN-U1030,USER
CMD035183,2026-06-12 16:30:00,U1086,steven.thompson53,cat readme.txt,WKSTN-U1086,USER
CMD015297,2026-06-12 15:09:00,U1037,robert.martin,cat readme.txt,WKSTN-U1037,USER
CMD008450,2026-06-12 14:27:00,U1021,jessica.walker,top,,USER
CMD033820,2026-06-12 15:57:00,U1083,sarah.allen70,top,WKSTN-U1083,USER
CMD033380,2026-06-12 15:59:00,U1082,karen.hill96,cd project/,WKSTN-U1082,USER
CMD012045,2026-06-12 16:27:00,U1029,michelle.garcia54,git status,WKSTN-U1029,USER
CMD011158,2026-06-12 15:56:00,U1027,patricia.brown75,top,WKSTN-U1027,USER
CMD027284,2026-06-12 14:45:00,U1067,paul.thomas97,clear,WKSTN-U1067,USER
CMD012047,2026-06-12 15:31:00,U1029,michelle.garcia54,df -h,WKSTN-U1029,USER
CMD034274,2026-06-12 14:52:00,U1084,joshua.taylor	,git pull,WKSTN-U1084,USER
CMD007102,2026-06-12 15:29:00,U1018,betty.white57,git pull,,USER
CMD032522,2026-06-12 14:59:00,U1080,joseph.jackson91,cd project/,WKSTN-U1080,USER
CMD009808,2026-06-12 15:03:00,U1024,emily.miller,systeminfo,,USER
CMD011621,2026-06-12 14:20:00,U1028,john.hill,top,WKSTN-U1028,USER
CMD019714,2026-06-12 14:37:00,U1048,jennifer.thomas87,,WKSTN-U1048,USER
CMD037004,2026-06-13 11:27:00,U1090,mary.hill,ls -la,WKSTN-U1090,USER
CMD011179,2026-06-15 08:17:00,U1027,patricia.brown75,cd project/,WKSTN-U1027,USER
CMD028510,2026-06-15 07:26:00,U1070,betty.thomas40,ping 10.0.0.5,WKSTN-U1070,USER
CMD033382,2026-06-12 16:51:00,U1082,karen.hill96,cd project/,WKSTN-U1082,USER
CMD032955,2026-06-12 16:36:00,U1081,margaret.davis,ping 10.0.0.5,WKSTN-U1081,USER
CMD027286,2026-06-12 17:21:00,U1067,paul.thomas97,whoami,WKSTN-U1067,USER
CMD006182,2026-06-15 09:40:00,U1016,patricia.thomas,git pull,WKSTN-U1016,USER
CMD035632,2026-06-15 07:45:00,U1087,charles.sanchez,top,WKSTN-U1087,USER
CMD039602,2026-06-15 09:31:00,U1096,david.allen76,ls -la,WKSTN-U1096,USER
CMD036123,2026-06-15 07:42:00,U1088,andrew.smith85,git pull,WKSTN-U1088,USER
CMD024090,2026-06-15 09:10:00,U1059,daniel.perez98,ping 10.0.0.5,WKSTN-U1059,USER
CMD027285,2026-06-12 17:08:00,U1067,paul.thomas97,git status,WKSTN-U1067	,USER
CMD008027,2026-06-15 09:18:00,U1020,andrew.thomas36,df -h,WKSTN-U1020,USER
CMD009827,2026-06-15 09:46:00,U1024,emily.miller,df -h,  WKSTN-U1024 ,USER
CMD032520,2026-06-12 16:57:00,U1080,joseph.jackson91,df -h,WKSTN-U1080,USER
CMD012066,2026-06-15 09:49:00,U1029,michelle.garcia54,ls -la,WKSTN-U1029,USER
CMD040021,2026-06-15 08:17:00,U1097,mark.martinez10,cd project/,WKSTN-U1097,USER
CMD010281,2026-06-15 08:42:00,U1025,  betty.brown22 ,systeminfo,WKSTN-U1025,USER
CMD034733,2026-06-12 17:40:00,U1085,barbara.walker67,ipconfig,WKSTN-U1085,USER
CMD010726,2026-06-15 09:27:00,U1026,elizabeth.gonzalez,clear,WKSTN-U1026,USER
CMD028513,2026-06-15 08:00:00,U1070,betty.thomas40,whoami,WKSTN-U1070,USER
CMD036558,2026-06-15 09:42:00,U1089,paul.brown27,ipconfig,WKSTN-U1089,USER
CMD028511,2026-06-15 07:17:00,U1070,betty.thomas40,top,WKSTN-U1070,USER
CMD001024,2026-06-15 09:04:00,U1003,kenneth.clark29,cd project/,WKSTN-U1003,USER
CMD019713,2026-06-12 16:36:00,U1048,jennifer.thomas87,git status,WKSTN-U1048	,USER
CMD008937,2026-06-15 11:33:00,U1022,sandra.brown,git status,WKSTN-U1022,USER
CMD007129,2026-06-15 09:57:00,U1018,betty.white57,ipconfig,WKSTN-U1018,USER
CMD038787,2026-06-15 11:17:00,U1094,elizabeth.lewis69,git pull,WKSTN-U1094,USER
CMD032543,2026-06-15 11:57:00,U1080,joseph.jackson91	,cd project/,WKSTN-U1080,USER
CMD032544,2026-06-15 09:49:00,U1080,joseph.jackson91,ping 10.0.0.5,WKSTN-U1080,USER
CMD036556,2026-06-15 10:07:00,U1089,paul.brown27,top,WKSTN-U1089,USER
CMD001812,2026-06-15 11:21:00,U1005,robert.robinson,ls -la,WKSTN-U1005,USER
CMD033844,2026-06-15 12:04:00,U1083,sarah.allen70,git status,WKSTN-U1083,USER
CMD006658,2026-06-15 10:24:00,U1017,emily.hernandez34,git status,WKSTN-U1017,USER
CMD038338,2026-06-15 11:22:00,U1093,sarah.clark44,git status	,WKSTN-U1093,USER
CMD011181,2026-06-15 11:08:00,U1027,patricia.brown75,clear,WKSTN-U1027,USER
CMD001814,2026-06-15 11:31:00,U1005,robert.robinson,cd project/,WKSTN-U1005,user
CMD000195,2026-06-15 10:58:00,U1001,linda.johnson95,git status,WKSTN-U1001,USER
CMD037453,2026-06-15 10:34:00,U1091,linda.robinson,whoami,WKSTN-U1091,
CMD039605,2026-06-15 11:43:00,U1096,david.allen76,ls -la,WKSTN-U1096,USER
CMD009383,2026-06-15 11:48:00,U1023,richard.wright,ping 10.0.0.5,WKSTN-U1023,USER
CMD007126,2026-06-15 11:26:00,U1018,betty.white57,clear,WKSTN-U1018,USER
CMD033397,2026-06-15 10:13:00,U1082,karen.hill96,cat readme.txt,WKSTN-U1082	,USER
CMD001813,2026-06-15 12:00:00,U1005,robert.robinson,git pull,WKSTN-U1005,USER
CMD033843,2026-06-15 10:56:00,U1083,sarah.allen70,dir,WKSTN-U1083,USER
CMD008468,2026-06-15 11:56:00,U1021,jessica.walker,clear,WKSTN-U1021,USER
CMD010283,2026-06-15 10:24:00,U1025,betty.brown22,ls -la,WKSTN-U1025,USER
CMD037910,2026-06-15 10:37:00,U1092,steven.thomas,df -h,WKSTN-U1092,USER
CMD032121,2026-06-15 10:23:00,U1079,emily.jones,ipconfig,WKSTN-U1079,USER
CMD012514,2026-06-15 09:49:00,U1030,betty.rodriguez86,ls -la,WKSTN-U1030,USER
CMD040022,2026-06-15 13:41:00,U1097,mark.martinez10,top,WKSTN-U1097,USER
CMD006180,2026-06-15 12:41:00,U1016,patricia.thomas,ls -la,WKSTN-U1016,USER
CMD010282,2026-06-15 12:50:00,U1025,betty.brown22	,ipconfig,WKSTN-U1025,USER
CMD039604,2026-06-15 12:34:00,U1096,  david.allen76 ,ping 10.0.0.5,WKSTN-U1096,USER
CMD016517,2026-06-15 12:12:00,U1040,matthew.martin,systeminfo,WKSTN-U1040,USER
CMD006181,2026-06-15 14:02:00,U1016,patricia.thomas,  clear ,WKSTN-U1016,USER
CMD011180,2026-06-15 14:02:00,U1027,patricia.brown75,top,WKSTN-U1027,USER
CMD016519,2026-06-15 13:59:00,U1040,matthew.martin,git status,WKSTN-U1040,USER
CMD011645,2026-06-15 12:20:00,U1028,john.hill,dir,WKSTN-U1028,USER
CMD033842,2026-06-15 14:01:00,U1083,sarah.allen70,ls -la,WKSTN-U1083,USER
CMD037021,2026-06-15 13:35:00,U1090,mary.hill,cat readme.txt,WKSTN-U1090,USER
CMD010725,2026-06-15 12:14:00,U1026,  elizabeth.gonzalez ,ipconfig,WKSTN-U1026,USER
CMD009825,2026-06-15 12:11:00,U1024,emily.miller,df -h,WKSTN-U1024,USER
CMD029708,2026-06-15 12:55:00,U1073,michael.gonzalez,ping 10.0.0.5,,USER
CMD032120,2026-06-15 12:44:00,U1079,emily.jones,systeminfo,WKSTN-U1079,USER
CMD038339,2026-06-15 12:58:00,U1093,sarah.clark44,dir	,WKSTN-U1093,USER
CMD029707,2026-06-15 12:40:00,U1073,michael.gonzalez,cd project/,WKSTN-U1073	,USER
CMD038340,2026-06-15 13:02:00,U1093,sarah.clark44,df -h,WKSTN-U1093,USER
CMD035206,2026-06-15 13:33:00,U1086,steven.thompson53,systeminfo,WKSTN-U1086,USER
CMD001811,2026-06-15 13:12:00,U1005,robert.robinson,top,WKSTN-U1005,USER
CMD040020,2026-06-15 12:17:00,U1097,mark.martinez10,git pull,  WKSTN-U1097 ,USER
CMD012069,2026-06-15 12:42:00,U1029,michelle.garcia54,,WKSTN-U1029,USER
CMD012068,2026-06-15 13:35:00,U1029,michelle.garcia54,git pull,,USER
CMD011644,2026-06-15 12:42:00,U1028,john.hill,systeminfo,WKSTN-U1028,USER
CMD037908,2026-06-15 14:06:00,U1092,steven.thomas,dir,WKSTN-U1092,USER
CMD036557,2026-06-15 15:23:00,U1089,paul.brown27,systeminfo,WKSTN-U1089,USER
CMD032976,2026-06-15 15:03:00,U1081,margaret.davis,systeminfo,WKSTN-U1081,USER
CMD038786,2026-06-15 15:15:00,U1094,elizabeth.lewis69,cat readme.txt,WKSTN-U1094,USER
CMD007587,2026-06-15 14:51:00,U1019,donna.anderson,clear,WKSTN-U1019,USER
CMD009826,2026-06-15 14:51:00,U1024,EMILY.MILLER,df -h,WKSTN-U1024,USER
CMD033841,2026-06-15 15:40:00,U1083,sarah.allen70	,ipconfig,WKSTN-U1083,USER
CMD028512,2026-06-15 14:14:00,U1070,betty.thomas40,cat readme.txt,WKSTN-U1070,USER
CMD008026,2026-06-15 15:16:00,U1020,andrew.thomas36,clear,WKSTN-U1020,USER
CMD012512,2026-06-15 14:58:00,U1030,betty.rodriguez86,git pull,WKSTN-U1030,USER
CMD037450,2026-06-15 15:11:00,U1091,linda.robinson,ping 10.0.0.5,WKSTN-U1091,USER
CMD037020,2026-06-15 15:29:00,U1090,mary.hill,clear,WKSTN-U1090,USER
CMD016518,2026-06-15 15:42:00,U1040,matthew.martin,df -h,WKSTN-U1040,USER
CMD039603,2026-06-15 15:21:00,U1096,david.allen76	,ipconfig,WKSTN-U1096,USER
CMD000194,2026-06-15 14:43:00,U1001,linda.johnson95,systeminfo,WKSTN-U1001	,USER
CMD019327,2026-06-15 14:47:00,U1047,sandra.lewis,ping 10.0.0.5,WKSTN-U1047,USER
CMD034297,2026-06-15 15:19:00,U1084,joshua.taylor,dir,WKSTN-U1084,USER
CMD007127,2026-06-15 14:39:00,U1018,betty.white57,cd project/,WKSTN-U1018,USER
CMD012067,2026-06-15 15:15:00,U1029,MICHELLE.GARCIA54,ping 10.0.0.5,WKSTN-U1029,
CMD038337,2026-06-15 14:34:00,U1093,sarah.clark44,cd project/,WKSTN-U1093	,USER
CMD010284,2026-06-15 14:41:00,U1025,betty.brown22,ipconfig,  WKSTN-U1025 ,USER
CMD034754,2026-06-15 15:14:00,U1085,barbara.walker67,,WKSTN-U1085,USER
CMD007128,2026-06-15 15:46:00,U1018,betty.white57,whoami,WKSTN-U1018,USER
CMD024091,2026-06-15 14:45:00,U1059,daniel.perez98,cd project/,WKSTN-U1059,USER
CMD034298,2026-06-15 15:01:00,U1084,joshua.taylor,dir,WKSTN-U1084,USER
CMD035633,2026-06-15 14:37:00,U1087,charles.sanchez,ipconfig	,WKSTN-U1087,USER
CMD006661,2026-06-15 17:22:00,U1017,emily.hernandez34,clear	,WKSTN-U1017,
CMD009384,2026-06-15 17:16:00,U1023,richard.wright,df -h,WKSTN-U1023,USER
CMD009407,2026-06-16 08:23:00,U1023,richard.wright	,ipconfig,WKSTN-U1023	,USER
CMD001023,2026-06-15 16:26:00,U1003,kenneth.clark29,  ipconfig ,WKSTN-U1003,USER
CMD006660,2026-06-15 16:01:00,U1017,emily.hernandez34,df -h,WKSTN-U1017,USER
CMD010748,2026-06-16 07:44:00,U1026,elizabeth.gonzalez,top,WKSTN-U1026,USER
CMD023710,2026-06-16 08:06:00,U1058,jennifer.ramirez18,whoami,WKSTN-U1058,USER
CMD008467,2026-06-15 15:49:00,U1021,jessica.walker,cd project/,WKSTN-U1021,USER
CMD037909,2026-06-15 17:07:00,U1092,steven.thomas,git status,WKSTN-U1092,USER
CMD032545,2026-06-15 16:55:00,U1080,joseph.jackson91,clear	,WKSTN-U1080,USER
CMD034320,2026-06-16 07:41:00,U1084,joshua.taylor,git status,WKSTN-U1084,USER
CMD037452,2026-06-15 16:23:00,U1091,linda.robinson,df -h,WKSTN-U1091,USER
CMD006659,2026-06-15 15:49:00,U1017,emily.hernandez34,df -h,WKSTN-U1017,USER
CMD008469,2026-06-15 17:53:00,U1021,jessica.walker,cat readme.txt,WKSTN-U1021,USER
CMD011646,2026-06-15 17:38:00,U1028,john.hill,dir,WKSTN-U1028,USER
CMD032564,2026-06-16 07:11:00,U1080,joseph.jackson91,git pull,WKSTN-U1080,USER
CMD008466,2026-06-15 16:55:00,U1021,jessica.walker,cat readme.txt,WKSTN-U1021	,USER
CMD019326,2026-06-15 15:51:00,U1047,sandra.lewis,systeminfo,WKSTN-U1047,USER
CMD033398,2026-06-15 16:22:00,U1082,karen.hill96,clear,  WKSTN-U1082 ,USER
CMD011182,2026-06-15 16:22:00,U1027,patricia.brown75,cd project/,WKSTN-U1027,USER
CMD032975,2026-06-15 17:16:00,U1081,margaret.davis,top,WKSTN-U1081,USER
CMD034321,2026-06-16 07:28:00,U1084,joshua.taylor,dir,,USER
CMD012513,2026-06-15 16:50:00,U1030,betty.rodriguez86,whoami,WKSTN-U1030,USER
CMD037451,2026-06-15 16:08:00,U1091,linda.robinson,,WKSTN-U1091,
CMD016516,2026-06-15 17:42:00,U1040,matthew.martin,ls -la,WKSTN-U1040,USER
CMD034776,2026-06-16 10:57:00,U1085,barbara.walker67,ping 10.0.0.5,WKSTN-U1085,USER
CMD032566,2026-06-16 08:31:00,U1080,joseph.jackson91,cat readme.txt,WKSTN-U1080,USER
CMD035653,2026-06-16 10:38:00,U1087,charles.sanchez,ls -la,WKSTN-U1087,USER
CMD008490,2026-06-16 09:59:00,U1021,jessica.walker,cd project/,WKSTN-U1021,USER
CMD009852,2026-06-16 08:26:00,U1024,emily.miller,top,WKSTN-U1024,USER
CMD038364,2026-06-16 10:47:00,U1093,sarah.clark44,df -h,WKSTN-U1093,USER
CMD004140,2026-06-16 08:46:00,U1011,donna.ramirez75,top,WKSTN-U1011,USER
CMD037931,2026-06-16 10:39:00,U1092,steven.thomas,cat readme.txt,WKSTN-U1092,USER
CMD011668,2026-06-16 10:52:00,U1028,john.hill,git status,  WKSTN-U1028 ,USER
CMD012089,2026-06-16 09:51:00,U1029,michelle.garcia54,git pull,WKSTN-U1029,USER
CMD036142,2026-06-16 09:56:00,U1088,andrew.smith85,cd project/,WKSTN-U1088,USER
CMD010301,2026-06-16 09:02:00,U1025,betty.brown22,cat readme.txt,WKSTN-U1025,USER
CMD034777,2026-06-16 08:47:00,U1085,barbara.walker67,cat readme.txt,WKSTN-U1085,USER
CMD007601,2026-06-16 08:51:00,U1019,donna.anderson,clear,WKSTN-U1019,USER
CMD012532,2026-06-16 11:00:00,U1030,betty.rodriguez86,systeminfo,WKSTN-U1030,USER
CMD038805,2026-06-16 11:16:00,U1094,elizabeth.lewis69,git pull,WKSTN-U1094,USER
CMD038806,2026-06-16 08:41:00,U1094,elizabeth.lewis69,df -h,WKSTN-U1094,USER
CMD009849,2026-06-16 09:54:00,U1024,emily.miller,df -h,,USER
CMD038804,2026-06-16 10:03:00,U1094,elizabeth.lewis69,git pull,WKSTN-U1094	,USER
CMD038366,2026-06-16 10:35:00,U1093,sarah.clark44,ping 10.0.0.5,WKSTN-U1093,USER
CMD035224,2026-06-16 10:03:00,U1086,steven.thompson53,ls -la,WKSTN-U1086,USER
CMD032997,2026-06-16 10:51:00,U1081,margaret.davis,top,WKSTN-U1081,USER
CMD036143,2026-06-16 09:55:00,U1088,andrew.smith85,ipconfig,WKSTN-U1088	,USER
CMD033864,2026-06-16 09:23:00,U1083,sarah.allen70,dir,WKSTN-U1083,USER
CMD040043,2026-06-16 10:00:00,U1097,mark.martinez10,cd project/,WKSTN-U1097,USER
CMD035222,2026-06-16 11:57:00,U1086,steven.thompson53,ls -la,WKSTN-U1086,USER
CMD007150,2026-06-16 12:02:00,U1018,betty.white57,whoami,,USER
CMD037471,2026-06-16 12:34:00,U1091,linda.robinson,,WKSTN-U1091,USER
CMD032139,2026-06-16 11:36:00,U1079,emily.jones,ls -la,WKSTN-U1079,USER
CMD024511,2026-06-16 11:59:00,U1060,matthew.anderson,df -h,WKSTN-U1060,USER
CMD037932,2026-06-16 11:46:00,U1092,steven.thomas,git status,WKSTN-U1092,USER
CMD037470,2026-06-16 12:46:00,U1091,linda.robinson,cat readme.txt,WKSTN-U1091,USER
CMD024512,2026-06-16 11:33:00,U1060,matthew.anderson,git status,WKSTN-U1060,USER
CMD036574,2026-06-16 12:33:00,U1089,paul.brown27,df -h,WKSTN-U1089,USER
CMD012533,2026-06-16 13:07:00,U1030,betty.rodriguez86,cat readme.txt,WKSTN-U1030,USER
CMD010747,2026-06-16 11:54:00,U1026,elizabeth.gonzalez,ls -la,WKSTN-U1026,USER
CMD001043,2026-06-16 11:52:00,U1003,kenneth.clark29,git pull,WKSTN-U1003,USER
CMD007151,2026-06-16 11:54:00,U1018,betty.white57,ipconfig,WKSTN-U1018,USER
CMD008958,2026-06-16 11:18:00,U1022,sandra.brown,ls -la,WKSTN-U1022,USER
CMD034778,2026-06-16 11:24:00,U1085,barbara.walker67,clear,WKSTN-U1085,USER
CMD040044,2026-06-16 11:53:00,U1097,mark.martinez10,git status,WKSTN-U1097,USER
CMD035654,2026-06-16 12:03:00,U1087,charles.sanchez,df -h,WKSTN-U1087,USER
CMD024513,2026-06-16 11:20:00,U1060,matthew.anderson,ping 10.0.0.5,WKSTN-U1060,USER
CMD034319,2026-06-16 11:16:00,U1084,joshua.taylor,ipconfig,WKSTN-U1084,USER
CMD034318,2026-06-16 12:44:00,U1084,joshua.taylor,cd project/,WKSTN-U1084,USER
CMD001044,2026-06-16 11:56:00,U1003,kenneth.clark29,clear,WKSTN-U1003,USER
CMD009850,2026-06-16 12:30:00,U1024,emily.miller,,WKSTN-U1024,USER
CMD007602,2026-06-16 12:46:00,U1019,donna.anderson,ipconfig,,USER
CMD006203,2026-06-16 11:31:00,U1016,,systeminfo,WKSTN-U1016,USER
CMD037042,2026-06-16 11:36:00,U1090,mary.hill,cat readme.txt,  WKSTN-U1090 ,USER
CMD009406,2026-06-16 13:52:00,U1023,richard.wright,ping 10.0.0.5	,WKSTN-U1023,USER
CMD036141,2026-06-16 13:27:00,U1088,andrew.smith85,clear,WKSTN-U1088,USER
CMD008050,2026-06-16 14:44:00,U1020,andrew.thomas36,whoami,WKSTN-U1020,USER
CMD006681,2026-06-16 13:32:00,U1017,emily.hernandez34,git status,WKSTN-U1017,USER
CMD032563,2026-06-16 13:47:00,U1080,joseph.jackson91,ipconfig,WKSTN-U1080,USER
CMD032138,2026-06-16 13:46:00,U1079,emily.jones,dir,WKSTN-U1079,USER
CMD009851,2026-06-16 14:02:00,U1024,emily.miller,ls -la,WKSTN-U1024,USER
CMD010749,2026-06-16 14:11:00,U1026,elizabeth.gonzalez,dir,WKSTN-U1026,USER
CMD038365,2026-06-16 14:21:00,U1093,sarah.clark44,cd project/,WKSTN-U1093,USER
CMD032565,2026-06-16 14:58:00,U1080,joseph.jackson91	,whoami,WKSTN-U1080,USER
CMD037933,2026-06-16 14:55:00,U1092,steven.thomas,ls -la,WKSTN-U1092,USER
CMD034775,2026-06-16 15:33:00,U1085,barbara.walker67,clear,WKSTN-U1085,USER
CMD006202,2026-06-16 15:05:00,U1016,patricia.thomas,whoami,WKSTN-U1016,USER
CMD008488,2026-06-16 13:08:00,U1021,jessica.walker,ls -la,WKSTN-U1021,USER
CMD006682,2026-06-16 13:49:00,U1017,emily.hernandez34,whoami,WKSTN-U1017,USER
CMD037472,2026-06-16 13:32:00,U1091,linda.robinson,top,WKSTN-U1091,USER
CMD008049,2026-06-16 15:14:00,U1020,andrew.thomas36,cat readme.txt,WKSTN-U1020,USER
CMD004141,2026-06-16 13:48:00,U1011,donna.ramirez75,whoami,WKSTN-U1011,USER
CMD035223,2026-06-16 14:44:00,U1086,steven.thompson53,dir,WKSTN-U1086,USER
CMD033414,2026-06-16 13:48:00,U1082,karen.hill96,git pull,,USER
CMD033416,2026-06-16 13:39:00,U1082,karen.hill96,cat readme.txt,  WKSTN-U1082 ,USER
CMD036575,2026-06-16 14:56:00,U1089,paul.brown27,git pull,WKSTN-U1089,USER
CMD010750,2026-06-16 14:20:00,U1026,elizabeth.gonzalez,systeminfo,WKSTN-U1026,USER
CMD012091,2026-06-16 13:39:00,U1029,michelle.garcia54,cd project/,WKSTN-U1029,USER
CMD037930,2026-06-16 14:04:00,U1092,steven.thomas,git status,WKSTN-U1092,USER
CMD021715,2026-06-17 09:01:00,U1053,john.jackson31,ls -la,WKSTN-U1053,USER
CMD040812,2026-06-16 16:48:00,U1099,joseph.garcia,clear,WKSTN-U1099,USER
CMD012534,2026-06-16 15:42:00,U1030,betty.rodriguez86,git status,WKSTN-U1030,USER
CMD012092,2026-06-16 17:50:00,U1029,michelle.garcia54,ipconfig,WKSTN-U1029,USER
CMD006201,2026-06-16 16:01:00,U1016,patricia.thomas,git pull,WKSTN-U1016,USER
CMD001042,2026-06-16 17:20:00,U1003,kenneth.clark29,  systeminfo ,WKSTN-U1003,USER
CMD018956,2026-06-17 09:15:00,U1046,michelle.torres39,,WKSTN-U1046,USER
CMD040045,2026-06-16 16:09:00,U1097,mark.martinez10,ls -la,WKSTN-U1097,USER
CMD037043,2026-06-16 16:25:00,U1090,mary.hill,cd project/,WKSTN-U1090,USER
CMD021714,2026-06-17 08:35:00,U1053,john.jackson31,ls -la,WKSTN-U1053,user
CMD037044,2026-06-16 15:48:00,U1090,mary.hill	,cd project/,WKSTN-U1090,USER
CMD041479,2026-06-16 17:41:00,U1023,richard.wright,rm -rf /shared/logs/*,WKSTN-U1023,ADMIN
CMD010768,2026-06-17 09:13:00,U1026,elizabeth.gonzalez,cat readme.txt,WKSTN-U1026,USER
CMD011203,2026-06-16 15:45:00,U1027,patricia.brown75,df -h,WKSTN-U1027,USER
CMD004983,2026-06-17 08:35:00,U1013,,ping 10.0.0.5,WKSTN-U1013,USER
CMD041480,2026-06-16 16:58:00,U1023,richard.wright,,WKSTN-U1023,ADMIN
CMD007623,2026-06-17 09:02:00,U1019,donna.anderson,cd project/,WKSTN-U1019,USER
CMD012090,2026-06-16 17:37:00,U1029,michelle.garcia54,git status,WKSTN-U1029,USER
CMD008489,2026-06-16 16:17:00,U1021,jessica.walker,git pull,WKSTN-U1021,USER
CMD037492,2026-06-17 09:10:00,U1091,linda.robinson,,WKSTN-U1091,
CMD041482,2026-06-16 17:51:00,U1023,richard.wright,net user hacker /add,WKSTN-U1023,ADMIN
CMD011685,2026-06-17 09:10:00,U1028,john.hill,ls -la,WKSTN-U1028,USER
CMD033415,2026-06-16 17:47:00,U1082,,ipconfig,WKSTN-U1082,USER
CMD041481,2026-06-16 16:56:00,U1023,richard.wright,cat /etc/shadow,WKSTN-U1023,ADMIN
CMD012553,2026-06-17 09:11:00,U1030,betty.rodriguez86,git pull,WKSTN-U1030,USER
CMD037494,2026-06-17 10:42:00,U1091,linda.robinson,ping 10.0.0.5,WKSTN-U1091,USER
CMD003410,2026-06-17 09:41:00,U1009,daniel.brown,git pull,WKSTN-U1009,USER
CMD038826,2026-06-17 11:07:00,U1094,elizabeth.lewis69,dir,WKSTN-U1094	,USER
CMD020127,2026-06-17 11:17:00,U1049,michelle.jones59,top,WKSTN-U1049,USER
CMD036164,2026-06-17 09:21:00,U1088,andrew.smith85,ls -la,WKSTN-U1088,USER
CMD018958,2026-06-17 09:59:00,U1046,michelle.torres39,ls -la,WKSTN-U1046,USER
CMD004982,2026-06-17 11:08:00,U1013,emily.smith,top,WKSTN-U1013,USER
CMD009427,2026-06-17 10:38:00,U1023,richard.wright,ipconfig,WKSTN-U1023,USER
CMD006701,2026-06-17 11:09:00,U1017,emily.hernandez34,git status,WKSTN-U1017,USER
CMD036163,2026-06-17 11:03:00,U1088,andrew.smith85,cd project/,WKSTN-U1088,USER
CMD032160,2026-06-17 09:26:00,U1079,emily.jones,dir,WKSTN-U1079,USER
CMD008068,2026-06-17 10:13:00,U1020,andrew.thomas36,ls -la,WKSTN-U1020,USER
CMD033015,2026-06-17 09:53:00,U1081,margaret.davis,ping 10.0.0.5,WKSTN-U1081,USER
CMD010767,2026-06-17 09:24:00,U1026,elizabeth.gonzalez,df -h,WKSTN-U1026,USER
CMD007170,2026-06-17 10:37:00,U1018,betty.white57,ipconfig,,USER
CMD008510,2026-06-17 10:54:00,U1021,jessica.walker,ipconfig,WKSTN-U1021,USER
CMD009424,2026-06-17 11:02:00,U1023,richard.wright,top,WKSTN-U1023,USER
CMD018957,2026-06-17 11:18:00,U1046,michelle.torres39,systeminfo,WKSTN-U1046,USER
CMD032159,2026-06-17 09:55:00,U1079,emily.jones,clear,WKSTN-U1079,USER
CMD032584,2026-06-17 10:32:00,U1080,joseph.jackson91,dir,WKSTN-U1080,USER
CMD036161,2026-06-17 11:17:00,U1088,andrew.smith85,git pull,WKSTN-U1088,USER
CMD013383,2026-06-17 10:01:00,U1032,paul.wright91,ping 10.0.0.5,WKSTN-U1032,USER
CMD009426,2026-06-17 10:52:00,U1023,richard.wright,ping 10.0.0.5,WKSTN-U1023,USER
CMD033016,2026-06-17 10:20:00,U1081,margaret.davis	,dir,WKSTN-U1081,USER
CMD006703,2026-06-17 10:52:00,U1017,emily.hernandez34	,cd project/,WKSTN-U1017,USER
CMD033885,2026-06-17 12:08:00,U1083,sarah.allen70,systeminfo,WKSTN-U1083,USER
CMD003409,2026-06-17 13:25:00,U1009,daniel.brown,ls -la,WKSTN-U1009,USER
CMD033438,2026-06-17 11:23:00,U1082,karen.hill96,df -h,WKSTN-U1082,USER
CMD009874,2026-06-17 12:43:00,U1024,emily.miller,dir,WKSTN-U1024,USER
CMD004981,2026-06-17 12:37:00,U1013,emily.smith,systeminfo,WKSTN-U1013,USER
CMD037952,2026-06-17 12:31:00,U1092,steven.thomas,whoami,WKSTN-U1092,USER
CMD008070,2026-06-17 11:21:00,U1020,andrew.thomas36,whoami,WKSTN-U1020,USER
CMD034796,2026-06-17 11:45:00,U1085,barbara.walker67,ls -la,WKSTN-U1085,USER
CMD007171,2026-06-17 13:04:00,U1018,betty.white57,systeminfo,WKSTN-U1018,USER
CMD032158,2026-06-17 12:38:00,U1079,emily.jones,ping 10.0.0.5,WKSTN-U1079,USER
CMD034798,2026-06-17 12:13:00,U1085,barbara.walker67,clear,WKSTN-U1085,USER
CMD037493,2026-06-17 12:16:00,U1091,linda.robinson,dir,WKSTN-U1091,USER
CMD036595,2026-06-17 12:33:00,U1089,paul.brown27,cd project/,WKSTN-U1089,USER
CMD007622,2026-06-17 11:47:00,U1019,donna.anderson,ipconfig,WKSTN-U1019,USER
CMD038385,2026-06-17 11:35:00,U1093,sarah.clark44,git status,WKSTN-U1093,USER
CMD009875,2026-06-17 11:56:00,U1024,emily.miller,git status,WKSTN-U1024,USER
CMD014156,2026-06-17 12:27:00,U1034,thomas.allen63,clear,WKSTN-U1034,USER
CMD033017,2026-06-17 12:41:00,U1081,margaret.davis,ipconfig,WKSTN-U1081,USER
CMD007172,2026-06-17 11:38:00,U1018,,ls -la,,USER
CMD010320,2026-06-17 11:31:00,U1025,betty.brown22,git status,WKSTN-U1025,USER
CMD032585,2026-06-17 13:24:00,U1080,joseph.jackson91,cd project/,WKSTN-U1080,USER
CMD035243,2026-06-17 11:48:00,U1086,,dir,WKSTN-U1086,USER
CMD033883,2026-06-17 12:08:00,U1083,sarah.allen70,df -h,WKSTN-U1083,USER
CMD033884,2026-06-17 12:37:00,U1083,,df -h,WKSTN-U1083,USER
CMD013381,2026-06-17 12:10:00,U1032,paul.wright91,systeminfo,WKSTN-U1032,USER
CMD006221,2026-06-17 15:10:00,U1016,patricia.thomas,git status,WKSTN-U1016,USER
CMD034797,2026-06-17 16:00:00,U1085,barbara.walker67,df -h,WKSTN-U1085,USER
CMD011225,2026-06-17 14:27:00,U1027,patricia.brown75,ipconfig,WKSTN-U1027,USER
CMD033882,2026-06-17 13:55:00,U1083,sarah.allen70,cd project/,WKSTN-U1083,USER
CMD036162,2026-06-17 15:05:00,U1088,,clear,WKSTN-U1088,USER
CMD007620,2026-06-17 14:37:00,U1019,donna.anderson,whoami,WKSTN-U1019,USER
CMD034341,2026-06-17 16:23:00,U1084,joshua.taylor,df -h,WKSTN-U1084,USER
CMD038386,2026-06-17 13:39:00,U1093,sarah.clark44,cd project/,WKSTN-U1093,USER
CMD008977,2026-06-17 14:39:00,U1022,sandra.brown,cd project/,WKSTN-U1022,USER
CMD035673,2026-06-17 15:41:00,U1087,charles.sanchez,ipconfig,,USER
CMD014157,2026-06-17 16:23:00,U1034,thomas.allen63,df -h,WKSTN-U1034,USER
CMD009425,2026-06-17 16:04:00,U1023,richard.wright,git pull,WKSTN-U1023,USER
CMD007621,2026-06-17 14:18:00,U1019,donna.anderson,ipconfig,WKSTN-U1019,USER
CMD008511,2026-06-17 14:55:00,U1021,jessica.walker,whoami,WKSTN-U1021,USER
CMD037062,2026-06-17 14:05:00,U1090,mary.hill,whoami,WKSTN-U1090,USER
CMD006702,2026-06-17 13:41:00,U1017,emily.hernandez34,clear,WKSTN-U1017,USER
CMD038384,2026-06-17 14:21:00,U1093,sarah.clark44,ipconfig,WKSTN-U1093,USER
CMD008071,2026-06-17 14:10:00,U1020,andrew.thomas36,systeminfo,WKSTN-U1020,USER
CMD034340,2026-06-17 14:11:00,U1084,joshua.taylor,top,WKSTN-U1084,USER
CMD037953,2026-06-17 14:21:00,U1092,steven.thomas,systeminfo,WKSTN-U1092,USER
CMD013382,2026-06-17 15:46:00,U1032,paul.wright91,systeminfo,WKSTN-U1032,USER
CMD035244,2026-06-17 14:19:00,U1086,steven.thompson53,cat readme.txt,WKSTN-U1086,USER
CMD009876,2026-06-17 14:03:00,U1024,emily.miller,cd project/,WKSTN-U1024,USER
CMD035245,2026-06-17 14:07:00,U1086,steven.thompson53,git pull,WKSTN-U1086,USER
CMD035672,2026-06-17 16:06:00,U1087,charles.sanchez,ping 10.0.0.5,WKSTN-U1087,USER
CMD034342,2026-06-17 17:05:00,U1084,joshua.taylor,clear,WKSTN-U1084,USER
CMD029761,2026-06-18 09:56:00,U1073,michael.gonzalez,whoami,WKSTN-U1073,USER
CMD016162,2026-06-18 09:24:00,U1039,mark.thomas,ipconfig,WKSTN-U1039,USER
CMD005006,2026-06-18 07:44:00,U1013,emily.smith,ping 10.0.0.5,WKSTN-U1013,USER
CMD029763,2026-06-18 10:03:00,U1073,michael.gonzalez,systeminfo,WKSTN-U1073,USER
CMD038405,2026-06-18 08:06:00,U1093,sarah.clark44,ls -la,WKSTN-U1093,USER
CMD006222,2026-06-17 16:31:00,U1016,patricia.thomas,cat readme.txt,WKSTN-U1016,USER
CMD018959,2026-06-17 16:47:00,U1046,michelle.torres39,cd project/,  WKSTN-U1046 ,USER
CMD038406,2026-06-18 09:23:00,U1093,sarah.clark44,ls -la,WKSTN-U1093	,USER
CMD032605,2026-06-18 09:21:00,U1080,joseph.jackson91,ping 10.0.0.5,WKSTN-U1080,USER
CMD012112,2026-06-17 17:18:00,U1029,michelle.garcia54,dir,WKSTN-U1029,USER
CMD033907,2026-06-18 09:29:00,U1083,sarah.allen70,df -h,WKSTN-U1083,USER
CMD008069,2026-06-17 16:49:00,U1020,andrew.thomas36,dir,WKSTN-U1020,USER
CMD035689,2026-06-18 09:41:00,U1087,charles.sanchez,cat readme.txt,WKSTN-U1087,USER
CMD014583,2026-06-18 09:49:00,U1035,nancy.rodriguez82,ipconfig,WKSTN-U1035,USER
CMD034361,2026-06-18 07:57:00,U1084,joshua.taylor,ipconfig,WKSTN-U1084,USER
CMD032606,2026-06-18 09:42:00,U1080,joseph.jackson91,systeminfo,WKSTN-U1080,user
CMD011246,2026-06-18 09:41:00,U1027,patricia.brown75,cd project/,,USER
CMD032604,2026-06-18 07:32:00,U1080,joseph.jackson91,ipconfig,WKSTN-U1080,USER
CMD007644,2026-06-18 09:37:00,U1019,donna.anderson,git status,WKSTN-U1019,USER
CMD006246,2026-06-18 09:19:00,U1016,patricia.thomas,ping 10.0.0.5,  WKSTN-U1016 ,USER
CMD007191,2026-06-18 09:32:00,U1018,,systeminfo,WKSTN-U1018,USER
CMD019383,2026-06-18 08:04:00,U1047,sandra.lewis,top,WKSTN-U1047,USER
CMD009897,2026-06-18 09:14:00,U1024,emily.miller,git status,WKSTN-U1024,USER
CMD038845,2026-06-18 09:50:00,U1094,elizabeth.lewis69,cd project/,WKSTN-U1094,USER
CMD038407,2026-06-18 11:22:00,U1093,sarah.clark44,dir,WKSTN-U1093,USER
CMD037079,2026-06-18 11:23:00,U1090,mary.hill,whoami,WKSTN-U1090,USER
CMD011698,2026-06-18 10:15:00,U1028,john.hill,git pull,WKSTN-U1028,USER
CMD005005,2026-06-18 11:50:00,U1013,emily.smith,  dir ,,USER
CMD029762,2026-06-18 11:51:00,U1073,michael.gonzalez,clear,WKSTN-U1073,USER
CMD019382,2026-06-18 10:15:00,U1047,sandra.lewis,systeminfo,WKSTN-U1047	,USER
CMD032179,2026-06-18 11:13:00,U1079,emily.jones,ipconfig,WKSTN-U1079,USER
CMD012130,2026-06-18 11:41:00,U1029,michelle.garcia54,dir,WKSTN-U1029,USER
CMD024972,2026-06-18 11:02:00,U1061,jessica.rodriguez,cat readme.txt,WKSTN-U1061	,USER
CMD032603,2026-06-18 12:02:00,U1080,joseph.jackson91,dir,WKSTN-U1080,USER
CMD039667,2026-06-18 10:07:00,U1096,david.allen76,cd project/,WKSTN-U1096,USER
CMD036615,2026-06-18 11:36:00,U1089,paul.brown27,ls -la,WKSTN-U1089,USER
CMD014582,2026-06-18 10:10:00,U1035,NANCY.RODRIGUEZ82,dir,WKSTN-U1035,USER
CMD012570,2026-06-18 11:04:00,U1030,betty.rodriguez86,whoami,WKSTN-U1030,USER
CMD011245,2026-06-18 11:09:00,U1027,patricia.brown75,top,WKSTN-U1027,USER
CMD033036,2026-06-18 10:47:00,U1081,margaret.davis,git pull,WKSTN-U1081,USER
CMD035262,2026-06-18 10:31:00,U1086,steven.thompson53,cat readme.txt,WKSTN-U1086,USER
CMD014584,2026-06-18 10:49:00,U1035,nancy.rodriguez82,df -h,WKSTN-U1035,
CMD012131,2026-06-18 10:14:00,U1029,michelle.garcia54,top,WKSTN-U1029,USER
CMD034818,2026-06-18 12:17:00,U1085,barbara.walker67,dir,WKSTN-U1085,USER
CMD035691,2026-06-18 10:05:00,U1087,charles.sanchez,cat readme.txt,WKSTN-U1087,USER
CMD033035,2026-06-18 12:19:00,U1081,margaret.davis,git pull	,WKSTN-U1081,USER
CMD006244,2026-06-18 12:18:00,U1016,patricia.thomas,ls -la,WKSTN-U1016,USER
CMD035260,2026-06-18 11:51:00,U1086,steven.thompson53,ipconfig,,USER
CMD006245,2026-06-18 11:37:00,U1016,patricia.thomas,git pull,WKSTN-U1016,user
CMD009896,2026-06-18 12:33:00,U1024,EMILY.MILLER,clear,WKSTN-U1024,
CMD009895,2026-06-18 13:24:00,U1024,emily.miller,ls -la,WKSTN-U1024,USER
CMD014581,2026-06-18 14:25:00,U1035,nancy.rodriguez82,git pull,WKSTN-U1035,USER
CMD019384,2026-06-18 13:16:00,U1047,  sandra.lewis ,cat readme.txt,WKSTN-U1047,USER
CMD024973,2026-06-18 14:44:00,U1061,jessica.rodriguez,,WKSTN-U1061,USER
CMD019381,2026-06-18 14:21:00,U1047,sandra.lewis,top,WKSTN-U1047,USER
CMD035261,2026-06-18 13:36:00,U1086,steven.thompson53,systeminfo,WKSTN-U1086,USER
CMD006723,2026-06-18 12:35:00,U1017,emily.hernandez34,ipconfig,WKSTN-U1017,USER
CMD033908,2026-06-18 12:48:00,U1083,sarah.allen70,systeminfo,WKSTN-U1083,USER
CMD037516,2026-06-18 13:02:00,U1091,linda.robinson,systeminfo,WKSTN-U1091,USER
CMD008090,2026-06-18 13:55:00,U1020,andrew.thomas36,ls -la,WKSTN-U1020,USER
CMD039666,2026-06-18 13:08:00,U1096,david.allen76,cd project/,WKSTN-U1096,USER
CMD034817,2026-06-18 14:07:00,U1085,barbara.walker67,df -h,  WKSTN-U1085 ,USER
CMD009441,2026-06-18 12:55:00,U1023,richard.wright,  whoami ,WKSTN-U1023,USER
CMD024970,2026-06-18 12:42:00,U1061,jessica.rodriguez,top,WKSTN-U1061,USER
CMD037514,2026-06-18 14:03:00,U1091,linda.robinson,cd project/,WKSTN-U1091,USER
CMD033453,2026-06-18 14:32:00,U1082,karen.hill96,top,WKSTN-U1082,USER
CMD009894,2026-06-18 12:56:00,U1024,emily.miller,top,WKSTN-U1024,USER
CMD010786,2026-06-18 13:30:00,U1026,elizabeth.gonzalez,cat readme.txt,WKSTN-U1026,USER
CMD033906,2026-06-18 14:06:00,U1083,sarah.allen70,clear,WKSTN-U1083,USER
CMD035690,2026-06-18 12:24:00,U1087,charles.sanchez,cat readme.txt,WKSTN-U1087,USER
CMD008534,2026-06-18 14:32:00,U1021,jessica.walker,clear,WKSTN-U1021,USER
CMD006243,2026-06-18 13:24:00,U1016,patricia.thomas,git pull,WKSTN-U1016	,USER
CMD012132,2026-06-18 13:32:00,U1029,michelle.garcia54,ping 10.0.0.5,WKSTN-U1029,USER
CMD037515,2026-06-18 14:33:00,U1091,linda.robinson,whoami,WKSTN-U1091,USER
CMD037970,2026-06-18 16:56:00,U1092,steven.thomas,top,WKSTN-U1092,USER
CMD007664,2026-06-19 07:06:00,U1019,donna.anderson,git pull,WKSTN-U1019,USER
CMD037092,2026-06-19 07:56:00,U1090,mary.hill,whoami,WKSTN-U1090,USER
CMD012592,2026-06-19 08:13:00,U1030,betty.rodriguez86,cd project/,WKSTN-U1030,USER
CMD008999,2026-06-18 15:53:00,U1022,sandra.brown,whoami,WKSTN-U1022,USER
CMD033909,2026-06-18 15:10:00,U1083,sarah.allen70,ping 10.0.0.5,WKSTN-U1083,USER
CMD016161,2026-06-18 15:19:00,U1039,mark.thomas,ls -la,WKSTN-U1039,USER
CMD036183,2026-06-18 16:18:00,U1088,andrew.smith85,ipconfig,WKSTN-U1088,
CMD036639,2026-06-19 08:16:00,U1089,paul.brown27,systeminfo,WKSTN-U1089,USER
CMD010338,2026-06-18 15:15:00,U1025,betty.brown22,top,WKSTN-U1025,USER
CMD010339,2026-06-18 16:57:00,U1025,betty.brown22,ipconfig,WKSTN-U1025,USER
CMD010337,2026-06-18 18:04:00,U1025,betty.brown22,,WKSTN-U1025,USER
CMD008998,2026-06-18 15:56:00,U1022,sandra.brown,whoami,WKSTN-U1022,USER
CMD005004,2026-06-18 15:09:00,U1013,emily.smith,ls -la,WKSTN-U1013,USER
CMD029760,2026-06-18 15:39:00,U1073,michael.gonzalez	,cd project/,WKSTN-U1073,USER
CMD006265,2026-06-19 08:38:00,U1016,patricia.thomas,cat readme.txt,WKSTN-U1016,USER
CMD034816,2026-06-18 15:40:00,U1085,barbara.walker67	,systeminfo,WKSTN-U1085,USER
CMD032623,2026-06-19 08:21:00,U1080,joseph.jackson91,whoami,WKSTN-U1080,USER
CMD009442,2026-06-18 14:48:00,U1023,richard.wright,ping 10.0.0.5,WKSTN-U1023,USER
CMD006724,2026-06-18 17:20:00,U1017,emily.hernandez34	,cd project/,WKSTN-U1017,USER
CMD024971,2026-06-18 17:21:00,U1061,jessica.rodriguez,cd project/,WKSTN-U1061,USER
CMD009014,2026-06-19 08:24:00,U1022,sandra.brown,whoami,WKSTN-U1022,USER
CMD033037,2026-06-18 15:39:00,U1081,margaret.davis,top,WKSTN-U1081,USER
CMD039665,2026-06-18 16:42:00,U1096,david.allen76,df -h,WKSTN-U1096,USER
CMD034383,2026-06-19 08:38:00,U1084,joshua.taylor,ls -la,WKSTN-U1084,USER
CMD020568,2026-06-19 10:42:00,U1050,michael.ramirez,clear,WKSTN-U1050,USER
CMD025779,2026-06-19 10:48:00,U1063,john.nguyen,whoami,WKSTN-U1063,USER
CMD010803,2026-06-19 11:10:00,U1026,elizabeth.gonzalez,dir,WKSTN-U1026,USER
CMD033929,2026-06-19 11:40:00,U1083,sarah.allen70,dir,WKSTN-U1083,USER
CMD009463,2026-06-19 09:35:00,U1023,richard.wright,df -h,WKSTN-U1023,USER
CMD036636,2026-06-19 10:19:00,U1089,paul.brown27,whoami,WKSTN-U1089,USER
CMD032621,2026-06-19 10:00:00,U1080,joseph.jackson91,whoami,WKSTN-U1080,USER
CMD035280,2026-06-19 09:57:00,U1086,steven.thompson53,ls -la,WKSTN-U1086,USER
CMD026164,2026-06-19 10:53:00,U1064,matthew.wright55,dir,WKSTN-U1064,USER
CMD006266,2026-06-19 10:49:00,U1016,patricia.thomas,df -h,WKSTN-U1016,USER
CMD033928,2026-06-19 09:04:00,U1083,sarah.allen70,ls -la,WKSTN-U1083,USER
CMD033060,2026-06-19 11:10:00,U1081,margaret.davis,cd project/,WKSTN-U1081,USER
CMD031766,2026-06-19 11:15:00,U1078,michelle.miller,ls -la,WKSTN-U1078,USER
CMD010360,2026-06-19 11:02:00,U1025,betty.brown22,dir,WKSTN-U1025,USER
CMD012593,2026-06-19 11:53:00,U1030,betty.rodriguez86,git status,WKSTN-U1030,USER
CMD007208,2026-06-19 11:14:00,U1018,betty.white57,whoami,WKSTN-U1018,USER
CMD034832,2026-06-19 11:25:00,U1085,barbara.walker67,clear,WKSTN-U1085,USER
CMD034384,2026-06-19 10:17:00,U1084,joshua.taylor,whoami,WKSTN-U1084,USER
CMD037533,2026-06-19 11:02:00,U1091,linda.robinson,systeminfo,WKSTN-U1091,USER
CMD032622,2026-06-19 11:02:00,U1080,joseph.jackson91,cd project/,WKSTN-U1080,USER
CMD035711,2026-06-19 09:41:00,U1087,charles.sanchez,cd project/,WKSTN-U1087,USER
CMD029779,2026-06-19 10:43:00,U1073,michael.gonzalez,clear,WKSTN-U1073,USER
CMD037534,2026-06-19 10:04:00,U1091,linda.robinson,systeminfo,WKSTN-U1091	,USER
CMD007207,2026-06-19 09:42:00,U1018,betty.white57,git status,WKSTN-U1018,USER
CMD036637,2026-06-19 09:06:00,U1089,paul.brown27,ping 10.0.0.5,WKSTN-U1089,USER
CMD035712,2026-06-19 11:57:00,U1087,charles.sanchez,ping 10.0.0.5,WKSTN-U1087,USER
CMD009918,2026-06-19 13:18:00,U1024,emily.miller,whoami,WKSTN-U1024,USER
CMD006263,2026-06-19 11:58:00,U1016,patricia.thomas,clear,WKSTN-U1016,USER
CMD037532,2026-06-19 12:18:00,U1091,LINDA.ROBINSON,ls -la,WKSTN-U1091,USER
CMD012151,2026-06-19 13:18:00,U1029,michelle.garcia54,,WKSTN-U1029,USER
CMD035710,2026-06-19 13:04:00,U1087,charles.sanchez,ls -la,WKSTN-U1087,USER
CMD020571,2026-06-19 12:42:00,U1050,michael.ramirez,whoami,WKSTN-U1050,USER
CMD015791,2026-06-19 12:06:00,U1038,emily.clark,git pull,WKSTN-U1038,USER
CMD005842,2026-06-19 12:13:00,U1015,lisa.hernandez,git status,WKSTN-U1015,USER
CMD009917,2026-06-19 12:33:00,U1024,emily.miller,whoami,WKSTN-U1024,USER
CMD033473,2026-06-19 12:25:00,U1082,karen.hill96,ipconfig,WKSTN-U1082,USER
CMD038427,2026-06-19 12:10:00,U1093,sarah.clark44,clear,WKSTN-U1093,USER
CMD037993,2026-06-19 12:07:00,U1092,steven.thomas,ping 10.0.0.5,WKSTN-U1092,USER
CMD010357,2026-06-19 12:05:00,U1025,betty.brown22,whoami,WKSTN-U1025,USER
CMD033061,2026-06-19 12:31:00,U1081,margaret.davis,top,WKSTN-U1081,USER
CMD037991,2026-06-19 13:15:00,U1092,steven.thomas,ping 10.0.0.5,WKSTN-U1092,USER
CMD033472,2026-06-19 12:39:00,U1082,KAREN.HILL96,cd project/,WKSTN-U1082,USER
CMD032620,2026-06-19 11:53:00,U1080,joseph.jackson91,ping 10.0.0.5,WKSTN-U1080,USER
CMD009460,2026-06-19 12:40:00,U1023,richard.wright,top,WKSTN-U1023,USER
CMD011265,2026-06-19 12:55:00,U1027,patricia.brown75,git pull,WKSTN-U1027	,USER
CMD006264,2026-06-19 12:33:00,U1016,patricia.thomas,clear,WKSTN-U1016	,USER
CMD006747,2026-06-19 12:21:00,U1017,emily.hernandez34,git status,WKSTN-U1017,USER
CMD008114,2026-06-19 12:51:00,U1020,,df -h,WKSTN-U1020,USER
CMD007209,2026-06-19 12:20:00,U1018,betty.white57,ls -la,WKSTN-U1018,USER
CMD010358,2026-06-19 12:08:00,U1025,betty.brown22,clear,WKSTN-U1025,USER
CMD041657,2026-06-19 15:33:00,U1031,john.wright28,vssadmin delete shadows /all /quiet,WKSTN-U1031,ADMIN
CMD009461,2026-06-19 15:07:00,U1023,richard.wright,top,WKSTN-U1023,USER
CMD009462,2026-06-19 14:42:00,U1023,richard.wright,ping 10.0.0.5,WKSTN-U1023,USER
CMD036200,2026-06-19 13:31:00,U1088,andrew.smith85,git pull,WKSTN-U1088,USER
CMD041656,2026-06-19 15:21:00,U1031,john.wright28,net user hacker /add,WKSTN-U1031,ADMIN
CMD035709,2026-06-19 14:05:00,U1087,charles.sanchez,whoami,WKSTN-U1087,USER
CMD020570,2026-06-19 14:15:00,U1050,michael.ramirez,ipconfig,WKSTN-U1050,USER
CMD038429,2026-06-19 14:31:00,U1093,sarah.clark44,whoami,WKSTN-U1093,USER
CMD038866,2026-06-19 15:25:00,U1094,elizabeth.lewis69,clear,WKSTN-U1094,USER
CMD010359,2026-06-19 13:22:00,U1025,betty.brown22,clear,WKSTN-U1025,USER
CMD024558,2026-06-19 13:25:00,U1060,matthew.anderson,df -h,WKSTN-U1060,USER
CMD008113,2026-06-19 13:39:00,U1020,andrew.thomas36,top,WKSTN-U1020,
CMD041659,2026-06-19 15:38:00,U1031,john.wright28,netsh advfirewall set allprofiles state off,WKSTN-U1031,ADMIN
CMD035282,2026-06-19 16:02:00,U1086,steven.thompson53,cd project/,WKSTN-U1086,USER
CMD020569,2026-06-19 15:42:00,U1050,michael.ramirez,systeminfo,WKSTN-U1050,user
CMD011711,2026-06-19 15:34:00,U1028,john.hill,clear,WKSTN-U1028,USER
CMD006746,2026-06-19 15:46:00,U1017,emily.hernandez34,git status,WKSTN-U1017,USER
CMD032198,2026-06-19 15:17:00,U1079,emily.jones,dir,WKSTN-U1079,USER
CMD037992,2026-06-19 15:04:00,U1092,steven.thomas,clear,WKSTN-U1092,USER
CMD036638,2026-06-19 13:54:00,U1089,paul.brown27,df -h	,WKSTN-U1089,USER
CMD026165,2026-06-19 13:59:00,U1064,matthew.wright55,git pull,WKSTN-U1064,USER
CMD004190,2026-06-19 15:28:00,U1011,  donna.ramirez75 ,whoami,WKSTN-U1011,USER
CMD033471,2026-06-19 14:37:00,U1082,karen.hill96,git status,WKSTN-U1082,
CMD029778,2026-06-19 15:32:00,U1073,michael.gonzalez,  dir ,WKSTN-U1073,USER
CMD008554,2026-06-19 14:00:00,U1021,jessica.walker,clear,WKSTN-U1021,USER
CMD005444,2026-06-22 09:38:00,U1014,james.taylor,git pull,WKSTN-U1014,USER
CMD033948,2026-06-22 09:38:00,U1083,sarah.allen70,git pull,WKSTN-U1083,USER
CMD038428,2026-06-19 16:33:00,U1093,sarah.clark44,ping 10.0.0.5,WKSTN-U1093,USER
CMD041658,2026-06-19 16:05:00,U1031,john.wright28,powershell -enc JAB...,WKSTN-U1031,ADMIN
CMD038867,2026-06-19 16:33:00,U1094,elizabeth.lewis69,cat readme.txt,WKSTN-U1094,USER
CMD004192,2026-06-19 16:19:00,U1011,donna.ramirez75,top,WKSTN-U1011,USER
CMD028189,2026-06-21 10:01:00,U1069,jessica.clark,whoami,WKSTN-U1069,USER
CMD039290,2026-06-22 09:25:00,U1095,richard.thomas74,git status,WKSTN-U1095,USER
CMD038016,2026-06-22 09:31:00,U1092,steven.thomas,clear,WKSTN-U1092,USER
CMD035281,2026-06-19 16:29:00,U1086,steven.thompson53,cat readme.txt,WKSTN-U1086,USER
CMD034404,2026-06-20 11:41:00,U1084,joshua.taylor,whoami,WKSTN-U1084,USER
CMD033080,2026-06-22 09:18:00,U1081,margaret.davis,ls -la,  WKSTN-U1081 ,USER
CMD033488,2026-06-22 07:48:00,U1082,karen.hill96,top,WKSTN-U1082,USER
CMD034849,2026-06-22 09:08:00,U1085,barbara.walker67,git status,WKSTN-U1085,USER
CMD006287,2026-06-22 09:31:00,U1016,patricia.thomas,git status,  WKSTN-U1016 ,USER
CMD006745,2026-06-19 18:04:00,U1017,emily.hernandez34,ls -la,WKSTN-U1017,USER
CMD026166,2026-06-19 16:09:00,U1064,MATTHEW.WRIGHT55,whoami,WKSTN-U1064,USER
CMD036658,2026-06-22 07:56:00,U1089,paul.brown27,cd project/,WKSTN-U1089,USER
CMD012150,2026-06-19 16:03:00,U1029,michelle.garcia54,ls -la,WKSTN-U1029,USER
CMD038426,2026-06-19 16:09:00,U1093,sarah.clark44,ipconfig,WKSTN-U1093,USER
CMD036656,2026-06-22 07:46:00,U1089,paul.brown27,top,WKSTN-U1089,USER
CMD004191,2026-06-19 17:43:00,U1011,donna.ramirez75,ipconfig,  WKSTN-U1011 ,USER
CMD033949,2026-06-22 07:22:00,U1083,sarah.allen70,ls -la,WKSTN-U1083,USER
CMD011287,2026-06-22 09:34:00,U1027,patricia.brown75,ping 10.0.0.5,WKSTN-U1027,USER
CMD028207,2026-06-22 07:26:00,U1069,jessica.clark,df -h,WKSTN-U1069,USER
CMD031787,2026-06-22 10:56:00,U1078,michelle.miller,git pull,WKSTN-U1078	,USER
CMD032642,2026-06-22 11:06:00,U1080,joseph.jackson91,cd project/	,WKSTN-U1080,USER
CMD036657,2026-06-22 11:10:00,U1089,paul.brown27,ipconfig,WKSTN-U1089,USER
CMD012613,2026-06-22 10:50:00,U1030,betty.rodriguez86,,WKSTN-U1030,USER
CMD032217,2026-06-22 10:41:00,U1079,emily.jones,dir,WKSTN-U1079,USER
CMD038885,2026-06-22 09:43:00,U1094,elizabeth.lewis69,git status	,WKSTN-U1094,USER
CMD037554,2026-06-22 10:46:00,U1091,linda.robinson,,WKSTN-U1091,USER
CMD012169,2026-06-22 11:23:00,U1029,michelle.garcia54,ipconfig,WKSTN-U1029,USER
CMD008130,2026-06-22 10:03:00,U1020,andrew.thomas36	,ls -la,WKSTN-U1020,USER
CMD007686,2026-06-22 10:22:00,U1019,donna.anderson,ls -la,WKSTN-U1019,USER
CMD034850,2026-06-22 10:33:00,U1085,barbara.walker67,dir,WKSTN-U1085,USER
CMD009938,2026-06-22 10:19:00,U1024,emily.miller,cd project/,  WKSTN-U1024 ,USER
CMD009937,2026-06-22 09:58:00,U1024,emily.miller,systeminfo,WKSTN-U1024,USER
CMD016612,2026-06-22 09:39:00,U1040,matthew.martin,git status,WKSTN-U1040,USER
CMD009484,2026-06-22 10:41:00,U1023,richard.wright,ls -la,WKSTN-U1023,USER
CMD036218,2026-06-22 10:04:00,U1088,andrew.smith85,dir,,USER
CMD038015,2026-06-22 11:06:00,U1092,steven.thomas,cd project/,WKSTN-U1092,USER
CMD032215,2026-06-22 11:16:00,U1079,emily.jones,ipconfig,WKSTN-U1079,USER
CMD008578,2026-06-22 10:52:00,U1021,jessica.walker,ping 10.0.0.5,WKSTN-U1021,USER
CMD016991,2026-06-22 10:24:00,U1041,matthew.allen52,systeminfo,WKSTN-U1041,USER
CMD007226,2026-06-22 10:06:00,U1018,betty.white57,top,WKSTN-U1018,USER
CMD008576,2026-06-22 11:21:00,U1021,jessica.walker,git pull,WKSTN-U1021,USER
CMD028206,2026-06-22 09:53:00,U1069,jessica.clark,cat readme.txt,WKSTN-U1069,USER
CMD009483,2026-06-22 11:18:00,U1023,richard.wright,df -h,WKSTN-U1023,USER
CMD038887,2026-06-22 11:22:00,U1094,elizabeth.lewis69,,WKSTN-U1094,USER
CMD006767,2026-06-22 12:59:00,U1017,emily.hernandez34,git pull,WKSTN-U1017	,USER
CMD023374,2026-06-22 13:23:00,U1057,nancy.sanchez,,WKSTN-U1057,USER
CMD001511,2026-06-22 12:23:00,U1004,,systeminfo,WKSTN-U1004,USER
CMD022195,2026-06-22 13:30:00,U1054,anthony.martinez,  ls -la ,WKSTN-U1054,USER
CMD001512,2026-06-22 12:29:00,U1004,elizabeth.wilson98,ping 10.0.0.5,WKSTN-U1004,USER
CMD011286,2026-06-22 12:51:00,U1027,patricia.brown75,ipconfig,WKSTN-U1027,USER
CMD011728,2026-06-22 13:28:00,U1028,,cd project/,WKSTN-U1028,USER
CMD009939,2026-06-22 11:35:00,U1024,emily.miller,cat readme.txt,WKSTN-U1024,USER
CMD009037,2026-06-22 11:33:00,U1022,sandra.brown,df -h,WKSTN-U1022,USER
CMD010379,2026-06-22 11:27:00,U1025,betty.brown22,systeminfo,WKSTN-U1025,USER
CMD037109,2026-06-22 12:18:00,U1090,mary.hill,cd project/,WKSTN-U1090,USER
CMD037553,2026-06-22 13:06:00,U1091,linda.robinson,ping 10.0.0.5,WKSTN-U1091,USER
CMD018196,2026-06-22 13:32:00,U1044,lisa.ramirez9,ping 10.0.0.5,WKSTN-U1044,USER
CMD004621,2026-06-22 13:58:00,U1012,linda.martinez,whoami,WKSTN-U1012,USER
CMD022193,2026-06-22 12:52:00,U1054,anthony.martinez,dir,WKSTN-U1054,USER
CMD031785,2026-06-22 12:13:00,U1078,michelle.miller,systeminfo,WKSTN-U1078,USER
CMD024180,2026-06-22 13:26:00,U1059,daniel.perez98,,WKSTN-U1059,USER
CMD035734,2026-06-22 13:19:00,U1087,charles.sanchez,ping 10.0.0.5,WKSTN-U1087,USER
CMD010377,2026-06-22 13:29:00,U1025,betty.brown22,dir	,WKSTN-U1025,USER
CMD022192,2026-06-22 13:08:00,U1054,anthony.martinez,systeminfo,WKSTN-U1054,USER
CMD039289,2026-06-22 12:27:00,U1095,richard.thomas74,whoami,WKSTN-U1095,USER
CMD038013,2026-06-22 12:07:00,U1092,steven.thomas,cat readme.txt,  WKSTN-U1092 ,USER
CMD023375,2026-06-22 13:22:00,U1057,nancy.sanchez,git pull,WKSTN-U1057,USER
CMD028208,2026-06-22 13:14:00,U1069,jessica.clark,git pull,WKSTN-U1069,USER
CMD010378,2026-06-22 13:25:00,U1025,betty.brown22,dir,WKSTN-U1025,USER
CMD012168,2026-06-22 14:55:00,U1029,michelle.garcia54,cat readme.txt,WKSTN-U1029,USER
CMD009940,2026-06-22 14:26:00,U1024,emily.miller,systeminfo,WKSTN-U1024,USER
CMD022194,2026-06-22 15:13:00,U1054,anthony.martinez,dir,WKSTN-U1054,USER
CMD010380,2026-06-22 15:31:00,U1025,betty.brown22,cat readme.txt,WKSTN-U1025,user
CMD009036,2026-06-22 14:20:00,U1022,sandra.brown,ping 10.0.0.5,WKSTN-U1022,USER
CMD008577,2026-06-22 14:08:00,U1021,jessica.walker,systeminfo,WKSTN-U1021,USER
CMD038449,2026-06-22 14:06:00,U1093,sarah.clark44	,ls -la,WKSTN-U1093,USER
CMD007227,2026-06-22 14:44:00,U1018,betty.white57,clear,WKSTN-U1018,USER
CMD031786,2026-06-22 15:00:00,U1078,  michelle.miller ,cat readme.txt,WKSTN-U1078,USER
CMD010816,2026-06-22 14:42:00,U1026,elizabeth.gonzalez	,df -h,WKSTN-U1026,USER
CMD028205,2026-06-22 15:08:00,U1069,jessica.clark,whoami,WKSTN-U1069,USER
CMD005042,2026-06-22 15:31:00,U1013,emily.smith,systeminfo,WKSTN-U1013,USER
CMD012167,2026-06-22 15:12:00,U1029,michelle.garcia54,systeminfo,WKSTN-U1029,USER
CMD038886,2026-06-22 15:42:00,U1094,elizabeth.lewis69,ipconfig,WKSTN-U1094	,USER
CMD018195,2026-06-22 15:38:00,U1044,lisa.ramirez9,,WKSTN-U1044,USER
CMD034851,2026-06-22 14:01:00,U1085,barbara.walker67,ping 10.0.0.5,WKSTN-U1085,USER
CMD024179,2026-06-22 14:59:00,U1059,daniel.perez98,top,WKSTN-U1059,USER
CMD034852,2026-06-22 15:41:00,U1085,barbara.walker67,top,WKSTN-U1085,USER
CMD008579,2026-06-22 16:09:00,U1021,jessica.walker,ls -la,WKSTN-U1021,USER
CMD034424,2026-06-22 15:37:00,U1084,joshua.taylor,ls -la,WKSTN-U1084,USER
CMD038447,2026-06-22 14:08:00,U1093,sarah.clark44,dir,WKSTN-U1093,USER
CMD038014,2026-06-22 14:49:00,U1092,steven.thomas,ping 10.0.0.5,WKSTN-U1092,USER
CMD016613,2026-06-22 15:31:00,U1040,matthew.martin,whoami,WKSTN-U1040,USER
CMD016614,2026-06-22 14:31:00,U1040,matthew.martin,cat readme.txt,WKSTN-U1040,USER
CMD001513,2026-06-22 14:03:00,U1004,elizabeth.wilson98,cd project/,WKSTN-U1004,USER
CMD035319,2026-06-23 08:06:00,U1086,steven.thompson53,git pull,WKSTN-U1086,USER
CMD011307,2026-06-23 07:54:00,U1027,patricia.brown75,git pull,WKSTN-U1027,USER
CMD038448,2026-06-22 16:14:00,U1093,sarah.clark44,,WKSTN-U1093,USER
CMD007228,2026-06-22 16:54:00,U1018,betty.white57,systeminfo,WKSTN-U1018,USER
CMD007229,2026-06-22 17:16:00,U1018,betty.white57,ping 10.0.0.5,WKSTN-U1018,USER
CMD037110,2026-06-22 17:49:00,U1090,mary.hill,whoami,WKSTN-U1090,USER
CMD008600,2026-06-23 08:07:00,U1021,jessica.walker,top,WKSTN-U1021,USER
CMD032216,2026-06-22 17:21:00,U1079,emily.jones,whoami,WKSTN-U1079,USER
CMD008143,2026-06-23 07:32:00,U1020,andrew.thomas36,ls -la,WKSTN-U1020,USER
CMD022601,2026-06-22 17:35:00,U1055,patricia.wilson54,cat readme.txt,WKSTN-U1055,USER
CMD022602,2026-06-22 17:32:00,U1055,patricia.wilson54,ping 10.0.0.5,WKSTN-U1055,USER
CMD001135,2026-06-23 07:46:00,U1003,kenneth.clark29,systeminfo,WKSTN-U1003,USER
CMD002695,2026-06-22 16:56:00,U1007,sarah.robinson82,ipconfig,WKSTN-U1007,USER
CMD011727,2026-06-22 16:32:00,U1028,,ipconfig,WKSTN-U1028,USER
CMD035299,2026-06-22 17:12:00,U1086,steven.thompson53,clear,WKSTN-U1086,USER
CMD033514,2026-06-23 08:23:00,U1082,karen.hill96,cat readme.txt,WKSTN-U1082,USER
CMD011743,2026-06-23 08:01:00,U1028,john.hill,git status,WKSTN-U1028,USER
CMD040132,2026-06-23 07:09:00,U1097,mark.martinez10,whoami,WKSTN-U1097,USER
CMD011729,2026-06-22 16:55:00,U1028,john.hill,ls -la,WKSTN-U1028,USER
CMD010835,2026-06-23 08:37:00,U1026,elizabeth.gonzalez,cd project/,WKSTN-U1026,USER
CMD010817,2026-06-22 17:07:00,U1026,elizabeth.gonzalez,df -h,WKSTN-U1026,USER
CMD035321,2026-06-23 07:52:00,U1086,steven.thompson53,systeminfo,WKSTN-U1086,USER
CMD016611,2026-06-22 17:40:00,U1040,matthew.martin,cat readme.txt,WKSTN-U1040,USER
CMD010815,2026-06-22 16:34:00,U1026,elizabeth.gonzalez,cat readme.txt,,USER
CMD035320,2026-06-23 08:21:00,U1086,steven.thompson53,ls -la,WKSTN-U1086,USER
CMD030620,2026-06-23 11:15:00,U1075,,ls -la,WKSTN-U1075,USER
CMD010403,2026-06-23 10:00:00,U1025,betty.brown22,cat readme.txt,WKSTN-U1025,USER
CMD037573,2026-06-23 09:20:00,U1091,linda.robinson,ipconfig,WKSTN-U1091,USER
CMD038036,2026-06-23 10:31:00,U1092,steven.thomas,  cd project/ ,WKSTN-U1092,USER
CMD038468,2026-06-23 10:12:00,U1093,sarah.clark44,cat readme.txt,WKSTN-U1093,USER
CMD037131,2026-06-23 10:12:00,U1090,mary.hill,ping 10.0.0.5,WKSTN-U1090,USER
CMD036675,2026-06-23 11:02:00,U1089,,git status,WKSTN-U1089,USER
CMD033967,2026-06-23 09:36:00,U1083,sarah.allen70,ls -la,WKSTN-U1083,USER
CMD037132,2026-06-23 10:56:00,U1090,mary.hill	,dir,WKSTN-U1090,
CMD005462,2026-06-23 09:44:00,U1014,james.taylor,dir,WKSTN-U1014,USER
CMD013450,2026-06-23 09:19:00,U1032,paul.wright91,git pull,WKSTN-U1032,USER
CMD038905,2026-06-23 09:41:00,U1094,elizabeth.lewis69,git status,WKSTN-U1094,USER
CMD035752,2026-06-23 10:31:00,U1087,charles.sanchez,whoami,WKSTN-U1087,USER
CMD009505,2026-06-23 10:31:00,U1023,richard.wright,clear,WKSTN-U1023,USER
CMD010838,2026-06-23 10:06:00,U1026,elizabeth.gonzalez	,ls -la,WKSTN-U1026,USER
CMD021393,2026-06-23 11:20:00,U1052,paul.taylor,cd project/,WKSTN-U1052,USER
CMD008145,2026-06-23 08:43:00,U1020,andrew.thomas36,clear,WKSTN-U1020,USER
CMD011308,2026-06-23 08:53:00,U1027,patricia.brown75,ls -la,WKSTN-U1027,USER
CMD032665,2026-06-23 08:51:00,U1080,joseph.jackson91,clear,WKSTN-U1080,USER
CMD007252,2026-06-23 08:41:00,U1018,BETTY.WHITE57,df -h,WKSTN-U1018,USER
CMD008602,2026-06-23 08:41:00,U1021,jessica.walker,dir	,WKSTN-U1021,USER
CMD036677,2026-06-23 11:14:00,U1089,paul.brown27,top,WKSTN-U1089,USER
CMD007250,2026-06-23 09:53:00,U1018,betty.white57,git status,WKSTN-U1018,USER
CMD011745,2026-06-23 11:14:00,U1028,john.hill,ls -la,WKSTN-U1028,USER
CMD038467,2026-06-23 10:08:00,U1093,sarah.clark44,cat readme.txt,  WKSTN-U1093 ,USER
CMD010836,2026-06-23 12:55:00,U1026,elizabeth.gonzalez,,WKSTN-U1026,USER
CMD033512,2026-06-23 12:47:00,U1082,karen.hill96,top,WKSTN-U1082,USER
CMD005461,2026-06-23 12:03:00,U1014,james.taylor,  top ,WKSTN-U1014,USER
CMD012631,2026-06-23 11:36:00,U1030,betty.rodriguez86,cd project/,WKSTN-U1030,USER
CMD000720,2026-06-23 11:23:00,U1002,donna.ramirez	,top,WKSTN-U1002,USER
CMD036674,2026-06-23 11:34:00,U1089,paul.brown27,git status,WKSTN-U1089,user
CMD011309,2026-06-23 12:35:00,U1027,patricia.brown75,ls -la,WKSTN-U1027,USER
CMD036237,2026-06-23 12:26:00,U1088,andrew.smith85,clear,  WKSTN-U1088 ,USER
CMD026609,2026-06-23 11:43:00,U1065,MICHAEL.RAMIREZ47,git status,WKSTN-U1065,USER
CMD011310,2026-06-23 12:21:00,U1027,patricia.brown75,git pull,WKSTN-U1027,USER
CMD026610,2026-06-23 12:43:00,U1065,michael.ramirez47,git pull,WKSTN-U1065,USER
CMD011746,2026-06-23 11:25:00,U1028,john.hill,cat readme.txt,WKSTN-U1028,USER
CMD036676,2026-06-23 12:37:00,U1089,paul.brown27,top,WKSTN-U1089,USER
CMD008146,2026-06-23 11:24:00,U1020,andrew.thomas36,systeminfo,WKSTN-U1020,USER
CMD041274,2026-06-23 11:55:00,U1100,daniel.brown38,df -h,WKSTN-U1100,USER
CMD038037,2026-06-23 12:50:00,U1092,steven.thomas,cd project/,WKSTN-U1092,USER
CMD038039,2026-06-23 12:44:00,U1092,steven.thomas,cd project/,WKSTN-U1092,USER
CMD006787,2026-06-23 11:46:00,U1017,emily.hernandez34,systeminfo,WKSTN-U1017,USER
CMD041273,2026-06-23 11:34:00,U1100,daniel.brown38,dir,WKSTN-U1100,USER
CMD009504,2026-06-23 12:36:00,U1023,richard.wright,git status,WKSTN-U1023,USER
CMD006307,2026-06-23 11:32:00,U1016,patricia.thomas,clear,WKSTN-U1016,USER
CMD009058,2026-06-23 12:20:00,U1022,sandra.brown,cat readme.txt,WKSTN-U1022,USER
CMD032666,2026-06-23 12:36:00,U1080,,whoami,WKSTN-U1080,USER
CMD033099,2026-06-23 12:21:00,U1081,margaret.davis,top,WKSTN-U1081,USER
CMD040131,2026-06-23 12:00:00,U1097,mark.martinez10,clear,WKSTN-U1097,USER
CMD012186,2026-06-23 13:58:00,U1029,michelle.garcia54,clear,WKSTN-U1029,USER
CMD008144,2026-06-23 13:08:00,U1020,andrew.thomas36,df -h,WKSTN-U1020,USER
CMD038906,2026-06-23 14:36:00,U1094,ELIZABETH.LEWIS69,cat readme.txt,WKSTN-U1094,USER
CMD006308,2026-06-23 14:05:00,U1016,patricia.thomas,cat readme.txt,WKSTN-U1016,USER
CMD021392,2026-06-23 14:23:00,U1052,paul.taylor,top,WKSTN-U1052	,USER
CMD025029,2026-06-23 14:36:00,U1061,jessica.rodriguez,cd project/,WKSTN-U1061,USER
CMD035318,2026-06-23 13:37:00,U1086,STEVEN.THOMPSON53,whoami,WKSTN-U1086,USER
CMD038466,2026-06-23 14:09:00,U1093,sarah.clark44,cd project/,WKSTN-U1093,USER
CMD005463,2026-06-23 13:39:00,U1014,james.taylor,clear,WKSTN-U1014,USER
CMD033511,2026-06-23 13:48:00,U1082,karen.hill96,clear,WKSTN-U1082,USER
CMD009506,2026-06-23 13:04:00,U1023,richard.wright,df -h,WKSTN-U1023,USER
CMD033513,2026-06-23 12:56:00,U1082,karen.hill96,git pull,WKSTN-U1082,USER
CMD033100,2026-06-23 13:32:00,U1081,,git status,WKSTN-U1081,USER
CMD030622,2026-06-23 14:02:00,U1075,steven.lewis,cd project/,WKSTN-U1075,USER
CMD000721,2026-06-23 14:21:00,U1002,donna.ramirez,top,WKSTN-U1002,USER
CMD030621,2026-06-23 13:26:00,U1075,steven.lewis,whoami,WKSTN-U1075,USER
CMD007253,2026-06-23 13:01:00,U1018,betty.white57,dir,WKSTN-U1018,USER
CMD026608,2026-06-23 14:21:00,U1065,michael.ramirez47,top,WKSTN-U1065,user
CMD007251,2026-06-23 14:03:00,U1018,betty.white57,clear,WKSTN-U1018,USER
CMD037574,2026-06-23 14:10:00,U1091,linda.robinson,cd project/,WKSTN-U1091,USER
CMD010402,2026-06-23 14:05:00,U1025,betty.brown22,ping 10.0.0.5,WKSTN-U1025,USER
CMD008601,2026-06-23 14:36:00,U1021,jessica.walker,ipconfig,WKSTN-U1021,USER
CMD010401,2026-06-23 13:15:00,U1025,betty.brown22,ping 10.0.0.5,WKSTN-U1025,USER
CMD040133,2026-06-23 14:37:00,U1097,mark.martinez10,cat readme.txt,WKSTN-U1097,USER
CMD034441,2026-06-23 13:12:00,U1084,  joshua.taylor ,cat readme.txt,WKSTN-U1084,USER
CMD025028,2026-06-23 15:50:00,U1061,JESSICA.RODRIGUEZ,ipconfig,WKSTN-U1061,USER
CMD037133,2026-06-23 15:01:00,U1090,mary.hill,cd project/,WKSTN-U1090,USER
CMD032663,2026-06-23 15:48:00,U1080,joseph.jackson91,git pull,WKSTN-U1080,USER
CMD009952,2026-06-23 17:54:00,U1024,emily.miller,ls -la,WKSTN-U1024,USER
CMD034871,2026-06-23 15:26:00,U1085,barbara.walker67,git pull,WKSTN-U1085,USER
CMD039728,2026-06-23 15:25:00,U1096,david.allen76,git pull,WKSTN-U1096,USER
CMD011744,2026-06-23 14:48:00,U1028,john.hill,git pull,WKSTN-U1028,USER
CMD008603,2026-06-23 15:12:00,U1021,jessica.walker,systeminfo,WKSTN-U1021,USER
CMD025027,2026-06-23 15:46:00,U1061,jessica.rodriguez,clear,WKSTN-U1061,USER
CMD012630,2026-06-23 15:25:00,U1030,betty.rodriguez86,clear,WKSTN-U1030,USER
CMD032231,2026-06-23 16:15:00,U1079,emily.jones,  systeminfo ,WKSTN-U1079,USER
CMD027423,2026-06-24 07:45:00,U1067,paul.thomas97,cat readme.txt,,USER
CMD010837,2026-06-23 14:42:00,U1026,elizabeth.gonzalez,ipconfig,WKSTN-U1026,USER
CMD006788,2026-06-23 16:33:00,U1017,emily.hernandez34,git status,WKSTN-U1017,USER
CMD012185,2026-06-23 16:31:00,U1029,michelle.garcia54,clear,WKSTN-U1029,USER
CMD007703,2026-06-23 16:18:00,U1019,donna.anderson,ipconfig,WKSTN-U1019,USER
CMD010860,2026-06-24 07:33:00,U1026,elizabeth.gonzalez,clear,WKSTN-U1026,USER
CMD036235,2026-06-23 15:34:00,U1088,andrew.smith85,git status,WKSTN-U1088,USER
CMD032664,2026-06-23 15:59:00,U1080,joseph.jackson91,top,WKSTN-U1080,USER
CMD038038,2026-06-23 16:35:00,U1092,,top,WKSTN-U1092,USER
CMD036236,2026-06-23 15:08:00,U1088,andrew.smith85,git status,WKSTN-U1088,USER
CMD037575,2026-06-23 14:51:00,U1091,,top,WKSTN-U1091,USER
CMD009059,2026-06-23 15:05:00,U1022,sandra.brown,top,WKSTN-U1022,USER
CMD012629,2026-06-23 16:06:00,U1030,betty.rodriguez86,git pull,WKSTN-U1030,USER
CMD001134,2026-06-23 15:56:00,U1003,kenneth.clark29,git pull,WKSTN-U1003	,user
CMD012651,2026-06-24 09:54:00,U1030,betty.rodriguez86,cat readme.txt,WKSTN-U1030,USER
CMD022238,2026-06-24 10:02:00,U1054,ANTHONY.MARTINEZ,whoami,WKSTN-U1054,USER
CMD035340,2026-06-24 08:07:00,U1086,steven.thompson53,ping 10.0.0.5,WKSTN-U1086,USER
CMD000743,2026-06-24 08:32:00,U1002,donna.ramirez,ipconfig,WKSTN-U1002,USER
CMD032681,2026-06-24 10:03:00,U1080,JOSEPH.JACKSON91,git status,WKSTN-U1080,USER
CMD010419,2026-06-24 09:04:00,U1025,betty.brown22,cat readme.txt,WKSTN-U1025,USER
CMD022235,2026-06-24 10:19:00,U1054,anthony.martinez,systeminfo,WKSTN-U1054,USER
CMD033122,2026-06-24 08:55:00,U1081,margaret.davis,systeminfo,  WKSTN-U1081 ,USER
CMD033989,2026-06-24 10:42:00,U1083,sarah.allen70,ipconfig,WKSTN-U1083,
CMD036699,2026-06-24 10:51:00,U1089,paul.brown27,clear,WKSTN-U1089,USER
CMD007273,2026-06-24 08:04:00,U1018,betty.white57,dir,WKSTN-U1018,USER
CMD012649,2026-06-24 08:07:00,U1030,betty.rodriguez86,df -h,WKSTN-U1030,USER
CMD005078,2026-06-24 10:36:00,U1013,emily.smith,cd project/,WKSTN-U1013,USER
CMD012650,2026-06-24 07:53:00,U1030,betty.rodriguez86	,ls -la,,USER
CMD011331,2026-06-24 10:54:00,U1027,patricia.brown75,git pull,WKSTN-U1027,USER
CMD027422,2026-06-24 10:44:00,U1067,PAUL.THOMAS97,cd project/,WKSTN-U1067,USER
CMD035341,2026-06-24 08:06:00,U1086,steven.thompson53,whoami,WKSTN-U1086,USER
CMD034889,2026-06-24 08:18:00,U1085,barbara.walker67,ls -la,WKSTN-U1085,USER
CMD026631,2026-06-24 10:06:00,U1065,michael.ramirez47,cat readme.txt,WKSTN-U1065,
CMD027424,2026-06-24 09:28:00,U1067,paul.thomas97,,WKSTN-U1067,USER
CMD006325,2026-06-24 10:29:00,U1016,patricia.thomas,git pull,WKSTN-U1016,USER
CMD011332,2026-06-24 10:25:00,U1027,patricia.brown75,cd project/,WKSTN-U1027,USER
CMD009080,2026-06-24 09:08:00,U1022,sandra.brown,ls -la,WKSTN-U1022,USER
CMD000742,2026-06-24 09:38:00,U1002,donna.ramirez,  top ,WKSTN-U1002,USER
CMD038492,2026-06-24 10:47:00,U1093,sarah.clark44,cd project/,WKSTN-U1093,USER
CMD038058,2026-06-24 11:29:00,U1092,steven.thomas,clear,WKSTN-U1092,USER
CMD022236,2026-06-24 12:51:00,U1054,anthony.martinez,git pull,WKSTN-U1054,USER
CMD038057,2026-06-24 11:58:00,U1092,steven.thomas,df -h,WKSTN-U1092,USER
CMD011767,2026-06-24 12:01:00,U1028,john.hill,git status	,WKSTN-U1028,USER
CMD001545,2026-06-24 12:52:00,U1004,elizabeth.wilson98,dir,WKSTN-U1004,USER
CMD022237,2026-06-24 12:39:00,U1054,anthony.martinez,git pull,WKSTN-U1054,USER
CMD007272,2026-06-24 12:28:00,U1018,betty.white57,df -h,WKSTN-U1018,USER
CMD037593,2026-06-24 11:45:00,U1091,linda.robinson,ipconfig,WKSTN-U1091,USER
CMD034888,2026-06-24 11:32:00,U1085,barbara.walker67,ls -la,WKSTN-U1085,USER
CMD019051,2026-06-24 11:03:00,U1046,michelle.torres39,clear,WKSTN-U1046,USER
CMD011765,2026-06-24 11:04:00,U1028,john.hill,ls -la,WKSTN-U1028	,USER
CMD036696,2026-06-24 12:24:00,U1089,paul.brown27,git pull,WKSTN-U1089,USER
CMD007724,2026-06-24 12:44:00,U1019,donna.anderson,cd project/,WKSTN-U1019,USER
CMD028639,2026-06-24 11:12:00,U1070,betty.thomas40,cat readme.txt,  WKSTN-U1070 ,USER
CMD007270,2026-06-24 12:31:00,U1018,betty.white57,ipconfig,WKSTN-U1018,USER
CMD009526,2026-06-24 12:03:00,U1023,richard.wright,git pull,,USER
CMD033533,2026-06-24 12:14:00,U1082,karen.hill96,cat readme.txt,WKSTN-U1082,USER
CMD009081,2026-06-24 11:45:00,U1022,sandra.brown,ping 10.0.0.5,WKSTN-U1022,USER
CMD000740,2026-06-24 12:24:00,U1002,donna.ramirez,dir,WKSTN-U1002,USER
CMD033123,2026-06-24 10:57:00,U1081,margaret.davis,ping 10.0.0.5,WKSTN-U1081,USER
CMD019050,2026-06-24 12:17:00,U1046,michelle.torres39,clear,WKSTN-U1046,USER
CMD009972,2026-06-24 11:58:00,U1024,emily.miller,systeminfo,,USER
CMD005077,2026-06-24 12:20:00,U1013,emily.smith,dir,WKSTN-U1013,USER
CMD036697,2026-06-24 11:22:00,U1089,paul.brown27,cd project/,WKSTN-U1089,USER
CMD012648,2026-06-24 12:53:00,U1030,betty.rodriguez86,top,WKSTN-U1030,USER
CMD012206,2026-06-24 13:14:00,U1029,michelle.garcia54,cat readme.txt,WKSTN-U1029,USER
CMD034887,2026-06-24 13:42:00,U1085,barbara.walker67,dir,WKSTN-U1085,USER
CMD034462,2026-06-24 13:47:00,U1084,joshua.taylor,df -h,WKSTN-U1084,USER
CMD010861,2026-06-24 13:08:00,U1026,elizabeth.gonzalez,whoami,WKSTN-U1026,USER
CMD030640,2026-06-24 13:50:00,U1075,steven.lewis,cd project/,WKSTN-U1075,USER
CMD010859,2026-06-24 14:36:00,U1026,elizabeth.gonzalez,cat readme.txt,WKSTN-U1026,USER
CMD009970,2026-06-24 14:35:00,U1024,emily.miller,git status,WKSTN-U1024,USER
CMD005079,2026-06-24 14:03:00,U1013,emily.smith,ping 10.0.0.5,WKSTN-U1013,USER
CMD011766,2026-06-24 14:35:00,U1028,john.hill,systeminfo,WKSTN-U1028,USER
CMD037155,2026-06-24 13:12:00,U1090,mary.hill,ls -la,WKSTN-U1090,USER
CMD038926,2026-06-24 14:31:00,U1094,elizabeth.lewis69,ipconfig,WKSTN-U1094,USER
CMD032245,2026-06-24 13:24:00,U1079,emily.jones,cat readme.txt,WKSTN-U1079,USER
CMD027421,2026-06-24 14:03:00,U1067,paul.thomas97,git status,WKSTN-U1067,USER
CMD032682,2026-06-24 14:11:00,U1080,joseph.jackson91,top,WKSTN-U1080,USER
CMD035770,2026-06-24 13:29:00,U1087,charles.sanchez,cd project/,WKSTN-U1087,USER
CMD008620,2026-06-24 13:13:00,U1021,jessica.walker,whoami,WKSTN-U1021,USER
CMD007271,2026-06-24 13:16:00,U1018,betty.white57,top,,USER
CMD000741,2026-06-24 13:31:00,U1002,donna.ramirez,ipconfig	,WKSTN-U1002,USER
CMD008166,2026-06-24 14:50:00,U1020,andrew.thomas36,whoami,WKSTN-U1020,USER
CMD037156,2026-06-24 14:28:00,U1090,mary.hill	,ls -la,WKSTN-U1090,USER
CMD035769,2026-06-24 14:35:00,U1087,charles.sanchez,git pull,WKSTN-U1087,USER
CMD038925,2026-06-24 14:00:00,U1094,elizabeth.lewis69,ipconfig,WKSTN-U1094,USER
CMD009971,2026-06-24 14:40:00,U1024,emily.miller,whoami,WKSTN-U1024,USER
CMD019049,2026-06-24 14:47:00,U1046,michelle.torres39,top,  WKSTN-U1046 ,USER
CMD033988,2026-06-24 14:49:00,U1083,sarah.allen70,cat readme.txt,WKSTN-U1083,USER
CMD012670,2026-06-25 08:31:00,U1030,betty.rodriguez86,git status,WKSTN-U1030,USER
CMD028640,2026-06-24 14:57:00,U1070,BETTY.THOMAS40,ping 10.0.0.5,,USER
CMD032259,2026-06-25 09:27:00,U1079,emily.jones,ipconfig,WKSTN-U1079,USER
CMD032246,2026-06-24 15:51:00,U1079,emily.jones,top,WKSTN-U1079,USER
CMD007725,2026-06-24 15:44:00,U1019,donna.anderson,cd project/,WKSTN-U1019,USER
CMD000758,2026-06-25 09:32:00,U1002,donna.ramirez,cat readme.txt,WKSTN-U1002,USER
CMD033987,2026-06-24 15:05:00,U1083,sarah.allen70,ipconfig,WKSTN-U1083,USER
CMD009973,2026-06-24 15:30:00,U1024,emily.miller,ping 10.0.0.5,,USER
CMD011788,2026-06-25 08:46:00,U1028,,ipconfig,WKSTN-U1028,USER
CMD008167,2026-06-24 17:06:00,U1020,andrew.thomas36,dir,WKSTN-U1020,USER
CMD008638,2026-06-25 09:56:00,U1021,jessica.walker,ls -la,WKSTN-U1021,USER
CMD036254,2026-06-24 16:42:00,U1088,andrew.smith85,dir,WKSTN-U1088,USER
CMD034009,2026-06-25 07:50:00,U1083,sarah.allen70,whoami,WKSTN-U1083,USER
CMD008187,2026-06-25 08:12:00,U1020,andrew.thomas36,ls -la,WKSTN-U1020,USER
CMD032260,2026-06-25 09:49:00,U1079,emily.jones,cat readme.txt,WKSTN-U1079	,USER
CMD010882,2026-06-25 09:18:00,U1026,elizabeth.gonzalez,cd project/,WKSTN-U1026,USER
CMD006811,2026-06-24 15:36:00,U1017,emily.hernandez34,cd project/,WKSTN-U1017,
CMD021026,2026-06-24 16:53:00,U1051,  sandra.king72 ,cd project/,  WKSTN-U1051 ,USER
CMD037154,2026-06-24 15:12:00,U1090,mary.hill,top,WKSTN-U1090,USER
CMD011330,2026-06-24 16:59:00,U1027,patricia.brown75,whoami,WKSTN-U1027,USER
CMD011790,2026-06-25 09:05:00,U1028,john.hill,cd project/,WKSTN-U1028,USER
CMD036698,2026-06-24 15:44:00,U1089,PAUL.BROWN27,ls -la,WKSTN-U1089,USER
CMD012228,2026-06-25 08:30:00,U1029,michelle.garcia54,cat readme.txt,WKSTN-U1029,USER
CMD007726,2026-06-24 15:47:00,U1019,donna.anderson,git pull,WKSTN-U1019,USER
CMD017445,2026-06-24 16:33:00,U1042,michael.hill56,systeminfo,WKSTN-U1042,USER
CMD037179,2026-06-25 11:21:00,U1090,MARY.HILL,ping 10.0.0.5,WKSTN-U1090,USER
CMD009993,2026-06-25 11:37:00,U1024,emily.miller,df -h,,USER
CMD007748,2026-06-25 11:51:00,U1019,donna.anderson,ipconfig,WKSTN-U1019,USER
CMD038514,2026-06-25 10:04:00,U1093,sarah.clark44,top,WKSTN-U1093,USER
CMD036272,2026-06-25 11:58:00,U1088,andrew.smith85,systeminfo,WKSTN-U1088,USER
CMD038515,2026-06-25 11:17:00,U1093,sarah.clark44,git pull,WKSTN-U1093,USER
CMD001172,2026-06-25 12:03:00,U1003,kenneth.clark29,ls -la,,USER
CMD039756,2026-06-25 12:04:00,U1096,david.allen76,clear,WKSTN-U1096,USER
CMD032258,2026-06-25 10:54:00,U1079,emily.jones,top,WKSTN-U1079,USER
CMD008188,2026-06-25 12:10:00,U1020,andrew.thomas36,ipconfig,WKSTN-U1020,USER
CMD038072,2026-06-25 10:00:00,U1092,steven.thomas,systeminfo,WKSTN-U1092,USER
CMD009540,2026-06-25 10:40:00,U1023,richard.wright,ls -la,WKSTN-U1023,USER
CMD015458,2026-06-25 12:01:00,U1037,robert.martin,clear,WKSTN-U1037,
CMD009542,2026-06-25 10:38:00,U1023,richard.wright,systeminfo,WKSTN-U1023,USER
CMD039755,2026-06-25 10:18:00,U1096,david.allen76,git pull,WKSTN-U1096,USER
CMD035787,2026-06-25 10:10:00,U1087,charles.sanchez,systeminfo,WKSTN-U1087,USER
CMD034477,2026-06-25 10:32:00,U1084,joshua.taylor,clear,WKSTN-U1084,USER
CMD037180,2026-06-25 10:33:00,U1090,mary.hill,ipconfig,WKSTN-U1090,USER
CMD003516,2026-06-25 12:01:00,U1009,daniel.brown,clear,WKSTN-U1009,USER
CMD009543,2026-06-25 12:03:00,U1023,richard.wright,systeminfo,WKSTN-U1023,USER
CMD032698,2026-06-25 10:40:00,U1080,JOSEPH.JACKSON91,git status,WKSTN-U1080,USER
CMD034007,2026-06-25 11:30:00,U1083,sarah.allen70,git pull,WKSTN-U1083,
CMD011357,2026-06-25 10:55:00,U1027,patricia.brown75,systeminfo,WKSTN-U1027,USER
CMD012668,2026-06-25 09:57:00,U1030,betty.rodriguez86,whoami,WKSTN-U1030,USER
CMD027055,2026-06-25 11:48:00,U1066,michelle.wright62,ls -la,WKSTN-U1066,USER
CMD012669,2026-06-25 13:18:00,U1030,betty.rodriguez86,ls -la,WKSTN-U1030,USER
CMD032697,2026-06-25 13:24:00,U1080,joseph.jackson91,ls -la,WKSTN-U1080,USER
CMD036716,2026-06-25 13:33:00,U1089,paul.brown27,git status,WKSTN-U1089,USER
CMD028655,2026-06-25 12:43:00,U1070,betty.thomas40,df -h,WKSTN-U1070,USER
CMD033550,2026-06-25 13:28:00,U1082,karen.hill96,dir,WKSTN-U1082,USER
CMD038945,2026-06-25 13:20:00,U1094,elizabeth.lewis69,df -h,WKSTN-U1094,USER
CMD032699,2026-06-25 12:43:00,U1080,joseph.jackson91,whoami,WKSTN-U1080,USER
CMD012227,2026-06-25 12:51:00,U1029,michelle.garcia54,clear	,WKSTN-U1029,USER
CMD033137,2026-06-25 13:04:00,U1081,margaret.davis,dir,WKSTN-U1081,USER
CMD038517,2026-06-25 13:26:00,U1093,sarah.clark44,  df -h ,WKSTN-U1093,USER
CMD001568,2026-06-25 13:07:00,U1004,elizabeth.wilson98,whoami,WKSTN-U1004,
CMD032696,2026-06-25 12:58:00,U1080,joseph.jackson91,git status,WKSTN-U1080,USER
CMD037618,2026-06-25 12:33:00,U1091,linda.robinson,clear,WKSTN-U1091,USER
CMD001173,2026-06-25 12:33:00,U1003,kenneth.clark29,df -h,WKSTN-U1003,USER
CMD011358,2026-06-25 12:51:00,U1027,patricia.brown75,df -h,  WKSTN-U1027 ,USER
CMD035788,2026-06-25 12:23:00,U1087,charles.sanchez,cat readme.txt,,USER
CMD009102,2026-06-25 12:30:00,U1022,sandra.brown,whoami,WKSTN-U1022,USER
CMD020648,2026-06-25 12:24:00,U1050,michael.ramirez,cat readme.txt,WKSTN-U1050,USER
CMD020649,2026-06-25 12:39:00,U1050,michael.ramirez,cd project/,WKSTN-U1050,USER
CMD007750,2026-06-25 12:35:00,U1019,donna.anderson,ipconfig,WKSTN-U1019,USER
CMD008639,2026-06-25 12:22:00,U1021,jessica.walker	,ipconfig,WKSTN-U1021,USER
CMD008190,2026-06-25 13:33:00,U1020,andrew.thomas36,git status,WKSTN-U1020,USER
CMD008189,2026-06-25 12:56:00,U1020,andrew.thomas36,cd project/,WKSTN-U1020,USER
CMD011789,2026-06-25 12:29:00,U1028,john.hill,cat readme.txt,WKSTN-U1028,user
CMD006348,2026-06-25 12:46:00,U1016,patricia.thomas,ls -la	,WKSTN-U1016,USER
CMD007751,2026-06-25 15:12:00,U1019,donna.anderson,git pull,WKSTN-U1019,USER
CMD027056,2026-06-25 13:38:00,U1066,michelle.wright62,ping 10.0.0.5,WKSTN-U1066,USER
CMD009103,2026-06-25 13:44:00,U1022,sandra.brown,top,  WKSTN-U1022 ,USER
CMD034008,2026-06-25 13:44:00,U1083,sarah.allen70,git pull,WKSTN-U1083,USER
CMD035354,2026-06-25 14:52:00,U1086,steven.thompson53,git status,WKSTN-U1086,USER
CMD038516,2026-06-25 14:57:00,U1093,sarah.clark44,df -h,WKSTN-U1093,USER
CMD011791,2026-06-25 13:35:00,U1028,john.hill,whoami,WKSTN-U1028,USER
CMD028656,2026-06-25 13:36:00,U1070,betty.thomas40,dir,WKSTN-U1070,USER
CMD010438,2026-06-25 13:41:00,U1025,betty.brown22,df -h,WKSTN-U1025,USER
CMD033138,2026-06-25 14:00:00,U1081,margaret.davis,git status,WKSTN-U1081,USER
CMD040930,2026-06-25 14:36:00,U1099,  joseph.garcia ,top,WKSTN-U1099,USER
CMD010881,2026-06-25 14:43:00,U1026,,top,WKSTN-U1026,USER
CMD037178,2026-06-25 15:18:00,U1090,mary.hill,df -h,WKSTN-U1090,USER
CMD001565,2026-06-25 14:23:00,U1004,elizabeth.wilson98,whoami,WKSTN-U1004,USER
CMD007291,2026-06-25 15:13:00,U1018,betty.white57,git status,WKSTN-U1018,USER
CMD034010,2026-06-25 14:04:00,U1083,sarah.allen70,df -h,WKSTN-U1083,USER
CMD009100,2026-06-25 14:55:00,U1022,sandra.brown,ipconfig,WKSTN-U1022,USER
CMD010439,2026-06-25 13:48:00,U1025,betty.brown22,,WKSTN-U1025,USER
CMD036715,2026-06-25 14:39:00,U1089,paul.brown27,clear,WKSTN-U1089,USER
CMD028657,2026-06-25 14:15:00,U1070,betty.thomas40,clear,WKSTN-U1070,USER
CMD038946,2026-06-25 14:58:00,U1094,elizabeth.lewis69,git status,WKSTN-U1094,
CMD039757,2026-06-25 13:43:00,U1096,david.allen76,git status,WKSTN-U1096,USER
CMD011355,2026-06-25 14:52:00,U1027,patricia.brown75,ipconfig,WKSTN-U1027,USER
CMD038944,2026-06-25 13:40:00,U1094,elizabeth.lewis69,whoami,WKSTN-U1094,USER
CMD009101,2026-06-25 13:53:00,U1022,sandra.brown,cd project/,WKSTN-U1022,USER
CMD006833,2026-06-25 17:05:00,U1017,emily.hernandez34,clear,WKSTN-U1017,USER
CMD036274,2026-06-25 16:23:00,U1088,andrew.smith85,,WKSTN-U1088,USER
CMD037616,2026-06-25 17:06:00,U1091,linda.robinson,whoami,WKSTN-U1091,USER
CMD037617,2026-06-25 16:50:00,U1091,linda.robinson,git pull,WKSTN-U1091,USER
CMD036714,2026-06-25 16:41:00,U1089,paul.brown27,top,WKSTN-U1089,USER
CMD015044,2026-06-25 15:58:00,U1036,linda.jones,dir,WKSTN-U1036,USER
CMD027057,2026-06-25 17:14:00,U1066,michelle.wright62,df -h,WKSTN-U1066,USER
CMD011356,2026-06-25 15:38:00,U1027,patricia.brown75,df -h,WKSTN-U1027,USER
CMD007292,2026-06-25 15:39:00,U1018,betty.white57,whoami,WKSTN-U1018,USER
CMD012246,2026-06-26 07:21:00,U1029,michelle.garcia54,dir,WKSTN-U1029,USER
CMD037181,2026-06-25 16:00:00,U1090,mary.hill,git pull,WKSTN-U1090,USER
CMD009992,2026-06-25 15:37:00,U1024,emily.miller,ls -la,WKSTN-U1024,USER
CMD012245,2026-06-26 07:27:00,U1029,michelle.garcia54,ipconfig,WKSTN-U1029,USER
CMD001567,2026-06-25 15:32:00,U1004,elizabeth.wilson98,ping 10.0.0.5,WKSTN-U1004,USER
CMD006367,2026-06-26 08:17:00,U1016,patricia.thomas,cd project/,WKSTN-U1016,USER
CMD008637,2026-06-25 15:45:00,U1021,jessica.walker,cat readme.txt,WKSTN-U1021,USER
CMD035789,2026-06-25 17:27:00,U1087,charles.sanchez,top,WKSTN-U1087,USER
CMD009541,2026-06-25 16:11:00,U1023,richard.wright,cd project/,WKSTN-U1023	,USER
CMD034908,2026-06-25 15:51:00,U1085,barbara.walker67,ls -la,WKSTN-U1085,USER
CMD032719,2026-06-26 08:21:00,U1080,joseph.jackson91,ipconfig,,
CMD034498,2026-06-26 07:54:00,U1084,,ipconfig,WKSTN-U1084,USER
CMD001566,2026-06-25 16:11:00,U1004,elizabeth.wilson98,ipconfig,WKSTN-U1004,USER
CMD036273,2026-06-25 15:22:00,U1088,andrew.smith85,git status,WKSTN-U1088,USER
CMD035786,2026-06-25 15:25:00,U1087,charles.sanchez,ipconfig,WKSTN-U1087,USER
CMD007749,2026-06-25 16:02:00,U1019,donna.anderson,ping 10.0.0.5,WKSTN-U1019,USER
CMD020256,2026-06-26 10:09:00,U1049,michelle.jones59,cd project/,WKSTN-U1049,USER
CMD010451,2026-06-26 11:26:00,U1025,betty.brown22,git status,  WKSTN-U1025 ,USER
CMD027839,2026-06-26 09:23:00,U1068,susan.thompson34,ipconfig,WKSTN-U1068,USER
CMD006365,2026-06-26 10:57:00,U1016,patricia.thomas,clear,WKSTN-U1016,USER
CMD008661,2026-06-26 09:52:00,U1021,jessica.walker,whoami,WKSTN-U1021,USER
CMD034499,2026-06-26 09:13:00,U1084,joshua.taylor,df -h,WKSTN-U1084,USER
CMD007312,2026-06-26 08:28:00,U1018,  betty.white57 ,cd project/,WKSTN-U1018,USER
CMD007769,2026-06-26 11:32:00,U1019,donna.anderson,top,WKSTN-U1019,USER
CMD034930,2026-06-26 10:53:00,U1085,barbara.walker67,cd project/,WKSTN-U1085,USER
CMD012247,2026-06-26 08:58:00,U1029,michelle.garcia54,ls -la,WKSTN-U1029,user
CMD008660,2026-06-26 09:57:00,U1021,  jessica.walker ,,,USER
CMD032721,2026-06-26 10:54:00,U1080,joseph.jackson91,git status,WKSTN-U1080,user
CMD001976,2026-06-26 09:36:00,U1005,robert.robinson,dir,WKSTN-U1005,USER
CMD026670,2026-06-26 11:07:00,U1065,michael.ramirez47,git status	,WKSTN-U1065,USER
CMD001977,2026-06-26 10:22:00,U1005,robert.robinson,git pull,WKSTN-U1005,USER
CMD035809,2026-06-26 08:46:00,U1087,charles.sanchez,git status,WKSTN-U1087,USER
CMD010008,2026-06-26 09:28:00,U1024,emily.miller,dir,WKSTN-U1024,USER
CMD037196,2026-06-26 10:35:00,U1090,mary.hill,ping 10.0.0.5,WKSTN-U1090,USER
CMD009120,2026-06-26 10:16:00,U1022,sandra.brown,cat readme.txt,WKSTN-U1022,USER
CMD011375,2026-06-26 10:06:00,U1027,patricia.brown75,ping 10.0.0.5,WKSTN-U1027,USER
CMD001978,2026-06-26 10:14:00,U1005,robert.robinson,cd project/,WKSTN-U1005,user
CMD001975,2026-06-26 09:45:00,U1005,robert.robinson	,git pull,WKSTN-U1005,user
CMD008662,2026-06-26 11:14:00,U1021,jessica.walker,git pull,WKSTN-U1021,USER
CMD020254,2026-06-26 11:22:00,U1049,michelle.jones59,clear,WKSTN-U1049,USER
CMD035372,2026-06-26 09:46:00,U1086,steven.thompson53,git pull,WKSTN-U1086,USER
CMD033569,2026-06-26 11:42:00,U1082,karen.hill96,ping 10.0.0.5,WKSTN-U1082,USER
CMD009563,2026-06-26 12:06:00,U1023,richard.wright,git status,WKSTN-U1023,USER
CMD000774,2026-06-26 12:30:00,U1002,donna.ramirez,ls -la,WKSTN-U1002,USER
CMD027838,2026-06-26 12:42:00,U1068,susan.thompson34,clear,WKSTN-U1068,USER
CMD037636,2026-06-26 12:16:00,U1091,linda.robinson,dir,WKSTN-U1091,USER
CMD010009,2026-06-26 12:18:00,U1024,emily.miller,ls -la,WKSTN-U1024,USER
CMD000776,2026-06-26 12:40:00,U1002,donna.ramirez,dir,WKSTN-U1002	,USER
CMD035810,2026-06-26 12:04:00,U1087,charles.sanchez,git status,WKSTN-U1087,USER
CMD010452,2026-06-26 12:27:00,U1025,betty.brown22,dir,WKSTN-U1025,USER
CMD020255,2026-06-26 11:35:00,U1049,MICHELLE.JONES59,,WKSTN-U1049,USER
CMD012690,2026-06-26 12:01:00,U1030,  betty.rodriguez86 ,dir,WKSTN-U1030,USER
CMD034029,2026-06-26 12:09:00,U1083,sarah.allen70,df -h,WKSTN-U1083,USER
CMD036735,2026-06-26 11:35:00,U1089,paul.brown27,whoami,WKSTN-U1089,
CMD006366,2026-06-26 11:44:00,U1016,patricia.thomas,,WKSTN-U1016,USER
CMD034929,2026-06-26 11:50:00,U1085,barbara.walker67,git status,WKSTN-U1085	,USER
CMD034496,2026-06-26 12:15:00,U1084,joshua.taylor,cat readme.txt,WKSTN-U1084,USER
CMD007770,2026-06-26 13:24:00,U1019,donna.anderson,  cd project/ ,WKSTN-U1019,USER
CMD008213,2026-06-26 12:02:00,U1020,andrew.thomas36,ping 10.0.0.5,WKSTN-U1020,USER
CMD006368,2026-06-26 12:11:00,U1016,patricia.thomas,systeminfo,WKSTN-U1016,USER
CMD008212,2026-06-26 12:18:00,U1020,andrew.thomas36,top,WKSTN-U1020,USER
CMD032722,2026-06-26 12:48:00,U1080,joseph.jackson91,whoami,WKSTN-U1080,USER
CMD036294,2026-06-26 11:59:00,U1088,andrew.smith85,ipconfig,WKSTN-U1088,USER
CMD011809,2026-06-26 11:59:00,U1028,john.hill,cat readme.txt,WKSTN-U1028,USER
CMD038966,2026-06-26 13:08:00,U1094,elizabeth.lewis69,ipconfig,WKSTN-U1094,USER
CMD010898,2026-06-26 12:37:00,U1026,elizabeth.gonzalez	,systeminfo,WKSTN-U1026,user
CMD007313,2026-06-26 15:19:00,U1018,betty.white57,ipconfig,WKSTN-U1018,USER
CMD006850,2026-06-26 14:53:00,U1017,emily.hernandez34,cat readme.txt,WKSTN-U1017,USER
CMD010010,2026-06-26 14:48:00,U1024,emily.miller,df -h,WKSTN-U1024,USER
CMD034931,2026-06-26 13:40:00,U1085,barbara.walker67,systeminfo,WKSTN-U1085,USER
CMD009119,2026-06-26 13:44:00,U1022,sandra.brown,ping 10.0.0.5,WKSTN-U1022,USER
CMD033568,2026-06-26 14:28:00,U1082,karen.hill96,df -h,WKSTN-U1082,USER
CMD006852,2026-06-26 15:12:00,U1017,emily.hernandez34,git pull,WKSTN-U1017,USER
CMD034497,2026-06-26 14:19:00,U1084,joshua.taylor,ls -la,WKSTN-U1084,USER
CMD032280,2026-06-26 13:57:00,U1079,emily.jones,dir,WKSTN-U1079,USER
CMD010011,2026-06-26 15:34:00,U1024,emily.miller,ipconfig,WKSTN-U1024,USER
CMD000775,2026-06-26 14:01:00,U1002,,dir,WKSTN-U1002,USER
CMD035808,2026-06-26 14:50:00,U1087,charles.sanchez,ls -la,WKSTN-U1087,USER
CMD038532,2026-06-26 14:14:00,U1093,sarah.clark44,ping 10.0.0.5,WKSTN-U1093,USER
CMD036736,2026-06-26 14:25:00,U1089,paul.brown27,cd project/,WKSTN-U1089,USER
CMD034030,2026-06-26 14:24:00,U1083,sarah.allen70,git status,WKSTN-U1083,USER
CMD032720,2026-06-26 15:20:00,U1080,  joseph.jackson91 ,cd project/,WKSTN-U1080,USER
CMD010454,2026-06-26 14:51:00,U1025,betty.brown22,clear,  WKSTN-U1025 ,USER
CMD006851,2026-06-26 15:30:00,U1017,emily.hernandez34,cat readme.txt,WKSTN-U1017,USER
CMD038533,2026-06-26 15:42:00,U1093,sarah.clark44,ipconfig,WKSTN-U1093,USER
CMD038091,2026-06-26 14:20:00,U1092,STEVEN.THOMAS,systeminfo,WKSTN-U1092,USER
CMD026669,2026-06-26 13:33:00,U1065,michael.ramirez47,ping 10.0.0.5,WKSTN-U1065,user
CMD027073,2026-06-26 15:36:00,U1066,michelle.wright62,cd project/,WKSTN-U1066,USER
CMD009562,2026-06-26 14:54:00,U1023,richard.wright,top,WKSTN-U1023,USER
CMD036295,2026-06-26 14:26:00,U1088,andrew.smith85,df -h,WKSTN-U1088,USER
CMD037637,2026-06-26 13:57:00,U1091,linda.robinson,clear,,USER
CMD012689,2026-06-26 16:28:00,U1030,betty.rodriguez86,cd project/,WKSTN-U1030,USER
CMD007333,2026-06-28 16:13:00,U1018,betty.white57,dir,WKSTN-U1018,USER
CMD011374,2026-06-26 16:00:00,U1027,patricia.brown75,whoami,WKSTN-U1027,USER
CMD005136,2026-06-27 15:02:00,U1013,emily.smith,df -h,WKSTN-U1013,USER
CMD005135,2026-06-27 12:50:00,U1013,emily.smith	,cd project/,,USER
CMD033590,2026-06-28 08:43:00,U1082,karen.hill96,systeminfo,WKSTN-U1082,USER
CMD026692,2026-06-27 14:41:00,U1065,michael.ramirez47,top,WKSTN-U1065,USER
CMD005134,2026-06-27 12:25:00,U1013,emily.smith,ipconfig,WKSTN-U1013,user
CMD010453,2026-06-26 15:54:00,U1025,betty.brown22,git status,WKSTN-U1025,USER
CMD007332,2026-06-28 10:44:00,U1018,betty.white57,ipconfig,WKSTN-U1018,USER
CMD033156,2026-06-26 16:25:00,U1081,margaret.davis,clear,WKSTN-U1081,USER
CMD036749,2026-06-29 08:00:00,U1089,paul.brown27,git pull,WKSTN-U1089,USER
CMD033155,2026-06-26 16:58:00,U1081,margaret.davis,ls -la,WKSTN-U1081,USER
CMD036296,2026-06-26 16:48:00,U1088,andrew.smith85,clear,  WKSTN-U1088 ,USER
CMD011808,2026-06-26 15:46:00,U1028,  john.hill ,cd project/,WKSTN-U1028,USER
CMD033591,2026-06-28 12:29:00,U1082,karen.hill96,top,WKSTN-U1082,USER
CMD010897,2026-06-26 16:34:00,U1026,elizabeth.gonzalez,cat readme.txt,WKSTN-U1026,USER
CMD034028,2026-06-26 16:15:00,U1083,SARAH.ALLEN70,ipconfig,WKSTN-U1083,USER
CMD006872,2026-06-28 08:15:00,U1017,emily.hernandez34,ls -la,WKSTN-U1017,USER
CMD008681,2026-06-29 08:06:00,U1021,jessica.walker,git pull,WKSTN-U1021,USER
CMD034515,2026-06-29 07:12:00,U1084,joshua.taylor,df -h,WKSTN-U1084,USER
CMD008683,2026-06-29 07:58:00,U1021,jessica.walker,top,WKSTN-U1021,USER
CMD007787,2026-06-29 07:02:00,U1019,donna.anderson,cat readme.txt,WKSTN-U1019,USER
CMD037638,2026-06-26 15:48:00,U1091,linda.robinson,whoami	,WKSTN-U1091,USER
CMD007334,2026-06-28 14:21:00,U1018,BETTY.WHITE57,ls -la,WKSTN-U1018,USER
CMD033613,2026-06-29 08:20:00,U1082,karen.hill96,df -h,WKSTN-U1082,USER
CMD035833,2026-06-29 08:29:00,U1087,charles.sanchez,systeminfo,WKSTN-U1087	,USER
CMD038553,2026-06-29 09:04:00,U1093,  sarah.clark44 ,cat readme.txt,WKSTN-U1093,USER
CMD010917,2026-06-29 08:16:00,U1026,elizabeth.gonzalez,dir,WKSTN-U1026,USER
CMD034948,2026-06-29 09:53:00,U1085,barbara.walker67,ping 10.0.0.5,WKSTN-U1085,USER
CMD006391,2026-06-29 09:49:00,U1016,patricia.thomas,whoami,WKSTN-U1016,USER
CMD018683,2026-06-29 09:52:00,U1045,daniel.sanchez90,dir,WKSTN-U1045,USER
CMD007788,2026-06-29 10:09:00,U1019,,ping 10.0.0.5,WKSTN-U1019,USER
CMD010920,2026-06-29 09:11:00,U1026,elizabeth.gonzalez,cat readme.txt,WKSTN-U1026,USER
CMD007786,2026-06-29 09:07:00,U1019,donna.anderson,dir,WKSTN-U1019,USER
CMD034517,2026-06-29 09:15:00,U1084,joshua.taylor,git pull,WKSTN-U1084,
CMD007352,2026-06-29 09:54:00,U1018,betty.white57,systeminfo,WKSTN-U1018,USER
CMD010919,2026-06-29 10:01:00,U1026,elizabeth.gonzalez,df -h,WKSTN-U1026,USER
CMD005541,2026-06-29 09:23:00,U1014,james.taylor,whoami,WKSTN-U1014,USER
CMD038555,2026-06-29 08:44:00,U1093,sarah.clark44,df -h,WKSTN-U1093,USER
CMD035830,2026-06-29 09:10:00,U1087,charles.sanchez,dir,WKSTN-U1087,USER
CMD008232,2026-06-29 08:36:00,U1020,andrew.thomas36,ipconfig,WKSTN-U1020,USER
CMD038110,2026-06-29 08:19:00,U1092,steven.thomas,top,WKSTN-U1092,USER
CMD033174,2026-06-29 08:37:00,U1081,margaret.davis,dir,WKSTN-U1081,USER
CMD038554,2026-06-29 08:55:00,U1093,sarah.clark44,git pull,WKSTN-U1093,USER
CMD010918,2026-06-29 09:53:00,U1026,elizabeth.gonzalez,systeminfo,WKSTN-U1026,
CMD015904,2026-06-29 09:50:00,U1038,emily.clark,top,WKSTN-U1038,USER
CMD038113,2026-06-29 09:54:00,U1092,steven.thomas,dir,WKSTN-U1092,USER
CMD010030,2026-06-29 08:42:00,U1024,emily.miller,git pull,WKSTN-U1024,USER
CMD009586,2026-06-29 09:40:00,U1023,richard.wright,whoami,WKSTN-U1023,USER
CMD010474,2026-06-29 10:50:00,U1025,betty.brown22,ipconfig,,USER
CMD018685,2026-06-29 10:15:00,U1045,daniel.sanchez90,systeminfo,WKSTN-U1045,user
CMD036313,2026-06-29 12:52:00,U1088,andrew.smith85,df -h	,WKSTN-U1088,USER
CMD012708,2026-06-29 11:47:00,U1030,betty.rodriguez86,git status,WKSTN-U1030,USER
CMD015907,2026-06-29 10:45:00,U1038,emily.clark,cat readme.txt,WKSTN-U1038,USER
CMD009138,2026-06-29 11:39:00,U1022,sandra.brown,clear,WKSTN-U1022,
CMD005538,2026-06-29 11:51:00,U1014,james.taylor,whoami,WKSTN-U1014,USER
CMD011830,2026-06-29 12:22:00,U1028,john.hill,ls -la,WKSTN-U1028,USER
CMD037659,2026-06-29 10:56:00,U1091,linda.robinson,ping 10.0.0.5,WKSTN-U1091,USER
CMD007354,2026-06-29 10:41:00,U1018,betty.white57,ping 10.0.0.5,WKSTN-U1018,USER
CMD011829,2026-06-29 11:25:00,U1028,john.hill,dir,WKSTN-U1028,USER
CMD018684,2026-06-29 11:23:00,U1045,daniel.sanchez90,git pull,WKSTN-U1045,USER
CMD032736,2026-06-29 10:47:00,U1080,joseph.jackson91,git status,WKSTN-U1080,USER
CMD032300,2026-06-29 11:25:00,U1079,emily.jones,whoami,WKSTN-U1079,USER
CMD037215,2026-06-29 11:19:00,U1090,mary.hill,systeminfo,WKSTN-U1090,USER
CMD033175,2026-06-29 11:19:00,U1081,margaret.davis,clear,,user
CMD011399,2026-06-29 11:26:00,U1027,patricia.brown75,clear,WKSTN-U1027,USER
CMD005540,2026-06-29 12:30:00,U1014,JAMES.TAYLOR,git status,WKSTN-U1014,user
CMD037658,2026-06-29 10:14:00,U1091,linda.robinson,git status,WKSTN-U1091,USER
CMD038112,2026-06-29 11:27:00,U1092,steven.thomas,ipconfig,WKSTN-U1092,USER
CMD009584,2026-06-29 12:58:00,U1023,richard.wright,top,WKSTN-U1023,USER
CMD018682,2026-06-29 12:02:00,U1045,daniel.sanchez90,top,WKSTN-U1045,USER
CMD035832,2026-06-29 10:57:00,U1087,charles.sanchez,df -h,WKSTN-U1087,USER
CMD001599,2026-06-29 11:35:00,U1004,elizabeth.wilson98,cat readme.txt,WKSTN-U1004,USER
CMD006896,2026-06-29 11:39:00,U1017,emily.hernandez34,ipconfig,WKSTN-U1017,USER
CMD032302,2026-06-29 14:05:00,U1079,emily.jones,git pull,WKSTN-U1079,USER
CMD034051,2026-06-29 13:32:00,U1083,sarah.allen70,clear,WKSTN-U1083,USER
CMD038984,2026-06-29 15:13:00,U1094,elizabeth.lewis69,,WKSTN-U1094,USER
CMD034516,2026-06-29 13:21:00,U1084,joshua.taylor,git status,WKSTN-U1084,USER
CMD036311,2026-06-29 14:19:00,U1088,andrew.smith85,top,WKSTN-U1088,USER
CMD006393,2026-06-29 14:12:00,U1016,patricia.thomas,top,WKSTN-U1016,USER
CMD037213,2026-06-29 13:41:00,U1090,mary.hill,ping 10.0.0.5,WKSTN-U1090,USER
CMD034949,2026-06-29 14:24:00,U1085,barbara.walker67,clear,WKSTN-U1085,USER
CMD011828,2026-06-29 14:44:00,U1028,john.hill,cd project/,WKSTN-U1028,USER
CMD015092,2026-06-29 13:09:00,U1036,linda.jones,systeminfo,WKSTN-U1036,USER
CMD009140,2026-06-29 13:42:00,U1022,sandra.brown,git pull,WKSTN-U1022,USER
CMD010029,2026-06-29 13:53:00,U1024,emily.miller,top,WKSTN-U1024,USER
CMD001600,2026-06-29 13:42:00,U1004,elizabeth.wilson98,ping 10.0.0.5,  WKSTN-U1004 ,USER
CMD010473,2026-06-29 13:58:00,U1025,betty.brown22	,ipconfig,WKSTN-U1025,USER
CMD006394,2026-06-29 15:16:00,U1016,patricia.thomas,git pull,WKSTN-U1016,USER
CMD008680,2026-06-29 13:49:00,U1021,jessica.walker,cat readme.txt,  WKSTN-U1021 ,
CMD034050,2026-06-29 14:44:00,U1083,sarah.allen70,  top ,WKSTN-U1083,USER
CMD035831,2026-06-29 14:39:00,U1087,  charles.sanchez ,clear,WKSTN-U1087,USER
CMD022689,2026-06-29 13:11:00,U1055,patricia.wilson54,clear,WKSTN-U1055,USER
CMD009585,2026-06-29 14:27:00,U1023,richard.wright,top,WKSTN-U1023,USER
CMD005539,2026-06-29 14:35:00,U1014,james.taylor,cd project/,WKSTN-U1014,USER
CMD038556,2026-06-29 15:06:00,U1093,sarah.clark44,ipconfig,WKSTN-U1093,USER
CMD034048,2026-06-29 14:09:00,U1083,,systeminfo,WKSTN-U1083,USER
CMD006897,2026-06-29 14:52:00,U1017,emily.hernandez34,,WKSTN-U1017,USER
CMD037660,2026-06-29 13:59:00,U1091,linda.robinson,cd project/,WKSTN-U1091,USER
CMD032301,2026-06-29 16:08:00,U1079,emily.jones,cd project/,WKSTN-U1079,USER
CMD010472,2026-06-29 15:37:00,U1025,  betty.brown22 ,git status,WKSTN-U1025,USER
CMD008682,2026-06-29 15:34:00,U1021,jessica.walker,ping 10.0.0.5,WKSTN-U1021,USER
CMD009602,2026-06-30 08:45:00,U1023,richard.wright,dir,WKSTN-U1023,USER
CMD033187,2026-06-30 08:35:00,U1081,margaret.davis,cat readme.txt,WKSTN-U1081,USER
CMD038111,2026-06-29 16:12:00,U1092,steven.thomas,cd project/,  WKSTN-U1092 ,USER
CMD034533,2026-06-30 08:36:00,U1084,joshua.taylor,ls -la,WKSTN-U1084,USER
CMD008233,2026-06-29 15:23:00,U1020,andrew.thomas36,ping 10.0.0.5,WKSTN-U1020,USER
CMD036766,2026-06-30 08:40:00,U1089,paul.brown27,git pull,WKSTN-U1089,USER
CMD011400,2026-06-29 15:37:00,U1027,  patricia.brown75 ,git status,WKSTN-U1027,USER
CMD009139,2026-06-29 16:11:00,U1022,sandra.brown,ls -la,WKSTN-U1022,
CMD039003,2026-06-30 08:36:00,U1094,elizabeth.lewis69,df -h,WKSTN-U1094,USER
CMD015905,2026-06-29 17:10:00,U1038,emily.clark,git pull,WKSTN-U1038,USER
CMD023878,2026-06-30 08:30:00,U1058,jennifer.ramirez18,whoami,WKSTN-U1058,USER
CMD007353,2026-06-29 15:38:00,U1018,betty.white57,git pull,WKSTN-U1018,USER
CMD035392,2026-06-29 16:15:00,U1086,steven.thompson53,dir,WKSTN-U1086,USER
CMD036312,2026-06-29 16:39:00,U1088,andrew.smith85,ls -la,WKSTN-U1088,USER
CMD037214,2026-06-29 17:20:00,U1090,mary.hill,whoami,WKSTN-U1090,USER
CMD012262,2026-06-29 15:40:00,U1029,michelle.garcia54,clear,WKSTN-U1029,USER
CMD006392,2026-06-29 15:56:00,U1016,patricia.thomas,ls -la,WKSTN-U1016,USER
CMD015906,2026-06-29 16:37:00,U1038,emily.clark,cd project/,WKSTN-U1038,USER
CMD006416,2026-06-30 07:55:00,U1016,patricia.thomas,ping 10.0.0.5	,WKSTN-U1016,USER
CMD015091,2026-06-29 15:23:00,U1036,linda.jones,top,WKSTN-U1036,USER
CMD034049,2026-06-29 15:28:00,U1083,sarah.allen70,top,WKSTN-U1083,USER
CMD010052,2026-06-30 07:30:00,U1024,emily.miller,dir,WKSTN-U1024,USER
CMD008704,2026-06-30 10:51:00,U1021,jessica.walker,clear,WKSTN-U1021,USER
CMD011421,2026-06-30 09:40:00,U1027,patricia.brown75,ls -la,WKSTN-U1027,USER
CMD028719,2026-06-30 10:45:00,U1070,betty.thomas40,top,WKSTN-U1070,USER
CMD035859,2026-06-30 09:51:00,U1087,charles.sanchez	,git pull,WKSTN-U1087,USER
CMD036765,2026-06-30 10:35:00,U1089,paul.brown27,git status,WKSTN-U1089,USER
CMD010498,2026-06-30 09:46:00,U1025,betty.brown22,df -h,WKSTN-U1025,USER
CMD028717,2026-06-30 09:26:00,U1070,betty.thomas40,git pull,WKSTN-U1070,USER
CMD011847,2026-06-30 09:52:00,U1028,john.hill,dir,WKSTN-U1028,USER
CMD032757,2026-06-30 10:01:00,U1080,joseph.jackson91,top,WKSTN-U1080,USER
CMD008705,2026-06-30 09:42:00,U1021,jessica.walker	,cat readme.txt,WKSTN-U1021,USER
CMD023481,2026-06-30 09:30:00,U1057,nancy.sanchez,cat readme.txt,WKSTN-U1057,USER
CMD035857,2026-06-30 09:00:00,U1087,charles.sanchez,dir,WKSTN-U1087,USER
CMD010941,2026-06-30 09:49:00,U1026,elizabeth.gonzalez	,clear,WKSTN-U1026,USER
CMD032321,2026-06-30 10:26:00,U1079,emily.jones,cat readme.txt,WKSTN-U1079,USER
CMD013929,2026-06-30 09:08:00,U1033,linda.miller,ipconfig,WKSTN-U1033,USER
CMD037240,2026-06-30 09:59:00,U1090,mary.hill,git pull,WKSTN-U1090,USER
CMD034535,2026-06-30 09:50:00,U1084,joshua.taylor,df -h,WKSTN-U1084,USER
CMD011420,2026-06-30 09:04:00,U1027,patricia.brown75,cat readme.txt,WKSTN-U1027,USER
CMD036327,2026-06-30 08:54:00,U1088,andrew.smith85,dir,WKSTN-U1088,USER
CMD010051,2026-06-30 10:49:00,U1024,emily.miller,df -h,WKSTN-U1024,USER
CMD010495,2026-06-30 10:27:00,U1025,betty.brown22,git pull,,USER
CMD014721,2026-06-30 09:46:00,U1035,nancy.rodriguez82,cd project/,WKSTN-U1035,USER
CMD039004,2026-06-30 09:34:00,U1094,,top,  WKSTN-U1094 ,USER
CMD006419,2026-06-30 09:49:00,U1016,patricia.thomas,df -h,WKSTN-U1016,USER
CMD035415,2026-06-30 10:33:00,U1086,steven.thompson53,dir,WKSTN-U1086,USER
CMD037238,2026-06-30 12:20:00,U1090,mary.hill,dir,,
CMD006418,2026-06-30 11:49:00,U1016,patricia.thomas,dir,WKSTN-U1016	,USER
CMD018704,2026-06-30 11:08:00,U1045,daniel.sanchez90,git pull,WKSTN-U1045,USER
CMD013930,2026-06-30 11:33:00,U1033,linda.miller,ls -la,WKSTN-U1033,USER
CMD012724,2026-06-30 11:12:00,U1030,betty.rodriguez86,dir,  WKSTN-U1030 ,
CMD009158,2026-06-30 11:41:00,U1022,sandra.brown,cd project/,WKSTN-U1022,USER
CMD021483,2026-06-30 10:54:00,U1052,paul.taylor,df -h,WKSTN-U1052,
CMD007372,2026-06-30 11:06:00,U1018,betty.white57,git pull,WKSTN-U1018,USER
CMD018703,2026-06-30 12:00:00,U1045,daniel.sanchez90,ipconfig,WKSTN-U1045,
CMD033189,2026-06-30 12:21:00,U1081,margaret.davis,ls -la,WKSTN-U1081,
CMD008255,2026-06-30 11:45:00,U1020,andrew.thomas36,git pull	,WKSTN-U1020,USER
CMD010053,2026-06-30 12:53:00,U1024,emily.miller,ipconfig,,USER
CMD034970,2026-06-30 12:47:00,U1085,barbara.walker67,top,WKSTN-U1085,USER
CMD009157,2026-06-30 12:14:00,U1022,sandra.brown,git status,WKSTN-U1022,USER
CMD021482,2026-06-30 11:28:00,U1052,paul.taylor,systeminfo,WKSTN-U1052,USER
CMD011848,2026-06-30 12:39:00,U1028,JOHN.HILL,clear,WKSTN-U1028,USER
CMD034070,2026-06-30 12:14:00,U1083,sarah.allen70,cat readme.txt,WKSTN-U1083,USER
CMD018702,2026-06-30 11:09:00,U1045,daniel.sanchez90,ls -la,,USER
CMD013135,2026-06-30 10:54:00,U1031,john.wright28,ls -la,WKSTN-U1031,USER
CMD006917,2026-06-30 11:17:00,U1017,emily.hernandez34,top,WKSTN-U1017,
CMD034069,2026-06-30 12:49:00,U1083,sarah.allen70,cat readme.txt,WKSTN-U1083,USER
CMD014719,2026-06-30 11:49:00,U1035,nancy.rodriguez82,top,WKSTN-U1035,USER
CMD038572,2026-06-30 11:26:00,U1093,sarah.clark44,whoami,  WKSTN-U1093 ,USER
CMD031901,2026-06-30 11:51:00,U1078,michelle.miller	,ipconfig,WKSTN-U1078,USER
CMD009603,2026-06-30 11:41:00,U1023,richard.wright	,cat readme.txt,WKSTN-U1023,USER
CMD012284,2026-06-30 15:02:00,U1029,michelle.garcia54,dir,WKSTN-U1029,USER
CMD032756,2026-06-30 13:57:00,U1080,joseph.jackson91,ipconfig,WKSTN-U1080,USER
CMD014722,2026-06-30 14:40:00,U1035,nancy.rodriguez82,systeminfo,WKSTN-U1035,USER
CMD034534,2026-06-30 14:39:00,U1084,joshua.taylor,ls -la,WKSTN-U1084,USER
CMD010943,2026-06-30 13:53:00,U1026,elizabeth.gonzalez,systeminfo,WKSTN-U1026,USER
CMD007371,2026-06-30 13:48:00,U1018,betty.white57,git pull,WKSTN-U1018,USER
CMD019529,2026-06-30 14:03:00,U1047,sandra.lewis,cd project/,WKSTN-U1047,USER
CMD010496,2026-06-30 14:19:00,U1025,betty.brown22,df -h,WKSTN-U1025,USER
CMD011422,2026-06-30 13:26:00,U1027,patricia.brown75,top,WKSTN-U1027,USER
CMD011845,2026-06-30 14:02:00,U1028,john.hill,git status,WKSTN-U1028,USER
CMD023482,2026-06-30 14:32:00,U1057,nancy.sanchez,dir,WKSTN-U1057,USER
CMD038133,2026-06-30 13:50:00,U1092,,whoami,WKSTN-U1092,USER
CMD035858,2026-06-30 14:43:00,U1087,charles.sanchez,top,WKSTN-U1087,USER
CMD021485,2026-06-30 13:05:00,U1052,paul.taylor,,WKSTN-U1052,USER
CMD009604,2026-06-30 12:56:00,U1023,richard.wright,ping 10.0.0.5,WKSTN-U1023,USER
CMD033188,2026-06-30 14:48:00,U1081,margaret.davis,ls -la,WKSTN-U1081,USER
CMD035860,2026-06-30 14:41:00,U1087,charles.sanchez,ipconfig,WKSTN-U1087,USER
CMD032755,2026-06-30 13:25:00,U1080,joseph.jackson91,cd project/,WKSTN-U1080,USER
CMD037239,2026-06-30 14:14:00,U1090,MARY.HILL,,WKSTN-U1090,USER
CMD034969,2026-06-30 15:09:00,U1085,barbara.walker67,df -h,WKSTN-U1085,USER
CMD012723,2026-06-30 12:53:00,U1030,betty.rodriguez86,ipconfig,WKSTN-U1030,USER
CMD014720,2026-06-30 15:07:00,U1035,nancy.rodriguez82,clear,WKSTN-U1035,USER
CMD010497,2026-06-30 13:57:00,U1025,betty.brown22,dir,WKSTN-U1025,USER
CMD006417,2026-06-30 13:39:00,U1016,patricia.thomas,cat readme.txt,WKSTN-U1016,USER
CMD010944,2026-06-30 15:08:00,U1026,elizabeth.gonzalez,dir,WKSTN-U1026,USER
CMD037681,2026-06-30 16:42:00,U1091,linda.robinson,df -h,WKSTN-U1091,USER
CMD038132,2026-06-30 16:47:00,U1092,steven.thomas,git pull,WKSTN-U1092,USER
CMD032754,2026-06-30 15:19:00,U1080,joseph.jackson91,ping 10.0.0.5,WKSTN-U1080,
CMD010942,2026-06-30 17:50:00,U1026,elizabeth.gonzalez,git pull,,USER
CMD037682,2026-06-30 16:19:00,U1091,linda.robinson,whoami,WKSTN-U1091,USER
CMD018956,2026-06-17 09:15:00,U1046,michelle.torres39,git status,WKSTN-U1046,USER
CMD009526,2026-06-24 12:03:00,U1023,richard.wright,git pull,WKSTN-U1023,USER
CMD028718,2026-06-30 16:53:00,U1070,betty.thomas40,,WKSTN-U1070,USER
CMD033629,2026-06-30 16:29:00,U1082,karen.hill96,ping 10.0.0.5	,WKSTN-U1082,USER
CMD011846,2026-06-30 16:04:00,U1028,john.hill,whoami,WKSTN-U1028,USER
CMD007811,2026-06-30 15:39:00,U1019,donna.anderson,systeminfo,WKSTN-U1019,USER
CMD010138,2026-06-04 08:08:00,U1025,betty.brown22,ipconfig,WKSTN-U1025,USER
CMD013545,2026-06-30 17:19:00,U1032,paul.wright91,top,WKSTN-U1032,USER
CMD028716,2026-06-30 17:19:00,U1070,betty.thomas40,git status	,WKSTN-U1070,USER
CMD019530,2026-06-30 17:30:00,U1047,sandra.lewis,ls -la,WKSTN-U1047,USER
CMD008706,2026-06-30 16:08:00,U1021,jessica.walker,ping 10.0.0.5,WKSTN-U1021,USER
CMD037020,2026-06-15 15:29:00,U1090,mary.hill,clear	,WKSTN-U1090,
CMD021484,2026-06-30 16:52:00,U1052,paul.taylor,whoami,WKSTN-U1052,USER
CMD032322,2026-06-30 15:21:00,U1079,emily.jones,top	,WKSTN-U1079,USER
CMD011945,2026-06-05 16:20:00,U1029,michelle.garcia54,ls -la,WKSTN-U1029,USER
CMD023483,2026-06-30 16:39:00,U1057,nancy.sanchez,cd project/,WKSTN-U1057,USER
CMD009605,2026-06-30 16:20:00,U1023,richard.wright,clear,WKSTN-U1023,USER
CMD019531,2026-06-30 16:45:00,U1047,sandra.lewis,top,WKSTN-U1047,USER
CMD022237,2026-06-24 12:39:00,U1054,anthony.martinez,git pull,WKSTN-U1054,USER
CMD001621,2026-06-30 16:30:00,U1004,elizabeth.wilson98,dir,WKSTN-U1004,USER
CMD022462,2026-06-10 16:44:00,U1055,patricia.wilson54,systeminfo,WKSTN-U1055,USER
CMD005190,2026-06-01 08:41:00,U1014,james.taylor,ls -la,WKSTN-U1014,USER
CMD032499,2026-06-11 12:35:00,U1080,joseph.jackson91,df -h,WKSTN-U1080	,USER
CMD012631,2026-06-23 11:36:00,U1030,betty.rodriguez86,cd project/,WKSTN-U1030,USER
CMD006507,2026-06-04 17:21:00,U1017,emily.hernandez34,ls -la,WKSTN-U1017,USER
CMD019531,2026-06-30 16:45:00,U1047,sandra.lewis,top,WKSTN-U1047,USER
CMD009629,2026-06-01 16:30:00,U1024,emily.miller,git status,  WKSTN-U1024 ,USER
CMD033061,2026-06-19 12:31:00,U1081,margaret.davis,top,WKSTN-U1081,USER
CMD006723,2026-06-18 12:35:00,U1017,emily.hernandez34,ipconfig,WKSTN-U1017,USER
CMD026307,2026-06-01 15:10:00,U1065,michael.ramirez47,cd project/,WKSTN-U1065,USER
CMD012402,2026-06-08 15:27:00,U1030,betty.rodriguez86,dir,WKSTN-U1030,USER
CMD034189,2026-06-08 15:48:00,U1084,joshua.taylor,top,WKSTN-U1084,USER
CMD024471,2026-06-12 09:49:00,U1060,matthew.anderson,whoami,WKSTN-U1060,USER
CMD006917,2026-06-30 11:17:00,U1017,emily.hernandez34,top,WKSTN-U1017,USER
CMD012301,2026-06-01 15:43:00,U1030,betty.rodriguez86,clear,WKSTN-U1030,USER
CMD029779,2026-06-19 10:43:00,U1073,michael.gonzalez,clear,WKSTN-U1073,USER
CMD016422,2026-06-08 14:26:00,U1040,matthew.martin,whoami,WKSTN-U1040,USER
CMD034087,2026-06-01 12:20:00,U1084,joshua.taylor,git status,WKSTN-U1084,USER
CMD023541,2026-06-03 13:10:00,U1058,jennifer.ramirez18,ls -la,WKSTN-U1058,USER
CMD010264,2026-06-12 15:47:00,U1025,betty.brown22,df -h,WKSTN-U1025,USER
