event_id,timestamp,user_id,username,device,process_name,action,cpu_pct,mem_mb
EP015933,2026-06-01 07:38:00,U1039,mark.thomas,WKSTN-U1039,explorer.exe,PROCESS_START,8.2,487
EP038140,2026-06-01 08:02:00,U1093,sarah.clark44,WKSTN-U1093,Terminal,PROCESS_START,7.1,774
EP023107,2026-06-01 07:24:00,U1057,nancy.sanchez,WKSTN-U1057,,PROCESS_START,6.6,551
EP031107,2026-06-01 08:34:00,U1077,kimberly.harris58,WKSTN-U1077,notepad.exe,PROCESS_START,16.6,667
EP015532,2026-06-01 08:28:00,U1038,emily.clark,WKSTN-U1038,explorer.exe,PROCESS_START,8.8,665
EP025904,2026-06-01 08:25:00,U1064,matthew.wright55,WKSTN-U1064,chrome.exe,PROCESS_START,21.0,806
EP023493,2026-06-01 08:12:00,U1058,jennifer.ramirez18,WKSTN-U1058,explorer.exe,PROCESS_START,30.4,101
EP008261,2026-06-01 08:21:00,U1021,jessica.walker,WKSTN-U1021,Slack,PROCESS_START,6.6,688
EP007818,2026-06-01 08:07:00,U1020,andrew.thomas36,WKSTN-U1020,Docker Desktop,PROCESS_START,10.7,653
EP022325,2026-06-01 08:43:00,U1055,patricia.wilson54,WKSTN-U1055,outlook.exe,PROCESS_START,29.0,172
EP014334,2026-06-01 08:23:00,U1035,,WKSTN-U1035,teams.exe,PROCESS_START,24.4,98
EP004741,2026-06-01 07:30:00,U1013,emily.smith,WKSTN-U1013,SAP,PROCESS_START,5.8,654
EP019129,2026-06-01 07:10:00,U1047,sandra.lewis,WKSTN-U1047,Excel,PROCESS_START,12.1,482
EP014333,2026-06-01 08:41:00,U1035,nancy.rodriguez82,WKSTN-U1035,WORKDAY,PROCESS_START,32.9,98
EP029128,2026-06-01 08:17:00,U1072,kenneth.lopez,WKSTN-U1072,notepad.exe,PROCESS_START,29.4,158
EP018312,2026-06-01 08:18:00,U1045,daniel.sanchez90,WKSTN-U1045,chrome.exe,PROCESS_START,32.8,120
EP029126,2026-06-01 07:49:00,U1072,kenneth.lopez,WKSTN-U1072,outlook.exe	,PROCESS_START,3.4,819
EP039012,2026-06-01 07:26:00,U1095,richard.thomas74,WKSTN-U1095,teams.exe,PROCESS_START,4.5,816
EP022323,2026-06-01 08:40:00,U1055,patricia.wilson54,WKSTN-U1055,Outlook,PROCESS_START,4.9,220
EP039014,2026-06-01 08:05:00,U1095,richard.thomas74,WKSTN-U1095,Outlook,PROCESS_START,17.9,408
EP014331,2026-06-01 08:18:00,U1035,nancy.rodriguez82,WKSTN-U1035,explorer.exe,PROCESS_START,16.6,891
EP016301,2026-06-01 08:02:00,U1040,matthew.martin,WKSTN-U1040,outlook.exe,PROCESS_START,2.3,346
EP002420,2026-06-01 08:39:00,U1007,sarah.robinson82,WKSTN-U1007,Outlook,PROCESS_START,2.6,90
EP038586,2026-06-01 08:48:00,U1094,elizabeth.lewis69,WKSTN-U1094,Terminal,PROCESS_START,23.5,271
EP003175,2026-06-01 07:21:00,U1009,daniel.brown,WKSTN-U1009,outlook.exe,PROCESS_START,16.2,745
EP031501,2026-06-01 08:59:00,U1078,michelle.miller	,WKSTN-U1078,notepad.exe,PROCESS_START,6.9,894
EP016303,2026-06-01 09:19:00,U1040,matthew.martin,WKSTN-U1040,outlook.exe,PROCESS_START,24.9,163
EP000822,2026-06-01 08:59:00,U1003,kenneth.clark29,WKSTN-U1003,teams.exe,PROCESS_START,3.8,367
EP031106,2026-06-01 09:08:00,U1077,  kimberly.harris58 ,WKSTN-U1077,notepad.exe,PROCESS_START,28.7,372
EP038142,2026-06-01 09:04:00,U1093,sarah.clark44,WKSTN-U1093,chrome.exe,PROCESS_START,32.1,424
EP017113,2026-06-01 09:07:00,U1042,michael.hill56,WKSTN-U1042,chrome.exe,PROCESS_START,20.2,177
EP040227,2026-06-01 09:04:00,U1098,nancy.wright49,WKSTN-U1098,Excel,PROCESS_START,N/A,261
EP022324,2026-06-01 09:15:00,U1055,patricia.wilson54,WKSTN-U1055,chrome.exe,PROCESS_START,33.1,693
EP001632,2026-06-01 08:51:00,U1005,robert.robinson,WKSTN-U1005,explorer.exe,PROCESS_START,28.6,708
EP005178,2026-06-01 09:23:00,U1014,james.taylor,WKSTN-U1014,explorer.exe,PROCESS_START,11.2,131
EP021905,2026-06-01 09:03:00,U1054,anthony.martinez,WKSTN-U1054,Excel,PROCESS_START,2.7,173
EP023886,2026-06-01 09:11:00,U1059,daniel.perez98,WKSTN-U1059,teams.exe,,31.3,106
EP007822,2026-06-01 08:57:00,U1020,andrew.thomas36,WKSTN-U1020,Jenkins,PROCESS_START,24.6,610
EP008264,2026-06-01 08:51:00,U1021,jessica.walker,WKSTN-U1021,teams.exe,PROCESS_START,24.3,110
EP033198,2026-06-01 09:26:00,U1082,karen.hill96,WKSTN-U1082,teams.exe,PROCESS_START,17.3,856
EP025512,2026-06-01 09:00:00,U1063,,WKSTN-U1063,Word,PROCESS_START,6.0,808
EP002023,2026-06-01 08:54:00,U1006,george.gonzalez,WKSTN-U1006,Outlook,process_start,18.8,87
EP023491,2026-06-01 08:56:00,U1058,jennifer.ramirez18,WKSTN-U1058	,Zoom,PROCESS_START,1.7,855
EP012735,2026-06-01 09:07:00,U1031,john.wright28,WKSTN-U1031,Chrome,PROCESS_START,27.5,678
EP004739,2026-06-01 09:24:00,U1013,emily.smith,WKSTN-U1013,Chrome,PROCESS_START,20.1,547
EP001629,2026-06-01 09:12:00,U1005,robert.robinson,WKSTN-U1005,notepad.exe,PROCESS_START,23.6,456
EP025509,2026-06-01 08:49:00,U1063,john.nguyen,WKSTN-U1063,DocuSign,PROCESS_START,31.6,204
EP009165,2026-06-01 09:00:00,U1023,richard.wright,WKSTN-U1023,Git	,PROCESS_START,34.2,396
EP008265,2026-06-01 09:15:00,U1021,jessica.walker,WKSTN-U1021,Docker Desktop,PROCESS_START,1.4,526
EP011856,2026-06-01 08:52:00,U1029,michelle.garcia54,WKSTN-U1029,explorer.exe,PROCESS_START,6.4,787
EP032765,2026-06-01 09:43:00,U1081,  margaret.davis ,WKSTN-U1081,Wireshark,PROCESS_START,21.0,295
EP011429,2026-06-01 09:27:00,U1028,john.hill,WKSTN-U1028,teams.exe	,PROCESS_START,4.4,153
EP027883,2026-06-01 09:50:00,U1069,jessica.clark,WKSTN-U1069,Word	,PROCESS_START,16.8,582
EP031105,2026-06-01 09:47:00,U1077,kimberly.harris58,WKSTN-U1077	,outlook.exe,PROCESS_START,33.3,93
EP034978,2026-06-01 09:57:00,U1086,steven.thompson53,WKSTN-U1086,Slack,PROCESS_START,9.1,376
EP013553,2026-06-01 09:31:00,U1033,linda.miller,WKSTN-U1033,Excel,PROCESS_START,11.0,337
EP034976,2026-06-01 09:32:00,U1086,steven.thompson53,WKSTN-U1086	,  Slack ,PROCESS_START,31.3,253
EP020298,2026-06-01 09:28:00,U1050,michael.ramirez,  WKSTN-U1050 ,notepad.exe,PROCESS_START,5.1,316
EP023887,2026-06-01 09:52:00,U1059,daniel.perez98,WKSTN-U1059,chrome.exe,,22.6,817
EP002421,2026-06-01 09:36:00,U1007,sarah.robinson82,WKSTN-U1007,EXCEL,PROCESS_START,34.8,784
EP023492,2026-06-01 09:36:00,U1058,jennifer.ramirez18,WKSTN-U1058,notepad.exe,process_start,10.3,349
EP000824,2026-06-01 09:44:00,U1003,kenneth.clark29,WKSTN-U1003,Excel,PROCESS_START,25.7,99
EP040225,2026-06-01 09:26:00,U1098,nancy.wright49,WKSTN-U1098,chrome.exe,PROCESS_START,33.8,556
EP009166,2026-06-01 09:45:00,U1023,richard.wright,WKSTN-U1023,Jenkins,PROCESS_START,23.0,514
EP034078,2026-06-01 09:43:00,U1084,joshua.taylor,WKSTN-U1084,notepad.exe,PROCESS_START,11.1,180
EP036337,2026-06-01 09:37:00,U1089,paul.brown27,WKSTN-U1089,Terminal,PROCESS_START,24.4,410
EP019909,2026-06-01 09:30:00,U1049,michelle.jones59,WKSTN-U1049,CHROME,PROCESS_START,24.7,631
EP025513,2026-06-01 09:51:00,U1063,john.nguyen,WKSTN-U1063,teams.exe,PROCESS_START,17.8,523
EP013146,2026-06-01 09:59:00,U1032,paul.wright91,WKSTN-U1032,Outlook,PROCESS_START,19.9,253
EP003586,2026-06-01 09:36:00,U1010,susan.young51,WKSTN-U1010,explorer.exe,PROCESS_START,20.4,448000.0
EP016304,2026-06-01 09:50:00,U1040,matthew.martin,WKSTN-U1040,Chrome,PROCESS_START,13.7,325
EP018713,2026-06-01 09:47:00,U1046,michelle.torres39,WKSTN-U1046	,explorer.exe,PROCESS_START,3.8,863
EP001633,2026-06-01 09:40:00,U1005,robert.robinson,WKSTN-U1005,explorer.exe,PROCESS_START,22.4,175
EP011431,2026-06-01 09:38:00,U1028,john.hill,WKSTN-U1028,,PROCESS_START,18.4,407
EP033200,2026-06-01 09:43:00,U1082,karen.hill96,WKSTN-U1082,PuTTY,PROCESS_START,8.6,463
EP027116,2026-06-01 10:11:00,U1067,paul.thomas97,  WKSTN-U1067 ,Chrome,PROCESS_START,2.0,628
EP028728,2026-06-01 10:16:00,U1071,,WKSTN-U1071,Outlook,PROCESS_START,,374
EP030338,2026-06-01 10:28:00,U1075,steven.lewis,WKSTN-U1075,DocuSign,PROCESS_START,31.8,676
EP030339,2026-06-01 10:05:00,U1075,  steven.lewis ,WKSTN-U1075,explorer.exe,PROCESS_START,15.6,734
EP017114,2026-06-01 10:20:00,U1042,michael.hill56,WKSTN-U1042,Chrome,PROCESS_START,8.6,447
EP013143,2026-06-01 10:14:00,U1032,paul.wright91,WKSTN-U1032,Workday,PROCESS_START,23.5,477
EP035868,2026-06-01 10:18:00,U1088,andrew.smith85,WKSTN-U1088,Terminal,PROCESS_START,9.0,231
EP016725,2026-06-01 10:25:00,U1041,matthew.allen52,WKSTN-U1041,outlook.exe,process_start,2.0,727
EP017914,2026-06-01 10:15:00,U1044,,WKSTN-U1044,EXPLORER.EXE,PROCESS_START,8.9,103
EP026739,2026-06-01 10:29:00,U1066,michelle.wright62,WKSTN-U1066,Chrome,,10.0,603
EP031497,2026-06-01 10:11:00,U1078,michelle.miller,WKSTN-U1078,Word,PROCESS_START,26.3,287
EP002025,2026-06-01 10:21:00,U1006,george.gonzalez,WKSTN-U1006,chrome.exe,PROCESS_START,17.1,425
EP011430,2026-06-01 10:23:00,U1028,john.hill,WKSTN-U1028,notepad.exe,PROCESS_START,11.5,235
EP039403,2026-06-01 10:01:00,U1096,david.allen76,WKSTN-U1096,chrome.exe,PROCESS_START,29.8,233
EP018711,2026-06-01 10:30:00,U1046,michelle.torres39,WKSTN-U1046,teams.exe,PROCESS_START,21.6,274
EP030337,2026-06-01 10:21:00,U1075,steven.lewis,WKSTN-U1075,Outlook,PROCESS_START,25.1,777
EP008712,2026-06-01 10:35:00,U1022,sandra.brown,WKSTN-U1022,,PROCESS_START,15.4,651
EP010507,2026-06-01 10:09:00,U1026,elizabeth.gonzalez,WKSTN-U1026,OUTLOOK.EXE,PROCESS_START,10.9,407
EP025112,2026-06-01 10:20:00,U1062,william.martin,WKSTN-U1062,chrome.exe,PROCESS_START,9.8,622
EP007819,2026-06-01 10:25:00,U1020,  andrew.thomas36 ,WKSTN-U1020,explorer.exe,PROCESS_START,26.0,628
EP038143,2026-06-01 10:32:00,U1093,sarah.clark44,WKSTN-U1093,outlook.exe,PROCESS_START,32.3,895
EP027114,2026-06-01 10:22:00,U1067,paul.thomas97,WKSTN-U1067,Word,PROCESS_START,27.9,810
EP007383,2026-06-01 10:33:00,U1019,donna.anderson,WKSTN-U1019,Chrome,PROCESS_START,26.8,339
EP011855,2026-06-01 10:04:00,U1029,michelle.garcia54,WKSTN-U1029,chrome.exe,PROCESS_START,17.8,692
EP020708,2026-06-01 10:12:00,U1051,sandra.king72,WKSTN-U1051,teams.exe,PROCESS_START,27.9,574
EP011853,2026-06-01 10:50:00,U1029,michelle.garcia54,WKSTN-U1029,chrome.exe,PROCESS_START,11.6,823
EP003581,2026-06-01 10:51:00,U1010,susan.young51,WKSTN-U1010,explorer.exe,PROCESS_START,8.0,401
EP031500,2026-06-01 10:43:00,U1078,michelle.miller,WKSTN-U1078,outlook.exe,PROCESS_START,11.4,163
EP007381,2026-06-01 11:01:00,U1019,donna.anderson,WKSTN-U1019,VSCode,PROCESS_START,7.1,315
EP000008,2026-06-01 10:51:00,U1001,linda.johnson95,WKSTN-U1001,SAP,PROCESS_START,34.3,754
EP017912,2026-06-01 10:50:00,U1044,lisa.ramirez9,WKSTN-U1044,chrome.exe,PROCESS_START,31.8,438
EP003174,2026-06-01 10:53:00,U1009,daniel.brown,WKSTN-U1009,Excel,PROCESS_START,33.4,255
EP038581,2026-06-01 11:06:00,U1094,elizabeth.lewis69,WKSTN-U1094,Active Directory Console,PROCESS_START,16.9,640
EP005980,2026-06-01 10:38:00,U1016,patricia.thomas,WKSTN-U1016,VSCode,PROCESS_START,20.6,741
EP003173,2026-06-01 11:05:00,U1009,daniel.brown,WKSTN-U1009,teams.exe,PROCESS_START,15.9,685
EP004742,2026-06-01 11:02:00,U1013,emily.smith,WKSTN-U1013,explorer.exe,PROCESS_START,11.4,637
EP006427,2026-06-01 10:57:00,U1017,emily.hernandez34,WKSTN-U1017,Docker Desktop,PROCESS_START,10.8,592
EP032767,2026-06-01 11:02:00,U1081,margaret.davis,WKSTN-U1081,Wireshark,PROCESS_START,22.2,499
EP036774,2026-06-01 10:41:00,U1090,mary.hill,WKSTN-U1090,chrome.exe	,PROCESS_START,14.0,840
EP012737,2026-06-01 11:06:00,U1031,john.wright28,WKSTN-U1031,outlook.exe,PROCESS_START,13.3,446
EP023494,2026-06-01 10:52:00,U1058,jennifer.ramirez18,WKSTN-U1058,Chrome,PROCESS_START,7.2,650
EP032330,2026-06-01 10:52:00,U1080,joseph.jackson91,WKSTN-U1080,Wireshark,,17.9,310
EP032328,2026-06-01 10:58:00,U1080,joseph.jackson91,WKSTN-U1080,Chrome,PROCESS_START,9.5,531
EP025903,2026-06-01 10:46:00,U1064,matthew.wright55,WKSTN-U1064,teams.exe,process_start,18.5,157
EP027882,2026-06-01 10:47:00,U1069,jessica.clark,WKSTN-U1069,Chrome,PROCESS_START,11.3,578
EP031909,2026-06-01 11:04:00,U1079,emily.jones,WKSTN-U1079,notepad.exe,PROCESS_START,20.3,789
EP027886,2026-06-01 11:01:00,U1069,JESSICA.CLARK,WKSTN-U1069,Word,PROCESS_START,33.0,555
EP019908,2026-06-01 10:51:00,U1049,michelle.jones59,WKSTN-U1049,Zoom,PROCESS_START,22.3,364
EP028726,2026-06-01 10:39:00,U1071,matthew.robinson35,,teams.exe,PROCESS_START,13.5,299
EP034544,2026-06-01 10:47:00,U1085,barbara.walker67,WKSTN-U1085,PuTTY,PROCESS_START,5.5,204
EP013145,2026-06-01 11:18:00,U1032,paul.wright91,WKSTN-U1032,outlook.exe,PROCESS_START,34.5,133
EP014728,2026-06-01 11:12:00,U1036,linda.jones,WKSTN-U1036,OUTLOOK.EXE,PROCESS_START,14.6,778
EP031910,2026-06-01 11:24:00,U1079,emily.jones,WKSTN-U1079,chrome.exe,PROCESS_START,13.8,593
EP021495,2026-06-01 11:23:00,U1053,JOHN.JACKSON31,WKSTN-U1053,Outlook,PROCESS_START,15.1,110
EP002024,2026-06-01 11:17:00,U1006,george.gonzalez,WKSTN-U1006,teams.exe,PROCESS_START,-18.7,-859.0
EP007380,2026-06-01 11:36:00,U1019,donna.anderson,WKSTN-U1019,DOCKER DESKTOP,PROCESS_START,9.5,
EP003172,2026-06-01 11:08:00,U1009,daniel.brown,WKSTN-U1009,Chrome,PROCESS_START,20.5,134
EP001243,2026-06-01 11:11:00,U1004,elizabeth.wilson98,  WKSTN-U1004 ,outlook.exe,PROCESS_START,10.2,639
EP019910,2026-06-01 11:34:00,U1049,michelle.jones59,WKSTN-U1049,,PROCESS_START,34.1,402
EP027501,2026-06-01 11:15:00,U1068,susan.thompson34,WKSTN-U1068,outlook.exe,PROCESS_START,6.9,317
EP024298,2026-06-01 11:16:00,U1060,matthew.anderson,WKSTN-U1060,,PROCESS_START,26.0,778
EP005569,2026-06-01 11:14:00,U1015,,WKSTN-U1015,notepad.exe,PROCESS_START,27.4,705
EP031502,2026-06-01 11:24:00,U1078,michelle.miller	,WKSTN-U1078,Word,PROCESS_START,34.6,262
EP015936,2026-06-01 11:07:00,U1039,mark.thomas,WKSTN-U1039,Outlook,PROCESS_START,8.2,154
EP003585,2026-06-01 11:29:00,U1010,susan.young51,WKSTN-U1010,Excel,PROCESS_START,16.4,899
EP024689,2026-06-01 11:10:00,U1061,jessica.rodriguez,WKSTN-U1061,explorer.exe,PROCESS_START,17.3,294
EP031907,2026-06-01 11:12:00,U1079,emily.jones,WKSTN-U1079,notepad.exe,PROCESS_START,12.9,230
EP020707,2026-06-01 11:35:00,U1051,sandra.king72,WKSTN-U1051,Outlook,PROCESS_START,23.4,233
EP015114,2026-06-01 11:26:00,U1037,robert.martin,WKSTN-U1037,explorer.exe,PROCESS_START,29.1,343
EP021104,2026-06-01 11:08:00,U1052,paul.taylor,WKSTN-U1052,Salesforce,PROCESS_START,2.2,256
EP016306,2026-06-01 11:19:00,U1040,matthew.martin,WKSTN-U1040,Excel,PROCESS_START,5.3,777
EP015935,2026-06-01 11:21:00,U1039,mark.thomas,WKSTN-U1039,teams.exe,PROCESS_START,24.3,708
EP019127,2026-06-01 11:11:00,U1047,sandra.lewis,WKSTN-U1047,Excel,PROCESS_START,1.9,104
EP039818,2026-06-01 11:07:00,U1097,mark.martinez10,WKSTN-U1097,explorer.exe,PROCESS_START,7.6,409
EP029537,2026-06-01 11:30:00,U1073,michael.gonzalez,WKSTN-U1073,explorer.exe,PROCESS_START,17.6,481
EP027118,2026-06-01 11:47:00,U1067,paul.thomas97,WKSTN-U1067,explorer.exe,PROCESS_START,22.0,651
EP008263,2026-06-01 11:45:00,U1021,jessica.walker,WKSTN-U1021,Docker Desktop,PROCESS_START,28.1,878
EP010506,2026-06-01 11:50:00,U1026,elizabeth.gonzalez,WKSTN-U1026,VSCode,PROCESS_START,12.0,248
EP035871,2026-06-01 11:37:00,U1088,andrew.smith85,WKSTN-U1088,outlook.exe,PROCESS_START,27.1,776
EP039407,2026-06-01 11:47:00,U1096,david.allen76,WKSTN-U1096,outlook.exe,PROCESS_START,33.5,294
EP026738,2026-06-01 11:55:00,U1066,michelle.wright62,WKSTN-U1066,chrome.exe,PROCESS_START,4.1,148
EP003583,2026-06-01 11:53:00,U1010,susan.young51,WKSTN-U1010,outlook,PROCESS_START,13.9,560
EP006925,2026-06-01 11:44:00,U1018,betty.white57,WKSTN-U1018,Jenkins	,PROCESS_START,4.5,702
EP012293,2026-06-01 11:52:00,U1030,betty.rodriguez86,WKSTN-U1030,Chrome,PROCESS_START,12.5,608
EP012738,2026-06-01 11:48:00,U1031,john.wright28,WKSTN-U1031,Chrome,PROCESS_START,14.6,385
EP018712,2026-06-01 11:37:00,U1046,michelle.torres39,WKSTN-U1046,chrome.exe,PROCESS_START,5.3,353
EP009617,2026-06-01 11:44:00,U1024,,  WKSTN-U1024 ,VSCode,PROCESS_START,4.3,119
EP000400,2026-06-01 11:57:00,U1002,donna.ramirez,WKSTN-U1002,Outlook,PROCESS_START,18.4,611
EP015531,2026-06-01 11:48:00,U1038,emily.clark,WKSTN-U1038,outlook.exe,PROCESS_START,24.3,810
EP036773,2026-06-01 11:52:00,U1090,mary.hill,WKSTN-U1090,  Chrome ,PROCESS_START,31.0,435
EP032766,2026-06-01 11:47:00,U1081,margaret.davis,WKSTN-U1081,explorer.exe,PROCESS_START,,83
EP040615,2026-06-01 11:51:00,U1099,joseph.garcia,WKSTN-U1099,Chrome,PROCESS_START,17.1,102
EP009615,2026-06-01 11:45:00,U1024,emily.miller,WKSTN-U1024,explorer.exe,PROCESS_START,15.9,152
EP024687,2026-06-01 11:58:00,U1061,jessica.rodriguez,  WKSTN-U1061 ,outlook.exe,PROCESS_START,26.5,763
EP020711,2026-06-01 11:52:00,U1051,sandra.king72,WKSTN-U1051,Excel,PROCESS_START,31.8,502
EP004744,2026-06-01 11:58:00,U1013,emily.smith,WKSTN-U1013,chrome.exe	,,21.2,396
EP038583,2026-06-01 11:58:00,U1094,elizabeth.lewis69	,WKSTN-U1094,Slack,PROCESS_START,5.2,858
EP034543,2026-06-01 11:45:00,U1085,barbara.walker67,WKSTN-U1085,Wireshark,PROCESS_START,35.0,429
EP037250,2026-06-01 11:38:00,U1091,linda.robinson,WKSTN-U1091,PuTTY,PROCESS_START,19.3,-898.0
EP017519,2026-06-01 11:49:00,U1043,thomas.williams91,WKSTN-U1043,WORKDAY,PROCESS_START,1.3,558
EP001631,2026-06-01 12:08:00,U1005,robert.robinson,WKSTN-U1005,Chrome,PROCESS_START,20.1,513
EP027884,2026-06-01 12:26:00,U1069,jessica.clark,WKSTN-U1069,Word,PROCESS_START,13.1,185
EP032329,2026-06-01 12:09:00,U1080,joseph.jackson91,WKSTN-U1080,notepad.exe,PROCESS_START,4.7,419
EP037693,2026-06-01 12:13:00,U1092,steven.thomas,WKSTN-U1092,chrome.exe,PROCESS_START,16.4,247
EP001241,2026-06-01 12:26:00,U1004,elizabeth.wilson98,WKSTN-U1004,notepad.exe,PROCESS_START,8.7,514
EP023885,2026-06-01 12:25:00,U1059,daniel.perez98,WKSTN-U1059,explorer.exe,PROCESS_START,34.6,421
EP012734,2026-06-01 12:09:00,U1031,john.wright28,WKSTN-U1031,notepad.exe,PROCESS_START,12.6,344
EP030717,2026-06-01 11:58:00,U1076,john.torres,WKSTN-U1076,DocuSign,PROCESS_START,34.1,293
EP036336,2026-06-01 12:11:00,U1089,paul.brown27,WKSTN-U1089	,Active Directory Console,PROCESS_START,15.5,471
EP014336,2026-06-01 12:20:00,U1035,nancy.rodriguez82,WKSTN-U1035,Chrome,PROCESS_START,27.0,663
EP019540,2026-06-01 12:14:00,U1048,,WKSTN-U1048,notepad.exe,PROCESS_START,8.6,513
EP005179,2026-06-01 12:06:00,U1014,james.taylor,WKSTN-U1014,teams.exe,PROCESS_START,26.1,862
EP003582,2026-06-01 12:25:00,U1010,susan.young51,WKSTN-U1010,explorer.exe,PROCESS_START,10.3,812
EP016726,2026-06-01 12:04:00,U1041,matthew.allen52,WKSTN-U1041,Chrome,PROCESS_START,6.0,132
EP031908,2026-06-01 12:20:00,U1079,emily.jones,WKSTN-U1079,chrome.exe,PROCESS_START,5.0,270
EP015112,2026-06-01 12:18:00,U1037,robert.martin,,explorer.exe,PROCESS_START,,777
EP022713,2026-06-01 12:17:00,U1056,anthony.clark,WKSTN-U1056,Outlook,PROCESS_START,17.4,161
EP015533,2026-06-01 12:14:00,U1038,emily.clark,WKSTN-U1038,outlook.exe,PROCESS_START,10.1,101
EP036775,2026-06-01 12:11:00,U1090,mary.hill,WKSTN-U1090,explorer.exe,PROCESS_START,13.3,808
EP027887,2026-06-01 12:14:00,U1069,jessica.clark,WKSTN-U1069,chrome.exe,PROCESS_START,30.7,680
EP039013,2026-06-01 12:10:00,U1095,richard.thomas74,WKSTN-U1095,Zoom,PROCESS_START,1.7,268
EP032331,2026-06-01 12:20:00,U1080,joseph.jackson91,WKSTN-U1080,Wireshark,PROCESS_START,10.3,430
EP015115,2026-06-01 12:18:00,U1037,robert.martin,WKSTN-U1037,Excel,PROCESS_START,6.2,108
EP037695,2026-06-01 12:25:00,U1092,steven.thomas	,WKSTN-U1092,Slack,PROCESS_START,25.8,246
EP026736,2026-06-01 12:18:00,U1066,michelle.wright62,WKSTN-U1066,chrome.exe,PROCESS_START,19.9,780
EP033640,2026-06-01 12:36:00,U1083,sarah.allen70,WKSTN-U1083,Terminal,PROCESS_START,25.6,304
EP002803,2026-06-01 12:33:00,U1008,joshua.hernandez,WKSTN-U1008,SAP,PROCESS_START,3.2,
EP004322,2026-06-01 12:46:00,U1012,linda.martinez,  WKSTN-U1012 ,teams.exe,PROCESS_START,23.5,712
EP025510,2026-06-01 12:43:00,U1063,john.nguyen,WKSTN-U1063,WORD,PROCESS_START,2.6,605
EP023109,2026-06-01 12:27:00,U1057,nancy.sanchez,WKSTN-U1057,Excel,PROCESS_START,8.0,875
EP027119,2026-06-01 12:28:00,U1067,paul.thomas97,WKSTN-U1067,Outlook,PROCESS_START,10.0,255
EP021103,2026-06-01 12:32:00,U1052,paul.taylor,WKSTN-U1052,explorer.exe,PROCESS_START,4.4,581
EP015931,2026-06-01 12:30:00,U1039,mark.thomas,WKSTN-U1039,explorer.exe,PROCESS_START,32.6,883
EP010059,2026-06-01 12:38:00,U1025,betty.brown22,WKSTN-U1025,VSCode,,4.5,241
EP017913,2026-06-01 12:39:00,U1044,lisa.ramirez9,WKSTN-U1044,Workday,PROCESS_START,23.6,515
EP013939,2026-06-01 12:40:00,U1034,thomas.allen63,WKSTN-U1034,Outlook,PROCESS_START,,271
EP008715,2026-06-01 12:32:00,U1022,sandra.brown,WKSTN-U1022,notepad.exe,PROCESS_START,18.3,653
EP010954,2026-06-01 12:38:00,U1027,patricia.brown75,WKSTN-U1027,outlook.exe,PROCESS_START,1.8,813
EP033642,2026-06-01 12:33:00,U1083,sarah.allen70,WKSTN-U1083,explorer.exe,PROCESS_START,8.2,498
EP004743,2026-06-01 12:45:00,U1013,emily.smith,WKSTN-U1013,explorer.exe,PROCESS_START,17.9,384
EP029127,2026-06-01 12:36:00,U1072,kenneth.lopez,WKSTN-U1072,Word,PROCESS_START,3.4,542
EP027885,2026-06-01 12:45:00,U1069,jessica.clark,WKSTN-U1069,teams.exe,PROCESS_START,32.1,783
EP008262,2026-06-01 12:31:00,U1021,jessica.walker,WKSTN-U1021	,Docker Desktop,PROCESS_START,26.8,770
EP011854,2026-06-01 12:47:00,U1029,michelle.garcia54,WKSTN-U1029,chrome.exe,PROCESS_START,16.5,93
EP026737,2026-06-01 12:29:00,U1066,michelle.wright62,WKSTN-U1066,notepad.exe,PROCESS_START,7.9,360
EP022711,2026-06-01 12:36:00,U1056,anthony.clark,WKSTN-U1056	,Zoom,PROCESS_START,20.5,337
EP001630,2026-06-01 12:27:00,U1005,robert.robinson,WKSTN-U1005,Outlook,PROCESS_START,17.6,477
EP005981,2026-06-01 12:39:00,U1016,patricia.thomas,WKSTN-U1016,notepad.exe,PROCESS_START,25.0,271
EP038584,2026-06-01 12:31:00,U1094,elizabeth.lewis69,WKSTN-U1094,Slack,PROCESS_START,12.5,621
EP004324,2026-06-01 12:32:00,U1012,LINDA.MARTINEZ,WKSTN-U1012,teams.exe,PROCESS_START,19.7,399
EP034541,2026-06-01 12:48:00,U1085,barbara.walker67,WKSTN-U1085,Terminal,PROCESS_START,8.3,786
EP007382,2026-06-01 12:51:00,U1019,donna.anderson,WKSTN-U1019,Chrome,PROCESS_START,4.5,263
EP022322,2026-06-01 12:55:00,U1055,patricia.wilson54,WKSTN-U1055,explorer.exe,PROCESS_START,32.6,187
EP024685,2026-06-01 12:54:00,U1061,jessica.rodriguez,WKSTN-U1061,Salesforce,PROCESS_START,4.6,323
EP021493,2026-06-01 12:49:00,U1053,john.jackson31,WKSTN-U1053,chrome.exe,PROCESS_START,11.5,138
EP009618,2026-06-01 13:10:00,U1024,emily.miller,WKSTN-U1024,Jenkins,PROCESS_START,27.9,540
EP000007,2026-06-01 13:12:00,U1001,linda.johnson95,WKSTN-U1001,notepad.exe,PROCESS_START,20.5,796
EP035869,2026-06-01 12:54:00,U1088,andrew.smith85,WKSTN-U1088,Chrome,PROCESS_START,6.8,624
EP040983,2026-06-01 12:49:00,U1100,daniel.brown38,WKSTN-U1100,Zoom,PROCESS_START,1.1,203
EP013144,2026-06-01 12:58:00,U1032,paul.wright91,WKSTN-U1032,outlook.exe,PROCESS_START,5.8,688
EP014729,2026-06-01 13:06:00,U1036,linda.jones,WKSTN-U1036,chrome.exe,PROCESS_START,1.3,715
EP031498,2026-06-01 13:08:00,U1078,michelle.miller,WKSTN-U1078,Word,PROCESS_START,13.8,352
EP003946,2026-06-01 12:58:00,U1011,donna.ramirez75,WKSTN-U1011	,teams.exe,PROCESS_START,4.7,721
EP012733,2026-06-01 13:05:00,U1031,john.wright28,WKSTN-U1031,explorer.exe,PROCESS_START,14.2,545
EP005180,2026-06-01 13:10:00,U1014,james.taylor,WKSTN-U1014,Outlook,PROCESS_START,14.4,827
EP020295,2026-06-01 12:50:00,U1050,michael.ramirez,WKSTN-U1050,notepad.exe,PROCESS_START,20.7,611
EP023108,2026-06-01 13:10:00,U1057,,WKSTN-U1057,  notepad.exe ,PROCESS_START,15.2,517
EP020297,2026-06-01 13:03:00,U1050,michael.ramirez,WKSTN-U1050,teams.exe,PROCESS_START,19.8,150
EP019545,2026-06-01 12:53:00,U1048,jennifer.thomas87,WKSTN-U1048,Excel,PROCESS_START,11.7,356
EP031499,2026-06-01 13:08:00,U1078,michelle.miller,WKSTN-U1078,Chrome,PROCESS_START,10.8,899
EP033637,2026-06-01 13:00:00,U1083,  sarah.allen70 ,WKSTN-U1083,Terminal,PROCESS_START,14.8,379
EP030719,2026-06-01 12:56:00,U1076,john.torres,WKSTN-U1076,outlook.exe,PROCESS_START,10.3,783
EP013147,2026-06-01 12:53:00,U1032,paul.wright91,WKSTN-U1032,Chrome,PROCESS_START,3.2,854
EP019126,2026-06-01 12:49:00,U1047,sandra.lewis,WKSTN-U1047,Salesforce,PROCESS_START,20.8,595
EP037249,2026-06-01 13:11:00,U1091,linda.robinson,WKSTN-U1091,Wireshark,PROCESS_START,30.6,738
EP002804,2026-06-01 13:16:00,U1008,joshua.hernandez,WKSTN-U1008,QuickBooks,PROCESS_START,25.8,165
EP038582,2026-06-01 13:20:00,U1094,  elizabeth.lewis69 ,WKSTN-U1094,notepad.exe,PROCESS_START,12.0,
EP033638,2026-06-01 13:14:00,U1083,,WKSTN-U1083,PuTTY,PROCESS_START,27.6,420
EP029927,2026-06-01 13:30:00,U1074,sarah.williams7,WKSTN-U1074,teams.exe,PROCESS_START,12.0,661
EP021101,2026-06-01 13:16:00,U1052,paul.taylor	,WKSTN-U1052,Excel,PROCESS_START,1.2,237
EP028323,2026-06-01 13:25:00,U1070,betty.thomas40,WKSTN-U1070,explorer.exe,PROCESS_START,14.5,242
EP003171,2026-06-01 13:17:00,U1009,daniel.brown,WKSTN-U1009,outlook.exe,PROCESS_START,28.9,309
EP029538,2026-06-01 13:31:00,U1073,michael.gonzalez,WKSTN-U1073,chrome.exe,PROCESS_START,28.0,860
EP019542,2026-06-01 13:18:00,U1048,jennifer.thomas87,WKSTN-U1048,notepad.exe,PROCESS_START,31.1,585
EP009616,2026-06-01 13:19:00,U1024,emily.miller,WKSTN-U1024,Docker Desktop,PROCESS_START,5.4,658
EP014335,2026-06-01 13:24:00,U1035,nancy.rodriguez82,WKSTN-U1035,,PROCESS_START,22.3,866
EP032768,2026-06-01 13:31:00,U1081,,WKSTN-U1081,Active Directory Console,PROCESS_START,6.3,539
EP033641,2026-06-01 13:25:00,U1083,sarah.allen70,WKSTN-U1083,chrome.exe,PROCESS_START,7.8,337
EP033201,2026-06-01 13:18:00,U1082,karen.hill96,WKSTN-U1082,outlook.exe,PROCESS_START,26.7,169
EP035867,2026-06-01 13:20:00,U1088,andrew.smith85,WKSTN-U1088,,PROCESS_START,4.1,675
EP026297,2026-06-01 13:32:00,U1065,michael.ramirez47,WKSTN-U1065,Word,PROCESS_START,N/A,508
EP013552,2026-06-01 13:28:00,U1033,linda.miller	,WKSTN-U1033,explorer.exe,PROCESS_START,22.0,416
EP027117,2026-06-01 13:12:00,U1067,paul.thomas97,WKSTN-U1067,DocuSign,PROCESS_START,31.6,316
EP037690,2026-06-01 13:32:00,U1092,steven.thomas,WKSTN-U1092,Terminal	,PROCESS_START,11.2,886
EP017523,2026-06-01 13:20:00,U1043,thomas.williams91,WKSTN-U1043,outlook.exe	,PROCESS_START,12.1,142
EP002802,2026-06-01 13:24:00,U1008,JOSHUA.HERNANDEZ,WKSTN-U1008,SAP,PROCESS_START,33.0,492
EP001240,2026-06-01 13:30:00,U1004,elizabeth.wilson98,WKSTN-U1004,explorer.exe,PROCESS_START,19.8,540
EP035870,2026-06-01 13:23:00,U1088,andrew.smith85,WKSTN-U1088,PuTTY,PROCESS_START,10.0,217
EP013938,2026-06-01 13:23:00,U1034,thomas.allen63,WKSTN-U1034,chrome.exe,PROCESS_START,13.0,395
EP016722,2026-06-01 13:20:00,U1041,matthew.allen52	,WKSTN-U1041,Outlook,PROCESS_START,7.3,596
EP005571,2026-06-01 13:56:00,U1015,lisa.hernandez,WKSTN-U1015,QuickBooks,,3.2,428
EP005181,2026-06-01 14:00:00,U1014,james.taylor,WKSTN-U1014,QuickBooks,PROCESS_START,29.3,
EP016723,2026-06-01 14:01:00,U1041,matthew.allen52,WKSTN-U1041	,chrome.exe,PROCESS_START,16.2,334
EP034077,2026-06-01 13:33:00,U1084,joshua.taylor,WKSTN-U1084	,notepad.exe,PROCESS_START,22.2,720
EP016724,2026-06-01 13:58:00,U1041,matthew.allen52,WKSTN-U1041,explorer.exe,PROCESS_START,24.0,783
EP009168,2026-06-01 13:53:00,U1023,richard.wright,WKSTN-U1023,Docker Desktop,PROCESS_START,28.8,653
EP040981,2026-06-01 13:45:00,U1100,daniel.brown38,WKSTN-U1100,PowerPoint,PROCESS_START,10.6,447
EP036777,2026-06-01 13:41:00,U1090,mary.hill,WKSTN-U1090,explorer.exe,PROCESS_START,15.9,695
EP015932,2026-06-01 13:56:00,U1039,MARK.THOMAS,WKSTN-U1039,Excel,process_start,31.0,187
EP010061,2026-06-01 13:43:00,U1025,betty.brown22,WKSTN-U1025	,VSCode,PROCESS_START,9.0,292
EP039816,2026-06-01 13:54:00,U1097,mark.martinez10,WKSTN-U1097,Chrome,PROCESS_START,28.9,113
EP017524,2026-06-01 13:37:00,U1043,thomas.williams91,WKSTN-U1043,outlook.exe,,11.1,617
EP037694,2026-06-01 13:48:00,U1092,steven.thomas,WKSTN-U1092,chrome.exe,PROCESS_START,15.7,670
EP000004,2026-06-01 13:47:00,U1001,linda.johnson95,WKSTN-U1001,  explorer.exe ,PROCESS_START,24.5,547
EP018714,2026-06-01 13:34:00,U1046,michelle.torres39,WKSTN-U1046,chrome.exe,PROCESS_START,9.0,636
EP014730,2026-06-01 13:54:00,U1036,linda.jones,WKSTN-U1036,,PROCESS_START,4.2,224
EP028322,2026-06-01 13:36:00,U1070,betty.thomas40,,outlook.exe,PROCESS_START,18.0,353
EP033639,2026-06-01 13:52:00,U1083,sarah.allen70,WKSTN-U1083,outlook.exe,PROCESS_START,5.2,610
EP000402,2026-06-01 13:33:00,U1002,donna.ramirez,WKSTN-U1002,notepad.exe,PROCESS_START,14.3,870
EP019128,2026-06-01 13:34:00,U1047,,WKSTN-U1047,chrome.exe,PROCESS_START,13.1,131
EP010505,2026-06-01 13:51:00,U1026,elizabeth.gonzalez,WKSTN-U1026,teams.exe,PROCESS_START,18.0,375
EP004740,2026-06-01 13:54:00,U1013,emily.smith,WKSTN-U1013,Chrome,PROCESS_START,17.3,808
EP010063,2026-06-01 13:43:00,U1025,betty.brown22,WKSTN-U1025,Chrome,PROCESS_START,27.6,763
EP028324,2026-06-01 13:51:00,U1070,betty.thomas40,WKSTN-U1070,OUTLOOK.EXE,PROCESS_START,31.1,677
EP036335,2026-06-01 13:42:00,U1089,paul.brown27,WKSTN-U1089,Slack,PROCESS_START,4.8,500
EP036772,2026-06-01 14:13:00,U1090,mary.hill,WKSTN-U1090,Slack,PROCESS_START,29.0,809
EP001239,2026-06-01 14:19:00,U1004,elizabeth.wilson98,WKSTN-U1004,explorer.exe,PROCESS_START,22.2,545
EP022712,2026-06-01 14:09:00,U1056,anthony.clark,WKSTN-U1056,chrome.exe,PROCESS_START,26.3,
EP038585,2026-06-01 14:11:00,U1094,elizabeth.lewis69,WKSTN-U1094,notepad.exe,PROCESS_START,33.3,118
EP038141,2026-06-01 14:04:00,U1093,sarah.clark44,,outlook.exe,PROCESS_START,23.2,82
EP037248,2026-06-01 14:15:00,U1091,linda.robinson,WKSTN-U1091,teams.exe,,,304
EP024297,2026-06-01 14:23:00,U1060,matthew.anderson,WKSTN-U1060,teams.exe,PROCESS_START,33.1,303
EP024688,2026-06-01 14:09:00,U1061,jessica.rodriguez,WKSTN-U1061,notepad.exe,PROCESS_START,21.0,823
EP009614,2026-06-01 14:17:00,U1024,,WKSTN-U1024,notepad.exe,PROCESS_START,18.0,791
EP029928,2026-06-01 14:08:00,U1074,,WKSTN-U1074,Outlook,PROCESS_START,4.4,482
EP016302,2026-06-01 14:12:00,U1040,matthew.martin,WKSTN-U1040,chrome,PROCESS_START,22.8,566
EP039404,2026-06-01 14:09:00,U1096,david.allen76,WKSTN-U1096,teams.exe,PROCESS_START,32.1,301
EP034979,2026-06-01 14:15:00,U1086,steven.thompson53,WKSTN-U1086,notepad.exe,PROCESS_START,17.8,814
EP021903,2026-06-01 14:02:00,U1054,anthony.martinez,WKSTN-U1054,Salesforce,PROCESS_START,6.7,787
EP018715,2026-06-01 14:22:00,U1046,michelle.torres39,WKSTN-U1046,Excel,PROCESS_START,16.7,469
EP028325,2026-06-01 14:15:00,U1070,betty.thomas40,WKSTN-U1070,Outlook,PROCESS_START,17.0,483
EP017522,2026-06-01 14:15:00,U1043,thomas.williams91,WKSTN-U1043,teams.exe,PROCESS_START,11.8,346
EP001628,2026-06-01 14:21:00,U1005,robert.robinson,WKSTN-U1005,Chrome	,PROCESS_START,31.7,697
EP021497,2026-06-01 14:13:00,U1053,JOHN.JACKSON31,WKSTN-U1053,outlook.exe,PROCESS_START,13.2,356
EP018313,2026-06-01 14:07:00,U1045,daniel.sanchez90,WKSTN-U1045,notepad.exe,PROCESS_START,25.3,555
EP001242,2026-06-01 14:19:00,U1004,elizabeth.wilson98,WKSTN-U1004,SAP,PROCESS_START,20.6,828
EP007817,2026-06-01 14:03:00,U1020,andrew.thomas36,,Chrome,PROCESS_START,7.2,878
EP006426,2026-06-01 14:11:00,U1017,emily.hernandez34,WKSTN-U1017,explorer.exe	,PROCESS_START,30.4,288
EP012736,2026-06-01 14:24:00,U1031,john.wright28,WKSTN-U1031,teams.exe,PROCESS_START,26.7,666
EP009167,2026-06-01 14:11:00,U1023,richard.wright,WKSTN-U1023,explorer.exe,PROCESS_START,23.2,330
EP012291,2026-06-01 14:24:00,U1030,,WKSTN-U1030,Git,PROCESS_START,20.1,710
EP010952,2026-06-01 14:30:00,U1027,patricia.brown75,WKSTN-U1027,Docker Desktop,PROCESS_START,3.1,514
EP036338,2026-06-01 14:29:00,U1089,paul.brown27,WKSTN-U1089,Wireshark,PROCESS_START,12.7,798
EP013142,2026-06-01 14:24:00,U1032,paul.wright91,WKSTN-U1032,teams.exe,PROCESS_START,28.7,689
EP011428,2026-06-01 14:43:00,U1028,john.hill,WKSTN-U1028,Git,PROCESS_START,6.3,247
EP028321,2026-06-01 14:32:00,U1070,betty.thomas40,WKSTN-U1070,Chrome,PROCESS_START,14.7,395
EP005979,2026-06-01 14:35:00,U1016,patricia.thomas,WKSTN-U1016,Jenkins,PROCESS_START,15.4,729
EP035424,2026-06-01 14:34:00,U1087,charles.sanchez,WKSTN-U1087,Slack,PROCESS_START,29.7,755
EP027500,2026-06-01 14:41:00,U1068,susan.thompson34,WKSTN-U1068,  explorer.exe ,PROCESS_START,14.6,503
EP013941,2026-06-01 14:36:00,U1034,thomas.allen63,WKSTN-U1034,explorer.exe,PROCESS_START,9.6,548
EP010955,2026-06-01 14:36:00,U1027,patricia.brown75,WKSTN-U1027,Slack,PROCESS_START,14.1,531
EP000401,2026-06-01 14:30:00,U1002,donna.ramirez	,WKSTN-U1002,teams.exe,PROCESS_START,24.4,306
EP003948,2026-06-01 14:44:00,U1011,donna.ramirez75,WKSTN-U1011,QuickBooks,PROCESS_START,22.1,617
EP024686,2026-06-01 14:37:00,U1061,  jessica.rodriguez ,WKSTN-U1061,chrome.exe,PROCESS_START,16.9,508
EP019541,2026-06-01 14:31:00,U1048,jennifer.thomas87,WKSTN-U1048,Zoom,PROCESS_START,11.7,256
EP029539,2026-06-01 14:38:00,U1073,michael.gonzalez,WKSTN-U1073,explorer.exe,PROCESS_START,10.7,767
EP023495,2026-06-01 14:30:00,U1058,jennifer.ramirez18,WKSTN-U1058,TEAMS.EXE,PROCESS_START,30.9,
EP015934,2026-06-01 14:38:00,U1039,mark.thomas,WKSTN-U1039,Outlook,PROCESS_START,12.4,480
EP020710,2026-06-01 14:35:00,U1051,sandra.king72,WKSTN-U1051,Outlook,PROCESS_START,18.0,678
EP037247,2026-06-01 14:27:00,U1091,linda.robinson,WKSTN-U1091,Chrome,PROCESS_START,22.8,631
EP026296,2026-06-01 14:44:00,U1065,michael.ramirez47,WKSTN-U1065,DocuSign,PROCESS_START,5.2,655
EP040980,2026-06-01 14:42:00,U1100,daniel.brown38,WKSTN-U1100,teams.exe,process_start,30.6,839
EP005568,2026-06-01 14:41:00,U1015,lisa.hernandez,WKSTN-U1015,,PROCESS_START,24.5,-195.0
EP025511,2026-06-01 14:30:00,U1063,john.nguyen,WKSTN-U1063,notepad.exe,PROCESS_START,26.5,801
EP004321,2026-06-01 14:30:00,U1012,  linda.martinez ,WKSTN-U1012,explorer.exe,PROCESS_START,33.2,639
EP017112,2026-06-01 14:51:00,U1042,michael.hill56,WKSTN-U1042,outlook.exe,PROCESS_START,5.9,206
EP016305,2026-06-01 15:00:00,U1040,matthew.martin,,explorer.exe,PROCESS_START,13.0,349
EP037691,2026-06-01 15:07:00,U1092,steven.thomas,WKSTN-U1092,explorer.exe,PROCESS_START,1.7,696
EP010951,2026-06-01 14:57:00,U1027,patricia.brown75,WKSTN-U1027,explorer.exe,PROCESS_START,9.3,448
EP027499,2026-06-01 15:00:00,U1068,susan.thompson34,WKSTN-U1068,notepad.exe,PROCESS_START,26.2,867
EP007820,2026-06-01 15:15:00,U1020,andrew.thomas36,WKSTN-U1020,explorer.exe,PROCESS_START,27.8,640
EP032332,2026-06-01 15:05:00,U1080,joseph.jackson91,  WKSTN-U1080 ,TERMINAL,PROCESS_START,19.1,225
EP031108,2026-06-01 14:50:00,U1077,kimberly.harris58,WKSTN-U1077,Chrome,PROCESS_START,23.8,861
EP006425,2026-06-01 14:47:00,U1017,EMILY.HERNANDEZ34,,Chrome,PROCESS_START,29.7,424
EP026298,2026-06-01 15:12:00,U1065,michael.ramirez47,WKSTN-U1065,explorer.exe,PROCESS_START,2.8,315
EP029536,2026-06-01 15:03:00,U1073,michael.gonzalez,WKSTN-U1073,Word,PROCESS_START,16.9,147
EP017521,2026-06-01 15:05:00,U1043,thomas.williams91,WKSTN-U1043,chrome.exe,PROCESS_START,21.6,143
EP013551,2026-06-01 14:55:00,U1033,linda.miller,WKSTN-U1033,,PROCESS_START,2.7,792
EP010953,2026-06-01 15:03:00,U1027,patricia.brown75,WKSTN-U1027,Docker Desktop,PROCESS_START,29.4,669
EP022710,2026-06-01 15:12:00,U1056,anthony.clark,WKSTN-U1056,chrome.exe,PROCESS_START,14.5,686
EP034542,2026-06-01 15:12:00,U1085,barbara.walker67,WKSTN-U1085,explorer.exe,PROCESS_START,1.6,491
EP021102,2026-06-01 15:01:00,U1052,paul.taylor,WKSTN-U1052,Excel,PROCESS_START,32.3,534
EP004326,2026-06-01 15:02:00,U1012,linda.martinez,WKSTN-U1012,Excel,PROCESS_START,12.1,682
EP000823,2026-06-01 14:49:00,U1003,kenneth.clark29,WKSTN-U1003,QuickBooks,PROCESS_START,31.3,281
EP017520,2026-06-01 15:11:00,U1043,thomas.williams91,WKSTN-U1043,teams.exe,PROCESS_START,14.1,199
EP040614,2026-06-01 15:17:00,U1099,joseph.garcia,WKSTN-U1099	,explorer.exe,PROCESS_START,28.7,557
EP006428,2026-06-01 15:10:00,U1017,emily.hernandez34,WKSTN-U1017	,Slack,PROCESS_START,13.2,171
EP028727,2026-06-01 15:04:00,U1071,matthew.robinson35,WKSTN-U1071,Outlook,PROCESS_START,30.9,405
EP023496,2026-06-01 15:08:00,U1058,jennifer.ramirez18,WKSTN-U1058,Zoom,PROCESS_START,34.3,894
EP006924,2026-06-01 15:05:00,U1018,betty.white57,WKSTN-U1018,outlook.exe,PROCESS_START,34.4,257
EP034075,2026-06-01 15:30:00,U1084,joshua.taylor,WKSTN-U1084,Chrome,PROCESS_START,1.1,334
EP025111,2026-06-01 15:25:00,U1062,william.martin,WKSTN-U1062,chrome.exe,PROCESS_START,10.2,773
EP035422,2026-06-01 15:20:00,U1087,charles.sanchez,WKSTN-U1087,Wireshark,PROCESS_START,7.5,116
EP000403,2026-06-01 15:32:00,U1002,donna.ramirez,WKSTN-U1002,teams.exe,PROCESS_START,24.5,234
EP022714,2026-06-01 15:25:00,U1056,anthony.clark,WKSTN-U1056,Salesforce,PROCESS_START,7.1,528
EP005572,2026-06-01 15:49:00,U1015,lisa.hernandez,WKSTN-U1015,outlook.exe,,15.9,82
EP007821,2026-06-01 15:37:00,U1020,andrew.thomas36,WKSTN-U1020,,PROCESS_START,3.1,278
EP028725,2026-06-01 15:17:00,U1071,MATTHEW.ROBINSON35,WKSTN-U1071,DocuSign,PROCESS_START,23.2,191
EP014332,2026-06-01 15:33:00,U1035,nancy.rodriguez82,WKSTN-U1035,Outlook,PROCESS_START,34.0,201
EP000005,2026-06-01 15:32:00,U1001,linda.johnson95,WKSTN-U1001,Chrome,PROCESS_START,7.8,473
EP034977,2026-06-01 15:28:00,U1086,steven.thompson53,WKSTN-U1086,explorer.exe,PROCESS_START,34.8,457
EP015113,2026-06-01 15:47:00,U1037,robert.martin,WKSTN-U1037,  Excel ,PROCESS_START,3.7,346
EP040226,2026-06-01 15:35:00,U1098,nancy.wright49,WKSTN-U1098,Zoom,PROCESS_START,27.0,511
EP012292,2026-06-01 15:40:00,U1030,betty.rodriguez86,WKSTN-U1030,,PROCESS_START,17.1,245
EP031104,2026-06-01 15:24:00,U1077,kimberly.harris58,WKSTN-U1077,outlook.exe,PROCESS_START,4.3,870
EP010062,2026-06-01 15:18:00,U1025,betty.brown22,WKSTN-U1025,notepad.exe,PROCESS_START,11.6,-130.0
EP020709,2026-06-01 15:46:00,U1051,sandra.king72,WKSTN-U1051,Salesforce,PROCESS_START,14.0,227
EP025905,2026-06-01 15:25:00,U1064,matthew.wright55,WKSTN-U1064,chrome.exe,PROCESS_START,7.3,873
EP010060,2026-06-01 15:41:00,U1025,betty.brown22,WKSTN-U1025,notepad.exe,PROCESS_START,33.9,235
EP033197,2026-06-01 15:42:00,U1082,karen.hill96,WKSTN-U1082,Wireshark,PROCESS_START,29.5,282
EP008714,2026-06-01 15:46:00,U1022,sandra.brown,WKSTN-U1022,teams.exe,PROCESS_START,17.4,862
EP000006,2026-06-01 15:36:00,U1001,linda.johnson95,WKSTN-U1001,chrome.exe,PROCESS_START,4.6,470
EP039405,2026-06-01 15:40:00,U1096,david.allen76,WKSTN-U1096,explorer.exe,PROCESS_START,21.0,828
EP034076,2026-06-01 15:32:00,U1084,joshua.taylor,WKSTN-U1084,TERMINAL,PROCESS_START,4.7,373
EP002419,2026-06-01 15:36:00,U1007,sarah.robinson82,WKSTN-U1007,notepad.exe,PROCESS_START,32.9,185
EP037692,2026-06-01 16:09:00,U1092,steven.thomas,  WKSTN-U1092 ,Slack,PROCESS_START,17.9,256
EP030718,2026-06-01 16:03:00,U1076,john.torres,WKSTN-U1076,chrome.exe,PROCESS_START,14.4,265
EP008711,2026-06-01 16:34:00,U1022,sandra.brown,WKSTN-U1022,Docker Desktop,PROCESS_START,32.4,900
EP027115,2026-06-01 15:52:00,U1067,paul.thomas97,WKSTN-U1067,chrome.exe,PROCESS_START,6.1,655
EP035423,2026-06-01 16:06:00,U1087,charles.sanchez,WKSTN-U1087,Active Directory Console,PROCESS_START,12.0,156
EP033199,2026-06-01 16:22:00,U1082,karen.hill96,WKSTN-U1082,chrome.exe,PROCESS_START,31.2,282
EP024301,2026-06-01 16:08:00,U1060,matthew.anderson,WKSTN-U1060,chrome.exe,,15.9,691
EP026295,2026-06-01 16:11:00,U1065,michael.ramirez47,WKSTN-U1065,Outlook,PROCESS_START,14.6,394
EP032327,2026-06-01 16:28:00,U1080,joseph.jackson91,WKSTN-U1080,teams.exe,PROCESS_START,16.3,419
EP021904,2026-06-01 15:58:00,U1054,anthony.martinez,WKSTN-U1054,Outlook,PROCESS_START,22.0,
EP018311,2026-06-01 16:12:00,U1045,daniel.sanchez90,WKSTN-U1045,outlook.exe,PROCESS_START,25.9,404
EP040979,2026-06-01 16:33:00,U1100,daniel.brown38,WKSTN-U1100,explorer.exe,PROCESS_START,10.6,396
EP004323,2026-06-01 16:02:00,U1012,linda.martinez,WKSTN-U1012,  Outlook ,PROCESS_START,24.8,675
EP036776,2026-06-01 16:11:00,U1090,mary.hill,WKSTN-U1090,Slack,PROCESS_START,4.6,226
EP001238,2026-06-01 16:30:00,U1004,elizabeth.wilson98,WKSTN-U1004,chrome.exe,PROCESS_START,31.4,792
EP025113,2026-06-01 16:33:00,U1062,william.martin,WKSTN-U1062,teams.exe,PROCESS_START,21.2,633
EP006926,2026-06-01 16:33:00,U1018,betty.white57,WKSTN-U1018,Docker Desktop,PROCESS_START,20.5,842
EP013940,2026-06-01 16:28:00,U1034,thomas.allen63,WKSTN-U1034,outlook.exe,PROCESS_START,22.8,132
EP034540,2026-06-01 15:56:00,U1085,barbara.walker67,WKSTN-U1085,Wireshark,,25.2,547
EP024300,2026-06-01 16:17:00,U1060,matthew.anderson,WKSTN-U1060,notepad.exe,PROCESS_START,33.4,185
EP003949,2026-06-01 16:20:00,U1011,  donna.ramirez75 ,WKSTN-U1011,Chrome,PROCESS_START,10.9,121
EP040982,2026-06-01 16:21:00,U1100,daniel.brown38,WKSTN-U1100,PowerPoint,PROCESS_START,12.1,716
EP003947,2026-06-01 16:28:00,U1011,donna.ramirez75,WKSTN-U1011,chrome.exe,PROCESS_START,15.4,654
EP016721,2026-06-01 16:22:00,U1041,matthew.allen52,WKSTN-U1041,Excel,PROCESS_START,29.6,895
EP006927,2026-06-01 16:15:00,U1018,betty.white57,WKSTN-U1018,SLACK,PROCESS_START,34.3,133
EP024690,2026-06-01 16:43:00,U1061,jessica.rodriguez,,outlook.exe,PROCESS_START,29.1,740
EP005570,2026-06-01 17:10:00,U1015,lisa.hernandez,  WKSTN-U1015 ,explorer.exe,PROCESS_START,16.3,469
EP004325,2026-06-01 17:06:00,U1012,linda.martinez,WKSTN-U1012,outlook.exe,PROCESS_START,14.0,399
EP040613,2026-06-01 16:58:00,U1099,joseph.garcia,WKSTN-U1099,Chrome,PROCESS_START,15.4,392
EP027502,2026-06-01 17:36:00,U1068,susan.thompson34,WKSTN-U1068,teams.exe,PROCESS_START,2.6,-408.0
EP021494,2026-06-01 17:20:00,U1053,john.jackson31,WKSTN-U1053,  Excel ,PROCESS_START,19.1,577
EP039817,2026-06-01 16:47:00,U1097,mark.martinez10,WKSTN-U1097,teams.exe,PROCESS_START,9.0,412
EP024299,2026-06-01 16:44:00,U1060,matthew.anderson,WKSTN-U1060,explorer.exe,PROCESS_START,7.7,262
EP039406,2026-06-01 17:27:00,U1096,david.allen76,WKSTN-U1096,explorer.exe,PROCESS_START,17.4,863
EP029926,2026-06-01 17:10:00,U1074,sarah.williams7,WKSTN-U1074,DocuSign,PROCESS_START,27.9,349
EP019544,2026-06-01 17:46:00,U1048,jennifer.thomas87,WKSTN-U1048,Chrome,PROCESS_START,33.2,431
EP023883,2026-06-01 16:37:00,U1059,daniel.perez98,WKSTN-U1059,Outlook,PROCESS_START,8.6,885
EP003584,2026-06-01 17:36:00,U1010,susan.young51,WKSTN-U1010,SAP,PROCESS_START,24.3,656
EP020296,2026-06-01 17:01:00,U1050,MICHAEL.RAMIREZ,WKSTN-U1050,chrome.exe,PROCESS_START,13.8,125
EP000399,2026-06-01 17:59:00,U1002,donna.ramirez,WKSTN-U1002,explorer.exe,PROCESS_START,4.6,180
EP021498,2026-06-01 16:54:00,U1053,john.jackson31,WKSTN-U1053,chrome.exe,PROCESS_START,19.1,223
EP039819,2026-06-01 16:58:00,U1097,  mark.martinez10 ,WKSTN-U1097,Excel,PROCESS_START,15.0,266
EP019543,2026-06-01 17:21:00,U1048,jennifer.thomas87,WKSTN-U1048,explorer.exe,PROCESS_START,15.3,535
EP013550,2026-06-01 17:18:00,U1033,linda.miller,WKSTN-U1033,explorer.exe,PROCESS_START,29.4,349
EP002801,2026-06-01 16:43:00,U1008,joshua.hernandez,WKSTN-U1008,teams.exe,process_start,25.6,455
EP010508,2026-06-01 16:55:00,U1026,elizabeth.gonzalez,WKSTN-U1026,teams.exe,PROCESS_START,1.1,564
EP008713,2026-06-01 17:09:00,U1022,sandra.brown,WKSTN-U1022,teams.exe,PROCESS_START,8.3,461
EP021496,2026-06-01 17:08:00,U1053,john.jackson31,WKSTN-U1053,chrome.exe,PROCESS_START,9.1,172
EP023884,2026-06-01 16:41:00,U1059,daniel.perez98,WKSTN-U1059,Excel,PROCESS_START,6.5,216
EP014741,2026-06-02 07:07:00,U1036,linda.jones,WKSTN-U1036,Chrome,PROCESS_START,18.8,737
EP025920,2026-06-02 08:33:00,U1064,matthew.wright55,WKSTN-U1064,teams.exe,PROCESS_START,17.4,636
EP011874,2026-06-02 08:08:00,U1029,michelle.garcia54,WKSTN-U1029,Jenkins,PROCESS_START,2.3,655
EP035002,2026-06-02 08:31:00,U1086,steven.thompson53,WKSTN-U1086,Active Directory Console,PROCESS_START,7.4,435
EP028338,2026-06-02 08:42:00,U1070,betty.thomas40,WKSTN-U1070,explorer.exe,PROCESS_START,34.2,710
EP011451,2026-06-02 08:36:00,U1028,john.hill,WKSTN-U1028,notepad.exe,PROCESS_START,28.3,440
EP040997,2026-06-02 07:27:00,U1100,daniel.brown38,WKSTN-U1100,chrome.exe,process_start,13.9,
EP002441,2026-06-02 07:59:00,U1007,sarah.robinson82,WKSTN-U1007,QuickBooks,PROCESS_START,8.4,452
EP011452,2026-06-02 08:38:00,U1028,john.hill,WKSTN-U1028,Docker Desktop,PROCESS_START,21.5,
EP040998,2026-06-02 07:07:00,U1100,  daniel.brown38 ,WKSTN-U1100,,PROCESS_START,27.8,855
EP035444,2026-06-02 08:11:00,U1087,charles.sanchez,WKSTN-U1087,notepad.exe,PROCESS_START,35.0,771
EP025125,2026-06-02 08:41:00,U1062,william.martin,WKSTN-U1062,notepad.exe,PROCESS_START,22.8,516
EP029147,2026-06-02 08:31:00,U1072,kenneth.lopez,WKSTN-U1072,Outlook,PROCESS_START,2.2,615
EP019926,2026-06-02 08:29:00,U1049,michelle.jones59,  WKSTN-U1049 ,notepad.exe,PROCESS_START,2.5,783
EP033661,2026-06-02 08:21:00,U1083,sarah.allen70,WKSTN-U1083,,PROCESS_START,1.1,553
EP018329,2026-06-02 08:24:00,U1045,daniel.sanchez90,WKSTN-U1045,Workday,PROCESS_START,9.0,223
EP025922,2026-06-02 08:23:00,U1064,matthew.wright55,WKSTN-U1064,Chrome,PROCESS_START,7.3,529
EP022341,2026-06-02 07:48:00,U1055,patricia.wilson54,WKSTN-U1055,teams.exe,PROCESS_START,23.2,777
EP004757,2026-06-02 07:40:00,U1013,emily.smith,WKSTN-U1013,notepad.exe,PROCESS_START,21.9,617
EP029149,2026-06-02 08:30:00,U1072,kenneth.lopez,WKSTN-U1072,chrome.exe,PROCESS_START,25.1,181
EP040242,2026-06-02 08:39:00,U1098,nancy.wright49,WKSTN-U1098,explorer.exe,PROCESS_START,8.7,499000.0
EP008284,2026-06-02 08:33:00,U1021,jessica.walker,WKSTN-U1021,teams.exe,PROCESS_START,6.0,558
EP035000,2026-06-02 07:49:00,U1086,steven.thompson53,  WKSTN-U1086 ,teams.exe,PROCESS_START,,885
EP010084,2026-06-02 08:37:00,U1025,betty.brown22,WKSTN-U1025,VSCode,PROCESS_START,15.2,721
EP021916,2026-06-02 08:14:00,U1054,anthony.martinez,WKSTN-U1054,explorer.exe,PROCESS_START,1.0,764
EP020727,2026-06-02 08:28:00,U1051,sandra.king72,WKSTN-U1051,teams.exe,PROCESS_START,2.3,600
EP018733,2026-06-02 09:17:00,U1046,michelle.torres39,WKSTN-U1046,Outlook,PROCESS_START,30.7,562
EP032347,2026-06-02 08:58:00,U1080,joseph.jackson91,WKSTN-U1080,explorer.exe,PROCESS_START,21.5,729
EP026316,2026-06-02 08:53:00,U1065,michael.ramirez47,WKSTN-U1065,Outlook,PROCESS_START,2.9,458
EP031128,2026-06-02 08:44:00,U1077,kimberly.harris58,WKSTN-U1077,Word,PROCESS_START,13.9,89
EP014745,2026-06-02 08:47:00,U1036,linda.jones,WKSTN-U1036,outlook.exe,process_start,34.5,649
EP027513,2026-06-02 08:44:00,U1068,susan.thompson34,WKSTN-U1068,teams.exe,PROCESS_START,24.3,729
EP019559,2026-06-02 09:15:00,U1048,jennifer.thomas87,WKSTN-U1048,outlook.exe,,,146
EP025126,2026-06-02 09:23:00,U1062,william.martin,WKSTN-U1062,notepad.exe,PROCESS_START,2.5,465
EP035445,2026-06-02 09:03:00,U1087,,WKSTN-U1087,PuTTY,PROCESS_START,10.1,518
EP015545,2026-06-02 09:20:00,U1038,,WKSTN-U1038,notepad.exe,PROCESS_START,23.0,676
EP011875,2026-06-02 08:58:00,U1029,michelle.garcia54,WKSTN-U1029,notepad.exe,PROCESS_START,5.4,641
EP023126,2026-06-02 08:48:00,U1057,nancy.sanchez,WKSTN-U1057,Zoom,PROCESS_START,30.2,751
EP031126,2026-06-02 09:05:00,U1077,,WKSTN-U1077,Chrome,PROCESS_START,1.9,132
EP005997,2026-06-02 09:17:00,U1016,patricia.thomas,WKSTN-U1016,explorer.exe,PROCESS_START,11.3,484
EP013956,2026-06-02 08:50:00,U1034,thomas.allen63,WKSTN-U1034,outlook.exe,PROCESS_START,15.4,880
EP019557,2026-06-02 08:57:00,U1048,jennifer.thomas87,WKSTN-U1048,Chrome,PROCESS_START,14.4,567
EP010530,2026-06-02 09:21:00,U1026,elizabeth.gonzalez,WKSTN-U1026,chrome.exe,PROCESS_START,26.7,611
EP040241,2026-06-02 08:45:00,U1098,nancy.wright49,WKSTN-U1098,Excel,PROCESS_START,23.0,163
EP033219,2026-06-02 09:19:00,U1082,karen.hill96,WKSTN-U1082,explorer.exe,PROCESS_START,12.8,369
EP002048,2026-06-02 09:24:00,U1006,george.gonzalez,WKSTN-U1006,QuickBooks,PROCESS_START,32.6,414
EP018328,2026-06-02 08:56:00,U1045,daniel.sanchez90,WKSTN-U1045,chrome.exe,PROCESS_START,18.0,674
EP029556,2026-06-02 09:15:00,U1073,michael.gonzalez,WKSTN-U1073,  CHROME ,PROCESS_START,2.8,353
EP034999,2026-06-02 09:25:00,U1086,steven.thompson53,WKSTN-U1086,Wireshark,PROCESS_START,21.9,153
EP029145,2026-06-02 09:22:00,U1072,kenneth.lopez,WKSTN-U1072,Chrome,PROCESS_START,34.1,220
EP013163,2026-06-02 08:58:00,U1032,,WKSTN-U1032,explorer.exe,PROCESS_START,19.2,779
EP014742,2026-06-02 09:30:00,U1036,linda.jones,WKSTN-U1036,outlook.exe,PROCESS_START,30.9,224
EP030354,2026-06-02 09:46:00,U1075,steven.lewis,WKSTN-U1075,,PROCESS_START,12.9,276
EP026761,2026-06-02 09:25:00,U1066,michelle.wright62,WKSTN-U1066,Word,PROCESS_START,28.9,408
EP010533,2026-06-02 09:44:00,U1026,elizabeth.gonzalez	,WKSTN-U1026	,Jenkins,PROCESS_START,28.7,121
EP022730,2026-06-02 09:32:00,U1056,anthony.clark,WKSTN-U1056,explorer.exe,PROCESS_START,24.8,713
EP031929,2026-06-02 09:57:00,U1079,emily.jones,WKSTN-U1079,Active Directory Console,PROCESS_START,27.5,158
EP035886,2026-06-02 09:57:00,U1088,,WKSTN-U1088,chrome.exe,PROCESS_START,31.8,577
EP019145,2026-06-02 09:37:00,U1047,sandra.lewis,WKSTN-U1047,Chrome,PROCESS_START,,654
EP034096,2026-06-02 09:46:00,U1084,joshua.taylor,WKSTN-U1084,explorer.exe,PROCESS_START,,642
EP004759,2026-06-02 09:51:00,U1013,emily.smith,WKSTN-U1013,TEAMS.EXE,PROCESS_START,14.4,368
EP033660,2026-06-02 09:40:00,U1083,sarah.allen70,WKSTN-U1083,Wireshark,PROCESS_START,22.6,144
EP008737,2026-06-02 09:42:00,U1022,sandra.brown,WKSTN-U1022,Chrome,PROCESS_START,33.4,540
EP009191,2026-06-02 09:30:00,U1023,richard.wright,WKSTN-U1023,VSCode,PROCESS_START,11.4,
EP009189,2026-06-02 09:34:00,U1023,richard.wright,  WKSTN-U1023 ,Chrome,PROCESS_START,27.5,360
EP014353,2026-06-02 09:50:00,U1035,nancy.rodriguez82,  WKSTN-U1035 ,Excel,PROCESS_START,29.4,540
EP022731,2026-06-02 09:40:00,U1056,anthony.clark,WKSTN-U1056,notepad.exe,PROCESS_START,7.8,410
EP033217,2026-06-02 09:58:00,U1082,karen.hill96,WKSTN-U1082,outlook.exe,PROCESS_START,6.8,217
EP006447,2026-06-02 09:28:00,U1017,emily.hernandez34,WKSTN-U1017,VSCode,PROCESS_START,30.9,792
EP005195,2026-06-02 09:41:00,U1014,james.taylor,WKSTN-U1014,teams.exe,PROCESS_START,33.5,174
EP016743,2026-06-02 09:33:00,U1041,matthew.allen52,WKSTN-U1041,teams.exe,PROCESS_START,16.3,321
EP010974,2026-06-02 09:51:00,U1027,patricia.brown75,WKSTN-U1027,Chrome,PROCESS_START,27.6,358
EP029942,2026-06-02 09:54:00,U1074,sarah.williams7,WKSTN-U1074,outlook.exe,PROCESS_START,16.3,379
EP035889,2026-06-02 09:40:00,U1088,andrew.smith85,WKSTN-U1088,PuTTY,PROCESS_START,5.7,235
EP030730,2026-06-02 09:37:00,U1076,  john.torres ,WKSTN-U1076,  CHROME.EXE ,PROCESS_START,18.7,367
EP005995,2026-06-02 09:46:00,U1016,patricia.thomas,WKSTN-U1016,Chrome,PROCESS_START,11.0,711
EP005994,2026-06-02 10:01:00,U1016,patricia.thomas,WKSTN-U1016,teams.exe,PROCESS_START,11.4,493
EP039029,2026-06-02 10:06:00,U1095,richard.thomas74,WKSTN-U1095,Outlook,PROCESS_START,33.9,566
EP020731,2026-06-02 10:13:00,U1051,sandra.king72,WKSTN-U1051,Chrome,PROCESS_START,33.9,356
EP025534,2026-06-02 09:59:00,U1063,john.nguyen,WKSTN-U1063,teams.exe,PROCESS_START,24.8,790
EP013957,2026-06-02 09:59:00,U1034,thomas.allen63,WKSTN-U1034,outlook.exe,PROCESS_START,3.4,862
EP014352,2026-06-02 10:11:00,U1035,nancy.rodriguez82,WKSTN-U1035,explorer.exe,PROCESS_START,15.7,833
EP002817,2026-06-02 10:17:00,U1008,joshua.hernandez,WKSTN-U1008,chrome.exe,PROCESS_START,10.0,581
EP031514,2026-06-02 10:05:00,U1078,michelle.miller,WKSTN-U1078,DOCUSIGN,PROCESS_START,,299
EP031515,2026-06-02 10:13:00,U1078,michelle.miller,WKSTN-U1078,Word,PROCESS_START,15.8,880
EP005996,2026-06-02 10:09:00,U1016,patricia.thomas,WKSTN-U1016,Slack	,PROCESS_START,9.3,438
EP008286,2026-06-02 10:18:00,U1021,jessica.walker,WKSTN-U1021,teams.exe,PROCESS_START,26.3,251
EP028746,2026-06-02 10:16:00,U1071,matthew.robinson35,,Word,PROCESS_START,3.7,239
EP029555,2026-06-02 10:20:00,U1073,michael.gonzalez,WKSTN-U1073,Outlook,PROCESS_START,16.8,585
EP036357,2026-06-02 10:17:00,U1089,paul.brown27,WKSTN-U1089,chrome.exe,PROCESS_START,34.0,577
EP000836,2026-06-02 10:14:00,U1003,kenneth.clark29	,WKSTN-U1003,explorer.exe,PROCESS_START,17.0,545
EP032348,2026-06-02 10:01:00,U1080,joseph.jackson91,WKSTN-U1080,Chrome,PROCESS_START,8.5,191
EP010081,2026-06-02 10:14:00,U1025,  betty.brown22 ,WKSTN-U1025,outlook.exe,PROCESS_START,23.4,284
EP018735,2026-06-02 10:03:00,U1046,michelle.torres39,  WKSTN-U1046 ,teams.exe,PROCESS_START,25.1,142
EP002051,2026-06-02 10:13:00,U1006,george.gonzalez,WKSTN-U1006,QuickBooks,process_start,32.4,728
EP015127,2026-06-02 10:18:00,U1037,robert.martin,WKSTN-U1037,teams.exe,PROCESS_START,8.2,864
EP020730,2026-06-02 10:14:00,U1051,sandra.king72,WKSTN-U1051,Zoom,PROCESS_START,7.2,
EP034093,2026-06-02 10:05:00,U1084,joshua.taylor	,WKSTN-U1084,explorer.exe,PROCESS_START,8.8,516
EP023901,2026-06-02 10:09:00,U1059,daniel.perez98,WKSTN-U1059,chrome.exe,PROCESS_START,25.7,395
EP024318,2026-06-02 10:18:00,U1060,matthew.anderson,WKSTN-U1060,notepad.exe,PROCESS_START,16.2,478
EP037716,2026-06-02 10:20:00,U1092,steven.thomas,WKSTN-U1092,notepad.exe,PROCESS_START,25.3,778
EP002816,2026-06-02 10:24:00,U1008,joshua.hernandez,WKSTN-U1008,Outlook,PROCESS_START,7.0,382
EP040628,2026-06-02 10:24:00,U1099,joseph.garcia,WKSTN-U1099,PowerPoint,PROCESS_START,30.2,316
EP024321,2026-06-02 10:26:00,U1060,matthew.anderson,WKSTN-U1060,Zoom,PROCESS_START,29.5,840
EP003190,2026-06-02 10:25:00,U1009,DANIEL.BROWN,WKSTN-U1009,notepad.exe,PROCESS_START,7.2,398
EP007838,2026-06-02 10:32:00,U1020,andrew.thomas36,WKSTN-U1020,outlook.exe,PROCESS_START,18.5,701
EP026315,2026-06-02 10:28:00,U1065,michael.ramirez47,WKSTN-U1065,Chrome,PROCESS_START,32.6,819
EP002047,2026-06-02 10:37:00,U1006,george.gonzalez,,Excel,PROCESS_START,4.6,812
EP011453,2026-06-02 10:25:00,U1028,john.hill,WKSTN-U1028,Jenkins,PROCESS_START,17.4,370
EP021120,2026-06-02 10:32:00,U1052,paul.taylor,WKSTN-U1052,Excel,PROCESS_START,7.7,652
EP029148,2026-06-02 10:46:00,U1072,kenneth.lopez,WKSTN-U1072	,teams.exe,,7.6,592
EP012309,2026-06-02 10:35:00,U1030,betty.rodriguez86,WKSTN-U1030,Slack,PROCESS_START,13.9,236
EP001261,2026-06-02 10:27:00,U1004,elizabeth.wilson98,WKSTN-U1004,chrome.exe,PROCESS_START,13.6,259
EP023513,2026-06-02 10:24:00,U1058,jennifer.ramirez18,WKSTN-U1058,Zoom,PROCESS_START,2.6,314
EP036795,2026-06-02 10:45:00,U1090,mary.hill,WKSTN-U1090,outlook.exe,PROCESS_START,30.6,789
EP019923,2026-06-02 10:33:00,U1049,michelle.jones59,WKSTN-U1049,chrome.exe,process_start,15.2,219
EP023512,2026-06-02 10:28:00,U1058,jennifer.ramirez18,WKSTN-U1058,chrome.exe,PROCESS_START,4.5,145
EP027515,2026-06-02 10:29:00,U1068,,WKSTN-U1068,Word,PROCESS_START,25.2,720
EP019561,2026-06-02 10:34:00,U1048,jennifer.thomas87,WKSTN-U1048	,outlook.exe,PROCESS_START,16.9,238
EP000026,2026-06-02 10:27:00,U1001,linda.johnson95,WKSTN-U1001,teams.exe,PROCESS_START,8.5,144
EP028337,2026-06-02 10:29:00,U1070,betty.thomas40,WKSTN-U1070,notepad.exe,PROCESS_START,10.6,
EP033663,2026-06-02 10:24:00,U1083,sarah.allen70,WKSTN-U1083,notepad.exe,PROCESS_START,16.6,764
EP013166,2026-06-02 10:44:00,U1032,paul.wright91,WKSTN-U1032,Chrome,PROCESS_START,18.4,604
EP020318,2026-06-02 10:37:00,U1050,michael.ramirez,WKSTN-U1050,Salesforce,PROCESS_START,25.4,122
EP005197,2026-06-02 10:47:00,U1014,james.taylor,WKSTN-U1014,Outlook,PROCESS_START,5.7,586
EP004760,2026-06-02 10:31:00,U1013,emily.smith,WKSTN-U1013,explorer.exe,PROCESS_START,9.4,418
EP019925,2026-06-02 11:07:00,U1049,michelle.jones59,WKSTN-U1049,teams.exe,PROCESS_START,18.0,232
EP003193,2026-06-02 10:57:00,U1009,daniel.brown,WKSTN-U1009,Outlook,PROCESS_START,12.9,742
EP040999,2026-06-02 11:06:00,U1100,daniel.brown38,WKSTN-U1100,Chrome,PROCESS_START,34.0,573
EP009639,2026-06-02 11:14:00,U1024,emily.miller,WKSTN-U1024,Docker Desktop,PROCESS_START,25.6,482
EP002818,2026-06-02 11:06:00,U1008,joshua.hernandez,WKSTN-U1008,teams.exe,PROCESS_START,13.4,870
EP011876,2026-06-02 11:03:00,U1029,michelle.garcia54,WKSTN-U1029,Chrome,PROCESS_START,18.1,492
EP015130,2026-06-02 11:12:00,U1037,robert.martin,WKSTN-U1037,chrome.exe,PROCESS_START,21.2,376
EP032786,2026-06-02 11:04:00,U1081,,WKSTN-U1081,Terminal,PROCESS_START,25.7,393
EP039426,2026-06-02 10:48:00,U1096,david.allen76,WKSTN-U1096,explorer.exe,PROCESS_START,7.2,765
EP025532,2026-06-02 10:47:00,U1063,john.nguyen,WKSTN-U1063,teams.exe,PROCESS_START,16.4,546
EP006450,2026-06-02 11:00:00,U1017,emily.hernandez34,WKSTN-U1017,outlook.exe,PROCESS_START,25.2,285
EP016744,2026-06-02 11:15:00,U1041,matthew.allen52,WKSTN-U1041,Outlook	,PROCESS_START,17.2,683
EP013569,2026-06-02 10:51:00,U1033,linda.miller,WKSTN-U1033,outlook.exe,PROCESS_START,5.2,504
EP022729,2026-06-02 11:07:00,U1056,anthony.clark,WKSTN-U1056,chrome.exe,PROCESS_START,10.8,393
EP020317,2026-06-02 11:12:00,U1050,michael.ramirez,WKSTN-U1050,outlook.exe,PROCESS_START,34.7,325
EP010083,2026-06-02 11:14:00,U1025,betty.brown22,WKSTN-U1025,Jenkins,PROCESS_START,31.7,364
EP024710,2026-06-02 11:02:00,U1061,jessica.rodriguez,WKSTN-U1061,explorer.exe,PROCESS_START,3.3,248
EP005590,2026-06-02 11:07:00,U1015,,WKSTN-U1015,SAP,PROCESS_START,23.5,99
EP029557,2026-06-02 10:53:00,U1073,michael.gonzalez,WKSTN-U1073,EXPLORER.EXE	,PROCESS_START,23.2,372
EP032787,2026-06-02 11:11:00,U1081,margaret.davis,,teams.exe,PROCESS_START,26.4,699
EP029944,2026-06-02 11:12:00,U1074,sarah.williams7,WKSTN-U1074,outlook.exe,PROCESS_START,11.7,
EP025921,2026-06-02 11:14:00,U1064,matthew.wright55,WKSTN-U1064,teams.exe,PROCESS_START,29.4,157
EP019144,2026-06-02 10:52:00,U1047,sandra.lewis,WKSTN-U1047,Outlook,PROCESS_START,29.4,109
EP013570,2026-06-02 11:12:00,U1033,linda.miller,WKSTN-U1033,explorer.exe,PROCESS_START,30.4,408
EP011450,2026-06-02 11:09:00,U1028,  john.hill ,WKSTN-U1028,JENKINS,PROCESS_START,26.2,98
EP031127,2026-06-02 11:40:00,U1077,kimberly.harris58,WKSTN-U1077,notepad.exe,PROCESS_START,25.7,843
EP025124,2026-06-02 11:30:00,U1062,,WKSTN-U1062,  outlook.exe ,PROCESS_START,32.4,787
EP013162,2026-06-02 11:23:00,U1032,paul.wright91,WKSTN-U1032,teams.exe,PROCESS_START,8.4,396
EP018730,2026-06-02 11:20:00,U1046,michelle.torres39,WKSTN-U1046,teams.exe,PROCESS_START,7.1,485
EP000025,2026-06-02 11:41:00,U1001,linda.johnson95,WKSTN-U1001	,SAP,PROCESS_START,,654
EP040994,2026-06-02 11:15:00,U1100,daniel.brown38,WKSTN-U1100,notepad.exe	,PROCESS_START,15.3,291
EP036796,2026-06-02 11:32:00,U1090,mary.hill,WKSTN-U1090,teams.exe,PROCESS_START,21.0,377
EP017544,2026-06-02 11:34:00,U1043,thomas.williams91,WKSTN-U1043,Workday,PROCESS_START,20.9,868
EP020729,2026-06-02 11:47:00,U1051,  sandra.king72 ,WKSTN-U1051,,PROCESS_START,14.1,162
EP003608,2026-06-02 11:31:00,U1010,susan.young51,WKSTN-U1010,QuickBooks	,PROCESS_START,27.1,605
EP003962,2026-06-02 11:17:00,U1011,donna.ramirez75,WKSTN-U1011,QuickBooks,PROCESS_START,12.2,185
EP001262,2026-06-02 11:23:00,U1004,elizabeth.wilson98,WKSTN-U1004,Outlook,PROCESS_START,17.5,898
EP039026,2026-06-02 11:41:00,U1095,richard.thomas74,WKSTN-U1095,notepad.exe,PROCESS_START,11.2,619
EP006942,2026-06-02 11:36:00,U1018,betty.white57,WKSTN-U1018,Docker Desktop,PROCESS_START,6.2,506
EP037715,2026-06-02 11:46:00,U1092,steven.thomas,WKSTN-U1092,PuTTY,,14.9,731
EP003963,2026-06-02 11:40:00,U1011,donna.ramirez75,WKSTN-U1011,SAP,PROCESS_START,27.3,397
EP009641,2026-06-02 11:17:00,U1024,emily.miller,WKSTN-U1024,outlook.exe,PROCESS_START,3.6,830
EP000418,2026-06-02 11:44:00,U1002,donna.ramirez,WKSTN-U1002,chrome.exe,PROCESS_START,18.9,734
EP020315,2026-06-02 11:31:00,U1050,michael.ramirez,WKSTN-U1050,explorer.exe,PROCESS_START,8.5,366
EP039425,2026-06-02 11:27:00,U1096,david.allen76,WKSTN-U1096,notepad.exe,PROCESS_START,16.5,540
EP021917,2026-06-02 11:32:00,U1054,  anthony.martinez ,WKSTN-U1054,Outlook,PROCESS_START,32.7,538
EP017132,2026-06-02 11:30:00,U1042,michael.hill56,WKSTN-U1042,notepad.exe,PROCESS_START,31.9,268
EP001258,2026-06-02 11:19:00,U1004,elizabeth.wilson98,WKSTN-U1004,QuickBooks,PROCESS_START,21.9,361
EP028339,2026-06-02 11:20:00,U1070,betty.thomas40,WKSTN-U1070,notepad.exe,PROCESS_START,30.8,203
EP034095,2026-06-02 11:32:00,U1084,joshua.taylor,WKSTN-U1084,explorer.exe,PROCESS_START,25.0,574
EP021121,2026-06-02 12:01:00,U1052,paul.taylor,WKSTN-U1052,outlook.exe,PROCESS_START,24.5,237
EP010085,2026-06-02 12:11:00,U1025,betty.brown22,WKSTN-U1025,chrome.exe,PROCESS_START,19.5,407
EP030733,2026-06-02 11:48:00,U1076,john.torres,WKSTN-U1076,chrome.exe,PROCESS_START,18.4,697
EP012755,2026-06-02 12:04:00,U1031,john.wright28,WKSTN-U1031,outlook.exe,PROCESS_START,4.5,
EP012310,2026-06-02 11:49:00,U1030,betty.rodriguez86,WKSTN-U1030,Jenkins,PROCESS_START,11.0,741
EP010082,2026-06-02 12:21:00,U1025,betty.brown22,WKSTN-U1025,teams.exe,PROCESS_START,22.2,816
EP021119,2026-06-02 11:50:00,U1052,paul.taylor,WKSTN-U1052,outlook.exe,PROCESS_START,14.3,275
EP023903,2026-06-02 12:20:00,U1059,daniel.perez98,WKSTN-U1059,Outlook,PROCESS_START,6.6,462
EP008734,2026-06-02 11:56:00,U1022,sandra.brown,WKSTN-U1022,teams.exe,PROCESS_START,16.2,253
EP003191,2026-06-02 12:16:00,U1009,daniel.brown,,quickbooks,PROCESS_START,25.0,338
EP033665,2026-06-02 12:05:00,U1083,sarah.allen70,WKSTN-U1083,Slack,PROCESS_START,29.7,119
EP012756,2026-06-02 12:08:00,U1031,john.wright28,WKSTN-U1031,teams.exe,PROCESS_START,16.5,571
EP008736,2026-06-02 11:56:00,U1022,sandra.brown,WKSTN-U1022,chrome.exe,PROCESS_START,21.9,620
EP020316,2026-06-02 12:19:00,U1050,michael.ramirez,WKSTN-U1050,Zoom,PROCESS_START,28.1,643
EP000419,2026-06-02 12:10:00,U1002,donna.ramirez,WKSTN-U1002,teams.exe,PROCESS_START,14.2,481
EP004758,2026-06-02 12:17:00,U1013,  emily.smith ,WKSTN-U1013,outlook.exe,PROCESS_START,29.6,861
EP009190,2026-06-02 12:14:00,U1023,richard.wright,WKSTN-U1023,notepad.exe,PROCESS_START,10.0,681
EP030732,2026-06-02 11:55:00,U1076,john.torres,WKSTN-U1076,chrome.exe,PROCESS_START,11.8,161
EP008732,2026-06-02 12:10:00,U1022,sandra.brown,WKSTN-U1022,VSCode,PROCESS_START,7.3,82
EP036360,2026-06-02 11:59:00,U1089,paul.brown27,WKSTN-U1089,Active Directory Console,PROCESS_START,24.5,141
EP010086,2026-06-02 12:00:00,U1025,betty.brown22,WKSTN-U1025,Slack,,29.8,231
EP023902,2026-06-02 12:20:00,U1059,daniel.perez98,WKSTN-U1059,explorer.exe,PROCESS_START,4.7,610
EP019147,2026-06-02 11:53:00,U1047,sandra.lewis,WKSTN-U1047,Chrome,PROCESS_START,25.2,286
EP006943,2026-06-02 11:57:00,U1018,betty.white57,WKSTN-U1018,teams.exe,PROCESS_START,3.8,712
EP005591,2026-06-02 12:14:00,U1015,lisa.hernandez,WKSTN-U1015,QuickBooks,PROCESS_START,18.6,755
EP019146,2026-06-02 12:46:00,U1047,sandra.lewis,WKSTN-U1047,outlook.exe,PROCESS_START,11.5,706
EP001646,2026-06-02 12:44:00,U1005,robert.robinson,WKSTN-U1005,QuickBooks,PROCESS_START,8.2,160
EP038602,2026-06-02 12:43:00,U1094,elizabeth.lewis69,WKSTN-U1094,teams.exe,PROCESS_START,29.7,896
EP027132,2026-06-02 12:48:00,U1067,paul.thomas97,WKSTN-U1067,explorer.exe,PROCESS_START,19.3,665
EP021513,2026-06-02 12:22:00,U1053,john.jackson31,WKSTN-U1053,teams.exe,PROCESS_START,15.6,81
EP034564,2026-06-02 12:42:00,U1085,barbara.walker67,  WKSTN-U1085 ,explorer.exe,PROCESS_START,7.2,496
EP004756,2026-06-02 12:45:00,U1013,emily.smith,WKSTN-U1013,Outlook,PROCESS_START,15.5,320
EP016320,2026-06-02 12:27:00,U1040,  matthew.martin ,WKSTN-U1040,Workday,PROCESS_START,17.4,248
EP027512,2026-06-02 12:47:00,U1068,susan.thompson34,WKSTN-U1068,  Outlook ,PROCESS_START,30.4,820
EP023511,2026-06-02 12:32:00,U1058,jennifer.ramirez18,WKSTN-U1058,explorer.exe,PROCESS_START,28.9,467
EP010973,2026-06-02 12:33:00,U1027,patricia.brown75,  WKSTN-U1027 ,teams.exe,PROCESS_START,17.3,664
EP035887,2026-06-02 12:42:00,U1088,  andrew.smith85 ,WKSTN-U1088,Wireshark,PROCESS_START,28.6,583
EP035447,2026-06-02 12:36:00,U1087,charles.sanchez,WKSTN-U1087,,PROCESS_START,12.1,131
EP004341,2026-06-02 12:28:00,U1012,linda.martinez,WKSTN-U1012,CHROME,PROCESS_START,6.5,889
EP005196,2026-06-02 12:46:00,U1014,james.taylor,WKSTN-U1014,teams.exe,PROCESS_START,26.6,722
EP010531,2026-06-02 12:40:00,U1026,elizabeth.gonzalez,,Docker Desktop,PROCESS_START,13.7,686
EP026317,2026-06-02 12:36:00,U1065,michael.ramirez47,WKSTN-U1065,explorer.exe,PROCESS_START,15.7,398
EP029943,2026-06-02 12:37:00,U1074,sarah.williams7,WKSTN-U1074,Chrome,PROCESS_START,2.5,573
EP022342,2026-06-02 12:47:00,U1055,patricia.wilson54,WKSTN-U1055,Outlook,PROCESS_START,24.6,791
EP015948,2026-06-02 12:46:00,U1039,mark.thomas,WKSTN-U1039,,PROCESS_START,4.6,659
EP032788,2026-06-02 12:39:00,U1081,margaret.davis,WKSTN-U1081,chrome.exe	,PROCESS_START,N/A,195
EP038604,2026-06-02 12:31:00,U1094,elizabeth.lewis69,WKSTN-U1094,  notepad.exe ,PROCESS_START,8.8,101
EP007840,2026-06-02 12:44:00,U1020,andrew.thomas36,WKSTN-U1020,chrome.exe,PROCESS_START,3.1,693
EP035443,2026-06-02 12:46:00,U1087,,WKSTN-U1087,Wireshark,PROCESS_START,29.1,746
EP022343,2026-06-02 12:31:00,U1055,patricia.wilson54,WKSTN-U1055,Salesforce,PROCESS_START,16.6,524
EP000835,2026-06-02 12:52:00,U1003,kenneth.clark29	,WKSTN-U1003,Outlook,PROCESS_START,18.6,890
EP030731,2026-06-02 12:49:00,U1076,john.torres,WKSTN-U1076,Chrome,PROCESS_START,9.7,394
EP017930,2026-06-02 12:48:00,U1044,lisa.ramirez9,WKSTN-U1044,chrome.exe,PROCESS_START,11.9,764
EP016745,2026-06-02 13:06:00,U1041,matthew.allen52,WKSTN-U1041,notepad.exe,PROCESS_START,23.8,789
EP040995,2026-06-02 12:58:00,U1100,daniel.brown38,WKSTN-U1100,notepad.exe,PROCESS_START,2.5,504
EP021919,2026-06-02 12:59:00,U1054,anthony.martinez,WKSTN-U1054,Salesforce,PROCESS_START,33.8,752
EP023515,2026-06-02 13:03:00,U1058,jennifer.ramirez18,WKSTN-U1058,Chrome,PROCESS_START,34.7,311
EP002440,2026-06-02 13:07:00,U1007,sarah.robinson82,WKSTN-U1007,chrome.exe,PROCESS_START,23.3,596
EP036361,2026-06-02 13:09:00,U1089,paul.brown27,WKSTN-U1089,outlook.exe,PROCESS_START,7.0,263
EP034568,2026-06-02 13:06:00,U1085,barbara.walker67,WKSTN-U1085,chrome.exe,PROCESS_START,23.7,84
EP017929,2026-06-02 13:08:00,U1044,lisa.ramirez9,WKSTN-U1044,Chrome,PROCESS_START,16.1,795
EP016746,2026-06-02 12:54:00,U1041,matthew.allen52,WKSTN-U1041,outlook.exe,PROCESS_START,9.8,95
EP004343,2026-06-02 12:55:00,U1012,linda.martinez,WKSTN-U1012,,PROCESS_START,12.6,109
EP018732,2026-06-02 13:08:00,U1046,michelle.torres39,WKSTN-U1046,Workday,PROCESS_START,14.5,454
EP012753,2026-06-02 12:56:00,U1031,john.wright28,WKSTN-U1031,outlook.exe,PROCESS_START,14.6,341
EP008733,2026-06-02 12:50:00,U1022,sandra.brown,WKSTN-U1022,teams.exe,PROCESS_START,31.2,636
EP002815,2026-06-02 12:54:00,U1008,joshua.hernandez,WKSTN-U1008,notepad.exe,PROCESS_START,15.1,272
EP025127,2026-06-02 12:55:00,U1062,william.martin,WKSTN-U1062,Salesforce,PROCESS_START,7.6,
EP013164,2026-06-02 12:58:00,U1032,paul.wright91,WKSTN-U1032,EXPLORER.EXE,PROCESS_START,22.0,190
EP004340,2026-06-02 12:59:00,U1012,linda.martinez,WKSTN-U1012,explorer.exe,PROCESS_START,2.7,888
EP000028,2026-06-02 13:12:00,U1001,linda.johnson95,WKSTN-U1001,explorer.exe,PROCESS_START,5.0,126
EP025533,2026-06-02 12:52:00,U1063,john.nguyen,WKSTN-U1063,Outlook,PROCESS_START,23.5,768
EP032346,2026-06-02 12:55:00,U1080,joseph.jackson91,WKSTN-U1080,teams.exe,PROCESS_START,34.5,89
EP039839,2026-06-02 13:08:00,U1097,mark.martinez10,WKSTN-U1097,Chrome,PROCESS_START,10.6,334
EP000027,2026-06-02 13:05:00,U1001,linda.johnson95,WKSTN-U1001,chrome.exe,PROCESS_START,31.9,389
EP040996,2026-06-02 13:13:00,U1100,daniel.brown38,WKSTN-U1100,chrome.exe,PROCESS_START,33.3,
EP026763,2026-06-02 13:35:00,U1066,michelle.wright62,WKSTN-U1066,explorer.exe,PROCESS_START,13.3,660
EP037270,2026-06-02 13:12:00,U1091,linda.robinson,WKSTN-U1091,EXPLORER.EXE,PROCESS_START,15.9,337
EP004761,2026-06-02 13:25:00,U1013,emily.smith,WKSTN-U1013,Chrome,,30.7,379
EP026314,2026-06-02 13:37:00,U1065,michael.ramirez47,WKSTN-U1065,Chrome,PROCESS_START,35.0,547
EP011872,2026-06-02 13:15:00,U1029,michelle.garcia54,WKSTN-U1029,,PROCESS_START,29.9,654
EP034567,2026-06-02 13:24:00,U1085,barbara.walker67,WKSTN-U1085,PuTTY,PROCESS_START,27.7,340
EP005588,2026-06-02 13:27:00,U1015,lisa.hernandez,WKSTN-U1015,explorer.exe,PROCESS_START,19.7,746
EP024709,2026-06-02 13:31:00,U1061,jessica.rodriguez,WKSTN-U1061,outlook.exe,PROCESS_START,13.2,208
EP031931,2026-06-02 13:32:00,U1079,emily.jones,WKSTN-U1079,explorer.exe,PROCESS_START,14.5,190
EP037713,2026-06-02 13:35:00,U1092,steven.thomas,WKSTN-U1092,outlook.exe,PROCESS_START,16.2,418
EP003605,2026-06-02 13:18:00,U1010,susan.young51,WKSTN-U1010,Excel,PROCESS_START,27.5,646
EP003192,2026-06-02 13:30:00,U1009,daniel.brown,  WKSTN-U1009 ,Excel,PROCESS_START,7.3,491
EP007839,2026-06-02 13:12:00,U1020,andrew.thomas36,WKSTN-U1020,Jenkins,PROCESS_START,19.6,238
EP027902,2026-06-02 13:38:00,U1069,jessica.clark,WKSTN-U1069,,PROCESS_START,18.4,510
EP009188,2026-06-02 13:25:00,U1023,richard.wright,WKSTN-U1023,explorer.exe,PROCESS_START,17.7,574
EP026758,2026-06-02 13:40:00,U1066,michelle.wright62,WKSTN-U1066,DocuSign,PROCESS_START,5.4,460
EP019560,2026-06-02 13:36:00,U1048,jennifer.thomas87,WKSTN-U1048,  Zoom ,PROCESS_START,1.4,641
EP007397,2026-06-02 13:20:00,U1019,donna.anderson,WKSTN-U1019,Git,PROCESS_START,29.7,830
EP003607,2026-06-02 13:18:00,U1010,susan.young51,WKSTN-U1010,QuickBooks,,9.4,-88.0
EP028340,2026-06-02 13:24:00,U1070,betty.thomas40,WKSTN-U1070,explorer.exe,PROCESS_START,4.5,729
EP036358,2026-06-02 13:29:00,U1089,paul.brown27,WKSTN-U1089,teams.exe,PROCESS_START,25.0,665
EP004344,2026-06-02 13:37:00,U1012,linda.martinez,WKSTN-U1012,chrome.exe,PROCESS_START,27.6,395
EP014746,2026-06-02 13:16:00,U1036,linda.jones,WKSTN-U1036,Chrome,PROCESS_START,14.4,844
EP030734,2026-06-02 13:35:00,U1076,john.torres,WKSTN-U1076,teams.exe,PROCESS_START,14.3,623
EP013958,2026-06-02 14:13:00,U1034,thomas.allen63,WKSTN-U1034,notepad.exe,PROCESS_START,7.4,771
EP033218,2026-06-02 14:08:00,U1082,karen.hill96,  WKSTN-U1082 ,Wireshark,PROCESS_START,15.9,861
EP020728,2026-06-02 14:00:00,U1051,sandra.king72,WKSTN-U1051,chrome.exe,PROCESS_START,11.9,419
EP029146,2026-06-02 14:01:00,U1072,KENNETH.LOPEZ,WKSTN-U1072,notepad.exe	,PROCESS_START,19.4,576
EP035888,2026-06-02 14:15:00,U1088,andrew.smith85,WKSTN-U1088,notepad.exe,PROCESS_START,18.2,118
EP028748,2026-06-02 13:41:00,U1071,matthew.robinson35,WKSTN-U1071,teams.exe,PROCESS_START,23.5,185
EP031125,2026-06-02 14:07:00,U1077,kimberly.harris58,WKSTN-U1077,chrome.exe,PROCESS_START,33.7,630
EP015131,2026-06-02 14:12:00,U1037,robert.martin,WKSTN-U1037,outlook.exe,PROCESS_START,13.9,187
EP002438,2026-06-02 14:01:00,U1007,sarah.robinson82,WKSTN-U1007,teams.exe,PROCESS_START,26.9,606
EP003961,2026-06-02 14:06:00,U1011,donna.ramirez75,WKSTN-U1011,explorer.exe,PROCESS_START,22.7,662
EP020726,2026-06-02 14:06:00,U1051,sandra.king72,WKSTN-U1051,teams.exe,PROCESS_START,7.8,824
EP013571,2026-06-02 14:06:00,U1033,linda.miller,WKSTN-U1033,teams.exe,PROCESS_START,29.9,830
EP038159,2026-06-02 13:52:00,U1093,sarah.clark44,WKSTN-U1093,explorer.exe,PROCESS_START,28.7,602
EP021918,2026-06-02 13:53:00,U1054,anthony.martinez,  WKSTN-U1054 ,notepad.exe,PROCESS_START,34.4,552
EP036794,2026-06-02 14:05:00,U1090,mary.hill,WKSTN-U1090,Wireshark,PROCESS_START,2.8,822
EP001645,2026-06-02 13:42:00,U1005,robert.robinson	,  WKSTN-U1005 ,chrome.exe,process_start,22.2,351
EP024320,2026-06-02 14:12:00,U1060,matthew.anderson,  WKSTN-U1060 ,Zoom,PROCESS_START,18.8,521
EP027135,2026-06-02 13:45:00,U1067,paul.thomas97,WKSTN-U1067,Outlook,PROCESS_START,1.1,409
EP019924,2026-06-02 13:58:00,U1049,michelle.jones59,WKSTN-U1049,notepad.exe,PROCESS_START,32.8,339
EP010534,2026-06-02 14:07:00,U1026,elizabeth.gonzalez,WKSTN-U1026,VSCode,,32.2,411
EP003964,2026-06-02 14:01:00,U1011,donna.ramirez75,WKSTN-U1011,teams.exe,PROCESS_START,27.9,279
EP024707,2026-06-02 13:41:00,U1061,jessica.rodriguez,WKSTN-U1061,Excel,PROCESS_START,9.3,343
EP006448,2026-06-02 13:56:00,U1017,emily.hernandez34,WKSTN-U1017,Slack,PROCESS_START,34.6,407
EP033664,2026-06-02 13:49:00,U1083,sarah.allen70,WKSTN-U1083	,outlook.exe,PROCESS_START,27.0,266
EP019143,2026-06-02 14:00:00,U1047,sandra.lewis,WKSTN-U1047,Zoom,PROCESS_START,3.1,396
EP023127,2026-06-02 14:37:00,U1057,nancy.sanchez	,WKSTN-U1057,Chrome,PROCESS_START,18.5,799
EP015129,2026-06-02 14:35:00,U1037,robert.martin,WKSTN-U1037,notepad.exe,PROCESS_START,27.6,137
EP000420,2026-06-02 14:30:00,U1002,donna.ramirez,WKSTN-U1002,Excel,,12.8,548
EP014354,2026-06-02 14:30:00,U1035,nancy.rodriguez82,WKSTN-U1035,outlook.exe,PROCESS_START,N/A,837
EP003194,2026-06-02 14:39:00,U1009,daniel.brown,WKSTN-U1009,Excel,PROCESS_START,12.6,849
EP006940,2026-06-02 14:25:00,U1018,betty.white57,WKSTN-U1018,outlook.exe	,PROCESS_START,4.3,496
EP015947,2026-06-02 14:42:00,U1039,mark.thomas,WKSTN-U1039,explorer.exe,PROCESS_START,21.3,129
EP013165,2026-06-02 14:41:00,U1032,paul.wright91,WKSTN-U1032,outlook.exe,PROCESS_START,31.0,557
EP006451,2026-06-02 14:40:00,U1017,emily.hernandez34,WKSTN-U1017,VSCode,PROCESS_START,4.0,139
EP018331,2026-06-02 14:18:00,U1045,daniel.sanchez90,WKSTN-U1045,,PROCESS_START,5.0,706
EP021509,2026-06-02 14:30:00,U1053,john.jackson31,WKSTN-U1053,Zoom,PROCESS_START,31.2,226
EP025923,2026-06-02 14:36:00,U1064,matthew.wright55,WKSTN-U1064,teams.exe,PROCESS_START,29.6,753
EP000837,2026-06-02 14:41:00,U1003,kenneth.clark29,WKSTN-U1003,SAP,PROCESS_START,2.4,744
EP015949,2026-06-02 14:19:00,U1039,mark.thomas,WKSTN-U1039,Workday,PROCESS_START,7.4,80
EP039424,2026-06-02 14:33:00,U1096,david.allen76,WKSTN-U1096,notepad.exe,PROCESS_START,23.5,
EP031930,2026-06-02 14:35:00,U1079,emily.jones,WKSTN-U1079,Slack,PROCESS_START,13.3,89
EP000024,2026-06-02 14:41:00,U1001,linda.johnson95,WKSTN-U1001,notepad.exe,PROCESS_START,4.7,319
EP001260,2026-06-02 14:19:00,U1004,elizabeth.wilson98,WKSTN-U1004,QuickBooks,PROCESS_START,31.9,836
EP034565,2026-06-02 14:38:00,U1085,barbara.walker67,WKSTN-U1085,explorer.exe,PROCESS_START,28.2,553
EP040240,2026-06-02 14:25:00,U1098,nancy.wright49,WKSTN-U1098,PowerPoint,PROCESS_START,9.6,370
EP016321,2026-06-02 14:28:00,U1040,matthew.martin,WKSTN-U1040,notepad.exe,PROCESS_START,6.8,180
EP002439,2026-06-02 14:24:00,U1007,sarah.robinson82,WKSTN-U1007,notepad.exe,PROCESS_START,26.9,399
EP022340,2026-06-02 14:43:00,U1055,patricia.wilson54,WKSTN-U1055,teams.exe	,PROCESS_START,14.0,733
EP034094,2026-06-02 14:15:00,U1084,joshua.taylor,WKSTN-U1084,outlook.exe,PROCESS_START,26.9,501
EP012752,2026-06-02 14:19:00,U1031,john.wright28,WKSTN-U1031	,teams.exe,PROCESS_START,22.6,127
EP028749,2026-06-02 15:06:00,U1071,matthew.robinson35,WKSTN-U1071	,,PROCESS_START,23.5,400
EP039841,2026-06-02 14:51:00,U1097,mark.martinez10,WKSTN-U1097,PowerPoint,PROCESS_START,27.5,542
EP037714,2026-06-02 15:13:00,U1092,steven.thomas,WKSTN-U1092,Slack,PROCESS_START,-33.2,321
EP037269,2026-06-02 14:48:00,U1091,linda.robinson,WKSTN-U1091,Active Directory Console,PROCESS_START,7.9,202
EP008735,2026-06-02 15:13:00,U1022,sandra.brown,WKSTN-U1022,teams.exe,PROCESS_START,34.8,144
EP012757,2026-06-02 15:00:00,U1031,john.wright28,WKSTN-U1031,teams.exe,PROCESS_START,3.9,496
EP038605,2026-06-02 14:57:00,U1094,elizabeth.lewis69,WKSTN-U1094,teams.exe,PROCESS_START,26.1,612
EP024711,2026-06-02 14:52:00,U1061,jessica.rodriguez,WKSTN-U1061,notepad.exe,PROCESS_START,12.8,404
EP009638,2026-06-02 15:01:00,U1024,emily.miller,WKSTN-U1024,explorer.exe,PROCESS_START,9.4,650
EP019148,2026-06-02 14:53:00,U1047,sandra.lewis,WKSTN-U1047,chrome.exe,PROCESS_START,4.5,680
EP031518,2026-06-02 14:49:00,U1078,michelle.miller,WKSTN-U1078,chrome.exe,PROCESS_START,31.3,873
EP009187,2026-06-02 15:11:00,U1023,richard.wright,WKSTN-U1023,Jenkins,PROCESS_START,13.2,367
EP002046,2026-06-02 14:49:00,U1006,george.gonzalez,WKSTN-U1006,outlook.exe,PROCESS_START,9.2,296
EP011873,2026-06-02 14:49:00,U1029,michelle.garcia54,WKSTN-U1029,VSCode,PROCESS_START,9.7,528
EP035446,2026-06-02 15:11:00,U1087,CHARLES.SANCHEZ,WKSTN-U1087,teams.exe,process_start,7.4,773
EP028336,2026-06-02 15:11:00,U1070,betty.thomas40,,teams.exe,,16.9,313
EP028747,2026-06-02 15:00:00,U1071,matthew.robinson35,WKSTN-U1071,chrome.exe,PROCESS_START,17.2,371
EP026759,2026-06-02 15:14:00,U1066,michelle.wright62,WKSTN-U1066,TEAMS.EXE,PROCESS_START,11.6,416
EP006446,2026-06-02 15:14:00,U1017,emily.hernandez34,WKSTN-U1017	,Git,PROCESS_START,14.6,747
EP027903,2026-06-02 15:04:00,U1069,jessica.clark,WKSTN-U1069,Outlook,PROCESS_START,13.0,846
EP023124,2026-06-02 14:49:00,U1057,nancy.sanchez,WKSTN-U1057,Zoom,PROCESS_START,3.1,374
EP027514,2026-06-02 14:50:00,U1068,susan.thompson34,WKSTN-U1068,notepad.exe,PROCESS_START,9.1,631
EP038603,2026-06-02 15:09:00,U1094,elizabeth.lewis69,WKSTN-U1094,Slack,process_start,8.6,860
EP029144,2026-06-02 15:02:00,U1072,kenneth.lopez,  WKSTN-U1072 ,Word,PROCESS_START,34.9,820
EP013167,2026-06-02 15:11:00,U1032,paul.wright91,WKSTN-U1032,chrome.exe,PROCESS_START,24.9,753
EP016742,2026-06-02 15:28:00,U1041,matthew.allen52,WKSTN-U1041,teams.exe,PROCESS_START,33.0,650
EP002050,2026-06-02 15:18:00,U1006,george.gonzalez,WKSTN-U1006,Chrome,PROCESS_START,23.6,
EP035001,2026-06-02 15:28:00,U1086,steven.thompson53,WKSTN-U1086,chrome.exe,PROCESS_START,1.5,804
EP037268,2026-06-02 15:53:00,U1091,linda.robinson,WKSTN-U1091,PuTTY,PROCESS_START,17.6,446
EP005589,2026-06-02 15:45:00,U1015,lisa.hernandez,WKSTN-U1015,Chrome,PROCESS_START,29.3,619
EP026760,2026-06-02 15:53:00,U1066,michelle.wright62,WKSTN-U1066,Word,PROCESS_START,12.9,501
EP003606,2026-06-02 15:14:00,U1010,susan.young51,WKSTN-U1010,notepad.exe,PROCESS_START,25.6,236
EP031513,2026-06-02 15:32:00,U1078,michelle.miller,WKSTN-U1078,teams.exe,PROCESS_START,30.6,653
EP035890,2026-06-02 15:48:00,U1088,andrew.smith85,WKSTN-U1088,Active Directory Console,PROCESS_START,30.9,523
EP014743,2026-06-02 15:22:00,U1036,linda.jones,WKSTN-U1036,,PROCESS_START,8.4,222
EP026318,2026-06-02 15:29:00,U1065,michael.ramirez47,WKSTN-U1065,Outlook,PROCESS_START,17.8,434
EP021510,2026-06-02 15:49:00,U1053,john.jackson31,WKSTN-U1053,Salesforce,PROCESS_START,13.2,111
EP017130,2026-06-02 15:52:00,U1042,michael.hill56,WKSTN-U1042,outlook.exe,PROCESS_START,31.2,664
EP004345,2026-06-02 15:18:00,U1012,linda.martinez,WKSTN-U1012,notepad.exe,PROCESS_START,33.8,276
EP018330,2026-06-02 15:51:00,U1045,daniel.sanchez90,WKSTN-U1045,notepad.exe,PROCESS_START,22.8,140
EP006449,2026-06-02 15:25:00,U1017,emily.hernandez34,WKSTN-U1017,notepad.exe,PROCESS_START,29.7,302
EP018734,2026-06-02 15:28:00,U1046,michelle.torres39,WKSTN-U1046,EXCEL,PROCESS_START,30.6,180
EP031928,2026-06-02 15:35:00,U1079,emily.jones,WKSTN-U1079,teams.exe,PROCESS_START,1.9,595
EP017542,2026-06-02 15:42:00,U1043,thomas.williams91,WKSTN-U1043,Workday,,21.6,85
EP024708,2026-06-02 15:24:00,U1061,jessica.rodriguez,WKSTN-U1061,,PROCESS_START,21.5,823
EP000029,2026-06-02 15:44:00,U1001,linda.johnson95,WKSTN-U1001,SAP,PROCESS_START,11.3,584
EP014744,2026-06-02 15:15:00,U1036,linda.jones,WKSTN-U1036,Excel,PROCESS_START,9.6,523
EP023125,2026-06-02 15:37:00,U1057,nancy.sanchez,WKSTN-U1057,EXPLORER.EXE,PROCESS_START,33.2,440
EP012311,2026-06-02 15:19:00,U1030,betty.rodriguez86,WKSTN-U1030,,PROCESS_START,27.7,
EP033662,2026-06-02 15:15:00,U1083,sarah.allen70,WKSTN-U1083,teams.exe,PROCESS_START,15.9,641
EP038160,2026-06-02 15:57:00,U1093,sarah.clark44,WKSTN-U1093,terminal,PROCESS_START,10.3,642
EP003189,2026-06-02 16:07:00,U1009,daniel.brown,WKSTN-U1009,explorer.exe,PROCESS_START,14.0,565
EP039028,2026-06-02 16:01:00,U1095,richard.thomas74,WKSTN-U1095,Excel,PROCESS_START,29.8,159
EP017928,2026-06-02 16:18:00,U1044,lisa.ramirez9,WKSTN-U1044,Excel,PROCESS_START,3.0,896
EP031932,2026-06-02 16:08:00,U1079,emily.jones,WKSTN-U1079,Active Directory Console,PROCESS_START,26.4,635
EP027134,2026-06-02 16:20:00,U1067,paul.thomas97,WKSTN-U1067,explorer.exe	,PROCESS_START,N/A,125
EP031516,2026-06-02 16:13:00,U1078,MICHELLE.MILLER,WKSTN-U1078,outlook.exe,PROCESS_START,17.5,493
EP021512,2026-06-02 16:15:00,U1053,john.jackson31,WKSTN-U1053,Zoom,PROCESS_START,23.8,478
EP030352,2026-06-02 16:01:00,U1075,steven.lewis,WKSTN-U1075,chrome.exe,PROCESS_START,1.5,191
EP023514,2026-06-02 16:12:00,U1058,jennifer.ramirez18,WKSTN-U1058,Excel,,14.5,
EP038158,2026-06-02 15:57:00,U1093,sarah.clark44,WKSTN-U1093,Terminal,PROCESS_START,25.9,829
EP040239,2026-06-02 15:55:00,U1098,nancy.wright49,WKSTN-U1098,Chrome,PROCESS_START,6.2,643
EP017543,2026-06-02 16:03:00,U1043,thomas.williams91,WKSTN-U1043,chrome.exe,PROCESS_START,33.1,
EP019558,2026-06-02 16:06:00,U1048,jennifer.thomas87,  WKSTN-U1048 ,Excel,PROCESS_START,12.1,492
EP021514,2026-06-02 16:26:00,U1053,john.jackson31,WKSTN-U1053,chrome.exe,PROCESS_START,12.5,883
EP010529,2026-06-02 16:22:00,U1026,elizabeth.gonzalez,WKSTN-U1026	,  Git ,PROCESS_START,27.7,715
EP008285,2026-06-02 16:26:00,U1021,jessica.walker,WKSTN-U1021,Slack,PROCESS_START,13.9,465
EP007396,2026-06-02 16:21:00,U1019,donna.anderson,WKSTN-U1019,explorer.exe,PROCESS_START,27.2,157
EP015547,2026-06-02 16:12:00,U1038,emily.clark,WKSTN-U1038,Outlook,PROCESS_START,31.2,234
EP017131,2026-06-02 16:16:00,U1042,michael.hill56,WKSTN-U1042,notepad.exe,PROCESS_START,32.6,677
EP012754,2026-06-02 16:20:00,U1031,john.wright28,WKSTN-U1031,EXCEL	,PROCESS_START,17.6,394
EP026762,2026-06-02 15:58:00,U1066,michelle.wright62,WKSTN-U1066,notepad.exe,PROCESS_START,2.0,542
EP010532,2026-06-02 16:05:00,U1026,elizabeth.gonzalez,WKSTN-U1026,teams.exe,PROCESS_START,19.3,306
EP039838,2026-06-02 16:10:00,U1097,mark.martinez10,WKSTN-U1097,notepad.exe,PROCESS_START,20.8,799
EP009640,2026-06-02 16:02:00,U1024,emily.miller,WKSTN-U1024,teams.exe,PROCESS_START,12.8,807
EP005998,2026-06-02 16:29:00,U1016,patricia.thomas,,Docker Desktop,,15.8,394
EP016319,2026-06-02 16:56:00,U1040,matthew.martin,WKSTN-U1040,notepad.exe,PROCESS_START,1.9,171
EP039027,2026-06-02 16:44:00,U1095,richard.thomas74,WKSTN-U1095,Zoom,PROCESS_START,22.0,132
EP034566,2026-06-02 16:48:00,U1085,barbara.walker67,WKSTN-U1085,PuTTY,PROCESS_START,25.5,416
EP014351,2026-06-02 16:56:00,U1035,nancy.rodriguez82,WKSTN-U1035,Workday,PROCESS_START,4.6,391
EP014355,2026-06-02 16:48:00,U1035,nancy.rodriguez82,WKSTN-U1035,Workday,PROCESS_START,21.8,705
EP024319,2026-06-02 16:44:00,U1060,matthew.anderson,WKSTN-U1060,notepad.exe,PROCESS_START,22.8,
EP001259,2026-06-02 16:29:00,U1004,elizabeth.wilson98,WKSTN-U1004,Chrome,PROCESS_START,1.5,194
EP001643,2026-06-02 17:01:00,U1005,robert.robinson,WKSTN-U1005	,explorer.exe,PROCESS_START,2.5,506
EP021118,2026-06-02 17:08:00,U1052,PAUL.TAYLOR,WKSTN-U1052,Excel,PROCESS_START,12.2,433
EP040629,2026-06-02 17:06:00,U1099,joseph.garcia,WKSTN-U1099,teams.exe,PROCESS_START,19.6,406
EP004342,2026-06-02 16:41:00,U1012,linda.martinez,WKSTN-U1012,Chrome,PROCESS_START,11.7,452
EP003965,2026-06-02 17:18:00,U1011,donna.ramirez75,WKSTN-U1011,QuickBooks,PROCESS_START,31.3,190
EP002049,2026-06-02 16:52:00,U1006,george.gonzalez,WKSTN-U1006,explorer.exe,PROCESS_START,27.1,305
EP015128,2026-06-02 16:41:00,U1037,robert.martin,WKSTN-U1037,  Workday ,PROCESS_START,7.3,626
EP027901,2026-06-02 17:10:00,U1069,jessica.clark,WKSTN-U1069,Chrome,PROCESS_START,,710
EP030353,2026-06-02 17:12:00,U1075,steven.lewis,WKSTN-U1075,notepad.exe,,12.8,292
EP031517,2026-06-02 16:51:00,U1078,michelle.miller,WKSTN-U1078,DocuSign,PROCESS_START,17.0,661
EP001644,2026-06-02 17:18:00,U1005,robert.robinson,WKSTN-U1005,Chrome,PROCESS_START,11.7,821
EP040627,2026-06-02 16:34:00,U1099,joseph.garcia,WKSTN-U1099,Outlook,PROCESS_START,28.2,532
EP039840,2026-06-02 17:16:00,U1097,mark.martinez10,WKSTN-U1097,chrome.exe,PROCESS_START,29.2,321
EP007398,2026-06-02 16:38:00,U1019,donna.anderson,WKSTN-U1019,Docker Desktop,PROCESS_START,31.7,437
EP015546,2026-06-02 17:00:00,U1038,EMILY.CLARK,WKSTN-U1038,Excel,,9.7,117
EP038161,2026-06-02 16:42:00,U1093,sarah.clark44,WKSTN-U1093,outlook.exe,PROCESS_START,25.6,192
EP027133,2026-06-02 16:40:00,U1067,paul.thomas97,WKSTN-U1067,chrome.exe,,28.5,756
EP032807,2026-06-03 07:57:00,U1081,margaret.davis,WKSTN-U1081	,PuTTY,PROCESS_START,5.1,796
EP017945,2026-06-03 07:29:00,U1044,lisa.ramirez9,WKSTN-U1044,Outlook,PROCESS_START,6.6,782
EP010975,2026-06-02 17:23:00,U1027,patricia.brown75,WKSTN-U1027,NOTEPAD.EXE,PROCESS_START,13.2,611
EP036359,2026-06-02 17:27:00,U1089,paul.brown27,WKSTN-U1089,PuTTY,PROCESS_START,1.4,229
EP009664,2026-06-03 08:01:00,U1024,emily.miller,WKSTN-U1024,Git,PROCESS_START,34.3,497
EP039861,2026-06-03 07:22:00,U1097,mark.martinez10,WKSTN-U1097,PowerPoint,PROCESS_START,15.2,81
EP009663,2026-06-03 08:01:00,U1024,emily.miller,WKSTN-U1024,Docker Desktop,PROCESS_START,3.5,719
EP027900,2026-06-02 17:33:00,U1069,jessica.clark,WKSTN-U1069,chrome.exe,PROCESS_START,12.3,426
EP005609,2026-06-03 08:14:00,U1015,lisa.hernandez,WKSTN-U1015,QuickBooks,PROCESS_START,19.7,352
EP000860,2026-06-03 08:07:00,U1003,kenneth.clark29,WKSTN-U1003,Excel,PROCESS_START,1.6,615
EP029166,2026-06-03 08:12:00,U1072,kenneth.lopez,WKSTN-U1072,Word,PROCESS_START,16.6,594
EP025144,2026-06-03 08:06:00,U1062,william.martin,WKSTN-U1062,explorer.exe,PROCESS_START,10.1,861
EP023535,2026-06-03 07:32:00,U1058,jennifer.ramirez18,WKSTN-U1058,Excel,PROCESS_START,22.4,544
EP026779,2026-06-03 07:15:00,U1066,michelle.wright62,WKSTN-U1066,chrome.exe,PROCESS_START,21.2,754
EP009211,2026-06-03 08:11:00,U1023,richard.wright,WKSTN-U1023,explorer.exe,PROCESS_START,21.1,350
EP020336,2026-06-03 08:08:00,U1050,MICHAEL.RAMIREZ,WKSTN-U1050,teams.exe,PROCESS_START,29.3,441
EP018731,2026-06-02 17:32:00,U1046,michelle.torres39,WKSTN-U1046,Workday,PROCESS_START,15.8,791
EP029573,2026-06-03 07:52:00,U1073,michael.gonzalez,WKSTN-U1073,  Outlook ,PROCESS_START,4.9,529
EP020337,2026-06-03 08:01:00,U1050,michael.ramirez,WKSTN-U1050,outlook.exe,PROCESS_START,22.4,807
EP018347,2026-06-03 08:06:00,U1045,daniel.sanchez90,WKSTN-U1045,teams.exe,PROCESS_START,25.2,695
EP034588,2026-06-03 07:49:00,U1085,barbara.walker67,,PuTTY,PROCESS_START,7.6,471
EP033685,2026-06-03 07:41:00,U1083,sarah.allen70,WKSTN-U1083,Wireshark,PROCESS_START,15.3,95
EP006941,2026-06-02 17:20:00,U1018,betty.white57,WKSTN-U1018,outlook.exe,PROCESS_START,30.2,692
EP035911,2026-06-03 07:49:00,U1088,andrew.smith85,WKSTN-U1088,explorer.exe,PROCESS_START,16.2,162
EP021511,2026-06-02 17:42:00,U1053,john.jackson31,WKSTN-U1053,Salesforce,PROCESS_START,27.5,688
EP017149,2026-06-03 08:36:00,U1042,michael.hill56,WKSTN-U1042,outlook.exe,,23.7,724
EP010106,2026-06-03 08:34:00,U1025,betty.brown22,WKSTN-U1025,explorer.exe,PROCESS_START,26.0,809
EP025148,2026-06-03 08:28:00,U1062,william.martin,WKSTN-U1062,outlook.exe,PROCESS_START,6.9,873
EP005611,2026-06-03 08:40:00,U1015,LISA.HERNANDEZ,WKSTN-U1015,Outlook,PROCESS_START,21.7,
EP026775,2026-06-03 08:29:00,U1066,michelle.wright62,WKSTN-U1066,chrome.exe	,PROCESS_START,22.6,872
EP007416,2026-06-03 08:26:00,U1019,donna.anderson,WKSTN-U1019,outlook.exe,PROCESS_START,2.3,125
EP000858,2026-06-03 08:25:00,U1003,kenneth.clark29,  WKSTN-U1003 ,notepad.exe,PROCESS_START,32.4,690
EP025146,2026-06-03 08:48:00,U1062,william.martin,WKSTN-U1062,Outlook,PROCESS_START,27.5,99
EP007417,2026-06-03 08:45:00,U1019,donna.anderson,WKSTN-U1019,Chrome,PROCESS_START,27.0,507
EP017562,2026-06-03 08:41:00,U1043,thomas.williams91,WKSTN-U1043,  Chrome ,PROCESS_START,28.9,181
EP002454,2026-06-03 08:55:00,U1007,sarah.robinson82,WKSTN-U1007,SAP,PROCESS_START,23.0,193
EP010998,2026-06-03 08:51:00,U1027,patricia.brown75,WKSTN-U1027,notepad.exe,PROCESS_START,18.3,379
EP006961,2026-06-03 08:55:00,U1018,betty.white57,WKSTN-U1018,Chrome,PROCESS_START,12.4,814
EP029162,2026-06-03 08:50:00,U1072,kenneth.lopez,WKSTN-U1072,chrome.exe,PROCESS_START,23.3,543
EP009660,2026-06-03 08:30:00,U1024,emily.miller,WKSTN-U1024,Git,PROCESS_START,22.5,624
EP021535,2026-06-03 08:34:00,U1053,john.jackson31,WKSTN-U1053,outlook.exe,PROCESS_START,2.0,
EP021531,2026-06-03 08:44:00,U1053,john.jackson31,WKSTN-U1053,notepad.exe,PROCESS_START,11.5,564
EP005209,2026-06-03 08:31:00,U1014,james.taylor,WKSTN-U1014,SAP,PROCESS_START,7.4,346
EP035468,2026-06-03 08:27:00,U1087,charles.sanchez,WKSTN-U1087,chrome.exe,PROCESS_START,2.0,192
EP000857,2026-06-03 08:33:00,U1003,kenneth.clark29,WKSTN-U1003,teams.exe,PROCESS_START,23.4,350
EP002457,2026-06-03 08:51:00,U1007,sarah.robinson82,WKSTN-U1007	,Chrome,PROCESS_START,8.7,715
EP012328,2026-06-03 08:50:00,U1030,betty.rodriguez86,WKSTN-U1030,Slack,PROCESS_START,1.5,879
EP009210,2026-06-03 08:44:00,U1023,richard.wright,WKSTN-U1023,teams.exe,PROCESS_START,32.4,517
EP036377,2026-06-03 08:47:00,U1089,paul.brown27,WKSTN-U1089,outlook.exe,PROCESS_START,21.0,149
EP032366,2026-06-03 08:44:00,U1080,joseph.jackson91,WKSTN-U1080,Active Directory Console,PROCESS_START,1.0,460
EP023532,2026-06-03 08:59:00,U1058,jennifer.ramirez18,WKSTN-U1058,notepad.exe,PROCESS_START,24.5,809
EP006959,2026-06-03 09:15:00,U1018,betty.white57,WKSTN-U1018,Chrome,PROCESS_START,28.4,649
EP021532,2026-06-03 09:14:00,U1053,JOHN.JACKSON31,WKSTN-U1053,teams.exe,PROCESS_START,20.4,200
EP032365,2026-06-03 08:57:00,U1080,joseph.jackson91,WKSTN-U1080,PuTTY,PROCESS_START,15.6,875
EP017559,2026-06-03 08:57:00,U1043,thomas.williams91,WKSTN-U1043,Chrome,PROCESS_START,27.5,852
EP003981,2026-06-03 09:17:00,U1011,donna.ramirez75,WKSTN-U1011,outlook.exe	,PROCESS_START,17.4,516
EP017561,2026-06-03 09:16:00,U1043,thomas.williams91,WKSTN-U1043,explorer.exe,PROCESS_START,32.0,446
EP017148,2026-06-03 09:10:00,U1042,michael.hill56,WKSTN-U1042,explorer.exe	,PROCESS_START,14.5,382
EP026340,2026-06-03 09:01:00,U1065,michael.ramirez47,WKSTN-U1065,DocuSign,PROCESS_START,28.7,306
EP032808,2026-06-03 09:27:00,U1081,margaret.davis,WKSTN-U1081,Wireshark,PROCESS_START,15.6,688
EP017946,2026-06-03 09:09:00,U1044,lisa.ramirez9,WKSTN-U1044,explorer.exe,PROCESS_START,29.6,674
EP037286,2026-06-03 09:17:00,U1091,linda.robinson,WKSTN-U1091,teams.exe,PROCESS_START,32.8,282
EP019576,2026-06-03 09:04:00,U1048,jennifer.thomas87,WKSTN-U1048,teams.exe,PROCESS_START,15.6,794
EP010997,2026-06-03 09:23:00,U1027,  patricia.brown75 ,WKSTN-U1027,Docker Desktop,PROCESS_START,11.4,464
EP018345,2026-06-03 09:16:00,U1045,daniel.sanchez90,WKSTN-U1045,Chrome,PROCESS_START,27.6,200
EP034114,2026-06-03 09:15:00,U1084,joshua.taylor,WKSTN-U1084,Wireshark,PROCESS_START,35.0,91
EP015567,2026-06-03 09:22:00,U1038,EMILY.CLARK,WKSTN-U1038,teams.exe,PROCESS_START,10.5,830
EP011895,2026-06-03 09:07:00,U1029,michelle.garcia54,WKSTN-U1029,chrome.exe,PROCESS_START,34.1,605
EP004783,2026-06-03 09:23:00,U1013,emily.smith,WKSTN-U1013,Outlook,PROCESS_START,26.0,552
EP010102,2026-06-03 09:16:00,U1025,betty.brown22,WKSTN-U1025,Git,PROCESS_START,29.7,481
EP038179,2026-06-03 09:23:00,U1093,sarah.clark44,WKSTN-U1093,outlook.exe,PROCESS_START,26.0,351
EP029164,2026-06-03 09:01:00,U1072,kenneth.lopez,WKSTN-U1072,outlook.exe,PROCESS_START,4.5,462
EP035909,2026-06-03 09:04:00,U1088,andrew.smith85,WKSTN-U1088,Wireshark,PROCESS_START,34.6,819
EP014760,2026-06-03 09:21:00,U1036,linda.jones,WKSTN-U1036,explorer.exe,PROCESS_START,23.7,108
EP028353,2026-06-03 09:20:00,U1070,BETTY.THOMAS40,WKSTN-U1070,chrome.exe,PROCESS_START,5.2,675
EP041019,2026-06-03 09:45:00,U1100,daniel.brown38,WKSTN-U1100,teams.exe,PROCESS_START,1.4,111
EP025941,2026-06-03 09:40:00,U1064,matthew.wright55,WKSTN-U1064,explorer.exe,PROCESS_START,22.7,583
EP020747,2026-06-03 09:56:00,U1051,sandra.king72	,WKSTN-U1051,Chrome,PROCESS_START,3.0,541
EP034117,2026-06-03 09:39:00,U1084,joshua.taylor,WKSTN-U1084,outlook.exe,PROCESS_START,17.5,407
EP003618,2026-06-03 09:34:00,U1010,SUSAN.YOUNG51,WKSTN-U1010,SAP,PROCESS_START,8.0,694
EP007415,2026-06-03 09:55:00,U1019,donna.anderson,WKSTN-U1019,notepad.exe,PROCESS_START,1.8,597
EP033241,2026-06-03 09:51:00,U1082,karen.hill96,WKSTN-U1082,chrome.exe,PROCESS_START,16.1,201
EP026778,2026-06-03 09:32:00,U1066,  michelle.wright62 ,WKSTN-U1066,outlook.exe,PROCESS_START,15.8,880
EP035908,2026-06-03 09:47:00,U1088,andrew.smith85,WKSTN-U1088,Slack,PROCESS_START,8.2,577
EP027526,2026-06-03 09:52:00,U1068,susan.thompson34,WKSTN-U1068,DocuSign,PROCESS_START,16.6,596
EP023918,2026-06-03 09:50:00,U1059,daniel.perez98,WKSTN-U1059,notepad.exe	,PROCESS_START,22.4,566
EP013180,2026-06-03 09:41:00,U1032,paul.wright91,WKSTN-U1032,Outlook,PROCESS_START,13.1,397
EP007419,2026-06-03 09:55:00,U1019,donna.anderson,WKSTN-U1019,outlook.exe,PROCESS_START,6.1,605
EP004782,2026-06-03 09:37:00,U1013,emily.smith,WKSTN-U1013,notepad.exe,PROCESS_START,4.6,877
EP019165,2026-06-03 09:33:00,U1047,sandra.lewis,WKSTN-U1047,Zoom,PROCESS_START,15.7,268
EP018753,2026-06-03 09:54:00,U1046,michelle.torres39,WKSTN-U1046,Chrome,PROCESS_START,18.1,722
EP002455,2026-06-03 09:52:00,U1007,sarah.robinson82,WKSTN-U1007,,PROCESS_START,-2.8,116
EP006021,2026-06-03 09:44:00,U1016,patricia.thomas,WKSTN-U1016,VSCode,PROCESS_START,24.7,462
EP003623,2026-06-03 09:45:00,U1010,susan.young51,WKSTN-U1010,chrome.exe,PROCESS_START,30.4,889
EP020746,2026-06-03 09:30:00,U1051,sandra.king72,WKSTN-U1051,Zoom,PROCESS_START,11.5,689
EP002069,2026-06-03 09:45:00,U1006,george.gonzalez,  WKSTN-U1006 ,notepad.exe,PROCESS_START,6.2,813
EP036376,2026-06-03 09:33:00,U1089,paul.brown27,WKSTN-U1089,chrome.exe,PROCESS_START,15.6,147
EP037733,2026-06-03 09:50:00,U1092,steven.thomas,WKSTN-U1092,Active Directory Console,PROCESS_START,28.3,657
EP021135,2026-06-03 09:50:00,U1052,PAUL.TAYLOR,WKSTN-U1052,chrome.exe,PROCESS_START,16.9,828
EP002834,2026-06-03 09:49:00,U1008,joshua.hernandez,WKSTN-U1008,notepad.exe,PROCESS_START,21.4,574
EP026339,2026-06-03 10:13:00,U1065,michael.ramirez47,WKSTN-U1065,teams.exe,PROCESS_START,29.8,801
EP005211,2026-06-03 10:00:00,U1014,james.taylor,,,PROCESS_START,10.4,500
EP023148,2026-06-03 10:01:00,U1057,nancy.sanchez,WKSTN-U1057,Zoom,PROCESS_START,17.1,188
EP017147,2026-06-03 10:13:00,U1042,michael.hill56,,explorer.exe,PROCESS_START,20.8,121
EP003210,2026-06-03 10:06:00,U1009,daniel.brown,WKSTN-U1009,notepad.exe,PROCESS_START,3.0,571
EP038181,2026-06-03 10:10:00,U1093,sarah.clark44,WKSTN-U1093,PuTTY,PROCESS_START,15.0,688
EP019575,2026-06-03 10:07:00,U1048,jennifer.thomas87,,notepad.exe,PROCESS_START,12.0,184
EP027919,2026-06-03 10:00:00,U1069,jessica.clark,WKSTN-U1069,Outlook,PROCESS_START,7.1,407
EP003979,2026-06-03 09:57:00,U1011,donna.ramirez75,WKSTN-U1011,outlook.exe,PROCESS_START,14.0,467
EP028354,2026-06-03 10:02:00,U1070,betty.thomas40,WKSTN-U1070,chrome.exe,PROCESS_START,31.0,310
EP003622,2026-06-03 10:20:00,U1010,susan.young51,WKSTN-U1010,explorer.exe	,PROCESS_START,27.4,848
EP019940,2026-06-03 10:00:00,U1049,michelle.jones59,WKSTN-U1049,Outlook,PROCESS_START,27.5,879
EP019163,2026-06-03 10:10:00,U1047,sandra.lewis,WKSTN-U1047,explorer.exe,PROCESS_START,7.9,808
EP020334,2026-06-03 10:08:00,U1050,michael.ramirez,WKSTN-U1050,Excel,PROCESS_START,30.6,133
EP020748,2026-06-03 10:04:00,U1051,sandra.king72,WKSTN-U1051,teams.exe,PROCESS_START,32.9,594
EP004781,2026-06-03 10:19:00,U1013,emily.smith,WKSTN-U1013,teams.exe,PROCESS_START,2.9,108
EP021533,2026-06-03 10:20:00,U1053,john.jackson31,WKSTN-U1053,  Salesforce ,PROCESS_START,15.8,449
EP014372,2026-06-03 10:00:00,U1035,nancy.rodriguez82,WKSTN-U1035,explorer.exe,PROCESS_START,15.6,351
EP008304,2026-06-03 10:19:00,U1021,jessica.walker,WKSTN-U1021,notepad.exe,PROCESS_START,15.8,668
EP030752,2026-06-03 10:20:00,U1076,john.torres,WKSTN-U1076,explorer.exe,PROCESS_START,7.8,198
EP014370,2026-06-03 09:58:00,U1035,nancy.rodriguez82,WKSTN-U1035,explorer.exe,PROCESS_START,2.3,626
EP021138,2026-06-03 09:57:00,U1052,paul.taylor,WKSTN-U1052,Zoom,PROCESS_START,15.3,456
EP030756,2026-06-03 10:21:00,U1076,john.torres,WKSTN-U1076,outlook.exe,PROCESS_START,24.2,156
EP008755,2026-06-03 10:03:00,U1022,sandra.brown,WKSTN-U1022,Slack,PROCESS_START,21.9,90
EP024337,2026-06-03 10:13:00,U1060,matthew.anderson,WKSTN-U1060,Salesforce,PROCESS_START,31.1,418
EP015566,2026-06-03 10:44:00,U1038,emily.clark,WKSTN-U1038,outlook.exe,PROCESS_START,4.5,522
EP031538,2026-06-03 10:27:00,U1078,michelle.miller,WKSTN-U1078,Chrome,PROCESS_START,2.8,809
EP038183,2026-06-03 10:44:00,U1093,sarah.clark44	,WKSTN-U1093	,Slack,PROCESS_START,4.8,798
EP031540,2026-06-03 10:43:00,U1078,,WKSTN-U1078,outlook.exe,PROCESS_START,15.1,439
EP003212,2026-06-03 10:31:00,U1009,daniel.brown,WKSTN-U1009,notepad.exe,PROCESS_START,32.0,656
EP030753,2026-06-03 10:25:00,U1076,,WKSTN-U1076,notepad.exe,PROCESS_START,1.1,173
EP019574,2026-06-03 10:46:00,U1048,jennifer.thomas87,WKSTN-U1048,teams.exe,PROCESS_START,18.8,206
EP031142,2026-06-03 10:49:00,U1077,kimberly.harris58,WKSTN-U1077,Outlook,PROCESS_START,25.3,509
EP040646,2026-06-03 10:39:00,U1099,joseph.garcia,,outlook.exe,PROCESS_START,24.4,133
EP000045,2026-06-03 10:22:00,U1001,linda.johnson95,WKSTN-U1001,SAP,PROCESS_START,13.2,887
EP034586,2026-06-03 10:34:00,U1085,barbara.walker67,WKSTN-U1085,Active Directory Console,PROCESS_START,29.0,148
EP039441,2026-06-03 10:41:00,U1096,david.allen76,WKSTN-U1096,teams.exe,PROCESS_START,34.4,736
EP006019,2026-06-03 10:49:00,U1016,patricia.thomas,WKSTN-U1016,Chrome,PROCESS_START,9.3,587
EP041017,2026-06-03 10:28:00,U1100,daniel.brown38,WKSTN-U1100,explorer.exe,PROCESS_START,,779
EP023531,2026-06-03 10:34:00,U1058,jennifer.ramirez18,WKSTN-U1058,Outlook,PROCESS_START,30.4,157
EP025942,2026-06-03 10:27:00,U1064,matthew.wright55,WKSTN-U1064,DocuSign,PROCESS_START,27.7,142
EP002065,2026-06-03 10:29:00,U1006,george.gonzalez,WKSTN-U1006,,PROCESS_START,21.4,396
EP006469,2026-06-03 10:26:00,U1017,emily.hernandez34,WKSTN-U1017,Git,PROCESS_START,20.0,207
EP025149,2026-06-03 10:33:00,U1062,william.martin,WKSTN-U1062,outlook.exe,PROCESS_START,15.5,485
EP001672,2026-06-03 10:48:00,U1005,robert.robinson,WKSTN-U1005,outlook.exe,PROCESS_START,8.5,781
EP023922,2026-06-03 10:26:00,U1059,daniel.perez98,WKSTN-U1059,Zoom,PROCESS_START,7.2,775
EP003977,2026-06-03 10:25:00,U1011,donna.ramirez75,WKSTN-U1011,explorer.exe,PROCESS_START,21.1,447
EP040645,2026-06-03 10:27:00,U1099,joseph.garcia,WKSTN-U1099,  notepad.exe ,PROCESS_START,34.1,120
EP025552,2026-06-03 10:42:00,U1063,,WKSTN-U1063,explorer.exe,PROCESS_START,20.0,479
EP038628,2026-06-03 10:45:00,U1094,elizabeth.lewis69,WKSTN-U1094,outlook.exe,PROCESS_START,3.8,275
EP019941,2026-06-03 10:57:00,U1049,michelle.jones59,WKSTN-U1049,outlook.exe,PROCESS_START,26200.0,226
EP008303,2026-06-03 10:59:00,U1021,jessica.walker,WKSTN-U1021,explorer.exe,PROCESS_START,28.7,812
EP034115,2026-06-03 11:00:00,U1084,joshua.taylor,WKSTN-U1084,,PROCESS_START,26.2,755
EP015564,2026-06-03 11:15:00,U1038,emily.clark,WKSTN-U1038,Outlook,PROCESS_START,4.8,610
EP013184,2026-06-03 10:58:00,U1032,paul.wright91,WKSTN-U1032	,Workday,PROCESS_START,33.2,458
EP033684,2026-06-03 11:12:00,U1083,sarah.allen70,  WKSTN-U1083 ,explorer.exe,PROCESS_START,20.7,134
EP032368,2026-06-03 11:20:00,U1080,joseph.jackson91,WKSTN-U1080,Slack,PROCESS_START,22.5,539
EP025939,2026-06-03 11:19:00,U1064,matthew.wright55,WKSTN-U1064,explorer.exe,PROCESS_START,4.8,347
EP000046,2026-06-03 11:16:00,U1001,linda.johnson95,WKSTN-U1001,teams.exe,PROCESS_START,12.0,258
EP038624,2026-06-03 11:18:00,U1094,elizabeth.lewis69,WKSTN-U1094,,PROCESS_START,26.0,547
EP037287,2026-06-03 11:02:00,U1091,,WKSTN-U1091,PUTTY,PROCESS_START,8.4,804
EP004784,2026-06-03 11:15:00,U1013,emily.smith,WKSTN-U1013,explorer.exe,PROCESS_START,30.4,621
EP035470,2026-06-03 11:10:00,U1087,charles.sanchez,WKSTN-U1087,Terminal,PROCESS_START,31.1,329
EP012330,2026-06-03 11:23:00,U1030,betty.rodriguez86,WKSTN-U1030,Slack,PROCESS_START,8.3,875
EP004360,2026-06-03 11:10:00,U1012,  linda.martinez ,WKSTN-U1012,Excel,PROCESS_START,6.9,689
EP027527,2026-06-03 11:17:00,U1068,susan.thompson34,WKSTN-U1068,CHROME.EXE,PROCESS_START,15.9,698
EP003621,2026-06-03 11:11:00,U1010,susan.young51,WKSTN-U1010,chrome.exe,PROCESS_START,7.8,96
EP017944,2026-06-03 10:52:00,U1044,lisa.ramirez9,WKSTN-U1044,outlook.exe,PROCESS_START,30.5,167
EP019938,2026-06-03 11:04:00,U1049,michelle.jones59,WKSTN-U1049,teams.exe,PROCESS_START,27.2,720
EP022744,2026-06-03 11:04:00,U1056,anthony.clark,WKSTN-U1056,,PROCESS_START,4.6,458
EP039862,2026-06-03 10:54:00,U1097,mark.martinez10,WKSTN-U1097,Chrome,PROCESS_START,31.1,747
EP012774,2026-06-03 11:02:00,U1031,john.wright28,WKSTN-U1031,teams.exe,PROCESS_START,2.9,106
EP023921,2026-06-03 11:08:00,U1059,daniel.perez98,WKSTN-U1059,explorer.exe,PROCESS_START,4.7,613
EP001275,2026-06-03 11:05:00,U1004,elizabeth.wilson98,WKSTN-U1004,outlook.exe,PROCESS_START,1.4,88
EP008753,2026-06-03 10:57:00,U1022,sandra.brown,WKSTN-U1022,Git,process_start,28.6,418
EP016335,2026-06-03 11:32:00,U1040,matthew.martin,WKSTN-U1040	,chrome.exe,PROCESS_START,32.6,375
EP025551,2026-06-03 11:42:00,U1063,JOHN.NGUYEN,WKSTN-U1063,Chrome,PROCESS_START,,368
EP027151,2026-06-03 11:42:00,U1067,paul.thomas97,WKSTN-U1067,Chrome,PROCESS_START,33.5,475
EP038629,2026-06-03 11:44:00,U1094,elizabeth.lewis69,WKSTN-U1094,Active Directory Console,PROCESS_START,9.7,807
EP021137,2026-06-03 11:28:00,U1052,paul.taylor,WKSTN-U1052,,PROCESS_START,34.3,320
EP040255,2026-06-03 11:41:00,U1098,nancy.wright49,WKSTN-U1098,NOTEPAD.EXE,PROCESS_START,10.2,660
EP035018,2026-06-03 11:32:00,U1086,steven.thompson53,WKSTN-U1086,Chrome,PROCESS_START,34.5,348
EP010104,2026-06-03 11:38:00,U1025,betty.brown22,WKSTN-U1025,  outlook.exe ,PROCESS_START,15.6,422
EP012776,2026-06-03 11:39:00,U1031,,WKSTN-U1031,  outlook.exe ,PROCESS_START,9.1,429
EP038626,2026-06-03 11:39:00,U1094,elizabeth.lewis69,WKSTN-U1094,Slack,PROCESS_START,32.4,354
EP004780,2026-06-03 11:40:00,U1013,emily.smith,WKSTN-U1013,Excel,PROCESS_START,6.0,705
EP023534,2026-06-03 11:32:00,U1058,jennifer.ramirez18,WKSTN-U1058,chrome.exe,PROCESS_START,23.4,407
EP000047,2026-06-03 11:30:00,U1001,linda.johnson95,WKSTN-U1001,SAP,PROCESS_START,5.3,511
EP003619,2026-06-03 11:38:00,U1010,susan.young51,WKSTN-U1010,Chrome,PROCESS_START,4900.0,502
EP017150,2026-06-03 11:36:00,U1042,michael.hill56,WKSTN-U1042,explorer.exe,PROCESS_START,25.4,660
EP027916,2026-06-03 11:26:00,U1069,jessica.clark,WKSTN-U1069,chrome.exe,PROCESS_START,4.4,752
EP016336,2026-06-03 11:27:00,U1040,matthew.martin,WKSTN-U1040	,teams.exe,PROCESS_START,17.8,373
EP013973,2026-06-03 11:33:00,U1034,thomas.allen63,WKSTN-U1034,teams.exe,PROCESS_START,34.6,844
EP028352,2026-06-03 11:32:00,U1070,betty.thomas40,WKSTN-U1070,DocuSign,PROCESS_START,5.5,615
EP022746,2026-06-03 11:42:00,U1056,  anthony.clark ,WKSTN-U1056,Chrome,PROCESS_START,26.1,506
EP003620,2026-06-03 11:45:00,U1010,susan.young51,WKSTN-U1010,explorer.exe,PROCESS_START,11.2,104
EP021935,2026-06-03 11:33:00,U1054,anthony.martinez,WKSTN-U1054,outlook.exe,PROCESS_START,25.9,143
EP007858,2026-06-03 11:27:00,U1020,andrew.thomas36,WKSTN-U1020,Jenkins,PROCESS_START,2.3,558
EP039045,2026-06-03 11:37:00,U1095,richard.thomas74,WKSTN-U1095,PowerPoint,PROCESS_START,31.0,432
EP022745,2026-06-03 11:47:00,U1056,anthony.clark	,WKSTN-U1056,teams.exe,PROCESS_START,27.8,253
EP024335,2026-06-03 12:21:00,U1060,matthew.anderson,WKSTN-U1060,Salesforce,PROCESS_START,2.9,101
EP019939,2026-06-03 12:02:00,U1049,michelle.jones59,,Excel,PROCESS_START,17.3,181
EP013589,2026-06-03 11:48:00,U1033,linda.miller,WKSTN-U1033,teams.exe,PROCESS_START,28.5,215
EP024334,2026-06-03 11:59:00,U1060,matthew.anderson,WKSTN-U1060,explorer.exe,,12.0,462
EP006022,2026-06-03 12:22:00,U1016,patricia.thomas,WKSTN-U1016,VSCode,PROCESS_START,3.0,820
EP014373,2026-06-03 12:11:00,U1035,nancy.rodriguez82	,WKSTN-U1035,teams.exe,PROCESS_START,3.7,840
EP039046,2026-06-03 12:09:00,U1095,richard.thomas74,WKSTN-U1095,Excel,PROCESS_START,13.4,178
EP013592,2026-06-03 12:22:00,U1033,linda.miller,WKSTN-U1033,explorer.exe,PROCESS_START,11.3,729
EP003976,2026-06-03 12:04:00,U1011,donna.ramirez75,WKSTN-U1011,SAP,PROCESS_START,19.7,882
EP029165,2026-06-03 12:06:00,U1072,kenneth.lopez,WKSTN-U1072,Outlook,PROCESS_START,29.7,285
EP035467,2026-06-03 12:05:00,U1087,charles.sanchez,WKSTN-U1087,Slack,PROCESS_START,15.7,786
EP000859,2026-06-03 12:02:00,U1003,kenneth.clark29,WKSTN-U1003,Excel,PROCESS_START,8.8,474
EP006960,2026-06-03 12:07:00,U1018,betty.white57,WKSTN-U1018,Git,PROCESS_START,5.9,438
EP024726,2026-06-03 11:50:00,U1061,jessica.rodriguez,WKSTN-U1061,Zoom,PROCESS_START,24.4,302
EP022358,2026-06-03 12:01:00,U1055,patricia.wilson54,WKSTN-U1055,Zoom	,PROCESS_START,26.5,737
EP038180,2026-06-03 12:05:00,U1093,sarah.clark44,WKSTN-U1093,explorer.exe,PROCESS_START,12.9,272
EP034116,2026-06-03 12:11:00,U1084,joshua.taylor,WKSTN-U1084,chrome.exe,PROCESS_START,7.0,495
EP031537,2026-06-03 12:22:00,U1078,michelle.miller,WKSTN-U1078,DocuSign,PROCESS_START,27.2,83
EP040259,2026-06-03 12:12:00,U1098,nancy.wright49,  WKSTN-U1098 ,Zoom,PROCESS_START,25.9,95
EP029959,2026-06-03 11:58:00,U1074,sarah.williams7,WKSTN-U1074,explorer.exe,PROCESS_START,22.1,489
EP003980,2026-06-03 12:06:00,U1011,donna.ramirez75,WKSTN-U1011,explorer.exe,PROCESS_START,22.4,301
EP000856,2026-06-03 12:07:00,U1003,kenneth.clark29,WKSTN-U1003,QuickBooks,process_start,28.0,865
EP009212,2026-06-03 12:16:00,U1023,richard.wright,WKSTN-U1023,notepad.exe,PROCESS_START,25.7,424
EP016334,2026-06-03 12:06:00,U1040,matthew.martin,WKSTN-U1040,  notepad.exe ,PROCESS_START,4.6,378
EP031539,2026-06-03 12:09:00,U1078,michelle.miller,WKSTN-U1078,Word,PROCESS_START,26.3,547
EP027918,2026-06-03 12:45:00,U1069,jessica.clark,WKSTN-U1069,notepad.exe,PROCESS_START,17.3,641
EP030374,2026-06-03 12:31:00,U1075,steven.lewis,WKSTN-U1075,DocuSign,PROCESS_START,17.1,417
EP039442,2026-06-03 12:29:00,U1096,david.allen76,WKSTN-U1096,PowerPoint,PROCESS_START,32.1,751
EP011480,2026-06-03 12:28:00,U1028,john.hill,WKSTN-U1028,teams.exe,PROCESS_START,11.2,749
EP021939,2026-06-03 12:48:00,U1054,anthony.martinez,WKSTN-U1054,Outlook,PROCESS_START,25.9,554
EP021934,2026-06-03 12:31:00,U1054,anthony.martinez,WKSTN-U1054,Excel,PROCESS_START,19.8,796
EP010103,2026-06-03 12:45:00,U1025,betty.brown22,WKSTN-U1025,VSCode,PROCESS_START,5.1,241
EP024338,2026-06-03 12:40:00,U1060,matthew.anderson,WKSTN-U1060,Chrome,process_start,10.4,370
EP011475,2026-06-03 12:32:00,U1028,john.hill,WKSTN-U1028,Slack,PROCESS_START,4.0,844
EP007857,2026-06-03 12:43:00,U1020,andrew.thomas36,WKSTN-U1020,teams.exe,PROCESS_START,14.6,185
EP028767,2026-06-03 12:28:00,U1071,matthew.robinson35,WKSTN-U1071,Outlook,PROCESS_START,34.0,500
EP023147,2026-06-03 12:46:00,U1057,nancy.sanchez,WKSTN-U1057,SALESFORCE,PROCESS_START,6.3,514
EP003208,2026-06-03 12:38:00,U1009,daniel.brown	,WKSTN-U1009,OUTLOOK,PROCESS_START,13.4,325
EP014759,2026-06-03 12:32:00,U1036,linda.jones,WKSTN-U1036,Excel,PROCESS_START,25.4,883
EP021936,2026-06-03 12:25:00,U1054,anthony.martinez	,WKSTN-U1054,teams.exe,PROCESS_START,16.6,589
EP036815,2026-06-03 12:41:00,U1090,mary.hill,WKSTN-U1090,notepad.exe,PROCESS_START,23.6,864
EP025147,2026-06-03 12:45:00,U1062,william.martin,WKSTN-U1062,Salesforce	,PROCESS_START,31.8,208
EP008307,2026-06-03 12:36:00,U1021,jessica.walker,WKSTN-U1021,explorer.exe,PROCESS_START,27.1,138
EP002453,2026-06-03 12:31:00,U1007,sarah.robinson82,WKSTN-U1007,teams.exe,PROCESS_START,17.8,523
EP022357,2026-06-03 12:25:00,U1055,patricia.wilson54,WKSTN-U1055,chrome.exe,PROCESS_START,17.9,316
EP001670,2026-06-03 12:39:00,U1005,robert.robinson,WKSTN-U1005,explorer.exe,PROCESS_START,1.7,374
EP021534,2026-06-03 12:31:00,U1053,john.jackson31,WKSTN-U1053,Salesforce,PROCESS_START,17.0,308
EP014758,2026-06-03 12:27:00,U1036,linda.jones,WKSTN-U1036,explorer.exe,PROCESS_START,32.4,
EP021134,2026-06-03 12:24:00,U1052,paul.taylor,WKSTN-U1052,explorer.exe,process_start,,545
EP024336,2026-06-03 12:38:00,U1060,matthew.anderson,WKSTN-U1060,outlook.exe,PROCESS_START,1.8,328
EP018343,2026-06-03 13:10:00,U1045,daniel.sanchez90	,WKSTN-U1045,outlook.exe,PROCESS_START,,628
EP030371,2026-06-03 12:52:00,U1075,steven.lewis,WKSTN-U1075,Word,PROCESS_START,11.6,274
EP005610,2026-06-03 13:01:00,U1015,lisa.hernandez,WKSTN-U1015,chrome.exe,PROCESS_START,14.8,801
EP031144,2026-06-03 12:59:00,U1077,kimberly.harris58,WKSTN-U1077,explorer.exe,PROCESS_START,18.0,774
EP037288,2026-06-03 13:10:00,U1091,LINDA.ROBINSON,WKSTN-U1091,notepad.exe,PROCESS_START,3.8,118
EP001274,2026-06-03 12:51:00,U1004,elizabeth.wilson98,WKSTN-U1004,notepad.exe,PROCESS_START,24.0,264
EP022356,2026-06-03 12:48:00,U1055,patricia.wilson54,WKSTN-U1055,Excel,PROCESS_START,9.0,145
EP021937,2026-06-03 13:11:00,U1054,anthony.martinez,WKSTN-U1054,teams.exe,PROCESS_START,11.5,241
EP005207,2026-06-03 13:10:00,U1014,james.taylor,WKSTN-U1014,Chrome,PROCESS_START,12.2,224
EP010996,2026-06-03 12:58:00,U1027,patricia.brown75,WKSTN-U1027,explorer.exe,,14.7,139
EP011897,2026-06-03 13:07:00,U1029,michelle.garcia54,WKSTN-U1029,outlook.exe,PROCESS_START,31.7,274
EP028768,2026-06-03 13:12:00,U1071,matthew.robinson35,WKSTN-U1071,chrome.exe,PROCESS_START,17.8,254
EP001277,2026-06-03 12:53:00,U1004,elizabeth.wilson98,WKSTN-U1004,Excel,PROCESS_START,24.3,439
EP013183,2026-06-03 13:01:00,U1032,paul.wright91,WKSTN-U1032,explorer.exe,PROCESS_START,17.8,113
EP026776,2026-06-03 13:08:00,U1066,michelle.wright62,WKSTN-U1066,Chrome,PROCESS_START,32.3,331
EP032364,2026-06-03 13:09:00,U1080,joseph.jackson91,WKSTN-U1080,notepad.exe,PROCESS_START,26.9,307
EP002456,2026-06-03 12:54:00,U1007,sarah.robinson82,WKSTN-U1007,chrome,,,624
EP001669,2026-06-03 13:03:00,U1005,robert.robinson,WKSTN-U1005,teams.exe,PROCESS_START,32.9,435
EP029960,2026-06-03 12:53:00,U1074,sarah.williams7,WKSTN-U1074,Word,PROCESS_START,27.6,312
EP016759,2026-06-03 12:56:00,U1041,matthew.allen52,WKSTN-U1041,outlook.exe,PROCESS_START,27.7,839
EP012773,2026-06-03 12:54:00,U1031,john.wright28,WKSTN-U1031,Excel,PROCESS_START,7.5,403
EP006958,2026-06-03 12:56:00,U1018,betty.white57,WKSTN-U1018,Docker Desktop,PROCESS_START,21.9,832
EP039443,2026-06-03 12:57:00,U1096,david.allen76,WKSTN-U1096,EXPLORER.EXE,PROCESS_START,12.6,716
EP025940,2026-06-03 13:10:00,U1064,matthew.wright55,WKSTN-U1064,DocuSign,PROCESS_START,29.8,340
EP006017,2026-06-03 13:06:00,U1016,patricia.thomas,WKSTN-U1016,,PROCESS_START,8.3,217
EP026337,2026-06-03 13:15:00,U1065,michael.ramirez47,WKSTN-U1065,Chrome,PROCESS_START,17.6,122
EP025937,2026-06-03 13:32:00,U1064,matthew.wright55,WKSTN-U1064,docusign,PROCESS_START,7.5,389
EP002835,2026-06-03 13:27:00,U1008,joshua.hernandez,,explorer.exe,,11.2,319
EP011893,2026-06-03 13:18:00,U1029,michelle.garcia54,WKSTN-U1029,Jenkins,PROCESS_START,24.4,363
EP021136,2026-06-03 13:25:00,U1052,paul.taylor,WKSTN-U1052,chrome.exe,PROCESS_START,25.8,725
EP000436,2026-06-03 13:33:00,U1002,donna.ramirez,  WKSTN-U1002 ,  Excel ,PROCESS_START,10.1,636
EP006020,2026-06-03 13:38:00,U1016,patricia.thomas,WKSTN-U1016,notepad.exe,PROCESS_START,15.4,606
EP004363,2026-06-03 13:18:00,U1012,linda.martinez	,WKSTN-U1012,QuickBooks,PROCESS_START,34.8,498
EP011479,2026-06-03 13:38:00,U1028,john.hill,WKSTN-U1028,outlook.exe,PROCESS_START,7.6,179
EP018754,2026-06-03 13:29:00,U1046,michelle.torres39	,WKSTN-U1046,Outlook,PROCESS_START,6.9,620
EP009661,2026-06-03 13:12:00,U1024,emily.miller,WKSTN-U1024,Chrome,PROCESS_START,7.1,720
EP010994,2026-06-03 13:20:00,U1027,patricia.brown75,WKSTN-U1027,VSCODE,PROCESS_START,24.5,314
EP018344,2026-06-03 13:19:00,U1045,daniel.sanchez90	,WKSTN-U1045,Outlook,PROCESS_START,29.7,249
EP014375,2026-06-03 13:26:00,U1035,nancy.rodriguez82,WKSTN-U1035,teams.exe,PROCESS_START,33.7,812
EP041018,2026-06-03 13:38:00,U1100,daniel.brown38,WKSTN-U1100,Excel,PROCESS_START,19.7,188
EP023920,2026-06-03 13:36:00,U1059,daniel.perez98,WKSTN-U1059,Chrome,PROCESS_START,6.3,647
EP009662,2026-06-03 13:38:00,U1024,EMILY.MILLER,WKSTN-U1024	,Chrome,PROCESS_START,13.9,597
EP039860,2026-06-03 13:25:00,U1097,mark.martinez10,WKSTN-U1097,,PROCESS_START,4.6,593
EP033240,2026-06-03 13:34:00,U1082,karen.hill96,WKSTN-U1082,PuTTY,PROCESS_START,7.6,520
EP002068,2026-06-03 13:28:00,U1006,george.gonzalez,WKSTN-U1006,Chrome,PROCESS_START,24.9,465
EP025550,2026-06-03 13:30:00,U1063,john.nguyen,WKSTN-U1063,outlook.exe,PROCESS_START,6.8,
EP002066,2026-06-03 13:32:00,U1006,george.gonzalez,WKSTN-U1006,Excel,PROCESS_START,10.3,803
EP018346,2026-06-03 13:30:00,U1045,daniel.sanchez90,WKSTN-U1045,chrome.exe,PROCESS_START,34.3,283
EP027917,2026-06-03 13:18:00,U1069,jessica.clark,WKSTN-U1069,Outlook,PROCESS_START,13.5,424
EP028769,2026-06-03 13:21:00,U1071,matthew.robinson35,WKSTN-U1071,Word,PROCESS_START,12.7,658
EP001667,2026-06-03 13:45:00,U1005,robert.robinson,WKSTN-U1005,notepad.exe,PROCESS_START,19.8,354
EP002067,2026-06-03 14:08:00,U1006,george.gonzalez,WKSTN-U1006,chrome.exe	,PROCESS_START,22.5,300
EP032367,2026-06-03 13:52:00,U1080,joseph.jackson91,WKSTN-U1080,Chrome,PROCESS_START,18.2,285
EP026341,2026-06-03 14:08:00,U1065,michael.ramirez47,WKSTN-U1065,explorer.exe	,PROCESS_START,8.4,225
EP018756,2026-06-03 13:38:00,U1046,michelle.torres39,WKSTN-U1046,OUTLOOK.EXE,PROCESS_START,2.9,873
EP026336,2026-06-03 13:46:00,U1065,michael.ramirez47,WKSTN-U1065,notepad.exe,PROCESS_START,23.7,745
EP005210,2026-06-03 14:07:00,U1014,james.taylor,WKSTN-U1014,SAP	,PROCESS_START,3.3,288
EP027524,2026-06-03 14:01:00,U1068,susan.thompson34,WKSTN-U1068,Outlook,PROCESS_START,6.8,659
EP029163,2026-06-03 13:41:00,U1072,kenneth.lopez,WKSTN-U1072,Outlook,PROCESS_START,26.5,153
EP003978,2026-06-03 13:48:00,U1011,donna.ramirez75,WKSTN-U1011,QuickBooks,PROCESS_START,15.8,352
EP002836,2026-06-03 14:10:00,U1008,joshua.hernandez,WKSTN-U1008,outlook.exe,PROCESS_START,4.7,516
EP012772,2026-06-03 13:40:00,U1031,john.wright28,WKSTN-U1031,Excel,PROCESS_START,12.4,629
EP005208,2026-06-03 13:43:00,U1014,james.taylor,WKSTN-U1014,teams.exe,PROCESS_START,33.7,396
EP016758,2026-06-03 14:10:00,U1041,matthew.allen52,WKSTN-U1041,teams.exe,PROCESS_START,20.2,109
EP024725,2026-06-03 13:42:00,U1061,jessica.rodriguez,WKSTN-U1061,Excel,PROCESS_START,30.0,567
EP021133,2026-06-03 14:07:00,U1052,paul.taylor,WKSTN-U1052,chrome.exe,PROCESS_START,9.1,274
EP036378,2026-06-03 13:51:00,U1089,paul.brown27,WKSTN-U1089,PuTTY,PROCESS_START,19.9,601
EP025145,2026-06-03 13:50:00,U1062,william.martin,  WKSTN-U1062 ,outlook.exe,PROCESS_START,3.0,361
EP031143,2026-06-03 14:07:00,U1077,kimberly.harris58,WKSTN-U1077,notepad.exe,,7.3,778
EP018758,2026-06-03 14:00:00,U1046,michelle.torres39,WKSTN-U1046,Chrome,PROCESS_START,3.4,147
EP000048,2026-06-03 13:44:00,U1001,linda.johnson95,WKSTN-U1001,Excel,PROCESS_START,26.4,567
EP013971,2026-06-03 13:40:00,U1034,thomas.allen63,WKSTN-U1034,explorer.exe,PROCESS_START,30.4,134
EP027152,2026-06-03 13:53:00,U1067,paul.thomas97,WKSTN-U1067,OUTLOOK,PROCESS_START,23.8,644
EP032806,2026-06-03 14:09:00,U1081,margaret.davis	,WKSTN-U1081,Chrome,PROCESS_START,13.6,
EP023533,2026-06-03 13:47:00,U1058,jennifer.ramirez18,  WKSTN-U1058 ,outlook.exe,PROCESS_START,19.7,446
EP035907,2026-06-03 14:17:00,U1088,andrew.smith85,WKSTN-U1088,explorer.exe,PROCESS_START,6.6,787
EP025938,2026-06-03 14:19:00,U1064,matthew.wright55,WKSTN-U1064	,Outlook,PROCESS_START,26.9,813
EP030373,2026-06-03 14:32:00,U1075,steven.lewis,WKSTN-U1075,explorer.exe,PROCESS_START,7.8,560
EP002837,2026-06-03 14:16:00,U1008,joshua.hernandez,WKSTN-U1008,Chrome,PROCESS_START,33.4,490
EP007418,2026-06-03 14:20:00,U1019,donna.anderson,WKSTN-U1019,Git,PROCESS_START,29.9,830
EP038182,2026-06-03 14:12:00,U1093,sarah.clark44,WKSTN-U1093,notepad.exe,PROCESS_START,13.7,197
EP030372,2026-06-03 14:32:00,U1075,STEVEN.LEWIS,WKSTN-U1075,,PROCESS_START,11.2,342
EP033686,2026-06-03 14:17:00,U1083,sarah.allen70,WKSTN-U1083,notepad.exe,PROCESS_START,19.1,399
EP000855,2026-06-03 14:24:00,U1003,kenneth.clark29,WKSTN-U1003	,chrome.exe,PROCESS_START,6.8,500
EP027528,2026-06-03 14:14:00,U1068,susan.thompson34,WKSTN-U1068,EXPLORER.EXE,PROCESS_START,13.9,184
EP030369,2026-06-03 14:31:00,U1075,steven.lewis,WKSTN-U1075,teams.exe,PROCESS_START,16.8,509
EP006468,2026-06-03 14:24:00,U1017,emily.hernandez34,WKSTN-U1017,explorer.exe,PROCESS_START,22.0,
EP023536,2026-06-03 14:22:00,U1058,jennifer.ramirez18,WKSTN-U1058,notepad.exe,PROCESS_START,23.7,710
EP017943,2026-06-03 14:31:00,U1044,lisa.ramirez9,WKSTN-U1044,explorer.exe,PROCESS_START,31.9,106
EP013181,2026-06-03 14:29:00,U1032,paul.wright91,WKSTN-U1032,Workday,PROCESS_START,20.7,553
EP040648,2026-06-03 14:26:00,U1099,joseph.garcia,WKSTN-U1099,explorer.exe,PROCESS_START,16.9,814
EP021530,2026-06-03 14:28:00,U1053,john.jackson31,WKSTN-U1053,Zoom,PROCESS_START,,768
EP040647,2026-06-03 14:34:00,U1099,joseph.garcia	,WKSTN-U1099,outlook.exe	,PROCESS_START,11.7,164
EP029958,2026-06-03 14:22:00,U1074,,WKSTN-U1074,Outlook,PROCESS_START,9.2,394
EP012331,2026-06-03 14:32:00,U1030,betty.rodriguez86,WKSTN-U1030,notepad.exe,process_start,34.8,873
EP033238,2026-06-03 14:29:00,U1082,karen.hill96,WKSTN-U1082,Active Directory Console,PROCESS_START,29.0,
EP035910,2026-06-03 14:34:00,U1088,andrew.smith85,WKSTN-U1088,teams.exe,PROCESS_START,9.0,149
EP016760,2026-06-03 14:24:00,U1041,matthew.allen52,WKSTN-U1041,Chrome,PROCESS_START,17.6,865
EP013588,2026-06-03 14:25:00,U1033,linda.miller,WKSTN-U1033,Chrome,PROCESS_START,8.4,476
EP006471,2026-06-03 14:25:00,U1017,emily.hernandez34,WKSTN-U1017,Slack,PROCESS_START,17.1,497
EP009214,2026-06-03 15:03:00,U1023,richard.wright,WKSTN-U1023,Docker Desktop,PROCESS_START,25.2,442
EP036814,2026-06-03 14:53:00,U1090,MARY.HILL,WKSTN-U1090,chrome.exe,PROCESS_START,24.2,631
EP006962,2026-06-03 15:05:00,U1018,betty.white57,WKSTN-U1018,VSCode,PROCESS_START,12.3,604
EP034585,2026-06-03 14:56:00,U1085,barbara.walker67,WKSTN-U1085,Slack,PROCESS_START,24.5,232
EP013590,2026-06-03 14:51:00,U1033,linda.miller,WKSTN-U1033,teams.exe,PROCESS_START,21.4,831
EP015147,2026-06-03 14:44:00,U1037,robert.martin,WKSTN-U1037,  Excel ,PROCESS_START,8.4,772
EP035469,2026-06-03 15:05:00,U1087,charles.sanchez,WKSTN-U1087,teams.exe,PROCESS_START,29.7,742
EP010995,2026-06-03 14:37:00,U1027,patricia.brown75,,Jenkins,PROCESS_START,24.8,204
EP017560,2026-06-03 14:50:00,U1043,thomas.williams91,WKSTN-U1043,notepad.exe,PROCESS_START,25.1,580
EP034584,2026-06-03 14:53:00,U1085,barbara.walker67,WKSTN-U1085,Active Directory Console,PROCESS_START,3.3,703
EP010552,2026-06-03 14:58:00,U1026,elizabeth.gonzalez,WKSTN-U1026,chrome.exe,PROCESS_START,25.6,527
EP029574,2026-06-03 15:00:00,U1073,michael.gonzalez,WKSTN-U1073	,chrome.exe,process_start,5.4,474
EP015565,2026-06-03 14:47:00,U1038,emily.clark,WKSTN-U1038,teams.exe,PROCESS_START,17.1,804
EP026777,2026-06-03 14:53:00,U1066,michelle.wright62,WKSTN-U1066,,PROCESS_START,14.5,608
EP035016,2026-06-03 14:43:00,U1086,steven.thompson53,WKSTN-U1086,Wireshark,PROCESS_START,17.8,729
EP005612,2026-06-03 14:39:00,U1015,lisa.hernandez,WKSTN-U1015,chrome.exe,PROCESS_START,1.0,852
EP031950,2026-06-03 14:39:00,U1079,emily.jones,WKSTN-U1079,chrome.exe,PROCESS_START,32.5,531
EP017558,2026-06-03 14:34:00,U1043,thomas.williams91,WKSTN-U1043,EXPLORER.EXE,PROCESS_START,2.6,289
EP012329,2026-06-03 14:54:00,U1030,betty.rodriguez86,WKSTN-U1030,outlook.exe,PROCESS_START,17.2,432
EP034587,2026-06-03 15:03:00,U1085,barbara.walker67,WKSTN-U1085,chrome.exe,PROCESS_START,,255
EP029572,2026-06-03 14:53:00,U1073,michael.gonzalez,WKSTN-U1073,teams.exe,process_start,18.1,179
EP026338,2026-06-03 14:50:00,U1065,michael.ramirez47,WKSTN-U1065,Word,PROCESS_START,13.4,415
EP001671,2026-06-03 15:01:00,U1005,robert.robinson,WKSTN-U1005,Outlook,PROCESS_START,17.0,528
EP008306,2026-06-03 14:45:00,U1021,JESSICA.WALKER,WKSTN-U1021,Slack,PROCESS_START,24400.0,319
EP013591,2026-06-03 14:46:00,U1033,linda.miller,,chrome.exe,PROCESS_START,28.7,868
EP019942,2026-06-03 15:31:00,U1049,michelle.jones59,WKSTN-U1049,Salesforce,PROCESS_START,17.0,290
EP009213,2026-06-03 15:19:00,U1023,richard.wright,WKSTN-U1023,Chrome,PROCESS_START,21.6,846
EP000435,2026-06-03 15:12:00,U1002,donna.ramirez	,WKSTN-U1002,chrome.exe,PROCESS_START,19.7,195
EP019166,2026-06-03 15:24:00,U1047,sandra.lewis,WKSTN-U1047,explorer.exe,PROCESS_START,12.3,501
EP019943,2026-06-03 15:27:00,U1049,michelle.jones59,WKSTN-U1049,outlook.exe,PROCESS_START,20.4,337
EP013182,2026-06-03 15:31:00,U1032,paul.wright91,WKSTN-U1032,chrome.exe,PROCESS_START,6.0,226
EP038625,2026-06-03 15:27:00,U1094,elizabeth.lewis69,WKSTN-U1094,notepad.exe,PROCESS_START,20.8,865
EP001276,2026-06-03 15:30:00,U1004,elizabeth.wilson98,WKSTN-U1004,Excel,PROCESS_START,1.4,180
EP040256,2026-06-03 15:14:00,U1098,nancy.wright49,WKSTN-U1098,teams.exe,PROCESS_START,13.8,728
EP031541,2026-06-03 15:15:00,U1078,michelle.miller,WKSTN-U1078,outlook.exe,PROCESS_START,11.0,165
EP006018,2026-06-03 15:32:00,U1016,patricia.thomas,WKSTN-U1016,VSCode,PROCESS_START,10.8,677
EP007414,2026-06-03 15:34:00,U1019,donna.anderson	,WKSTN-U1019,Git,PROCESS_START,11.4,782
EP000434,2026-06-03 15:19:00,U1002,donna.ramirez,WKSTN-U1002,chrome.exe,PROCESS_START,20.2,871
EP023146,2026-06-03 15:06:00,U1057,nancy.sanchez,WKSTN-U1057,notepad.exe,PROCESS_START,18.4,467
EP018757,2026-06-03 15:13:00,U1046,michelle.torres39,WKSTN-U1046	,chrome.exe,PROCESS_START,1.7,878
EP033237,2026-06-03 15:06:00,U1082,karen.hill96,WKSTN-U1082,Wireshark,,23.7,576
EP010993,2026-06-03 15:29:00,U1027,patricia.brown75,WKSTN-U1027,Slack,PROCESS_START,28.8,183
EP033239,2026-06-03 15:25:00,U1082,karen.hill96,WKSTN-U1082,Terminal,PROCESS_START,1.9,798000.0
EP008305,2026-06-03 15:07:00,U1021,,,  Chrome ,PROCESS_START,9.7,585
EP021938,2026-06-03 15:29:00,U1054,anthony.martinez,WKSTN-U1054,Salesforce,PROCESS_START,12.7,216
EP023919,2026-06-03 15:31:00,U1059,daniel.perez98,WKSTN-U1059,Outlook,PROCESS_START,27.8,-450.0
EP034113,2026-06-03 15:32:00,U1084,joshua.taylor,WKSTN-U1084,notepad.exe,PROCESS_START,8.3,494
EP039048,2026-06-03 15:10:00,U1095,richard.thomas74,WKSTN-U1095,Zoom,PROCESS_START,15.7,119
EP019164,2026-06-03 15:32:00,U1047,sandra.lewis,WKSTN-U1047,explorer.exe,PROCESS_START,30.3,226
EP014762,2026-06-03 15:05:00,U1036,linda.jones,WKSTN-U1036,Workday,PROCESS_START,4.5,519
EP015967,2026-06-03 15:58:00,U1039,mark.thomas,WKSTN-U1039,outlook.exe,PROCESS_START,8.9,714
EP027525,2026-06-03 15:41:00,U1068,,WKSTN-U1068,Word,PROCESS_START,,314
EP037734,2026-06-03 15:42:00,U1092,steven.thomas,  WKSTN-U1092 ,PuTTY,PROCESS_START,28.9,784
EP008752,2026-06-03 15:36:00,U1022,sandra.brown,WKSTN-U1022,outlook.exe,PROCESS_START,22.0,422
EP020333,2026-06-03 15:49:00,U1050,michael.ramirez,WKSTN-U1050	,Chrome,PROCESS_START,31.3,864
EP020335,2026-06-03 15:54:00,U1050,michael.ramirez,WKSTN-U1050,notepad.exe,PROCESS_START,1.6,373
EP035912,2026-06-03 15:48:00,U1088,andrew.smith85,WKSTN-U1088,Terminal,PROCESS_START,21.7,143
EP038627,2026-06-03 15:48:00,U1094,,WKSTN-U1094,Slack,PROCESS_START,24.9,384
EP000044,2026-06-03 16:03:00,U1001,linda.johnson95,WKSTN-U1001,QuickBooks,PROCESS_START,4.7,106
EP031536,2026-06-03 15:43:00,U1078,michelle.miller,WKSTN-U1078,DocuSign,PROCESS_START,14.9,876
EP010549,2026-06-03 16:08:00,U1026,elizabeth.gonzalez,WKSTN-U1026,explorer.exe,PROCESS_START,34.5,556
EP000437,2026-06-03 15:41:00,U1002,donna.ramirez,WKSTN-U1002,notepad.exe,PROCESS_START,19.4,854
EP023145,2026-06-03 15:38:00,U1057,nancy.sanchez,WKSTN-U1057,Outlook,PROCESS_START,33.7,485
EP030754,2026-06-03 15:49:00,U1076,john.torres,WKSTN-U1076,Outlook,PROCESS_START,17.8,369
EP035017,2026-06-03 15:37:00,U1086,steven.thompson53,WKSTN-U1086,chrome.exe,PROCESS_START,2.6,881
EP022743,2026-06-03 16:03:00,U1056,anthony.clark,WKSTN-U1056,  notepad.exe ,PROCESS_START,3.1,
EP008754,2026-06-03 15:43:00,U1022,sandra.brown,WKSTN-U1022,notepad.exe,PROCESS_START,14.7,749
EP027153,2026-06-03 16:05:00,U1067,paul.thomas97,WKSTN-U1067,teams.exe,PROCESS_START,28.4,160
EP018755,2026-06-03 15:39:00,U1046,michelle.torres39,WKSTN-U1046,Workday,PROCESS_START,1.3,307
EP036816,2026-06-03 15:56:00,U1090,mary.hill,WKSTN-U1090,outlook.exe,PROCESS_START,10.9,816
EP015148,2026-06-03 16:03:00,U1037,robert.martin,WKSTN-U1037,Workday,PROCESS_START,34.3,89
EP030755,2026-06-03 16:09:00,U1076,john.torres,WKSTN-U1076,teams.exe,PROCESS_START,17.3,719
EP037735,2026-06-03 15:35:00,U1092,steven.thomas,WKSTN-U1092,Terminal,PROCESS_START,31.6,546
EP006470,2026-06-03 15:37:00,U1017,emily.hernandez34,WKSTN-U1017,Chrome,PROCESS_START,5.8,512
EP014761,2026-06-03 16:06:00,U1036,linda.jones,WKSTN-U1036,chrome.exe,PROCESS_START,15.4,434
EP010550,2026-06-03 16:46:00,U1026,elizabeth.gonzalez,WKSTN-U1026,notepad.exe,PROCESS_START,9.4,682
EP022359,2026-06-03 16:18:00,U1055,patricia.wilson54,WKSTN-U1055,Chrome,PROCESS_START,8.1,799
EP015966,2026-06-03 16:20:00,U1039,mark.thomas,WKSTN-U1039,outlook.exe,PROCESS_START,17.5,674
EP015146,2026-06-03 16:44:00,U1037,robert.martin,WKSTN-U1037,Excel,PROCESS_START,34.2,849
EP031951,2026-06-03 16:25:00,U1079,emily.jones,WKSTN-U1079,Slack,PROCESS_START,28.6,413
EP014763,2026-06-03 16:20:00,U1036,linda.jones,WKSTN-U1036,Excel,PROCESS_START,7.4,387
EP001668,2026-06-03 16:27:00,U1005,robert.robinson,WKSTN-U1005,explorer.exe,PROCESS_START,31.2,199
EP011896,2026-06-03 16:16:00,U1029,michelle.garcia54,WKSTN-U1029,,PROCESS_START,16.0,399
EP024727,2026-06-03 16:58:00,U1061,jessica.rodriguez,WKSTN-U1061,Salesforce,PROCESS_START,33.8,812
EP039049,2026-06-03 17:07:00,U1095,richard.thomas74,WKSTN-U1095,chrome.exe,PROCESS_START,15.4,
EP025549,2026-06-03 17:06:00,U1063,john.nguyen,WKSTN-U1063,Word,PROCESS_START,1.3,389
EP003211,2026-06-03 16:40:00,U1009,daniel.brown,WKSTN-U1009,TEAMS.EXE,PROCESS_START,4.4,N/A
EP007856,2026-06-03 16:16:00,U1020,andrew.thomas36,WKSTN-U1020,Git,PROCESS_START,17.0,788
EP040258,2026-06-03 16:47:00,U1098,nancy.wright49,WKSTN-U1098,Chrome,PROCESS_START,,183
EP013974,2026-06-03 16:32:00,U1034,thomas.allen63,WKSTN-U1034,explorer.exe,PROCESS_START,16.4,189
EP014371,2026-06-03 16:31:00,U1035,nancy.rodriguez82,WKSTN-U1035,outlook.exe,PROCESS_START,12.5,426
EP012775,2026-06-03 16:26:00,U1031,,WKSTN-U1031,Chrome,PROCESS_START,10.9,151
EP015965,2026-06-03 16:15:00,U1039,mark.thomas,WKSTN-U1039,Workday,PROCESS_START,17.8,332
EP004361,2026-06-03 17:01:00,U1012,linda.martinez,WKSTN-U1012,  notepad.exe ,PROCESS_START,16.1,
EP011477,2026-06-03 16:18:00,U1028,john.hill,WKSTN-U1028,Slack,PROCESS_START,19.3,217
EP028770,2026-06-03 16:26:00,U1071,matthew.robinson35,WKSTN-U1071,teams.exe,PROCESS_START,10.6,644
EP010105,2026-06-03 16:19:00,U1025,betty.brown22,WKSTN-U1025,VSCode,PROCESS_START,29.9,857
EP011894,2026-06-03 16:43:00,U1029,michelle.garcia54,WKSTN-U1029,Docker Desktop,PROCESS_START,18.2,503
EP030370,2026-06-03 16:22:00,U1075,steven.lewis,WKSTN-U1075,Chrome,PROCESS_START,14.6,124
EP031949,2026-06-03 16:59:00,U1079,emily.jones,WKSTN-U1079,chrome.exe,PROCESS_START,11.6,516
EP011478,2026-06-03 17:09:00,U1028,,WKSTN-U1028,teams.exe,PROCESS_START,1.9,
EP040257,2026-06-03 17:10:00,U1098,nancy.wright49,WKSTN-U1098,PowerPoint,PROCESS_START,10.2,
EP013972,2026-06-03 17:27:00,U1034,thomas.allen63,WKSTN-U1034,Outlook,PROCESS_START,30.0,356
EP031141,2026-06-03 17:17:00,U1077,KIMBERLY.HARRIS58,WKSTN-U1077,Outlook,PROCESS_START,22.1,764
EP003207,2026-06-03 17:48:00,U1009,daniel.brown,WKSTN-U1009,Excel,PROCESS_START,23.7,147
EP032383,2026-06-04 07:49:00,U1080,joseph.jackson91	,WKSTN-U1080,Wireshark,PROCESS_START,,527
EP039047,2026-06-03 17:12:00,U1095,richard.thomas74,WKSTN-U1095,teams.exe,PROCESS_START,31.6,450
EP031970,2026-06-04 07:32:00,U1079,emily.jones,WKSTN-U1079,Chrome,PROCESS_START,26.3,491
EP038647,2026-06-04 07:39:00,U1094,elizabeth.lewis69,WKSTN-U1094,teams.exe,PROCESS_START,5.0,170
EP003209,2026-06-03 17:56:00,U1009,daniel.brown,WKSTN-U1009,chrome.exe,PROCESS_START,7.4,493
EP004362,2026-06-03 17:09:00,U1012,  linda.martinez ,WKSTN-U1012,SAP,PROCESS_START,32.7,359
EP010551,2026-06-03 17:27:00,U1026,elizabeth.gonzalez,WKSTN-U1026,explorer.exe,PROCESS_START,16.5,674
EP040644,2026-06-03 17:12:00,U1099,joseph.garcia,WKSTN-U1099,NOTEPAD.EXE,PROCESS_START,23.6,486
EP027154,2026-06-03 18:06:00,U1067,paul.thomas97,WKSTN-U1067,DOCUSIGN,PROCESS_START,24.3,529
EP028788,2026-06-04 08:06:00,U1071,matthew.robinson35,WKSTN-U1071,notepad.exe,PROCESS_START,11.9,371
EP027155,2026-06-03 17:09:00,U1067,paul.thomas97,WKSTN-U1067,Outlook,PROCESS_START,1.7,893
EP013970,2026-06-03 17:31:00,U1034,thomas.allen63,WKSTN-U1034,Chrome,PROCESS_START,19.5,415
EP016774,2026-06-04 08:05:00,U1041,matthew.allen52,WKSTN-U1041,notepad.exe,PROCESS_START,30.9,186
EP013199,2026-06-04 07:43:00,U1032,paul.wright91,WKSTN-U1032,explorer.exe,PROCESS_START,35.0,409
EP032384,2026-06-04 07:39:00,U1080,joseph.jackson91,WKSTN-U1080,Active Directory Console,PROCESS_START,4.6,854
EP021154,2026-06-04 07:21:00,U1052,paul.taylor,WKSTN-U1052,Zoom,PROCESS_START,13.1,387
EP014374,2026-06-03 17:47:00,U1035,nancy.rodriguez82,WKSTN-U1035,teams.exe,PROCESS_START,19.1,474
EP036838,2026-06-04 07:47:00,U1090,mary.hill,WKSTN-U1090,Slack,PROCESS_START,10200.0,645
EP016773,2026-06-04 08:06:00,U1041,matthew.allen52,WKSTN-U1041,Outlook,PROCESS_START,9.4,346
EP011476,2026-06-03 17:21:00,U1028,john.hill,WKSTN-U1028,Docker Desktop,PROCESS_START,6.6,346
EP040665,2026-06-04 08:17:00,U1099,joseph.garcia,WKSTN-U1099,explorer.exe,PROCESS_START,12.6,244
EP013200,2026-06-04 08:19:00,U1032,paul.wright91,WKSTN-U1032,Chrome,PROCESS_START,17.4,272
EP039063,2026-06-04 08:42:00,U1095,richard.thomas74,WKSTN-U1095,notepad.exe,PROCESS_START,27.0,825
EP041034,2026-06-04 08:32:00,U1100,daniel.brown38,WKSTN-U1100,Zoom,PROCESS_START,14.9,725
EP003227,2026-06-04 08:08:00,U1009,DANIEL.BROWN,WKSTN-U1009,explorer.exe,PROCESS_START,8.0,785
EP016775,2026-06-04 08:35:00,U1041,matthew.allen52,WKSTN-U1041,chrome.exe,PROCESS_START,25.9,659
EP015162,2026-06-04 08:08:00,U1037,robert.martin,WKSTN-U1037,Workday,PROCESS_START,15.3,111
EP015983,2026-06-04 08:32:00,U1039,mark.thomas,WKSTN-U1039,NOTEPAD.EXE,PROCESS_START,18.8,176
EP022761,2026-06-04 08:11:00,U1056,anthony.clark,WKSTN-U1056,Chrome,PROCESS_START,19.4,143
EP003228,2026-06-04 08:44:00,U1009,daniel.brown,WKSTN-U1009,chrome,PROCESS_START,1.2,326
EP017575,2026-06-04 08:20:00,U1043,thomas.williams91,WKSTN-U1043,Outlook,PROCESS_START,1.3,728
EP017166,2026-06-04 08:20:00,U1042,michael.hill56,WKSTN-U1042,outlook.exe,PROCESS_START,26.1,308
EP001294,2026-06-04 08:21:00,U1004,,WKSTN-U1004,outlook.exe,PROCESS_START,,869
EP016776,2026-06-04 08:33:00,U1041,matthew.allen52,WKSTN-U1041,chrome.exe,PROCESS_START,13.6,792
EP022763,2026-06-04 08:29:00,U1056,anthony.clark,WKSTN-U1056,Excel,PROCESS_START,19.2,
EP022376,2026-06-04 08:24:00,U1055,patricia.wilson54,WKSTN-U1055,Zoom,PROCESS_START,23.4,547
EP031968,2026-06-04 08:12:00,U1079,emily.jones,WKSTN-U1079,Wireshark,PROCESS_START,3.3,144
EP022378,2026-06-04 08:41:00,U1055,patricia.wilson54,WKSTN-U1055,Chrome,PROCESS_START,16.9,491
EP014394,2026-06-04 08:29:00,U1035,NANCY.RODRIGUEZ82,WKSTN-U1035,explorer.exe,PROCESS_START,5.0,850
EP031163,2026-06-04 08:19:00,U1077,kimberly.harris58,WKSTN-U1077,chrome.exe,PROCESS_START,24.8,762
EP024738,2026-06-04 08:42:00,U1061,jessica.rodriguez,WKSTN-U1061,Zoom,PROCESS_START,23.6,438
EP019959,2026-06-04 08:37:00,U1049,michelle.jones59,  WKSTN-U1049 ,teams.exe,PROCESS_START,15.1,297
EP034134,2026-06-04 08:31:00,U1084,,WKSTN-U1084,Active Directory Console,PROCESS_START,8.4,109
EP031967,2026-06-04 08:14:00,U1079,emily.jones,WKSTN-U1079,outlook.exe,PROCESS_START,6.0,223
EP000067,2026-06-04 08:18:00,U1001,linda.johnson95,WKSTN-U1001,teams.exe,PROCESS_START,18.3,238
EP023169,2026-06-04 09:20:00,U1057,NANCY.SANCHEZ,WKSTN-U1057,Zoom,PROCESS_START,25.0,884
EP032820,2026-06-04 09:23:00,U1081,margaret.davis,WKSTN-U1081,explorer.exe,PROCESS_START,32.2,643
EP000880,2026-06-04 09:25:00,U1003,kenneth.clark29,WKSTN-U1003,Outlook,PROCESS_START,16.2,796
EP014777,2026-06-04 08:50:00,U1036,linda.jones,WKSTN-U1036,explorer.exe,PROCESS_START,4.0,95
EP034603,2026-06-04 09:19:00,U1085,barbara.walker67,WKSTN-U1085,PuTTY,PROCESS_START,9.7,560
EP017577,2026-06-04 09:06:00,U1043,thomas.williams91,WKSTN-U1043,Outlook,PROCESS_START,34.9,417
EP036834,2026-06-04 08:49:00,U1090,mary.hill,WKSTN-U1090,Chrome,PROCESS_START,4.5,554
EP015590,2026-06-04 09:09:00,U1038,emily.clark,WKSTN-U1038,  Excel ,PROCESS_START,2.3,503
EP003638,2026-06-04 09:28:00,U1010,susan.young51,WKSTN-U1010,outlook.exe,,25.8,659
EP026362,2026-06-04 09:08:00,U1065,michael.ramirez47,WKSTN-U1065,DocuSign,PROCESS_START,11.5,491
EP014389,2026-06-04 09:12:00,U1035,nancy.rodriguez82,WKSTN-U1035,outlook.exe,process_start,16.7,815
EP002856,2026-06-04 08:52:00,U1008,joshua.hernandez,WKSTN-U1008,Outlook,PROCESS_START,11.3,-175.0
EP017168,2026-06-04 08:44:00,U1042,michael.hill56,WKSTN-U1042,Workday,PROCESS_START,33.5,630
EP024349,2026-06-04 09:20:00,U1060,matthew.anderson,WKSTN-U1060,Salesforce,PROCESS_START,15.0,133
EP015985,2026-06-04 08:58:00,U1039,mark.thomas,WKSTN-U1039,Workday,PROCESS_START,24.4,563
EP023170,2026-06-04 09:11:00,U1057,nancy.sanchez,WKSTN-U1057,teams.exe,PROCESS_START,12.2,879
EP016772,2026-06-04 08:45:00,U1041,matthew.allen52,WKSTN-U1041,Excel,PROCESS_START,10.9,806
EP012792,2026-06-04 09:11:00,U1031,john.wright28,  WKSTN-U1031 ,Outlook,PROCESS_START,31.6,900
EP021553,2026-06-04 08:45:00,U1053,john.jackson31,WKSTN-U1053,outlook.exe,PROCESS_START,2.9,618
EP039462,2026-06-04 09:23:00,U1096,david.allen76	,WKSTN-U1096,  chrome.exe ,PROCESS_START,30.5,775000.0
EP010127,2026-06-04 08:58:00,U1025,betty.brown22,WKSTN-U1025,VSCode,PROCESS_START,21.9,-574.0
EP030768,2026-06-04 09:13:00,U1076,john.torres,WKSTN-U1076,Chrome,PROCESS_START,13.9,343
EP027933,2026-06-04 09:07:00,U1069,JESSICA.CLARK,WKSTN-U1069,DOCUSIGN,,20.7,807
EP031969,2026-06-04 09:23:00,U1079,emily.jones,WKSTN-U1079,Chrome,PROCESS_START,29.9,800
EP005627,2026-06-04 09:15:00,U1015,lisa.hernandez,WKSTN-U1015,explorer.exe,PROCESS_START,15.2,154
EP030769,2026-06-04 09:32:00,U1076,john.torres,WKSTN-U1076,DocuSign,PROCESS_START,28.9,726
EP027172,2026-06-04 09:37:00,U1067,paul.thomas97,WKSTN-U1067,outlook.exe,PROCESS_START,17.1,743
EP009686,2026-06-04 09:34:00,U1024,emily.miller,WKSTN-U1024,notepad.exe,PROCESS_START,3.6,871
EP002473,2026-06-04 09:34:00,U1007,sarah.robinson82,WKSTN-U1007,notepad.exe,PROCESS_START,31.3,873
EP039872,2026-06-04 10:00:00,U1097,mark.martinez10,WKSTN-U1097,Zoom,PROCESS_START,17.3,762
EP017959,2026-06-04 09:34:00,U1044,lisa.ramirez9,WKSTN-U1044,Workday,PROCESS_START,31.3,219
EP031160,2026-06-04 09:38:00,U1077,kimberly.harris58,WKSTN-U1077,notepad.exe,PROCESS_START,14.8,260
EP029185,2026-06-04 09:44:00,U1072,kenneth.lopez,WKSTN-U1072,DocuSign,PROCESS_START,21.2,363
EP036836,2026-06-04 09:32:00,U1090,mary.hill,WKSTN-U1090,explorer.exe,PROCESS_START,8.5,340
EP006493,2026-06-04 10:00:00,U1017,emily.hernandez34,WKSTN-U1017,notepad.exe,PROCESS_START,12.2,644
EP026358,2026-06-04 09:36:00,U1065,michael.ramirez47,WKSTN-U1065,DocuSign,PROCESS_START,4.5,702
EP027935,2026-06-04 10:02:00,U1069,jessica.clark,WKSTN-U1069,Chrome	,PROCESS_START,18.0,471
EP000070,2026-06-04 09:47:00,U1001,,WKSTN-U1001,teams.exe,PROCESS_START,8.7,519000.0
EP040664,2026-06-04 09:59:00,U1099,joseph.garcia,WKSTN-U1099,Excel,PROCESS_START,32.2,825
EP004803,2026-06-04 09:59:00,U1013,emily.smith,,QuickBooks,PROCESS_START,8.8,892
EP003636,2026-06-04 09:36:00,U1010,susan.young51,WKSTN-U1010,outlook.exe,PROCESS_START,20.9,528
EP001293,2026-06-04 09:37:00,U1004,elizabeth.wilson98,WKSTN-U1004,notepad.exe,PROCESS_START,31.8,668
EP025960,2026-06-04 09:55:00,U1064,matthew.wright55,WKSTN-U1064,teams.exe,PROCESS_START,7.4,439
EP022380,2026-06-04 09:33:00,U1055,patricia.wilson54,,Excel,PROCESS_START,10.5,732
EP021155,2026-06-04 09:42:00,U1052,paul.taylor,WKSTN-U1052,Zoom,PROCESS_START,14.4,269
EP021961,2026-06-04 09:48:00,U1054,anthony.martinez,WKSTN-U1054,NOTEPAD.EXE,PROCESS_START,3.8,779
EP024739,2026-06-04 09:42:00,U1061,jessica.rodriguez,WKSTN-U1061,Zoom,PROCESS_START,32.2,163
EP018777,2026-06-04 09:56:00,U1046,michelle.torres39,WKSTN-U1046,Workday,PROCESS_START,27.0,476
EP011914,2026-06-04 09:50:00,U1029,michelle.garcia54,WKSTN-U1029,teams.exe,PROCESS_START,3.7,210
EP035483,2026-06-04 09:48:00,U1087,  charles.sanchez ,WKSTN-U1087,SLACK,PROCESS_START,28.1,337
EP001688,2026-06-04 10:11:00,U1005,robert.robinson,WKSTN-U1005,Excel,PROCESS_START,27.6,704
EP013202,2026-06-04 10:11:00,U1032,paul.wright91,WKSTN-U1032,outlook.exe,PROCESS_START,24.9,379
EP002082,2026-06-04 10:11:00,U1006,george.gonzalez,WKSTN-U1006,SAP,PROCESS_START,5.0,607
EP024351,2026-06-04 10:21:00,U1060,matthew.anderson,WKSTN-U1060,outlook.exe	,PROCESS_START,17.8,406
EP005227,2026-06-04 10:10:00,U1014,james.taylor,WKSTN-U1014,notepad.exe,PROCESS_START,12.8,98
EP007438,2026-06-04 10:10:00,U1019,donna.anderson	,WKSTN-U1019,notepad.exe,PROCESS_START,21.5,612
EP025566,2026-06-04 10:19:00,U1063,john.nguyen,WKSTN-U1063,teams.exe,PROCESS_START,34.6,248
EP006978,2026-06-04 10:27:00,U1018,betty.white57,WKSTN-U1018,Slack,PROCESS_START,14.2,133
EP031554,2026-06-04 10:04:00,U1078,michelle.miller,WKSTN-U1078,explorer.exe,PROCESS_START,22.1,823
EP018779,2026-06-04 10:15:00,U1046,michelle.torres39,WKSTN-U1046,CHROME.EXE,PROCESS_START,20.0,120
EP002472,2026-06-04 10:06:00,U1007,sarah.robinson82,WKSTN-U1007,chrome.exe,PROCESS_START,1.5,441
EP035484,2026-06-04 10:31:00,U1087,charles.sanchez,WKSTN-U1087,Wireshark,PROCESS_START,9.6,584
EP021960,2026-06-04 10:26:00,U1054,anthony.martinez,WKSTN-U1054,Salesforce,PROCESS_START,30.6,753
EP012350,2026-06-04 10:21:00,U1030,BETTY.RODRIGUEZ86,WKSTN-U1030,Slack,,19.2,531
EP029184,2026-06-04 10:29:00,U1072,  kenneth.lopez ,WKSTN-U1072,docusign,PROCESS_START,4.1,97
EP022377,2026-06-04 10:03:00,U1055,patricia.wilson54,WKSTN-U1055,chrome.exe,PROCESS_START,,747
EP026791,2026-06-04 10:03:00,U1066,michelle.wright62,WKSTN-U1066,DocuSign,PROCESS_START,7.8,635
EP026359,2026-06-04 10:14:00,U1065,michael.ramirez47,WKSTN-U1065,,,1.8,741
EP035038,2026-06-04 10:15:00,U1086,STEVEN.THOMPSON53,WKSTN-U1086,notepad.exe,PROCESS_START,13.2,224
EP032821,2026-06-04 10:12:00,U1081,margaret.davis,WKSTN-U1081,notepad.exe,PROCESS_START,15.6,474
EP009681,2026-06-04 10:28:00,U1024,emily.miller,WKSTN-U1024,VSCode,PROCESS_START,13.8,689
EP000069,2026-06-04 10:24:00,U1001,linda.johnson95,,outlook.exe,PROCESS_START,13.5,860
EP040662,2026-06-04 10:25:00,U1099,joseph.garcia,WKSTN-U1099,Zoom,PROCESS_START,27.2,425
EP024352,2026-06-04 10:26:00,U1060,matthew.anderson,WKSTN-U1060,notepad.exe,PROCESS_START,29.6,467
EP027542,2026-06-04 10:22:00,U1068,  susan.thompson34 ,WKSTN-U1068,DocuSign,,17.7,486
EP029975,2026-06-04 11:01:00,U1074,sarah.williams7,WKSTN-U1074,Word,PROCESS_START,21.5,106
EP004802,2026-06-04 11:06:00,U1013,emily.smith,WKSTN-U1013,SAP,PROCESS_START,11.3,406
EP013989,2026-06-04 10:37:00,U1034,thomas.allen63,WKSTN-U1034,chrome.exe,PROCESS_START,7.2,470
EP011013,2026-06-04 10:45:00,U1027,patricia.brown75,  WKSTN-U1027 ,outlook.exe,PROCESS_START,6.3,846
EP030767,2026-06-04 11:02:00,U1076,john.torres,WKSTN-U1076	,Outlook,,21.4,315
EP036394,2026-06-04 10:52:00,U1089,paul.brown27,WKSTN-U1089,  chrome.exe ,PROCESS_START,27.7,448
EP031159,2026-06-04 11:11:00,U1077,kimberly.harris58,WKSTN-U1077,Chrome,PROCESS_START,2.6,182
EP035927,2026-06-04 11:12:00,U1088,andrew.smith85,WKSTN-U1088,notepad.exe,PROCESS_START,32.8,578
EP022760,2026-06-04 10:51:00,U1056,anthony.clark,WKSTN-U1056,Zoom,PROCESS_START,33.1,273
EP040273,2026-06-04 10:31:00,U1098,nancy.wright49,WKSTN-U1098,PowerPoint,PROCESS_START,18.1,844
EP020766,2026-06-04 10:51:00,U1051,sandra.king72,WKSTN-U1051,Excel,PROCESS_START,20.2,240
EP010573,2026-06-04 11:05:00,U1026,elizabeth.gonzalez,WKSTN-U1026,notepad.exe,PROCESS_START,12.5,721
EP005228,2026-06-04 11:06:00,U1014,james.taylor,WKSTN-U1014,explorer.exe,PROCESS_START,4.9,112
EP038198,2026-06-04 10:59:00,U1093,SARAH.CLARK44,  WKSTN-U1093 ,outlook.exe,PROCESS_START,31.8,312
EP015591,2026-06-04 11:02:00,U1038,emily.clark	,WKSTN-U1038,notepad.exe,PROCESS_START,12.1,405
EP036393,2026-06-04 10:39:00,U1089,paul.brown27,WKSTN-U1089,NOTEPAD.EXE,process_start,34.1,249
EP023936,2026-06-04 11:01:00,U1059,daniel.perez98,WKSTN-U1059,Excel,PROCESS_START,18.8,150
EP016353,2026-06-04 10:46:00,U1040,matthew.martin,WKSTN-U1040,notepad.exe,PROCESS_START,35.0,266
EP028789,2026-06-04 11:03:00,U1071,matthew.robinson35,WKSTN-U1071,DocuSign,PROCESS_START,15.6,128
EP029587,2026-06-04 10:52:00,U1073,michael.gonzalez,WKSTN-U1073,chrome.exe,PROCESS_START,8.9,343
EP039064,2026-06-04 10:37:00,U1095,richard.thomas74,WKSTN-U1095,OUTLOOK.EXE,PROCESS_START,2.3,871
EP012347,2026-06-04 11:08:00,U1030,betty.rodriguez86,WKSTN-U1030,Slack,PROCESS_START,17.4,517
EP015588,2026-06-04 10:54:00,U1038,emily.clark,WKSTN-U1038,teams.exe,PROCESS_START,30.9,101
EP011917,2026-06-04 11:08:00,U1029,michelle.garcia54,WKSTN-U1029,VSCode,PROCESS_START,3.2,493
EP013987,2026-06-04 11:11:00,U1034,thomas.allen63,WKSTN-U1034,  Chrome ,PROCESS_START,10.4,872
EP002853,2026-06-04 11:38:00,U1008,joshua.hernandez,WKSTN-U1008,notepad.exe,PROCESS_START,12.6,81
EP038648,2026-06-04 11:18:00,U1094,elizabeth.lewis69,WKSTN-U1094,outlook.exe,PROCESS_START,18.8,159
EP000448,2026-06-04 11:27:00,U1002,donna.ramirez,WKSTN-U1002,QuickBooks,PROCESS_START,25.2,333
EP019589,2026-06-04 11:22:00,U1048,jennifer.thomas87,WKSTN-U1048,Salesforce,PROCESS_START,34.7,780
EP019962,2026-06-04 11:21:00,U1049,,WKSTN-U1049,Outlook,PROCESS_START,17.9,529
EP015982,2026-06-04 11:30:00,U1039,mark.thomas,WKSTN-U1039,Chrome,PROCESS_START,8.0,234
EP021959,2026-06-04 11:21:00,U1054,anthony.martinez,WKSTN-U1054,Outlook	,PROCESS_START,30.4,720
EP034604,2026-06-04 11:35:00,U1085,barbara.walker67,WKSTN-U1085,explorer.exe,PROCESS_START,6.4,526
EP025563,2026-06-04 11:30:00,U1063,john.nguyen,WKSTN-U1063,Word,PROCESS_START,26.1,740
EP023549,2026-06-04 11:19:00,U1058,jennifer.ramirez18,WKSTN-U1058,Salesforce,PROCESS_START,6.3,230
EP039066,2026-06-04 11:14:00,U1095,richard.thomas74,  WKSTN-U1095 ,explorer.exe,PROCESS_START,3.9,427
EP011918,2026-06-04 11:16:00,U1029,michelle.garcia54,WKSTN-U1029,explorer.exe,PROCESS_START,13.4,407
EP033707,2026-06-04 11:23:00,U1083,sarah.allen70,WKSTN-U1083,OUTLOOK.EXE,PROCESS_START,34.7,378
EP006489,2026-06-04 11:36:00,U1017,emily.hernandez34,WKSTN-U1017,VSCode,PROCESS_START,19.7,
EP025168,2026-06-04 11:32:00,U1062,william.martin,WKSTN-U1062,chrome.exe,PROCESS_START,32.4,688
EP019590,2026-06-04 11:15:00,U1048,JENNIFER.THOMAS87,WKSTN-U1048,explorer.exe,PROCESS_START,32.4,133
EP016352,2026-06-04 11:26:00,U1040,matthew.martin,WKSTN-U1040,Outlook,PROCESS_START,29.0,322
EP025169,2026-06-04 11:36:00,U1062,william.martin,WKSTN-U1062,Chrome,PROCESS_START,10.2,475
EP007879,2026-06-04 11:15:00,U1020,andrew.thomas36,  WKSTN-U1020 ,docker desktop,PROCESS_START,6.1,759
EP002471,2026-06-04 11:39:00,U1007,sarah.robinson82,WKSTN-U1007,Chrome,PROCESS_START,23.6,339
EP011014,2026-06-04 11:13:00,U1027,patricia.brown75,WKSTN-U1027,chrome.exe,PROCESS_START,,899
EP027541,2026-06-04 11:33:00,U1068,susan.thompson34,WKSTN-U1068,,PROCESS_START,21.2,705
EP028375,2026-06-04 11:26:00,U1070,betty.thomas40,WKSTN-U1070,chrome.exe,PROCESS_START,27.4,478
EP038646,2026-06-04 11:26:00,U1094,elizabeth.lewis69,WKSTN-U1094,PUTTY,PROCESS_START,21.4,124
EP023550,2026-06-04 11:30:00,U1058,,WKSTN-U1058,Zoom,PROCESS_START,23.7,796
EP015984,2026-06-04 11:43:00,U1039,mark.thomas,WKSTN-U1039,teams.exe,PROCESS_START,29.5,
EP034602,2026-06-04 11:43:00,U1085,BARBARA.WALKER67,WKSTN-U1085,PuTTY,PROCESS_START,1.0,430
EP020354,2026-06-04 11:48:00,U1050,michael.ramirez,WKSTN-U1050,Zoom,PROCESS_START,23.1,210
EP039876,2026-06-04 11:53:00,U1097,mark.martinez10	,WKSTN-U1097,teams.exe,PROCESS_START,9.4,649
EP015592,2026-06-04 11:52:00,U1038,emily.clark,WKSTN-U1038,chrome.exe,PROCESS_START,,474
EP006040,2026-06-04 12:06:00,U1016,PATRICIA.THOMAS,WKSTN-U1016,Git,PROCESS_START,9.7,836
EP023166,2026-06-04 12:02:00,U1057,nancy.sanchez,WKSTN-U1057,Outlook,PROCESS_START,16.7,764
EP002080,2026-06-04 11:52:00,U1006,george.gonzalez,WKSTN-U1006,explorer.exe,PROCESS_START,24.1,252
EP011916,2026-06-04 12:06:00,U1029,michelle.garcia54,WKSTN-U1029	,Docker Desktop,PROCESS_START,21.0,265
EP030770,2026-06-04 11:57:00,U1076,john.torres,WKSTN-U1076,Word,PROCESS_START,10.6,723
EP003996,2026-06-04 11:43:00,U1011,donna.ramirez75,WKSTN-U1011,SAP	,PROCESS_START,31.5,531
EP013608,2026-06-04 11:43:00,U1033,linda.miller,WKSTN-U1033,Workday,PROCESS_START,2.2,550
EP035928,2026-06-04 11:53:00,U1088,andrew.smith85,WKSTN-U1088,Terminal,PROCESS_START,22.9,496
EP029973,2026-06-04 11:57:00,U1074,,WKSTN-U1074,Outlook,PROCESS_START,2.0,521
EP020765,2026-06-04 12:03:00,U1051,sandra.king72,WKSTN-U1051	,chrome.exe,PROCESS_START,27.7,677
EP027171,2026-06-04 11:46:00,U1067,paul.thomas97,WKSTN-U1067,Outlook,PROCESS_START,26.4,551
EP009235,2026-06-04 11:47:00,U1023,richard.wright,WKSTN-U1023,TEAMS.EXE,PROCESS_START,34.8,547
EP018359,2026-06-04 11:52:00,U1045,daniel.sanchez90,WKSTN-U1045,explorer.exe,PROCESS_START,23.1,426
EP015589,2026-06-04 12:03:00,U1038,emily.clark,WKSTN-U1038,notepad.exe,PROCESS_START,33.5,881
EP037754,2026-06-04 11:39:00,U1092,steven.thomas,WKSTN-U1092,Slack,,15.8,549
EP014393,2026-06-04 11:43:00,U1035,nancy.rodriguez82,WKSTN-U1035,outlook.exe,PROCESS_START,15.3,556
EP029186,2026-06-04 11:58:00,U1072,kenneth.lopez,WKSTN-U1072,chrome.exe,PROCESS_START,17.6,450
EP018360,2026-06-04 12:04:00,U1045,daniel.sanchez90,WKSTN-U1045,Workday,PROCESS_START,17.2,234
EP037305,2026-06-04 11:57:00,U1091,  linda.robinson ,WKSTN-U1091,chrome.exe,PROCESS_START,7.9,817
EP018778,2026-06-04 11:48:00,U1046,michelle.torres39,WKSTN-U1046,Outlook,PROCESS_START,,287
EP015160,2026-06-04 12:22:00,U1037,robert.martin,WKSTN-U1037,  Excel ,PROCESS_START,31.8,320
EP011017,2026-06-04 12:08:00,U1027,patricia.brown75,WKSTN-U1027,teams.exe,PROCESS_START,22.7,568
EP021552,2026-06-04 12:25:00,U1053,john.jackson31,WKSTN-U1053,ZOOM,process_start,25.0,481
EP037756,2026-06-04 12:15:00,U1092,steven.thomas,WKSTN-U1092,Terminal,PROCESS_START,3.7,261
EP038196,2026-06-04 12:10:00,U1093,sarah.clark44,WKSTN-U1093,Slack,,33.1,287
EP019961,2026-06-04 12:22:00,U1049,michelle.jones59,WKSTN-U1049,Salesforce,PROCESS_START,22.1,370
EP025166,2026-06-04 12:20:00,U1062,william.martin,WKSTN-U1062	,teams.exe,PROCESS_START,27.6,786
EP003635,2026-06-04 12:07:00,U1010,susan.young51,WKSTN-U1010,teams.exe,PROCESS_START,12.1,456
EP009233,2026-06-04 12:09:00,U1023,richard.wright,WKSTN-U1023,Jenkins,PROCESS_START,8.0,295
EP012352,2026-06-04 12:06:00,U1030,betty.rodriguez86,WKSTN-U1030,outlook.exe,PROCESS_START,,262
EP017957,2026-06-04 12:23:00,U1044,lisa.ramirez9,WKSTN-U1044,notepad.exe,PROCESS_START,31.7,443
EP027170,2026-06-04 12:26:00,U1067,paul.thomas97,WKSTN-U1067,explorer.exe,PROCESS_START,20.8,
EP014779,2026-06-04 12:12:00,U1036,linda.jones,WKSTN-U1036,Excel	,PROCESS_START,29.7,
EP021555,2026-06-04 12:21:00,U1053,john.jackson31,WKSTN-U1053,outlook.exe,PROCESS_START,27.0,277
EP028786,2026-06-04 12:21:00,U1071,matthew.robinson35,WKSTN-U1071,Outlook,PROCESS_START,,759
EP012794,2026-06-04 12:08:00,U1031,  john.wright28 ,WKSTN-U1031,Chrome,PROCESS_START,27.7,562
EP029183,2026-06-04 12:08:00,U1072,kenneth.lopez,WKSTN-U1072,chrome.exe,PROCESS_START,25.2,277
EP041036,2026-06-04 12:17:00,U1100,daniel.brown38,WKSTN-U1100,teams.exe,PROCESS_START,15.1,121
EP021556,2026-06-04 12:08:00,U1053,john.jackson31,WKSTN-U1053,chrome.exe,PROCESS_START,30.1,186
EP013611,2026-06-04 12:18:00,U1033,linda.miller,WKSTN-U1033,Excel,PROCESS_START,16.2,502
EP039873,2026-06-04 12:24:00,U1097,mark.martinez10,,chrome.exe,PROCESS_START,31.8,404
EP007874,2026-06-04 12:07:00,U1020,andrew.thomas36,WKSTN-U1020,teams.exe,PROCESS_START,16.7,789
EP005630,2026-06-04 12:23:00,U1015,lisa.hernandez,WKSTN-U1015,teams.exe,PROCESS_START,34.5,695
EP011018,2026-06-04 12:19:00,U1027,patricia.brown75,WKSTN-U1027,Chrome,PROCESS_START,30.0,561
EP017576,2026-06-04 12:10:00,U1043,thomas.williams91,WKSTN-U1043,Outlook,PROCESS_START,28.4,604
EP027540,2026-06-04 12:31:00,U1068,susan.thompson34,WKSTN-U1068,outlook.exe,PROCESS_START,10.5,626
EP004382,2026-06-04 12:55:00,U1012,linda.martinez,WKSTN-U1012,explorer.exe,PROCESS_START,24.3,154
EP040663,2026-06-04 12:27:00,U1099,joseph.garcia,WKSTN-U1099,outlook.exe,PROCESS_START,2.9,227
EP016349,2026-06-04 12:27:00,U1040,matthew.martin,WKSTN-U1040,chrome.exe,PROCESS_START,,143
EP025565,2026-06-04 12:57:00,U1063,john.nguyen,WKSTN-U1063,notepad.exe,PROCESS_START,28.5,305
EP020357,2026-06-04 12:29:00,U1050,michael.ramirez,WKSTN-U1050,teams.exe,PROCESS_START,21.8,817
EP035932,2026-06-04 12:33:00,U1088,andrew.smith85,WKSTN-U1088,explorer.exe,PROCESS_START,9.5,343
EP004381,2026-06-04 12:30:00,U1012,linda.martinez,WKSTN-U1012,QuickBooks,PROCESS_START,2.0,648
EP017960,2026-06-04 12:30:00,U1044,lisa.ramirez9,WKSTN-U1044,chrome.exe,PROCESS_START,33.5,703
EP040274,2026-06-04 12:42:00,U1098,nancy.wright49,WKSTN-U1098,chrome.exe,PROCESS_START,25.2,800
EP009234,2026-06-04 12:32:00,U1023,richard.wright,WKSTN-U1023	,Chrome,PROCESS_START,8.4,850
EP021956,2026-06-04 12:42:00,U1054,anthony.martinez,WKSTN-U1054,Excel,PROCESS_START,24.5,853
EP032819,2026-06-04 12:56:00,U1081,margaret.davis,WKSTN-U1081,Terminal,PROCESS_START,26.4,229
EP035036,2026-06-04 12:27:00,U1086,steven.thompson53,WKSTN-U1086,Active Directory Console,PROCESS_START,28.5,160
EP007877,2026-06-04 12:34:00,U1020,andrew.thomas36,WKSTN-U1020,outlook.exe,PROCESS_START,30.5,542
EP021554,2026-06-04 12:26:00,U1053,john.jackson31,,Excel,PROCESS_START,28.2,656
EP002474,2026-06-04 12:39:00,U1007,sarah.robinson82,WKSTN-U1007,teams.exe,process_start,17.5,356
EP029974,2026-06-04 12:35:00,U1074,sarah.williams7,WKSTN-U1074,Word,PROCESS_START,23.4,818
EP028374,2026-06-04 12:44:00,U1070,betty.thomas40,WKSTN-U1070,Chrome,PROCESS_START,16.1,639
EP035929,2026-06-04 12:42:00,U1088,andrew.smith85,WKSTN-U1088,Slack,PROCESS_START,4.7,271
EP025170,2026-06-04 12:51:00,U1062,william.martin,WKSTN-U1062,chrome.exe,PROCESS_START,27.7,563
EP031553,2026-06-04 12:36:00,U1078,michelle.miller,WKSTN-U1078,Outlook,PROCESS_START,22.1,571
EP025957,2026-06-04 12:33:00,U1064,matthew.wright55,WKSTN-U1064,Chrome,PROCESS_START,34.0,756
EP002475,2026-06-04 12:51:00,U1007,sarah.robinson82,WKSTN-U1007,outlook.exe,PROCESS_START,25.8,101
EP007440,2026-06-04 12:55:00,U1019,donna.anderson,WKSTN-U1019,git,PROCESS_START,22.8,434
EP023935,2026-06-04 12:58:00,U1059,daniel.perez98,WKSTN-U1059,,PROCESS_START,17.2,814
EP031162,2026-06-04 13:09:00,U1077,kimberly.harris58,WKSTN-U1077,Outlook,PROCESS_START,21.3,397
EP000878,2026-06-04 13:20:00,U1003,kenneth.clark29,WKSTN-U1003,notepad.exe,PROCESS_START,27.3,487
EP024350,2026-06-04 13:14:00,U1060,matthew.anderson,WKSTN-U1060,outlook.exe,PROCESS_START,11.2,106
EP003997,2026-06-04 13:11:00,U1011,donna.ramirez75,WKSTN-U1011,teams.exe,PROCESS_START,10.6,246
EP035931,2026-06-04 12:59:00,U1088,andrew.smith85,WKSTN-U1088,chrome.exe,PROCESS_START,25.2,342
EP026363,2026-06-04 13:17:00,U1065,michael.ramirez47,WKSTN-U1065,outlook.exe,process_start,30.2,738
EP016351,2026-06-04 13:05:00,U1040,matthew.martin,WKSTN-U1040,Chrome,PROCESS_START,31.9,135
EP013201,2026-06-04 13:10:00,U1032,paul.wright91,WKSTN-U1032,Workday,PROCESS_START,9.6,586
EP000876,2026-06-04 13:10:00,U1003,kenneth.clark29,WKSTN-U1003,chrome.exe,PROCESS_START,7.1,652
EP040275,2026-06-04 13:15:00,U1098,nancy.wright49,WKSTN-U1098,PowerPoint,PROCESS_START,8.9,454
EP038651,2026-06-04 13:16:00,U1094,elizabeth.lewis69,WKSTN-U1094,Slack,PROCESS_START,,88
EP000451,2026-06-04 13:11:00,U1002,donna.ramirez,,Excel,PROCESS_START,22.5,867
EP038649,2026-06-04 12:59:00,U1094,elizabeth.lewis69,WKSTN-U1094,Active Directory Console,PROCESS_START,26.9,866
EP011015,2026-06-04 13:02:00,U1027,patricia.brown75,WKSTN-U1027,explorer.exe,PROCESS_START,20.0,739
EP019588,2026-06-04 13:04:00,U1048,jennifer.thomas87,WKSTN-U1048,chrome.exe,PROCESS_START,26.3,155
EP004801,2026-06-04 13:14:00,U1013,emily.smith,WKSTN-U1013,Chrome,PROCESS_START,3.2,
EP033705,2026-06-04 13:07:00,U1083,sarah.allen70,WKSTN-U1083,Terminal,PROCESS_START,6.3,479
EP026792,2026-06-04 13:15:00,U1066,michelle.wright62,WKSTN-U1066,explorer.exe,PROCESS_START,30.4,310
EP014391,2026-06-04 13:09:00,U1035,nancy.rodriguez82,WKSTN-U1035,Workday,PROCESS_START,20.5,157
EP035037,2026-06-04 13:15:00,U1086,steven.thompson53,WKSTN-U1086,chrome.exe,PROCESS_START,34.1,362
EP000068,2026-06-04 13:01:00,U1001,LINDA.JOHNSON95,WKSTN-U1001,chrome.exe,PROCESS_START,8.6,190
EP019587,2026-06-04 13:11:00,U1048,jennifer.thomas87,WKSTN-U1048,Salesforce,PROCESS_START,N/A,222
EP000877,2026-06-04 13:09:00,U1003,kenneth.clark29,WKSTN-U1003,chrome.exe,PROCESS_START,,394
EP023938,2026-06-04 12:58:00,U1059,daniel.perez98,WKSTN-U1059,Chrome,PROCESS_START,4.7,698
EP039463,2026-06-04 13:34:00,U1096,david.allen76,WKSTN-U1096,Chrome,PROCESS_START,18.8,796
EP003639,2026-06-04 13:29:00,U1010,susan.young51,WKSTN-U1010,Excel,PROCESS_START,35.0,237
EP026360,2026-06-04 13:20:00,U1065,michael.ramirez47,WKSTN-U1065,,PROCESS_START,25.6,141
EP010574,2026-06-04 13:29:00,U1026,elizabeth.gonzalez,WKSTN-U1026,Jenkins,PROCESS_START,15.9,302
EP009232,2026-06-04 13:36:00,U1023,richard.wright,WKSTN-U1023,notepad.exe,PROCESS_START,17.7,893
EP025564,2026-06-04 13:27:00,U1063,john.nguyen,WKSTN-U1063,chrome.exe,PROCESS_START,32.4,184
EP023939,2026-06-04 13:35:00,U1059,daniel.perez98,WKSTN-U1059,Chrome,PROCESS_START,18.4,491
EP037753,2026-06-04 13:23:00,U1092,steven.thomas,WKSTN-U1092,Slack,PROCESS_START,26.1,139
EP034138,2026-06-04 13:37:00,U1084,joshua.taylor,  WKSTN-U1084 ,Chrome,PROCESS_START,20.2,787
EP013990,2026-06-04 13:24:00,U1034,thomas.allen63	,WKSTN-U1034,notepad.exe,PROCESS_START,18.4,397
EP039062,2026-06-04 13:28:00,U1095,richard.thomas74,WKSTN-U1095,Outlook,PROCESS_START,5.4,769
EP017170,2026-06-04 13:34:00,U1042,michael.hill56,WKSTN-U1042,Workday,PROCESS_START,13.5,369
EP011915,2026-06-04 13:23:00,U1029,michelle.garcia54,  WKSTN-U1029 ,Chrome,PROCESS_START,2.1,772
EP020356,2026-06-04 13:32:00,U1050,michael.ramirez,WKSTN-U1050,chrome.exe,PROCESS_START,4.5,741
EP006491,2026-06-04 13:37:00,U1017,emily.hernandez34,WKSTN-U1017,VSCode,PROCESS_START,11.8,154
EP027934,2026-06-04 13:27:00,U1069,jessica.clark,WKSTN-U1069,DocuSign,PROCESS_START,27.0,393
EP038650,2026-06-04 13:35:00,U1094,elizabeth.lewis69,WKSTN-U1094,PuTTY,PROCESS_START,27.5,157
EP003229,2026-06-04 13:22:00,U1009,daniel.brown,WKSTN-U1009,notepad.exe,PROCESS_START,34.5,479
EP040277,2026-06-04 13:24:00,U1098,nancy.wright49,WKSTN-U1098,explorer.exe,PROCESS_START,4.4,853
EP006974,2026-06-04 13:30:00,U1018,betty.white57,WKSTN-U1018,Jenkins,PROCESS_START,8.5,652
EP016350,2026-06-04 13:36:00,U1040,matthew.martin,WKSTN-U1040,teams.exe,PROCESS_START,13.0,485
EP008323,2026-06-04 13:28:00,U1021,jessica.walker,WKSTN-U1021,explorer.exe,PROCESS_START,3.2,613
EP025959,2026-06-04 13:33:00,U1064,,WKSTN-U1064,Outlook,PROCESS_START,4.7,481
EP006976,2026-06-04 13:36:00,U1018,betty.white57,WKSTN-U1018,notepad.exe,PROCESS_START,12.8,793
EP019181,2026-06-04 13:29:00,U1047,sandra.lewis,WKSTN-U1047,outlook.exe	,PROCESS_START,14.5,716
EP010124,2026-06-04 13:43:00,U1025,betty.brown22,WKSTN-U1025,Git,PROCESS_START,12.4,108
EP021957,2026-06-04 13:42:00,U1054,anthony.martinez,WKSTN-U1054,Zoom,PROCESS_START,18.3,563
EP030390,2026-06-04 13:59:00,U1075,steven.lewis,WKSTN-U1075,teams.exe,PROCESS_START,3.3,307
EP012795,2026-06-04 14:05:00,U1031,john.wright28,WKSTN-U1031,teams.exe,PROCESS_START,18.5,315
EP031966,2026-06-04 13:46:00,U1079,emily.jones,WKSTN-U1079,,PROCESS_START,26.1,464
EP025958,2026-06-04 14:04:00,U1064,matthew.wright55	,WKSTN-U1064,Outlook,PROCESS_START,30.3,560
EP008324,2026-06-04 13:49:00,U1021,jessica.walker,WKSTN-U1021,vscode,PROCESS_START,8.1,397
EP040276,2026-06-04 13:55:00,U1098,nancy.wright49,WKSTN-U1098,Excel,PROCESS_START,28.4,418
EP019960,2026-06-04 13:47:00,U1049,michelle.jones59,WKSTN-U1049,teams.exe,PROCESS_START,30.1,750
EP032822,2026-06-04 13:41:00,U1081,margaret.davis,WKSTN-U1081,teams.exe,PROCESS_START,17.7,451
EP006975,2026-06-04 14:01:00,U1018,betty.white57	,WKSTN-U1018,chrome.exe,PROCESS_START,18.3,602
EP026361,2026-06-04 13:50:00,U1065,michael.ramirez47,WKSTN-U1065,Word,PROCESS_START,10.8,445
EP013609,2026-06-04 13:59:00,U1033,linda.miller,WKSTN-U1033,Chrome,PROCESS_START,5.7,94
EP014390,2026-06-04 14:00:00,U1035,nancy.rodriguez82,WKSTN-U1035,Chrome,PROCESS_START,2.9,563
EP022762,2026-06-04 14:01:00,U1056,anthony.clark,WKSTN-U1056,explorer.exe,PROCESS_START,12.0,463
EP039459,2026-06-04 13:59:00,U1096,david.allen76,WKSTN-U1096,Chrome,PROCESS_START,15.0,628
EP023934,2026-06-04 14:05:00,U1059,daniel.perez98,WKSTN-U1059,notepad.exe,PROCESS_START,24.7,363
EP017167,2026-06-04 13:43:00,U1042,  michael.hill56 ,WKSTN-U1042,Chrome,PROCESS_START,15.1,137
EP035481,2026-06-04 13:45:00,U1087,charles.sanchez,WKSTN-U1087,notepad.exe,PROCESS_START,24.4,635
EP012349,2026-06-04 13:47:00,U1030,betty.rodriguez86,WKSTN-U1030,Git,PROCESS_START,21.1,743
EP002854,2026-06-04 13:42:00,U1008,joshua.hernandez,WKSTN-U1008,teams.exe,PROCESS_START,26.6,159
EP020764,2026-06-04 14:06:00,U1051,,WKSTN-U1051,teams.exe,PROCESS_START,19.9,381
EP006494,2026-06-04 14:03:00,U1017,emily.hernandez34,WKSTN-U1017,Slack,PROCESS_START,-20.4,222
EP002855,2026-06-04 14:00:00,U1008,joshua.hernandez,WKSTN-U1008	,Outlook	,PROCESS_START,5.7,272
EP004384,2026-06-04 13:55:00,U1012,linda.martinez,WKSTN-U1012,outlook.exe,PROCESS_START,3.1,148
EP022759,2026-06-04 14:07:00,U1056,anthony.clark,WKSTN-U1056	,Outlook,PROCESS_START,22.6,337
EP021156,2026-06-04 14:15:00,U1052,paul.taylor,WKSTN-U1052,Excel,PROCESS_START,18.0,822
EP019183,2026-06-04 14:21:00,U1047,sandra.lewis,WKSTN-U1047,outlook.exe,PROCESS_START,19.2,181
EP039875,2026-06-04 14:21:00,U1097,mark.martinez10,WKSTN-U1097,notepad.exe,PROCESS_START,22.5,547
EP014778,2026-06-04 14:12:00,U1036,  linda.jones ,WKSTN-U1036,Excel,PROCESS_START,6.8,692
EP014392,2026-06-04 14:15:00,U1035,  nancy.rodriguez82 ,WKSTN-U1035,teams.exe,PROCESS_START,29.7,365
EP039460,2026-06-04 14:17:00,U1096,,WKSTN-U1096,chrome.exe,PROCESS_START,18.6,811
EP019180,2026-06-04 14:22:00,U1047,sandra.lewis,WKSTN-U1047,Chrome,PROCESS_START,5.9,445
EP028787,2026-06-04 14:28:00,U1071,matthew.robinson35,WKSTN-U1071,outlook.exe,PROCESS_START,8.9,
EP005629,2026-06-04 14:08:00,U1015,lisa.hernandez,WKSTN-U1015,explorer.exe,PROCESS_START,7.0,433
EP024737,2026-06-04 14:24:00,U1061,jessica.rodriguez,WKSTN-U1061,outlook.exe,PROCESS_START,33.2,710
EP023551,2026-06-04 14:30:00,U1058,jennifer.ramirez18,WKSTN-U1058,Outlook,PROCESS_START,17.1,761
EP006041,2026-06-04 14:26:00,U1016,patricia.thomas,WKSTN-U1016,outlook.exe,PROCESS_START,5.8,177
EP019958,2026-06-04 14:26:00,U1049,michelle.jones59,WKSTN-U1049,outlook.exe,PROCESS_START,13.2,339
EP039461,2026-06-04 14:27:00,U1096,david.allen76,WKSTN-U1096,Zoom,PROCESS_START,23.1,792
EP024736,2026-06-04 14:26:00,U1061,jessica.rodriguez,WKSTN-U1061,,PROCESS_START,24.1,885
EP012348,2026-06-04 14:28:00,U1030,betty.rodriguez86,WKSTN-U1030,Docker Desktop,PROCESS_START,23.1,147
EP032385,2026-06-04 14:24:00,U1080,joseph.jackson91,WKSTN-U1080,explorer.exe,PROCESS_START,35.0,490
EP005226,2026-06-04 14:31:00,U1014,james.taylor,WKSTN-U1014,explorer.exe,PROCESS_START,32.9,723
EP008774,2026-06-04 14:13:00,U1022,sandra.brown,WKSTN-U1022,notepad.exe,process_start,9.9,341
EP007436,2026-06-04 14:09:00,U1019,donna.anderson,WKSTN-U1019,Slack,PROCESS_START,25.7,809
EP026790,2026-06-04 14:22:00,U1066,michelle.wright62,WKSTN-U1066,notepad.exe,PROCESS_START,31.6,637
EP019963,2026-06-04 14:10:00,U1049,michelle.jones59,WKSTN-U1049,Zoom,PROCESS_START,30.9,178
EP002083,2026-06-04 14:12:00,U1006,george.gonzalez,WKSTN-U1006,notepad.exe,PROCESS_START,21.2,232
EP031161,2026-06-04 14:30:00,U1077,kimberly.harris58,WKSTN-U1077	,explorer.exe,PROCESS_START,18.7,138
EP018358,2026-06-04 14:33:00,U1045,daniel.sanchez90,WKSTN-U1045,notepad.exe,PROCESS_START,33.4,566000.0
EP000071,2026-06-04 14:37:00,U1001,linda.johnson95,WKSTN-U1001,outlook.exe,PROCESS_START,34.1,716
EP021958,2026-06-04 14:43:00,U1054,,WKSTN-U1054,notepad.exe,PROCESS_START,4.0,133
EP000879,2026-06-04 14:41:00,U1003,kenneth.clark29,WKSTN-U1003,QuickBooks,PROCESS_START,30.1,755
EP024740,2026-06-04 14:51:00,U1061,jessica.rodriguez,WKSTN-U1061,teams.exe,PROCESS_START,29.3,256
EP036837,2026-06-04 14:52:00,U1090,mary.hill,WKSTN-U1090,Active Directory Console,PROCESS_START,8.2,629
EP033704,2026-06-04 14:39:00,U1083,sarah.allen70,WKSTN-U1083,chrome.exe,PROCESS_START,11.3,780
EP034136,2026-06-04 14:47:00,U1084,joshua.taylor,WKSTN-U1084,chrome.exe,PROCESS_START,4.1,846
EP015161,2026-06-04 14:51:00,U1037,robert.martin,WKSTN-U1037,teams.exe,process_start,14.5,671
EP015593,2026-06-04 14:33:00,U1038,emily.clark,WKSTN-U1038,Chrome,process_start,14.3,802
EP017574,2026-06-04 14:41:00,U1043,thomas.williams91,WKSTN-U1043,Chrome,PROCESS_START,5.1,434
EP033260,2026-06-04 14:47:00,U1082,karen.hill96,WKSTN-U1082,,PROCESS_START,34.7,527
EP015159,2026-06-04 14:47:00,U1037,robert.martin,WKSTN-U1037,outlook.exe,PROCESS_START,18.9,716
EP025961,2026-06-04 14:35:00,U1064,matthew.wright55,WKSTN-U1064,Word,PROCESS_START,16.3,548
EP032818,2026-06-04 14:31:00,U1081,margaret.davis,WKSTN-U1081,Terminal,PROCESS_START,33.1,312
EP023937,2026-06-04 14:49:00,U1059,daniel.perez98,WKSTN-U1059,Salesforce,PROCESS_START,23.3,808
EP039874,2026-06-04 14:43:00,U1097,mark.martinez10,WKSTN-U1097,notepad.exe,PROCESS_START,30.3,851
EP000875,2026-06-04 14:51:00,U1003,kenneth.clark29,WKSTN-U1003,Outlook,PROCESS_START,15.0,882
EP033706,2026-06-04 14:41:00,U1083,sarah.allen70,WKSTN-U1083,outlook.exe,PROCESS_START,33.8,664
EP009685,2026-06-04 14:36:00,U1024,emily.miller,WKSTN-U1024,teams.exe,PROCESS_START,2.3,426
EP034135,2026-06-04 14:45:00,U1084,joshua.taylor,WKSTN-U1084,outlook.exe,PROCESS_START,18.8,452
EP000450,2026-06-04 14:43:00,U1002,donna.ramirez,WKSTN-U1002	,Chrome,PROCESS_START,22.3,464
EP019182,2026-06-04 14:37:00,U1047,sandra.lewis,WKSTN-U1047,outlook.exe,PROCESS_START,32.9,
EP009682,2026-06-04 14:50:00,U1024,emily.miller,WKSTN-U1024,notepad.exe,PROCESS_START,9.2,536
EP041035,2026-06-04 14:45:00,U1100,daniel.brown38,WKSTN-U1100,explorer.exe,PROCESS_START,30.0,341
EP010572,2026-06-04 15:18:00,U1026,elizabeth.gonzalez,WKSTN-U1026,chrome.exe,PROCESS_START,28.4,453
EP037755,2026-06-04 15:30:00,U1092,steven.thomas,WKSTN-U1092,Active Directory Console,PROCESS_START,24.3,798
EP017961,2026-06-04 15:00:00,U1044,lisa.ramirez9,WKSTN-U1044,outlook.exe,PROCESS_START,11.5,267
EP007876,2026-06-04 15:17:00,U1020,andrew.thomas36,WKSTN-U1020,Slack,PROCESS_START,30.5,512
EP001686,2026-06-04 15:16:00,U1005,,WKSTN-U1005,SAP,PROCESS_START,32.5,528
EP031555,2026-06-04 15:28:00,U1078,michelle.miller,WKSTN-U1078,Outlook,PROCESS_START,18.2,559
EP011496,2026-06-04 15:11:00,U1028,john.hill,WKSTN-U1028,Chrome,PROCESS_START,9.0,81
EP022379,2026-06-04 14:54:00,U1055,patricia.wilson54,WKSTN-U1055,Outlook,PROCESS_START,22.1,121
EP033258,2026-06-04 15:20:00,U1082,karen.hill96,WKSTN-U1082,teams.exe,PROCESS_START,28.2,883
EP010125,2026-06-04 15:13:00,U1025,betty.brown22,WKSTN-U1025	,,PROCESS_START,5.0,208
EP013612,2026-06-04 15:11:00,U1033,linda.miller,WKSTN-U1033,Chrome,PROCESS_START,19.8,728
EP039065,2026-06-04 15:03:00,U1095,richard.thomas74,WKSTN-U1095,,PROCESS_START,33.0,814
EP036395,2026-06-04 15:27:00,U1089,paul.brown27,WKSTN-U1089,teams.exe,PROCESS_START,2.0,446
EP030389,2026-06-04 15:32:00,U1075,steven.lewis,WKSTN-U1075,DocuSign,PROCESS_START,23.6,710
EP013198,2026-06-04 14:57:00,U1032,paul.wright91,WKSTN-U1032,outlook.exe,PROCESS_START,7000.0,665
EP007875,2026-06-04 15:24:00,U1020,andrew.thomas36	,WKSTN-U1020,teams.exe,PROCESS_START,30.2,421
EP028373,2026-06-04 15:10:00,U1070,betty.thomas40,WKSTN-U1070,chrome.exe,PROCESS_START,16.3,595
EP036835,2026-06-04 15:16:00,U1090,mary.hill,WKSTN-U1090,PuTTY,PROCESS_START,2.8,189
EP034139,2026-06-04 15:03:00,U1084,joshua.taylor,WKSTN-U1084,Terminal,PROCESS_START,7.0,875
EP035482,2026-06-04 15:01:00,U1087,charles.sanchez,WKSTN-U1087,PuTTY,PROCESS_START,23.6,722
EP023168,2026-06-04 15:05:00,U1057,nancy.sanchez,WKSTN-U1057,Outlook,PROCESS_START,26.8,790
EP008322,2026-06-04 15:01:00,U1021,,WKSTN-U1021,Docker Desktop,PROCESS_START,14.2,320
EP011913,2026-06-04 15:19:00,U1029,MICHELLE.GARCIA54,WKSTN-U1029	,chrome.exe,PROCESS_START,8.0,889
EP032382,2026-06-04 15:10:00,U1080,  joseph.jackson91 ,WKSTN-U1080,notepad.exe,PROCESS_START,17.9,752
EP013986,2026-06-04 14:54:00,U1034,thomas.allen63,WKSTN-U1034,explorer.exe,PROCESS_START,22.0,126
EP007439,2026-06-04 16:14:00,U1019,DONNA.ANDERSON	,WKSTN-U1019,outlook.exe,,20.9,663
EP034137,2026-06-04 15:34:00,U1084,joshua.taylor,WKSTN-U1084,Terminal,PROCESS_START,27.0,
EP010126,2026-06-04 15:51:00,U1025,betty.brown22,WKSTN-U1025,Slack,PROCESS_START,16.9,254
EP009684,2026-06-04 16:19:00,U1024,emily.miller,WKSTN-U1024,Git,PROCESS_START,18.6,582
EP027169,2026-06-04 16:22:00,U1067,paul.thomas97,WKSTN-U1067,explorer.exe,PROCESS_START,,673
EP007878,2026-06-04 16:13:00,U1020,andrew.thomas36,WKSTN-U1020,Chrome,PROCESS_START,9.6,858
EP003637,2026-06-04 15:38:00,U1010,susan.young51,WKSTN-U1010,chrome.exe,PROCESS_START,15.7,606
EP020352,2026-06-04 16:16:00,U1050,  michael.ramirez ,WKSTN-U1050,outlook.exe,PROCESS_START,15.2,87
EP017169,2026-06-04 15:47:00,U1042,michael.hill56,WKSTN-U1042,chrome.exe,PROCESS_START,17.2,871
EP035930,2026-06-04 16:01:00,U1088,andrew.smith85,WKSTN-U1088	,Active Directory Console,PROCESS_START,13.6,493
EP040278,2026-06-04 16:20:00,U1098,nancy.wright49,WKSTN-U1098,notepad.exe,PROCESS_START,25.6,616
EP033708,2026-06-04 15:44:00,U1083,sarah.allen70,WKSTN-U1083,PuTTY,PROCESS_START,26.7,857
EP020355,2026-06-04 15:50:00,U1050,michael.ramirez,WKSTN-U1050,Salesforce,PROCESS_START,32.0,118
EP013610,2026-06-04 15:36:00,U1033,linda.miller,WKSTN-U1033,chrome.exe,PROCESS_START,12.4,659
EP007437,2026-06-04 16:24:00,U1019,donna.anderson,WKSTN-U1019,VSCode,PROCESS_START,33.6,307
EP038199,2026-06-04 15:53:00,U1093,sarah.clark44,WKSTN-U1093,EXPLORER.EXE,PROCESS_START,25.3,790
EP001292,2026-06-04 16:17:00,U1004,elizabeth.wilson98,WKSTN-U1004,SAP,PROCESS_START,23.6,352
EP010123,2026-06-04 16:04:00,U1025,betty.brown22,WKSTN-U1025,teams.exe,PROCESS_START,18.4,587
EP029586,2026-06-04 16:13:00,U1073,michael.gonzalez,WKSTN-U1073,explorer.exe,PROCESS_START,29.4,432
EP004383,2026-06-04 15:59:00,U1012,linda.martinez,WKSTN-U1012,chrome.exe,PROCESS_START,13.0,92
EP001687,2026-06-04 16:04:00,U1005,robert.robinson,WKSTN-U1005,chrome.exe,PROCESS_START,33.7,853
EP029585,2026-06-04 15:35:00,U1073,michael.gonzalez,WKSTN-U1073,DocuSign,PROCESS_START,21.5,131
EP011497,2026-06-04 15:38:00,U1028,john.hill,WKSTN-U1028,Git,PROCESS_START,1.0,
EP003995,2026-06-04 15:38:00,U1011,donna.ramirez75,WKSTN-U1011,notepad.exe,,8.5,366
EP000449,2026-06-04 15:49:00,U1002,donna.ramirez,WKSTN-U1002,explorer.exe,PROCESS_START,,671
EP037304,2026-06-04 17:31:00,U1091,linda.robinson,WKSTN-U1091,PuTTY,,28.8,447
EP008776,2026-06-04 16:28:00,U1022,sandra.brown,WKSTN-U1022,Slack,PROCESS_START,6.6,117
EP005628,2026-06-04 17:24:00,U1015,lisa.hernandez,WKSTN-U1015,chrome.exe,PROCESS_START,33.3,662
EP013988,2026-06-04 16:33:00,U1034,thomas.allen63,,Excel,PROCESS_START,8.9,654
EP020353,2026-06-04 17:24:00,U1050,michael.ramirez,WKSTN-U1050,chrome.exe,PROCESS_START,32.6,493
EP008773,2026-06-04 16:29:00,U1022,sandra.brown,WKSTN-U1022,notepad.exe,PROCESS_START,22.7,570
EP003640,2026-06-04 17:07:00,U1010,susan.young51,WKSTN-U1010,explorer.exe,PROCESS_START,12.2,811
EP006042,2026-06-04 16:45:00,U1016,patricia.thomas,WKSTN-U1016,notepad.exe,PROCESS_START,15.4,335
EP033259,2026-06-04 16:50:00,U1082,karen.hill96,WKSTN-U1082,PuTTY,PROCESS_START,29.3,575
EP011016,2026-06-04 16:55:00,U1027,patricia.brown75,WKSTN-U1027,explorer.exe,PROCESS_START,,569
EP008775,2026-06-04 16:41:00,U1022,sandra.brown,WKSTN-U1022,outlook.exe,PROCESS_START,10.0,504
EP004800,2026-06-04 17:03:00,U1013,emily.smith,WKSTN-U1013,Excel,PROCESS_START,23.0,578
EP023167,2026-06-04 17:25:00,U1057,nancy.sanchez,WKSTN-U1057,Chrome,PROCESS_START,32.4,645
EP006490,2026-06-04 16:52:00,U1017,emily.hernandez34,WKSTN-U1017,chrome.exe,PROCESS_START,13.6,839
EP012793,2026-06-04 16:42:00,U1031,john.wright28,WKSTN-U1031,Chrome,PROCESS_START,12.2,459
EP006492,2026-06-04 16:55:00,U1017,emily.hernandez34,WKSTN-U1017,Chrome,PROCESS_START,5.2,531
EP030391,2026-06-04 16:48:00,U1075,steven.lewis,WKSTN-U1075,teams.exe,PROCESS_START,25.7,840
EP038197,2026-06-04 16:34:00,U1093,sarah.clark44,,explorer.exe,PROCESS_START,7.3,265
EP011495,2026-06-04 17:20:00,U1028,john.hill,WKSTN-U1028,Git,PROCESS_START,25.5,135
EP009683,2026-06-04 17:17:00,U1024,emily.miller,WKSTN-U1024,Chrome,PROCESS_START,21.6,230
EP002081,2026-06-04 16:34:00,U1006,george.gonzalez,  WKSTN-U1006 ,SAP,PROCESS_START,4.3,565
EP025167,2026-06-04 16:43:00,U1062,william.martin,WKSTN-U1062,Outlook,PROCESS_START,28.0,679
EP017958,2026-06-04 17:12:00,U1044,lisa.ramirez9,WKSTN-U1044,explorer.exe,PROCESS_START,16.2,307
EP012351,2026-06-04 16:38:00,U1030,BETTY.RODRIGUEZ86,WKSTN-U1030	,Docker Desktop,PROCESS_START,23.3,436
EP010575,2026-06-04 16:50:00,U1026,elizabeth.gonzalez	,WKSTN-U1026,outlook.exe,PROCESS_START,33.1,114
EP037306,2026-06-04 17:43:00,U1091,linda.robinson,WKSTN-U1091,,PROCESS_START,6.1,538
EP017596,2026-06-05 07:49:00,U1043,thomas.williams91,WKSTN-U1043,outlook.exe	,PROCESS_START,33.7,288
EP011515,2026-06-05 08:11:00,U1028,john.hill,WKSTN-U1028,outlook.exe,PROCESS_START,28.3,466
EP041052,2026-06-05 08:18:00,U1100,daniel.brown38,WKSTN-U1100,PowerPoint,PROCESS_START,34.7,139
EP031177,2026-06-05 07:46:00,U1077,kimberly.harris58,WKSTN-U1077,explorer.exe,PROCESS_START,6.8,892
EP016794,2026-06-05 08:21:00,U1041,matthew.allen52,WKSTN-U1041,teams.exe,PROCESS_START,3.5,639
EP028810,2026-06-05 07:33:00,U1071,matthew.robinson35,,outlook.exe,PROCESS_START,33.3,372
EP021176,2026-06-05 07:20:00,U1052,paul.taylor	,WKSTN-U1052,Excel,PROCESS_START,23.6,585
EP038215,2026-06-05 07:24:00,U1093,sarah.clark44,WKSTN-U1093,Wireshark,PROCESS_START,26.8,892
EP012373,2026-06-05 07:40:00,U1030,betty.rodriguez86,WKSTN-U1030,Docker Desktop,PROCESS_START,11.8,581
EP007441,2026-06-04 18:05:00,U1019,donna.anderson,WKSTN-U1019,Chrome,PROCESS_START,21.7,289
EP038216,2026-06-05 07:28:00,U1093,sarah.clark44	,WKSTN-U1093,teams.exe,PROCESS_START,24.8,345
EP034624,2026-06-05 07:28:00,U1085,barbara.walker67,WKSTN-U1085,chrome.exe,PROCESS_START,8.3,756
EP039476,2026-06-05 08:08:00,U1096,david.allen76,WKSTN-U1096,PowerPoint,PROCESS_START,25.5,547
EP022778,2026-06-05 08:26:00,U1056,anthony.clark,WKSTN-U1056,Salesforce,PROCESS_START,16.4,309
EP026806,2026-06-05 08:19:00,U1066,michelle.wright62,WKSTN-U1066,teams.exe,PROCESS_START,11.8,726
EP004009,2026-06-05 07:25:00,U1011,donna.ramirez75,WKSTN-U1011,explorer.exe,PROCESS_START,4.8,848
EP033277,2026-06-05 07:12:00,U1082,karen.hill96,WKSTN-U1082,Slack,PROCESS_START,N/A,809
EP000085,2026-06-05 07:23:00,U1001,linda.johnson95,WKSTN-U1001,chrome.exe,PROCESS_START,26.4,259
EP000468,2026-06-05 08:09:00,U1002,donna.ramirez,WKSTN-U1002,notepad.exe,PROCESS_START,28.8,512
EP028807,2026-06-05 08:25:00,U1071,matthew.robinson35,WKSTN-U1071,Chrome,PROCESS_START,27.6,313
EP006977,2026-06-04 17:36:00,U1018,betty.white57,,outlook.exe,PROCESS_START,22.2,323
EP000086,2026-06-05 08:26:00,U1001,linda.johnson95,WKSTN-U1001,explorer.exe,PROCESS_START,19.1,315
EP012371,2026-06-05 07:48:00,U1030,betty.rodriguez86,WKSTN-U1030,teams.exe,PROCESS_START,27.8,408
EP025577,2026-06-05 07:53:00,U1063,JOHN.NGUYEN,WKSTN-U1063,Chrome,PROCESS_START,9.7,840
EP025578,2026-06-05 08:50:00,U1063,john.nguyen,WKSTN-U1063,Word,PROCESS_START,13.5,213
EP036417,2026-06-05 08:59:00,U1089,paul.brown27,WKSTN-U1089,,PROCESS_START,10.5,348
EP025184,2026-06-05 09:08:00,U1062,william.martin,WKSTN-U1062,Salesforce,PROCESS_START,20.8,621
EP023956,2026-06-05 08:34:00,U1059,daniel.perez98,WKSTN-U1059,Excel,PROCESS_START,7.7,267
EP006054,2026-06-05 09:14:00,U1016,patricia.thomas,WKSTN-U1016,Slack,PROCESS_START,,592
EP039078,2026-06-05 08:58:00,U1095,richard.thomas74,WKSTN-U1095,PowerPoint,PROCESS_START,1.6,187
EP011516,2026-06-05 08:37:00,U1028,john.hill,WKSTN-U1028,Docker Desktop,PROCESS_START,30.5,570
EP002103,2026-06-05 09:10:00,U1006,george.gonzalez,WKSTN-U1006,Outlook,PROCESS_START,11.2,611
EP012372,2026-06-05 09:09:00,U1030,betty.rodriguez86,WKSTN-U1030,teams.exe,PROCESS_START,3.2,509
EP029203,2026-06-05 08:51:00,U1072,kenneth.lopez,WKSTN-U1072,Chrome,PROCESS_START,14.9,763
EP021172,2026-06-05 08:49:00,U1052,paul.taylor,WKSTN-U1052,Zoom,PROCESS_START,26.3,363
EP019199,2026-06-05 08:54:00,U1047,sandra.lewis,WKSTN-U1047,  explorer.exe ,PROCESS_START,7.8,569
EP025979,2026-06-05 08:38:00,U1064,matthew.wright55,WKSTN-U1064,Outlook,PROCESS_START,-24.3,603
EP011034,2026-06-05 09:13:00,U1027,patricia.brown75,WKSTN-U1027,outlook.exe,PROCESS_START,23.2,505
EP016369,2026-06-05 09:06:00,U1040,matthew.martin,  WKSTN-U1040 ,teams.exe,PROCESS_START,17.6,275
EP025978,2026-06-05 09:08:00,U1064,  matthew.wright55 ,WKSTN-U1064,Chrome,PROCESS_START,21.3,657
EP008795,2026-06-05 08:57:00,U1022,sandra.brown,WKSTN-U1022,Jenkins,PROCESS_START,21.5,621
EP032403,2026-06-05 08:47:00,U1080,,WKSTN-U1080,Slack,PROCESS_START,5.6,210
EP027555,2026-06-05 08:45:00,U1068,susan.thompson34,WKSTN-U1068,outlook.exe,PROCESS_START,33.0,113
EP013217,2026-06-05 08:51:00,U1032,paul.wright91,WKSTN-U1032,Excel,PROCESS_START,33.7,148
EP025576,2026-06-05 08:33:00,U1063,john.nguyen,WKSTN-U1063,teams.exe,PROCESS_START,26.8,87
EP003244,2026-06-05 09:04:00,U1009,daniel.brown,WKSTN-U1009,explorer.exe,PROCESS_START,7.3,860
EP031179,2026-06-05 08:48:00,U1077,kimberly.harris58,WKSTN-U1077,teams.exe,PROCESS_START,18.6,510
EP014007,2026-06-05 09:08:00,U1034,thomas.allen63,WKSTN-U1034,outlook.exe,PROCESS_START,12.8,429
EP013221,2026-06-05 08:33:00,U1032,,WKSTN-U1032,Chrome,PROCESS_START,32.2,650
EP002101,2026-06-05 09:53:00,U1006,george.gonzalez,WKSTN-U1006,Excel,PROCESS_START,18.2,452
EP009701,2026-06-05 09:27:00,U1024,emily.miller,WKSTN-U1024,teams.exe,PROCESS_START,17.2,580
EP040679,2026-06-05 09:41:00,U1099,joseph.garcia,WKSTN-U1099,Zoom,PROCESS_START,30.9,166
EP040289,2026-06-05 09:17:00,U1098,NANCY.WRIGHT49,WKSTN-U1098,Outlook,PROCESS_START,4.7,696
EP033724,2026-06-05 09:20:00,U1083,sarah.allen70,WKSTN-U1083,terminal,PROCESS_START,34.2,300
EP001698,2026-06-05 09:35:00,U1005,robert.robinson,WKSTN-U1005,  explorer.exe ,PROCESS_START,15.1,499
EP017194,2026-06-05 09:29:00,U1042,michael.hill56,WKSTN-U1042,Outlook,PROCESS_START,16.5,357
EP037327,2026-06-05 09:25:00,U1091,linda.robinson,WKSTN-U1091,chrome.exe,PROCESS_START,1.2,160
EP013626,2026-06-05 09:26:00,U1033,linda.miller,WKSTN-U1033,teams.exe,PROCESS_START,27.9,379
EP035505,2026-06-05 09:46:00,U1087,charles.sanchez,WKSTN-U1087,Slack,PROCESS_START,14.4,712
EP002488,2026-06-05 09:17:00,U1007,sarah.robinson82,WKSTN-U1007,chrome.exe,PROCESS_START,11.4,520
EP020783,2026-06-05 09:43:00,U1051,SANDRA.KING72,WKSTN-U1051,teams.exe,PROCESS_START,3.3,640
EP014011,2026-06-05 09:18:00,U1034,thomas.allen63,WKSTN-U1034,Outlook,PROCESS_START,18.2,691
EP029989,2026-06-05 09:42:00,U1074,sarah.williams7,WKSTN-U1074,outlook.exe,PROCESS_START,6.3,892
EP006057,2026-06-05 09:38:00,U1016,patricia.thomas,WKSTN-U1016,Chrome,PROCESS_START,20.8,520
EP010145,2026-06-05 09:17:00,U1025,  betty.brown22 ,WKSTN-U1025,notepad.exe,PROCESS_START,15.2,376
EP035504,2026-06-05 09:26:00,U1087,charles.sanchez,WKSTN-U1087,Chrome,PROCESS_START,6.8,224
EP032837,2026-06-05 09:49:00,U1081,margaret.davis,WKSTN-U1081,PuTTY,PROCESS_START,30.3,583
EP038664,2026-06-05 09:48:00,U1094,elizabeth.lewis69,WKSTN-U1094,Terminal,PROCESS_START,25.1,94
EP010149,2026-06-05 09:26:00,U1025,betty.brown22,WKSTN-U1025,Chrome,PROCESS_START,29.4,646
EP037773,2026-06-05 09:53:00,U1092,steven.thomas,WKSTN-U1092,Chrome,PROCESS_START,25.0,516
EP029988,2026-06-05 09:26:00,U1074,sarah.williams7,WKSTN-U1074,Chrome,PROCESS_START,17.3,764
EP001701,2026-06-05 09:39:00,U1005,robert.robinson,WKSTN-U1005,SAP,PROCESS_START,25.4,609
EP006995,2026-06-05 09:30:00,U1018,betty.white57,WKSTN-U1018,chrome.exe,process_start,,493
EP033276,2026-06-05 09:48:00,U1082,karen.hill96,WKSTN-U1082,,PROCESS_START,26.4,730
EP008796,2026-06-05 09:56:00,U1022,sandra.brown,WKSTN-U1022,Docker Desktop,PROCESS_START,16.6,750
EP024759,2026-06-05 10:00:00,U1061,jessica.rodriguez,WKSTN-U1061,Outlook,PROCESS_START,27.6,328
EP039897,2026-06-05 10:07:00,U1097,mark.martinez10,WKSTN-U1097,Chrome,,19.5,284
EP026807,2026-06-05 09:54:00,U1066,michelle.wright62,WKSTN-U1066,Chrome,PROCESS_START,18.2,526
EP035507,2026-06-05 10:02:00,U1087,charles.sanchez,WKSTN-U1087,Active Directory Console,PROCESS_START,4.5,287
EP005644,2026-06-05 10:12:00,U1015,lisa.hernandez,WKSTN-U1015,SAP,PROCESS_START,21.1,633
EP014410,2026-06-05 09:56:00,U1035,nancy.rodriguez82,WKSTN-U1035	,outlook.exe,PROCESS_START,31.3,573
EP027952,2026-06-05 09:59:00,U1069,jessica.clark,WKSTN-U1069,Chrome	,PROCESS_START,33.2,306
EP019983,2026-06-05 10:04:00,U1049,michelle.jones59,WKSTN-U1049,Excel,PROCESS_START,25.7,98
EP004011,2026-06-05 10:07:00,U1011,  donna.ramirez75 ,WKSTN-U1011,QuickBooks,PROCESS_START,16.9,639
EP000466,2026-06-05 09:54:00,U1002,donna.ramirez,  WKSTN-U1002 ,chrome.exe,PROCESS_START,3.6,687
EP012374,2026-06-05 10:03:00,U1030,betty.rodriguez86,  WKSTN-U1030 ,VSCode,PROCESS_START,5.8,723
EP017983,2026-06-05 09:57:00,U1044,lisa.ramirez9,WKSTN-U1044,Workday,PROCESS_START,21.1,516
EP007900,2026-06-05 10:11:00,U1020,andrew.thomas36,WKSTN-U1020,VSCode,PROCESS_START,32.0,610
EP033723,2026-06-05 10:11:00,U1083,sarah.allen70	,  WKSTN-U1083 ,WIRESHARK,PROCESS_START,18.5,166
EP041051,2026-06-05 09:58:00,U1100,daniel.brown38,WKSTN-U1100,explorer.exe,PROCESS_START,5.3,336
EP011032,2026-06-05 10:08:00,U1027,patricia.brown75,WKSTN-U1027	,outlook.exe,PROCESS_START,5.0,723
EP000467,2026-06-05 10:00:00,U1002,DONNA.RAMIREZ,WKSTN-U1002,outlook.exe,PROCESS_START,24.1,
EP021174,2026-06-05 09:59:00,U1052,paul.taylor,WKSTN-U1052,explorer.exe	,PROCESS_START,31.0,472
EP001312,2026-06-05 09:58:00,U1004,elizabeth.wilson98,WKSTN-U1004,QuickBooks,PROCESS_START,17.6,99
EP021980,2026-06-05 10:06:00,U1054,anthony.martinez,WKSTN-U1054,Salesforce,PROCESS_START,13.8,822
EP011937,2026-06-05 10:10:00,U1029,michelle.garcia54,WKSTN-U1029,TEAMS.EXE,PROCESS_START,11.6,801
EP017982,2026-06-05 10:11:00,U1044,lisa.ramirez9,WKSTN-U1044,notepad.exe,PROCESS_START,20.3,179
EP037329,2026-06-05 10:05:00,U1091,linda.robinson,WKSTN-U1091,Terminal,PROCESS_START,10.9,162
EP037775,2026-06-05 09:57:00,U1092,steven.thomas,WKSTN-U1092,outlook.exe,PROCESS_START,33.6,670
EP006994,2026-06-05 10:41:00,U1018,,WKSTN-U1018,,PROCESS_START,1.3,649
EP021573,2026-06-05 10:40:00,U1053,john.jackson31,WKSTN-U1053,Excel,PROCESS_START,33.8,
EP021979,2026-06-05 10:33:00,U1054,,WKSTN-U1054,Outlook,PROCESS_START,4.3,859
EP018799,2026-06-05 10:25:00,U1046,michelle.torres39,WKSTN-U1046,Workday,,28.7,355
EP003242,2026-06-05 10:27:00,U1009,daniel.brown,WKSTN-U1009,QUICKBOOKS,PROCESS_START,18.6,116
EP034159,2026-06-05 10:37:00,U1084,joshua.taylor,WKSTN-U1084,OUTLOOK.EXE,PROCESS_START,1.8,143
EP023959,2026-06-05 10:32:00,U1059,daniel.perez98,WKSTN-U1059,notepad.exe,PROCESS_START,28.5,265
EP019204,2026-06-05 10:44:00,U1047,sandra.lewis,WKSTN-U1047,explorer.exe,PROCESS_START,3.2,753
EP039481,2026-06-05 10:15:00,U1096,david.allen76,WKSTN-U1096,ZOOM,PROCESS_START,1.9,885
EP024374,2026-06-05 10:16:00,U1060,matthew.anderson,WKSTN-U1060,Chrome,PROCESS_START,18.3,532
EP021978,2026-06-05 10:25:00,U1054,anthony.martinez,WKSTN-U1054,teams.exe,PROCESS_START,22.2,740
EP011936,2026-06-05 10:29:00,U1029,michelle.garcia54,WKSTN-U1029,Slack,,30.6,639
EP011033,2026-06-05 10:36:00,U1027,patricia.brown75,WKSTN-U1027,teams.exe,PROCESS_START,15.8,885
EP023562,2026-06-05 10:24:00,U1058,jennifer.ramirez18,WKSTN-U1058,chrome.exe,PROCESS_START,9.1,285
EP022401,2026-06-05 10:28:00,U1055,PATRICIA.WILSON54,WKSTN-U1055,teams.exe,PROCESS_START,14.0,395
EP028390,2026-06-05 10:19:00,U1070,betty.thomas40,WKSTN-U1070,  DocuSign ,PROCESS_START,11.5,848
EP007459,2026-06-05 10:28:00,U1019,donna.anderson,WKSTN-U1019,Chrome,PROCESS_START,23.6,221
EP023184,2026-06-05 10:38:00,U1057,  nancy.sanchez ,WKSTN-U1057,Zoom,PROCESS_START,16.0,145
EP037774,2026-06-05 10:16:00,U1092,steven.thomas,WKSTN-U1092,notepad.exe,PROCESS_START,8.9,826
EP015178,2026-06-05 10:37:00,U1037,robert.martin,WKSTN-U1037,,PROCESS_START,25.8,472
EP006519,2026-06-05 10:36:00,U1017,emily.hernandez34,WKSTN-U1017,Chrome,PROCESS_START,14.3,759
EP002873,2026-06-05 10:27:00,U1008,JOSHUA.HERNANDEZ,WKSTN-U1008,chrome.exe,PROCESS_START,16.6,131
EP005649,2026-06-05 10:22:00,U1015,lisa.hernandez,WKSTN-U1015,,PROCESS_START,18.6,319
EP028809,2026-06-05 10:35:00,U1071,matthew.robinson35,WKSTN-U1071,chrome.exe,PROCESS_START,23.4,185
EP037332,2026-06-05 10:16:00,U1091,linda.robinson,WKSTN-U1091,teams.exe,PROCESS_START,23.0,775
EP006997,2026-06-05 10:51:00,U1018,betty.white57,,Docker Desktop,PROCESS_START,13.9,756
EP023561,2026-06-05 11:15:00,U1058,jennifer.ramirez18,WKSTN-U1058,teams.exe,PROCESS_START,,787
EP020368,2026-06-05 11:12:00,U1050,michael.ramirez,WKSTN-U1050,Zoom,PROCESS_START,18.0,729
EP015997,2026-06-05 11:18:00,U1039,mark.thomas,WKSTN-U1039,Excel,PROCESS_START,11.4,
EP029602,2026-06-05 10:49:00,U1073,michael.gonzalez,WKSTN-U1073,notepad.exe,PROCESS_START,24.9,357
EP020369,2026-06-05 11:03:00,U1050,michael.ramirez,WKSTN-U1050,Salesforce,PROCESS_START,,453
EP025185,2026-06-05 10:53:00,U1062,william.martin,WKSTN-U1062,Outlook,PROCESS_START,6.4,595
EP008346,2026-06-05 10:46:00,U1021,jessica.walker,WKSTN-U1021,outlook.exe,PROCESS_START,20.3,672
EP015604,2026-06-05 11:14:00,U1038,emily.clark,WKSTN-U1038,Chrome,PROCESS_START,16.1,842
EP025182,2026-06-05 10:58:00,U1062,william.martin,WKSTN-U1062,Excel,PROCESS_START,2.5,261
EP014012,2026-06-05 10:56:00,U1034,thomas.allen63,WKSTN-U1034,notepad.exe,PROCESS_START,12.3,159
EP032835,2026-06-05 11:02:00,U1081,margaret.davis,WKSTN-U1081,Wireshark,PROCESS_START,17.2,418
EP021570,2026-06-05 10:46:00,U1053,john.jackson31,WKSTN-U1053,explorer.exe,PROCESS_START,25.0,677
EP031181,2026-06-05 11:17:00,U1077,kimberly.harris58,WKSTN-U1077,explorer.exe,PROCESS_START,8.0,851
EP023188,2026-06-05 11:04:00,U1057,nancy.sanchez,WKSTN-U1057,explorer.exe,PROCESS_START,20.5,355
EP011935,2026-06-05 11:07:00,U1029,michelle.garcia54,WKSTN-U1029,Jenkins,PROCESS_START,15.2,461
EP009254,2026-06-05 10:46:00,U1023,richard.wright,WKSTN-U1023,teams.exe,PROCESS_START,24.5,765
EP004824,2026-06-05 11:13:00,U1013,emily.smith,WKSTN-U1013,QuickBooks,PROCESS_START,23.5,215
EP027192,2026-06-05 10:55:00,U1067,paul.thomas97,WKSTN-U1067,outlook.exe,PROCESS_START,18.8,307
EP038214,2026-06-05 11:13:00,U1093,sarah.clark44,WKSTN-U1093,chrome.exe,PROCESS_START,17.6,415
EP034625,2026-06-05 10:44:00,U1085,barbara.walker67,WKSTN-U1085,Terminal,PROCESS_START,3.3,508
EP036856,2026-06-05 11:04:00,U1090,mary.hill,WKSTN-U1090,outlook.exe,PROCESS_START,20.4,580
EP004010,2026-06-05 11:01:00,U1011,donna.ramirez75,WKSTN-U1011,OUTLOOK,PROCESS_START,29.1,765
EP026808,2026-06-05 10:54:00,U1066,michelle.wright62,WKSTN-U1066,Word,PROCESS_START,13.2,255
EP038666,2026-06-05 11:05:00,U1094,elizabeth.lewis69,WKSTN-U1094,Terminal,PROCESS_START,25.6,807
EP014009,2026-06-05 11:32:00,U1034,thomas.allen63,WKSTN-U1034,Outlook,PROCESS_START,18.2,328
EP015605,2026-06-05 11:41:00,U1038,emily.clark,WKSTN-U1038,explorer.exe,PROCESS_START,31.0,353
EP025976,2026-06-05 11:29:00,U1064,matthew.wright55,WKSTN-U1064,Outlook,PROCESS_START,7.7,185
EP018798,2026-06-05 11:29:00,U1046,michelle.torres39,WKSTN-U1046,Workday,PROCESS_START,28.2,486
EP030408,2026-06-05 11:40:00,U1075,steven.lewis,WKSTN-U1075,Word,PROCESS_START,15.1,568
EP019606,2026-06-05 11:39:00,U1048,jennifer.thomas87,WKSTN-U1048,Salesforce	,PROCESS_START,24.3,693
EP002490,2026-06-05 11:49:00,U1007,sarah.robinson82,WKSTN-U1007,Chrome,PROCESS_START,27.7,594
EP034155,2026-06-05 11:24:00,U1084,joshua.taylor,WKSTN-U1084,Slack,PROCESS_START,23.6,416
EP013627,2026-06-05 11:30:00,U1033,linda.miller,WKSTN-U1033,explorer.exe,PROCESS_START,5.5,600
EP023564,2026-06-05 11:34:00,U1058,jennifer.ramirez18,WKSTN-U1058,chrome.exe,PROCESS_START,31.3,536
EP025977,2026-06-05 11:32:00,U1064,matthew.wright55,WKSTN-U1064,teams.exe,PROCESS_START,19.3,651
EP005646,2026-06-05 11:37:00,U1015,lisa.hernandez,WKSTN-U1015,QuickBooks,PROCESS_START,26.2,763
EP003654,2026-06-05 11:28:00,U1010,susan.young51,WKSTN-U1010,outlook.exe,PROCESS_START,11.2,821
EP013218,2026-06-05 11:45:00,U1032,paul.wright91,WKSTN-U1032,chrome.exe,PROCESS_START,16.7,730
EP005240,2026-06-05 11:31:00,U1014,james.taylor,WKSTN-U1014,QuickBooks,PROCESS_START,9.8,438
EP006055,2026-06-05 11:34:00,U1016,patricia.thomas,WKSTN-U1016,Chrome,PROCESS_START,27.3,
EP037776,2026-06-05 11:22:00,U1092,steven.thomas,WKSTN-U1092,notepad.exe,PROCESS_START,2.0,350
EP038665,2026-06-05 11:39:00,U1094,elizabeth.lewis69,WKSTN-U1094,outlook.exe,PROCESS_START,33.8,164
EP006058,2026-06-05 11:49:00,U1016,patricia.thomas,WKSTN-U1016,Slack,PROCESS_START,10.1,843
EP035946,2026-06-05 11:25:00,U1088,andrew.smith85,WKSTN-U1088,notepad.exe,PROCESS_START,26.8,490
EP035503,2026-06-05 11:25:00,U1087,charles.sanchez,WKSTN-U1087,Chrome,PROCESS_START,33.5,282
EP036413,2026-06-05 11:32:00,U1089,paul.brown27,WKSTN-U1089,Slack,PROCESS_START,21.5,599
EP011035,2026-06-05 11:33:00,U1027,patricia.brown75,WKSTN-U1027,VSCode,PROCESS_START,23.5,364
EP023185,2026-06-05 11:27:00,U1057,nancy.sanchez,WKSTN-U1057,outlook.exe,,21.1,491
EP000087,2026-06-05 11:36:00,U1001,linda.johnson95,WKSTN-U1001,outlook.exe,PROCESS_START,29.3,442
EP014008,2026-06-05 11:59:00,U1034,thomas.allen63,WKSTN-U1034,outlook.exe,PROCESS_START,21.1,136
EP013625,2026-06-05 11:52:00,U1033,linda.miller	,WKSTN-U1033,notepad.exe,PROCESS_START,23.3,
EP016793,2026-06-05 11:52:00,U1041,matthew.allen52,WKSTN-U1041,chrome.exe,PROCESS_START,29.4,148
EP021574,2026-06-05 11:53:00,U1053,john.jackson31,WKSTN-U1053,outlook.exe,PROCESS_START,33.4,649
EP010593,2026-06-05 11:58:00,U1026,elizabeth.gonzalez,WKSTN-U1026,Git,PROCESS_START,28.6,406
EP030787,2026-06-05 11:51:00,U1076,john.torres,WKSTN-U1076,outlook.exe,PROCESS_START,2800.0,694
EP023957,2026-06-05 12:05:00,U1059,daniel.perez98,WKSTN-U1059,Zoom,PROCESS_START,4.1,454
EP039896,2026-06-05 11:50:00,U1097,mark.martinez10,WKSTN-U1097,Zoom,PROCESS_START,N/A,258
EP009253,2026-06-05 12:04:00,U1023,  richard.wright ,WKSTN-U1023,chrome.exe,PROCESS_START,12.6,865
EP007461,2026-06-05 12:07:00,U1019,donna.anderson,WKSTN-U1019,Docker Desktop,PROCESS_START,1.8,139
EP010596,2026-06-05 12:00:00,U1026,elizabeth.gonzalez,WKSTN-U1026,VSCode,PROCESS_START,7.1,784
EP021171,2026-06-05 12:03:00,U1052,paul.taylor,WKSTN-U1052,Chrome,PROCESS_START,27.0,597
EP015180,2026-06-05 12:06:00,U1037,robert.martin,WKSTN-U1037	,  outlook.exe ,PROCESS_START,26.7,893
EP000896,2026-06-05 11:57:00,U1003,kenneth.clark29,WKSTN-U1003,Chrome,PROCESS_START,8.7,279
EP027951,2026-06-05 12:02:00,U1069,jessica.clark,WKSTN-U1069,Outlook,PROCESS_START,19.5,439
EP039478,2026-06-05 11:52:00,U1096,david.allen76,WKSTN-U1096,Outlook,PROCESS_START,,517
EP005241,2026-06-05 12:05:00,U1014,james.taylor,WKSTN-U1014,EXPLORER.EXE,PROCESS_START,3.8,499
EP020785,2026-06-05 12:01:00,U1051,sandra.king72,WKSTN-U1051,Salesforce,PROCESS_START,,319
EP005242,2026-06-05 11:53:00,U1014,james.taylor,WKSTN-U1014,QUICKBOOKS,PROCESS_START,6.5,405
EP003655,2026-06-05 12:07:00,U1010,susan.young51,WKSTN-U1010,SAP,PROCESS_START,33.4,387
EP003246,2026-06-05 11:54:00,U1009,daniel.brown,WKSTN-U1009,chrome.exe,PROCESS_START,26.1,532
EP002489,2026-06-05 11:50:00,U1007,sarah.robinson82,WKSTN-U1007,SAP,PROCESS_START,2.7,221
EP002877,2026-06-05 11:55:00,U1008,joshua.hernandez,WKSTN-U1008,notepad.exe,PROCESS_START,15.2,537
EP005648,2026-06-05 11:53:00,U1015,LISA.HERNANDEZ,WKSTN-U1015,teams.exe,PROCESS_START,34.0,744
EP025575,2026-06-05 12:05:00,U1063,john.nguyen,WKSTN-U1063,chrome.exe,PROCESS_START,22.7,196
EP007462,2026-06-05 12:10:00,U1019,donna.anderson,  WKSTN-U1019 ,chrome,PROCESS_START,21.1,112
EP010148,2026-06-05 12:10:00,U1025,betty.brown22,WKSTN-U1025,chrome.exe,PROCESS_START,3.4,402
EP036855,2026-06-05 12:20:00,U1090,mary.hill,WKSTN-U1090,chrome.exe,PROCESS_START,,321
EP007901,2026-06-05 12:35:00,U1020,andrew.thomas36,WKSTN-U1020,Git,PROCESS_START,33.7,336
EP027554,2026-06-05 12:22:00,U1068,susan.thompson34,WKSTN-U1068,Chrome,PROCESS_START,27.8,773
EP004825,2026-06-05 12:19:00,U1013,emily.smith,WKSTN-U1013,SAP	,PROCESS_START,31.0,139
EP029205,2026-06-05 12:30:00,U1072,kenneth.lopez,WKSTN-U1072,teams.exe,PROCESS_START,6.8,221
EP034156,2026-06-05 12:38:00,U1084,joshua.taylor,WKSTN-U1084	,Active Directory Console,PROCESS_START,34.8,820
EP017189,2026-06-05 12:36:00,U1042,michael.hill56,WKSTN-U1042,Outlook,PROCESS_START,15.2,108
EP004401,2026-06-05 12:35:00,U1012,linda.martinez,WKSTN-U1012,outlook.exe,PROCESS_START,27.4,862
EP006516,2026-06-05 12:15:00,U1017,emily.hernandez34,WKSTN-U1017,teams.exe,PROCESS_START,10.8,105
EP004403,2026-06-05 12:11:00,U1012,linda.martinez,WKSTN-U1012,teams.exe	,PROCESS_START,24.9,570
EP023187,2026-06-05 12:25:00,U1057,nancy.sanchez,WKSTN-U1057,explorer.exe,PROCESS_START,7.1,539
EP030788,2026-06-05 12:28:00,U1076,john.torres,WKSTN-U1076,outlook.exe,PROCESS_START,14.1,655
EP034623,2026-06-05 12:12:00,U1085,barbara.walker67,WKSTN-U1085,explorer.exe,PROCESS_START,21.3,760
EP018375,2026-06-05 12:10:00,U1045,daniel.sanchez90,WKSTN-U1045,,PROCESS_START,21.3,661
EP004012,2026-06-05 12:18:00,U1011,donna.ramirez75,WKSTN-U1011,notepad.exe,PROCESS_START,13.8,274
EP017597,2026-06-05 12:28:00,U1043,thomas.williams91,WKSTN-U1043,chrome.exe,PROCESS_START,12.2,376
EP022403,2026-06-05 12:31:00,U1055,patricia.wilson54,,teams.exe,PROCESS_START,1.3,285
EP007898,2026-06-05 12:07:00,U1020,  andrew.thomas36 ,WKSTN-U1020,Jenkins,PROCESS_START,34.1,N/A
EP026805,2026-06-05 12:35:00,U1066,michelle.wright62,WKSTN-U1066,outlook.exe,PROCESS_START,31.8,489
EP040681,2026-06-05 12:34:00,U1099,joseph.garcia,WKSTN-U1099,Outlook,PROCESS_START,9.2,797
EP021571,2026-06-05 12:38:00,U1053,john.jackson31,WKSTN-U1053,notepad.exe,process_start,7.8,219
EP014409,2026-06-05 12:25:00,U1035,nancy.rodriguez82,WKSTN-U1035,Chrome,PROCESS_START,29.3,224
EP029202,2026-06-05 12:19:00,U1072,kenneth.lopez	,,Chrome,PROCESS_START,20.8,103
EP021175,2026-06-05 12:58:00,U1052,paul.taylor,WKSTN-U1052,notepad.exe,PROCESS_START,14.7,504
EP027556,2026-06-05 12:48:00,U1068,susan.thompson34,WKSTN-U1068,DocuSign,PROCESS_START,3.5,719
EP012369,2026-06-05 12:54:00,U1030,betty.rodriguez86,WKSTN-U1030,Docker Desktop,PROCESS_START,6.5,148
EP040677,2026-06-05 12:52:00,U1099,joseph.garcia,WKSTN-U1099,Chrome,PROCESS_START,8.7,898
EP013629,2026-06-05 12:53:00,U1033,linda.miller,WKSTN-U1033,notepad.exe,PROCESS_START,12.3,701
EP004400,2026-06-05 12:55:00,U1012,linda.martinez,WKSTN-U1012,teams.exe,PROCESS_START,15.5,680
EP013220,2026-06-05 12:53:00,U1032,paul.wright91,WKSTN-U1032,Workday,PROCESS_START,19.5,142
EP020784,2026-06-05 12:39:00,U1051,sandra.king72,WKSTN-U1051,Salesforce,PROCESS_START,2.4,200
EP030791,2026-06-05 13:03:00,U1076,JOHN.TORRES,WKSTN-U1076,  Chrome ,PROCESS_START,16.9,675
EP013219,2026-06-05 12:55:00,U1032,paul.wright91,WKSTN-U1032,teams.exe,PROCESS_START,4.9,166
EP013216,2026-06-05 12:58:00,U1032,paul.wright91,WKSTN-U1032,,PROCESS_START,31.1,761
EP037330,2026-06-05 12:54:00,U1091,linda.robinson,WKSTN-U1091	,notepad.exe,PROCESS_START,2.0,553
EP002875,2026-06-05 13:02:00,U1008,joshua.hernandez,WKSTN-U1008,notepad.exe,PROCESS_START,23.9,865
EP023958,2026-06-05 12:54:00,U1059,daniel.perez98,WKSTN-U1059,Excel,PROCESS_START,16.6,464
EP029991,2026-06-05 12:41:00,U1074,sarah.williams7,WKSTN-U1074,DocuSign,PROCESS_START,4.3,343
EP032405,2026-06-05 13:01:00,U1080,joseph.jackson91,WKSTN-U1080,Slack,PROCESS_START,4.7,266
EP028808,2026-06-05 12:50:00,U1071,matthew.robinson35,WKSTN-U1071,explorer.exe,PROCESS_START,21.1,827
EP029200,2026-06-05 12:40:00,U1072,kenneth.lopez,WKSTN-U1072,DocuSign,PROCESS_START,2.0,875
EP022399,2026-06-05 13:00:00,U1055,patricia.wilson54,WKSTN-U1055,Salesforce,PROCESS_START,32.1,295
EP025183,2026-06-05 12:54:00,U1062,william.martin,WKSTN-U1062,Outlook,PROCESS_START,,251
EP039479,2026-06-05 12:54:00,U1096,david.allen76,WKSTN-U1096,Zoom,PROCESS_START,1.7,408
EP005645,2026-06-05 12:47:00,U1015,lisa.hernandez	,WKSTN-U1015,notepad.exe,PROCESS_START,29.3,472
EP020787,2026-06-05 12:47:00,U1051,sandra.king72,WKSTN-U1051,notepad.exe,PROCESS_START,5.2,738
EP035506,2026-06-05 12:56:00,U1087,charles.sanchez,WKSTN-U1087,outlook.exe,PROCESS_START,18.0,116
EP003243,2026-06-05 12:45:00,U1009,daniel.brown,WKSTN-U1009,chrome.exe,PROCESS_START,4.7,314
EP017193,2026-06-05 13:27:00,U1042,michael.hill56,WKSTN-U1042,outlook.exe,PROCESS_START,6.9,785
EP035056,2026-06-05 13:24:00,U1086,steven.thompson53,WKSTN-U1086	,Slack,PROCESS_START,10.4,140
EP027949,2026-06-05 13:28:00,U1069,jessica.clark,WKSTN-U1069,Chrome,PROCESS_START,11.1,515
EP015181,2026-06-05 13:08:00,U1037,robert.martin,WKSTN-U1037,outlook.exe	,PROCESS_START,5.5,531
EP014412,2026-06-05 13:13:00,U1035,nancy.rodriguez82,WKSTN-U1035,notepad.exe,PROCESS_START,32.8,477
EP024371,2026-06-05 13:04:00,U1060,matthew.anderson,WKSTN-U1060,Excel,PROCESS_START,15.3,739
EP039082,2026-06-05 13:27:00,U1095,richard.thomas74,WKSTN-U1095,teams.exe	,PROCESS_START,24.9,486
EP040292,2026-06-05 13:28:00,U1098,nancy.wright49,WKSTN-U1098,Outlook,PROCESS_START,3.2,726
EP035947,2026-06-05 13:06:00,U1088,andrew.smith85	,WKSTN-U1088,chrome.exe,PROCESS_START,17.8,212
EP011514,2026-06-05 13:05:00,U1028,john.hill,WKSTN-U1028,notepad.exe,PROCESS_START,6.1,287
EP034157,2026-06-05 13:26:00,U1084,joshua.taylor,WKSTN-U1084,chrome.exe,PROCESS_START,23.2,299
EP006056,2026-06-05 13:22:00,U1016,patricia.thomas,,explorer.exe,,15.6,85
EP012813,2026-06-05 13:20:00,U1031,  john.wright28 ,WKSTN-U1031,chrome.exe,PROCESS_START,3.7,652
EP032407,2026-06-05 13:11:00,U1080,joseph.jackson91,WKSTN-U1080	,Chrome,PROCESS_START,16.0,293
EP025580,2026-06-05 13:30:00,U1063,john.nguyen,WKSTN-U1063,  outlook.exe ,PROCESS_START,17.1,159
EP000893,2026-06-05 13:25:00,U1003,kenneth.clark29,WKSTN-U1003,SAP,PROCESS_START,26.1,150
EP002872,2026-06-05 13:07:00,U1008,joshua.hernandez,WKSTN-U1008,SAP,PROCESS_START,16.8,120
EP003657,2026-06-05 13:24:00,U1010,susan.young51,WKSTN-U1010,Outlook,process_start,29.7,304
EP040678,2026-06-05 13:17:00,U1099,joseph.garcia,WKSTN-U1099,chrome.exe,PROCESS_START,4.4,111
EP019607,2026-06-05 13:04:00,U1048,jennifer.thomas87,WKSTN-U1048,Chrome,PROCESS_START,13.9,697
EP027950,2026-06-05 13:16:00,U1069,jessica.clark,WKSTN-U1069,notepad.exe,PROCESS_START,18.7,623
EP039477,2026-06-05 13:05:00,U1096,david.allen76,WKSTN-U1096,outlook,PROCESS_START,34.2,695
EP031180,2026-06-05 13:20:00,U1077,kimberly.harris58,  WKSTN-U1077 ,Word,PROCESS_START,12.2,486
EP020786,2026-06-05 13:06:00,U1051,sandra.king72,WKSTN-U1051,Excel,PROCESS_START,27.1,611
EP032838,2026-06-05 13:18:00,U1081,margaret.davis	,WKSTN-U1081,PuTTY,PROCESS_START,22.3,527
EP004822,2026-06-05 13:44:00,U1013,emily.smith,WKSTN-U1013,Excel,PROCESS_START,33.2,898
EP003247,2026-06-05 13:50:00,U1009,daniel.brown,WKSTN-U1009,SAP,process_start,23.5,595
EP019981,2026-06-05 13:46:00,U1049,michelle.jones59,WKSTN-U1049,chrome.exe,PROCESS_START,30.7,440
EP004826,2026-06-05 13:34:00,U1013,EMILY.SMITH,WKSTN-U1013,explorer.exe,PROCESS_START,32.2,345
EP034158,2026-06-05 13:46:00,U1084,joshua.taylor,WKSTN-U1084,explorer.exe,PROCESS_START,16.3,184
EP024758,2026-06-05 13:35:00,U1061,jessica.rodriguez,WKSTN-U1061,outlook.exe,PROCESS_START,1.0,100
EP001313,2026-06-05 13:41:00,U1004,elizabeth.wilson98	,WKSTN-U1004,teams.exe,process_start,2.6,798
EP005243,2026-06-05 13:47:00,U1014,james.taylor,WKSTN-U1014,Excel,,26.5,209
EP036414,2026-06-05 13:32:00,U1089,paul.brown27,WKSTN-U1089,Wireshark,PROCESS_START,5.6,398
EP028389,2026-06-05 13:52:00,U1070,betty.thomas40,WKSTN-U1070,notepad.exe,PROCESS_START,1.4,579
EP030789,2026-06-05 13:45:00,U1076,john.torres,WKSTN-U1076,,,19.3,
EP000084,2026-06-05 13:51:00,U1001,linda.johnson95,WKSTN-U1001,Chrome,PROCESS_START,10.8,202
EP011938,2026-06-05 13:51:00,U1029,michelle.garcia54,WKSTN-U1029,notepad.exe,PROCESS_START,21.0,466
EP023186,2026-06-05 13:39:00,U1057,nancy.sanchez,WKSTN-U1057,notepad.exe,PROCESS_START,12.9,120
EP010147,2026-06-05 13:51:00,U1025,betty.brown22,WKSTN-U1025,Git,PROCESS_START,15.5,489
EP019609,2026-06-05 13:33:00,U1048,jennifer.thomas87,  WKSTN-U1048 ,explorer.exe,PROCESS_START,26.0,144
EP026809,2026-06-05 13:55:00,U1066,michelle.wright62,WKSTN-U1066,teams.exe,PROCESS_START,10.5,410
EP006993,2026-06-05 13:33:00,U1018,betty.white57,WKSTN-U1018,Slack,PROCESS_START,5.3,827
EP008794,2026-06-05 13:57:00,U1022,sandra.brown,WKSTN-U1022,explorer.exe,PROCESS_START,2.5,452
EP010595,2026-06-05 13:36:00,U1026,elizabeth.gonzalez,WKSTN-U1026,teams.exe,process_start,5.4,92
EP031570,2026-06-05 13:33:00,U1078,michelle.miller,WKSTN-U1078,notepad.exe,PROCESS_START,23.7,157
EP007463,2026-06-05 13:34:00,U1019,donna.anderson,WKSTN-U1019,VSCode,PROCESS_START,23.6,680
EP039079,2026-06-05 13:35:00,U1095,richard.thomas74,,Chrome,PROCESS_START,1.4,490
EP026374,2026-06-05 13:47:00,U1065,,WKSTN-U1065,chrome.exe,PROCESS_START,13.4,572
EP039080,2026-06-05 13:52:00,U1095,richard.thomas74,WKSTN-U1095,notepad.exe,PROCESS_START,10.4,401
EP033279,2026-06-05 14:18:00,U1082,karen.hill96,WKSTN-U1082,chrome.exe,PROCESS_START,31.1,192
EP027557,2026-06-05 14:06:00,U1068,susan.thompson34,WKSTN-U1068,Outlook,PROCESS_START,8.6,389
EP019200,2026-06-05 14:07:00,U1047,sandra.lewis,WKSTN-U1047,outlook.exe,PROCESS_START,29.5,347
EP017595,2026-06-05 14:14:00,U1043,thomas.williams91,  WKSTN-U1043 ,teams.exe,PROCESS_START,7.9,142
EP006518,2026-06-05 14:08:00,U1017,emily.hernandez34,WKSTN-U1017,Git,PROCESS_START,28.4,860
EP019608,2026-06-05 14:12:00,U1048,jennifer.thomas87,,teams.exe,PROCESS_START,18.8,887
EP006517,2026-06-05 14:12:00,U1017,emily.hernandez34,WKSTN-U1017,Docker Desktop,PROCESS_START,17.8,880
EP022776,2026-06-05 14:14:00,U1056,anthony.clark,WKSTN-U1056,Excel,PROCESS_START,11.7,580
EP021173,2026-06-05 14:22:00,U1052,paul.taylor,WKSTN-U1052,explorer.exe,PROCESS_START,23.9,674
EP015996,2026-06-05 14:29:00,U1039,mark.thomas,WKSTN-U1039,Excel,PROCESS_START,23.1,332
EP035058,2026-06-05 14:00:00,U1086,STEVEN.THOMPSON53,WKSTN-U1086,Wireshark,PROCESS_START,3.9,N/A
EP031178,2026-06-05 14:28:00,U1077,kimberly.harris58,WKSTN-U1077,Word,PROCESS_START,10.9,801
EP016795,2026-06-05 14:09:00,U1041,matthew.allen52,WKSTN-U1041,teams.exe,PROCESS_START,4.3,743
EP005244,2026-06-05 14:22:00,U1014,james.taylor,WKSTN-U1014,,PROCESS_START,23.7,267
EP037328,2026-06-05 14:28:00,U1091,linda.robinson,WKSTN-U1091,teams.exe,PROCESS_START,10.7,886
EP011036,2026-06-05 14:06:00,U1027,  patricia.brown75 ,WKSTN-U1027,explorer.exe,PROCESS_START,17.2,572
EP022777,2026-06-05 14:00:00,U1056,anthony.clark,WKSTN-U1056,notepad.exe,PROCESS_START,13900.0,644
EP006996,2026-06-05 14:17:00,U1018,betty.white57,WKSTN-U1018,teams.exe,PROCESS_START,19.0,868
EP040680,2026-06-05 14:24:00,U1099,joseph.garcia,WKSTN-U1099,Chrome,PROCESS_START,1.3,146
EP029990,2026-06-05 13:59:00,U1074,sarah.williams7,WKSTN-U1074	,teams.exe,PROCESS_START,5.3,754
EP037331,2026-06-05 14:23:00,U1091,linda.robinson,WKSTN-U1091,Chrome,PROCESS_START,30.4,502
EP007899,2026-06-05 14:27:00,U1020,andrew.thomas36,WKSTN-U1020,Git,PROCESS_START,4.3,199
EP014793,2026-06-05 14:23:00,U1036,linda.jones,WKSTN-U1036,outlook.exe,PROCESS_START,4.7,676
EP025579,2026-06-05 14:27:00,U1063,john.nguyen,WKSTN-U1063,notepad.exe,PROCESS_START,32.6,491
EP004402,2026-06-05 13:58:00,U1012,linda.martinez,WKSTN-U1012,teams.exe,PROCESS_START,3.1,402
EP039898,2026-06-05 14:34:00,U1097,mark.martinez10,WKSTN-U1097,notepad.exe,process_start,12.5,298
EP040291,2026-06-05 14:39:00,U1098,nancy.wright49,WKSTN-U1098,explorer.exe,PROCESS_START,29.6,636
EP004823,2026-06-05 14:47:00,U1013,emily.smith,,SAP,PROCESS_START,4.1,814
EP020370,2026-06-05 14:39:00,U1050,michael.ramirez,WKSTN-U1050,,PROCESS_START,3.7,393
EP031990,2026-06-05 14:35:00,U1079,emily.jones,WKSTN-U1079,Active Directory Console,PROCESS_START,12.9,116
EP034160,2026-06-05 14:48:00,U1084,  joshua.taylor ,WKSTN-U1084,Terminal,PROCESS_START,19.6,229
EP026804,2026-06-05 14:34:00,U1066,michelle.wright62,WKSTN-U1066,NOTEPAD.EXE,PROCESS_START,30.2,568
EP032402,2026-06-05 14:42:00,U1080,joseph.jackson91,WKSTN-U1080,Wireshark,PROCESS_START,1.5,521
EP041054,2026-06-05 14:38:00,U1100,daniel.brown38,WKSTN-U1100,PowerPoint,PROCESS_START,14.9,351
EP035948,2026-06-05 14:43:00,U1088,andrew.smith85,WKSTN-U1088,Active Directory Console,PROCESS_START,20.7,589
EP035945,2026-06-05 14:33:00,U1088,andrew.smith85,WKSTN-U1088,Chrome,PROCESS_START,18.5,778
EP014010,2026-06-05 14:34:00,U1034,thomas.allen63,WKSTN-U1034,notepad.exe,PROCESS_START,9.9,416
EP017192,2026-06-05 14:35:00,U1042,michael.hill56,WKSTN-U1042,notepad.exe,PROCESS_START,28.7,427
EP023563,2026-06-05 14:42:00,U1058,jennifer.ramirez18,WKSTN-U1058,Chrome,PROCESS_START,31.1,297
EP025974,2026-06-05 14:44:00,U1064,matthew.wright55,WKSTN-U1064,Outlook,PROCESS_START,25.6,271
EP023955,2026-06-05 14:33:00,U1059,daniel.perez98,WKSTN-U1059,  Outlook ,PROCESS_START,,408
EP017594,2026-06-05 14:49:00,U1043,thomas.williams91,WKSTN-U1043,teams.exe,PROCESS_START,3.3,514
EP039480,2026-06-05 14:32:00,U1096,david.allen76,,PowerPoint,PROCESS_START,22.8,322
EP018797,2026-06-05 14:43:00,U1046,michelle.torres39,WKSTN-U1046,TEAMS.EXE,PROCESS_START,32.7,463
EP016796,2026-06-05 14:31:00,U1041,  matthew.allen52 ,WKSTN-U1041,Chrome,PROCESS_START,17.1,136
EP015603,2026-06-05 14:31:00,U1038,emily.clark,WKSTN-U1038,Excel,PROCESS_START,31.2,149
EP003245,2026-06-05 14:40:00,U1009,,WKSTN-U1009,Excel,PROCESS_START,9.2,710
EP008345,2026-06-05 14:37:00,U1021,jessica.walker,,teams.exe,PROCESS_START,28.5,692
EP027191,2026-06-05 14:42:00,U1067,paul.thomas97,WKSTN-U1067,Chrome,PROCESS_START,28.6,784
EP027558,2026-06-05 14:45:00,U1068,susan.thompson34,WKSTN-U1068,chrome.exe,PROCESS_START,19.5,91
EP011037,2026-06-05 15:14:00,U1027,patricia.brown75,WKSTN-U1027	,Git,PROCESS_START,10.2,443
EP031987,2026-06-05 14:53:00,U1079,emily.jones,WKSTN-U1079,Wireshark,PROCESS_START,15.4,
EP012370,2026-06-05 15:13:00,U1030,,WKSTN-U1030,explorer.exe,PROCESS_START,29.5,833
EP016370,2026-06-05 15:10:00,U1040,matthew.martin,WKSTN-U1040,teams.exe,PROCESS_START,1.9,114
EP036854,2026-06-05 15:04:00,U1090,mary.hill	,WKSTN-U1090,teams.exe,PROCESS_START,34.7,419
EP019202,2026-06-05 15:17:00,U1047,sandra.lewis,WKSTN-U1047	,chrome.exe,PROCESS_START,25.5,248
EP009699,2026-06-05 14:51:00,U1024,emily.miller,WKSTN-U1024,Git,PROCESS_START,10.7,364
EP035057,2026-06-05 14:52:00,U1086,steven.thompson53,WKSTN-U1086,Slack,,29.6,525
EP017190,2026-06-05 14:54:00,U1042,michael.hill56,WKSTN-U1042,Excel,PROCESS_START,6.4,192
EP014795,2026-06-05 14:51:00,U1036,linda.jones,WKSTN-U1036,teams.exe,PROCESS_START,25.5,334
EP018373,2026-06-05 15:16:00,U1045,daniel.sanchez90,WKSTN-U1045,Excel,PROCESS_START,22.3,253
EP026375,2026-06-05 15:06:00,U1065,  michael.ramirez47 ,WKSTN-U1065,Chrome,PROCESS_START,19.3,874
EP018374,2026-06-05 14:50:00,U1045,daniel.sanchez90,,Chrome,PROCESS_START,25.2,531
EP007458,2026-06-05 14:59:00,U1019,donna.anderson,WKSTN-U1019,Jenkins,PROCESS_START,1.4,185
EP038667,2026-06-05 14:51:00,U1094,elizabeth.lewis69,WKSTN-U1094,Chrome,PROCESS_START,31.0,836
EP031991,2026-06-05 14:55:00,U1079,emily.jones,WKSTN-U1079,Slack,PROCESS_START,13.7,805
EP015999,2026-06-05 15:10:00,U1039,mark.thomas,WKSTN-U1039,notepad.exe,PROCESS_START,14.7,446
EP029603,2026-06-05 15:00:00,U1073,michael.gonzalez,WKSTN-U1073,Outlook,PROCESS_START,28.4,624
EP026373,2026-06-05 14:52:00,U1065,michael.ramirez47,WKSTN-U1065,chrome.exe,PROCESS_START,13.7,564
EP027190,2026-06-05 15:02:00,U1067,paul.thomas97,WKSTN-U1067,explorer.exe,PROCESS_START,15.7,461
EP041053,2026-06-05 15:07:00,U1100,daniel.brown38,  WKSTN-U1100 ,Zoom,PROCESS_START,21.2,722
EP020371,2026-06-05 15:06:00,U1050,michael.ramirez,WKSTN-U1050,TEAMS.EXE,PROCESS_START,32.2,541
EP033278,2026-06-05 15:11:00,U1082,,WKSTN-U1082,teams.exe,PROCESS_START,4.4,113
EP001314,2026-06-05 15:12:00,U1004,,WKSTN-U1004,,PROCESS_START,1.5,727
EP001700,2026-06-05 15:11:00,U1005,robert.robinson,WKSTN-U1005,notepad.exe,PROCESS_START,33.1,533
EP014794,2026-06-05 15:24:00,U1036,linda.jones,WKSTN-U1036,Workday,PROCESS_START,9.0,382
EP039083,2026-06-05 15:46:00,U1095,richard.thomas74,WKSTN-U1095,notepad.exe,PROCESS_START,21.8,152
EP015606,2026-06-05 15:20:00,U1038,emily.clark,WKSTN-U1038,Workday,PROCESS_START,23.5,409
EP016371,2026-06-05 15:19:00,U1040,matthew.martin,WKSTN-U1040	,outlook.exe,PROCESS_START,26.2,881
EP017191,2026-06-05 15:19:00,U1042,michael.hill56,WKSTN-U1042,Excel,PROCESS_START,N/A,341
EP029204,2026-06-05 15:35:00,U1072,kenneth.lopez,WKSTN-U1072,chrome.exe,PROCESS_START,9.6,355
EP031569,2026-06-05 15:22:00,U1078,michelle.miller,WKSTN-U1078,DocuSign,PROCESS_START,21.6,
EP029604,2026-06-05 15:49:00,U1073,michael.gonzalez,WKSTN-U1073,DocuSign,PROCESS_START,19.0,152
EP024372,2026-06-05 15:25:00,U1060,matthew.anderson,WKSTN-U1060,,PROCESS_START,27.5,859
EP014411,2026-06-05 15:49:00,U1035,nancy.rodriguez82,WKSTN-U1035	,explorer.exe,PROCESS_START,15.3,N/A
EP003656,2026-06-05 15:30:00,U1010,susan.young51,WKSTN-U1010,Chrome,PROCESS_START,4.6,231
EP014413,2026-06-05 15:23:00,U1035,nancy.rodriguez82,WKSTN-U1035,  teams.exe ,PROCESS_START,12.1,270
EP012812,2026-06-05 15:49:00,U1031,john.wright28,WKSTN-U1031,explorer.exe,PROCESS_START,22.1,385
EP018376,2026-06-05 15:24:00,U1045,daniel.sanchez90,WKSTN-U1045,explorer.exe,PROCESS_START,7.9,385
EP030407,2026-06-05 15:26:00,U1075,steven.lewis,WKSTN-U1075,teams.exe,PROCESS_START,17.5,597
EP033722,2026-06-05 15:30:00,U1083,sarah.allen70,WKSTN-U1083,PuTTY,PROCESS_START,1.6,460
EP023960,2026-06-05 15:35:00,U1059,daniel.perez98,WKSTN-U1059,notepad.exe,PROCESS_START,9.4,238
EP012810,2026-06-05 15:20:00,U1031,john.wright28,WKSTN-U1031,teams.exe,PROCESS_START,7.5,854
EP004399,2026-06-05 15:32:00,U1012,linda.martinez	,WKSTN-U1012,outlook.exe,PROCESS_START,26.0,717
EP013628,2026-06-05 15:25:00,U1033,linda.miller,WKSTN-U1033,outlook.exe,PROCESS_START,28.2,245
EP019982,2026-06-05 15:44:00,U1049,michelle.jones59,WKSTN-U1049,Chrome,PROCESS_START,,384
EP021981,2026-06-05 15:48:00,U1054,anthony.martinez,WKSTN-U1054,Zoom,PROCESS_START,26.6,133
EP024373,2026-06-05 15:33:00,U1060,matthew.anderson,WKSTN-U1060,Zoom,PROCESS_START,33.6,342
EP020788,2026-06-05 15:32:00,U1051,sandra.king72,WKSTN-U1051,Outlook,PROCESS_START,21.9,788
EP019203,2026-06-05 15:52:00,U1047,sandra.lewis,,,PROCESS_START,26.4,192
EP001699,2026-06-05 16:04:00,U1005,robert.robinson,WKSTN-U1005,chrome.exe,PROCESS_START,33.4,608
EP028391,2026-06-05 16:10:00,U1070,betty.thomas40,WKSTN-U1070,chrome.exe,PROCESS_START,25.4,449
EP017984,2026-06-05 16:33:00,U1044,,WKSTN-U1044,,PROCESS_START,2.0,261
EP000895,2026-06-05 16:04:00,U1003,kenneth.clark29,WKSTN-U1003,outlook.exe,PROCESS_START,32.1,436
EP030406,2026-06-05 16:20:00,U1075,,WKSTN-U1075,DocuSign,process_start,29.8,216
EP025975,2026-06-05 15:58:00,U1064,matthew.wright55,WKSTN-U1064,outlook.exe,PROCESS_START,31.2,151
EP012811,2026-06-05 16:10:00,U1031,john.wright28,WKSTN-U1031,Workday,PROCESS_START,4.6,82
EP032836,2026-06-05 16:18:00,U1081,margaret.davis,WKSTN-U1081,explorer.exe,PROCESS_START,-30.7,648
EP001311,2026-06-05 15:59:00,U1004,elizabeth.wilson98,WKSTN-U1004,teams.exe,PROCESS_START,8.9,153
EP033725,2026-06-05 15:56:00,U1083,sarah.allen70,WKSTN-U1083,chrome.exe,PROCESS_START,21.3,256
EP010146,2026-06-05 16:14:00,U1025,betty.brown22,WKSTN-U1025,,PROCESS_START,32.8,302
EP002876,2026-06-05 16:24:00,U1008,joshua.hernandez,WKSTN-U1008,SAP,PROCESS_START,19.5,263
EP036415,2026-06-05 16:23:00,U1089,paul.brown27,WKSTN-U1089,chrome.exe,PROCESS_START,8.9,355
EP003658,2026-06-05 16:10:00,U1010,susan.young51,WKSTN-U1010,Outlook	,PROCESS_START,16.8,236
EP029987,2026-06-05 16:01:00,U1074,sarah.williams7,WKSTN-U1074,notepad.exe,PROCESS_START,12.5,127
EP008344,2026-06-05 16:01:00,U1021,jessica.walker,WKSTN-U1021,Docker Desktop,PROCESS_START,20.0,474
EP032404,2026-06-05 16:14:00,U1080,joseph.jackson91,WKSTN-U1080,PuTTY,PROCESS_START,31.8,693
EP010597,2026-06-05 16:32:00,U1026,elizabeth.gonzalez,WKSTN-U1026,chrome.exe,PROCESS_START,23.1,835
EP021572,2026-06-05 16:18:00,U1053,john.jackson31,WKSTN-U1053,Outlook,PROCESS_START,19.2,
EP009700,2026-06-05 16:29:00,U1024,emily.miller,WKSTN-U1024,,PROCESS_START,5.6,481
EP029201,2026-06-05 16:09:00,U1072,kenneth.lopez,WKSTN-U1072,teams.exe,PROCESS_START,5.6,820
EP040290,2026-06-05 16:13:00,U1098,nancy.wright49,WKSTN-U1098,teams.exe,PROCESS_START,6.2,258
EP031989,2026-06-05 16:27:00,U1079,emily.jones,WKSTN-U1079,Wireshark,PROCESS_START,4.0,225
EP018795,2026-06-05 16:20:00,U1046,michelle.torres39,WKSTN-U1046,Excel,PROCESS_START,14.5,404
EP015179,2026-06-05 16:20:00,U1037,robert.martin,WKSTN-U1037,CHROME,PROCESS_START,19.4,507
EP002102,2026-06-05 17:24:00,U1006,george.gonzalez,WKSTN-U1006,outlook.exe,PROCESS_START,6.8,753
EP039081,2026-06-05 16:33:00,U1095,richard.thomas74,WKSTN-U1095,Outlook,PROCESS_START,26.9,172
EP040676,2026-06-05 16:50:00,U1099,joseph.garcia	,WKSTN-U1099,Chrome,PROCESS_START,5.2,682
EP022402,2026-06-05 17:28:00,U1055,patricia.wilson54,WKSTN-U1055,chrome.exe,PROCESS_START,15.5,778
EP032406,2026-06-05 16:44:00,U1080,joseph.jackson91,WKSTN-U1080,teams.exe,,30.0,525
EP031568,2026-06-05 17:14:00,U1078,michelle.miller,WKSTN-U1078,DocuSign,PROCESS_START,10.5,304
EP017985,2026-06-05 16:34:00,U1044,lisa.ramirez9,WKSTN-U1044,notepad.exe,PROCESS_START,22.2,155
EP009255,2026-06-05 17:12:00,U1023,richard.wright,WKSTN-U1023,Docker Desktop,PROCESS_START,21.6,793
EP024773,2026-06-06 11:33:00,U1061,jessica.rodriguez,WKSTN-U1061,Excel,PROCESS_START,23.5,353
EP027968,2026-06-06 08:14:00,U1069,jessica.clark,WKSTN-U1069,chrome.exe,PROCESS_START,5900.0,498
EP036416,2026-06-05 16:41:00,U1089,paul.brown27,WKSTN-U1089,notepad.exe,PROCESS_START,32.5,889
EP022400,2026-06-05 17:40:00,U1055,patricia.wilson54,WKSTN-U1055,chrome.exe,PROCESS_START,4.1,628
EP030409,2026-06-05 16:49:00,U1075,steven.lewis,WKSTN-U1075,Chrome,PROCESS_START,15.7,662
EP024757,2026-06-05 17:54:00,U1061,jessica.rodriguez,WKSTN-U1061,teams.exe,PROCESS_START,29.6,479
EP002874,2026-06-05 17:00:00,U1008,joshua.hernandez,WKSTN-U1008,teams.exe,PROCESS_START,24.3,338
EP009252,2026-06-05 17:00:00,U1023,richard.wright,WKSTN-U1023,Chrome,PROCESS_START,33.0,839
EP010594,2026-06-05 17:33:00,U1026,elizabeth.gonzalez,WKSTN-U1026,teams.exe,PROCESS_START,23.7,532
EP007460,2026-06-05 17:23:00,U1019,donna.anderson,WKSTN-U1019,Docker Desktop,PROCESS_START,33.5,377
EP018796,2026-06-05 17:37:00,U1046,,WKSTN-U1046,chrome.exe,PROCESS_START,13.0,
EP000894,2026-06-05 16:50:00,U1003,kenneth.clark29,WKSTN-U1003,Excel,PROCESS_START,19.7,823
EP019201,2026-06-05 16:51:00,U1047,sandra.lewis,WKSTN-U1047,chrome.exe,PROCESS_START,6.2,501
EP005647,2026-06-05 17:06:00,U1015,lisa.hernandez,WKSTN-U1015,QuickBooks,PROCESS_START,11.1,91
EP030790,2026-06-05 16:44:00,U1076,john.torres,WKSTN-U1076,Outlook,PROCESS_START,29.3,102
EP031988,2026-06-05 16:43:00,U1079,emily.jones,WKSTN-U1079,notepad.exe,PROCESS_START,4.9,417
EP015998,2026-06-05 17:14:00,U1039,mark.thomas,  WKSTN-U1039 ,chrome.exe,PROCESS_START,3.4,492
EP035971,2026-06-06 14:56:00,U1088,andrew.smith85,WKSTN-U1088,outlook.exe,PROCESS_START,12.1,206
EP036876,2026-06-07 12:59:00,U1090,mary.hill,,teams.exe,PROCESS_START,31.8,81
EP023978,2026-06-06 12:40:00,U1059,,WKSTN-U1059,teams.exe,PROCESS_START,8.8,287
EP016386,2026-06-07 08:45:00,U1040,matthew.martin,WKSTN-U1040,Outlook,PROCESS_START,17.7,599
EP023982,2026-06-06 16:10:00,U1059,daniel.perez98,WKSTN-U1059,Outlook,PROCESS_START,12.6,725
EP035991,2026-06-07 09:42:00,U1088,andrew.smith85,WKSTN-U1088,outlook.exe,PROCESS_START,12.5,696
EP035969,2026-06-06 12:23:00,U1088,andrew.smith85,WKSTN-U1088,Wireshark,PROCESS_START,3.5,416
EP016388,2026-06-07 11:16:00,U1040,matthew.martin,WKSTN-U1040,Workday,PROCESS_START,12.8,720
EP015199,2026-06-07 10:40:00,U1037,robert.martin,WKSTN-U1037,explorer.exe,PROCESS_START,2.9,607
EP027970,2026-06-06 11:58:00,U1069,jessica.clark,WKSTN-U1069,Outlook,PROCESS_START,24.9,426
EP023981,2026-06-06 13:51:00,U1059,daniel.perez98,WKSTN-U1059,notepad.exe,PROCESS_START,26.1,836
EP000485,2026-06-07 12:55:00,U1002,  donna.ramirez ,,notepad.exe,PROCESS_START,19.6,
EP024775,2026-06-06 15:34:00,U1061,jessica.rodriguez,WKSTN-U1061,Excel,PROCESS_START,20.9,763
EP015197,2026-06-07 11:13:00,U1037,robert.martin,WKSTN-U1037,Outlook,PROCESS_START,21.0,576
EP027969,2026-06-06 14:51:00,U1069,jessica.clark,WKSTN-U1069,DocuSign,PROCESS_START,23.9,847
EP023980,2026-06-06 13:12:00,U1059,daniel.perez98,WKSTN-U1059,Excel,PROCESS_START,4.9,702
EP024774,2026-06-06 12:45:00,U1061,jessica.rodriguez,WKSTN-U1061,Outlook,PROCESS_START,9.1,669
EP016391,2026-06-07 10:49:00,U1040,matthew.martin,WKSTN-U1040,Excel,PROCESS_START,14.1,509
EP035970,2026-06-06 16:46:00,U1088,andrew.smith85,WKSTN-U1088,notepad.exe,PROCESS_START,21.4,426
EP000484,2026-06-07 10:27:00,U1002,donna.ramirez,WKSTN-U1002,explorer.exe,PROCESS_START,30.3,662
EP016387,2026-06-07 11:16:00,U1040,matthew.martin,WKSTN-U1040,explorer.exe,PROCESS_START,24.4,452
EP023979,2026-06-06 14:13:00,U1059,daniel.perez98,  WKSTN-U1059 ,Zoom,PROCESS_START,4.9,790
EP035972,2026-06-06 15:42:00,U1088,andrew.smith85,WKSTN-U1088,chrome.exe,PROCESS_START,10.2,92
EP036877,2026-06-07 13:31:00,U1090,mary.hill	,WKSTN-U1090,explorer.exe	,PROCESS_START,30.0,358
EP016389,2026-06-07 12:53:00,U1040,matthew.martin,WKSTN-U1040,Outlook,PROCESS_START,29.1,557
EP035993,2026-06-07 13:53:00,U1088,andrew.smith85,WKSTN-U1088,notepad.exe,PROCESS_START,13.2,402
EP022003,2026-06-08 07:27:00,U1054,anthony.martinez,WKSTN-U1054,teams.exe,PROCESS_START,20.4,570
EP013235,2026-06-08 07:27:00,U1032,paul.wright91,WKSTN-U1032,chrome.exe,PROCESS_START,29.9,572
EP041068,2026-06-08 07:08:00,U1100,daniel.brown38,WKSTN-U1100,Zoom,PROCESS_START,19.5,360
EP015198,2026-06-07 14:52:00,U1037,robert.martin,WKSTN-U1037,Workday,PROCESS_START,8.1,267
EP036878,2026-06-07 15:22:00,U1090,mary.hill,WKSTN-U1090,Active Directory Console,PROCESS_START,3.0,549
EP035995,2026-06-07 13:49:00,U1088,andrew.smith85,WKSTN-U1088,Wireshark,PROCESS_START,7.9,95
EP006540,2026-06-08 07:46:00,U1017,EMILY.HERNANDEZ34,WKSTN-U1017,outlook.exe,PROCESS_START,6.9,355
EP000483,2026-06-07 13:50:00,U1002,donna.ramirez,WKSTN-U1002,SAP,PROCESS_START,34.6,404
EP004841,2026-06-08 07:36:00,U1013,emily.smith,WKSTN-U1013,Outlook,PROCESS_START,,784
EP004028,2026-06-08 07:11:00,U1011,donna.ramirez75,WKSTN-U1011,chrome.exe	,PROCESS_START,27.7,682
EP003672,2026-06-08 07:30:00,U1010,susan.young51,WKSTN-U1010,QuickBooks	,,31.4,418
EP016390,2026-06-07 15:29:00,U1040,matthew.martin,WKSTN-U1040,chrome.exe,PROCESS_START,32.8,173
EP004413,2026-06-08 07:18:00,U1012,linda.martinez,WKSTN-U1012,Excel,PROCESS_START,24.5,475000.0
EP035992,2026-06-07 14:01:00,U1088,andrew.smith85,WKSTN-U1088,Terminal,PROCESS_START,11.4,583
EP014811,2026-06-08 07:20:00,U1036,linda.jones,,explorer.exe,PROCESS_START,26.6,168
EP003261,2026-06-08 07:25:00,U1009,daniel.brown,WKSTN-U1009,chrome.exe,PROCESS_START,32.9,740
EP000506,2026-06-08 07:26:00,U1002,donna.ramirez,WKSTN-U1002,SAP,PROCESS_START,30.2,92
EP010168,2026-06-08 07:30:00,U1025,betty.brown22,WKSTN-U1025,Docker Desktop,PROCESS_START,17.0,491
EP039918,2026-06-08 07:34:00,U1097,mark.martinez10,WKSTN-U1097,Chrome,PROCESS_START,1.3,562
EP015196,2026-06-07 15:20:00,U1037,robert.martin,WKSTN-U1037,chrome.exe,PROCESS_START,7.9,734
EP041070,2026-06-08 07:09:00,U1100,daniel.brown38,WKSTN-U1100,explorer.exe,PROCESS_START,23.9,222
EP035994,2026-06-07 15:02:00,U1088,andrew.smith85,WKSTN-U1088,PuTTY,PROCESS_START,3.3,362
EP003674,2026-06-08 07:30:00,U1010,susan.young51,WKSTN-U1010,teams.exe,PROCESS_START,1.0,276
EP039917,2026-06-08 07:25:00,U1097,mark.martinez10,WKSTN-U1097,explorer.exe,PROCESS_START,17.6,570
EP013237,2026-06-08 08:49:00,U1032,,WKSTN-U1032,outlook.exe,PROCESS_START,14.1,407
EP030813,2026-06-08 08:25:00,U1076,john.torres,WKSTN-U1076,explorer.exe,PROCESS_START,25.7,388
EP032859,2026-06-08 08:12:00,U1081,margaret.davis,WKSTN-U1081,PuTTY,PROCESS_START,3.4,201
EP003673,2026-06-08 08:01:00,U1010,susan.young51,WKSTN-U1010,SAP,PROCESS_START,34.9,164
EP007918,2026-06-08 08:41:00,U1020,andrew.thomas36,WKSTN-U1020,Chrome,PROCESS_START,15.6,549
EP039915,2026-06-08 07:53:00,U1097,mark.martinez10,WKSTN-U1097,chrome.exe,PROCESS_START,25.2,521
EP002509,2026-06-08 08:43:00,U1007,sarah.robinson82	,WKSTN-U1007,chrome.exe,PROCESS_START,28.5,610
EP038239,2026-06-08 08:41:00,U1093,sarah.clark44,WKSTN-U1093,notepad.exe,PROCESS_START,18.3,811
EP006542,2026-06-08 07:56:00,U1017,emily.hernandez34,WKSTN-U1017,explorer.exe	,process_start,7.7,256
EP004840,2026-06-08 08:16:00,U1013,emily.smith,WKSTN-U1013,outlook.exe,PROCESS_START,16.6,605
EP039097,2026-06-08 08:22:00,U1095,richard.thomas74,WKSTN-U1095,teams.exe,PROCESS_START,29.2,442
EP025203,2026-06-08 08:18:00,U1062,william.martin,WKSTN-U1062,explorer.exe,,23.2,188
EP021194,2026-06-08 07:56:00,U1052,paul.taylor,WKSTN-U1052,outlook.exe,PROCESS_START,16.0,699
EP007478,2026-06-08 08:50:00,U1019,donna.anderson,WKSTN-U1019,Slack,PROCESS_START,2.3,309
EP014024,2026-06-08 08:22:00,U1034,thomas.allen63,WKSTN-U1034,Workday,PROCESS_START,17.6,667
EP021589,2026-06-08 08:01:00,U1053,john.jackson31,WKSTN-U1053,Chrome,PROCESS_START,23.9,809
EP011059,2026-06-08 07:53:00,U1027,patricia.brown75,WKSTN-U1027,VSCode,PROCESS_START,33.7,697
EP032856,2026-06-08 08:08:00,U1081,margaret.davis,WKSTN-U1081,Terminal,PROCESS_START,7.7,597
EP009719,2026-06-08 08:08:00,U1024,emily.miller,WKSTN-U1024,explorer.exe,PROCESS_START,12.1,163
EP022000,2026-06-08 08:15:00,U1054,anthony.martinez	,WKSTN-U1054,Excel,PROCESS_START,24.7,203
EP031198,2026-06-08 08:28:00,U1077,kimberly.harris58,WKSTN-U1077,Chrome,PROCESS_START,3.1,719
EP033296,2026-06-08 07:50:00,U1082,karen.hill96,WKSTN-U1082,explorer.exe,PROCESS_START,27.9,761
EP027571,2026-06-08 07:50:00,U1068,susan.thompson34,WKSTN-U1068,Word,PROCESS_START,13.1,347
EP016017,2026-06-08 08:06:00,U1039,MARK.THOMAS,WKSTN-U1039,Chrome,PROCESS_START,22.0,572
EP008360,2026-06-08 08:26:00,U1021,jessica.walker,WKSTN-U1021,teams.exe,PROCESS_START,2.8,298
EP030812,2026-06-08 08:54:00,U1076,john.torres,WKSTN-U1076,outlook.exe,PROCESS_START,19.1,171
EP012831,2026-06-08 09:06:00,U1031,john.wright28,WKSTN-U1031,Outlook,PROCESS_START,26.7,428
EP016407,2026-06-08 09:20:00,U1040,matthew.martin,WKSTN-U1040,Workday,PROCESS_START,6.7,261
EP008818,2026-06-08 09:08:00,U1022,  sandra.brown ,WKSTN-U1022,notepad.exe,PROCESS_START,22.4,564
EP007481,2026-06-08 09:19:00,U1019,donna.anderson,WKSTN-U1019,Docker Desktop,PROCESS_START,3.7,457
EP035520,2026-06-08 09:14:00,U1087,charles.sanchez,WKSTN-U1087,PuTTY,PROCESS_START,28.5,442
EP032011,2026-06-08 09:17:00,U1079,emily.jones,WKSTN-U1079,Terminal,PROCESS_START,13.3,450
EP004025,2026-06-08 09:04:00,U1011,donna.ramirez75,WKSTN-U1011,Excel,PROCESS_START,29.8,261
EP040692,2026-06-08 09:16:00,U1099,joseph.garcia,WKSTN-U1099,explorer.exe,PROCESS_START,3.8,592
EP009724,2026-06-08 09:06:00,U1024,emily.miller,WKSTN-U1024,Chrome	,PROCESS_START,12.7,380
EP013236,2026-06-08 09:10:00,U1032,paul.wright91,WKSTN-U1032,Chrome,PROCESS_START,8.2,612
EP033738,2026-06-08 09:16:00,U1083,sarah.allen70,WKSTN-U1083,chrome.exe,PROCESS_START,5.0,791
EP006077,2026-06-08 09:06:00,U1016,patricia.thomas,WKSTN-U1016,Jenkins,PROCESS_START,22.8,740
EP016408,2026-06-08 09:16:00,U1040,matthew.martin,WKSTN-U1040,Outlook,PROCESS_START,28.3,540
EP019999,2026-06-08 09:21:00,U1049,,WKSTN-U1049,notepad.exe,PROCESS_START,10.9,552
EP011534,2026-06-08 09:18:00,U1028,john.hill,WKSTN-U1028,Docker Desktop,PROCESS_START,9.7,420
EP017212,2026-06-08 09:00:00,U1042,michael.hill56,WKSTN-U1042,Workday,PROCESS_START,10.9,607
EP019997,2026-06-08 09:01:00,U1049,michelle.jones59,WKSTN-U1049	,outlook.exe,PROCESS_START,34.0,749
EP022418,2026-06-08 09:11:00,U1055,patricia.wilson54,WKSTN-U1055,chrome.exe,PROCESS_START,13.4,586
EP039098,2026-06-08 09:13:00,U1095,richard.thomas74,WKSTN-U1095,  Excel ,PROCESS_START,12.8,797
EP012830,2026-06-08 09:13:00,U1031,john.wright28,WKSTN-U1031,Outlook,PROCESS_START,,612
EP034182,2026-06-08 09:12:00,U1084,joshua.taylor,WKSTN-U1084,Active Directory Console,PROCESS_START,16000.0,278
EP025597,2026-06-08 09:09:00,U1063,john.nguyen,WKSTN-U1063,outlook.exe,PROCESS_START,3.8,439
EP038234,2026-06-08 09:19:00,U1093,sarah.clark44,WKSTN-U1093,Terminal,PROCESS_START,13.2,100
EP004027,2026-06-08 08:57:00,U1011,donna.ramirez75,WKSTN-U1011,teams.exe	,PROCESS_START,26.5,836
EP016406,2026-06-08 09:35:00,U1040,matthew.martin,WKSTN-U1040,Workday,,26.8,851
EP039099,2026-06-08 09:23:00,U1095,richard.thomas74,WKSTN-U1095,Zoom,PROCESS_START,20.2,408
EP013644,2026-06-08 09:44:00,U1033,linda.miller,WKSTN-U1033,Excel,PROCESS_START,28.8,241
EP022419,2026-06-08 09:42:00,U1055,patricia.wilson54,WKSTN-U1055,Chrome,PROCESS_START,2.7,708
EP000507,2026-06-08 09:30:00,U1002,donna.ramirez,WKSTN-U1002,SAP,PROCESS_START,17.0,472
EP036014,2026-06-08 09:38:00,U1088,andrew.smith85,WKSTN-U1088,Slack,PROCESS_START,32.8,372
EP000104,2026-06-08 09:39:00,U1001,linda.johnson95,WKSTN-U1001	,NOTEPAD.EXE,PROCESS_START,29.3,158
EP000504,2026-06-08 09:35:00,U1002,donna.ramirez,WKSTN-U1002,Excel,PROCESS_START,31.4,770
EP002121,2026-06-08 09:34:00,U1006,george.gonzalez,WKSTN-U1006,outlook.exe	,PROCESS_START,25.8,393
EP027572,2026-06-08 09:38:00,U1068,susan.thompson34,WKSTN-U1068,DOCUSIGN,PROCESS_START,19.4,716
EP025596,2026-06-08 09:26:00,U1063,john.nguyen,WKSTN-U1063,Outlook,PROCESS_START,16.8,90
EP035080,2026-06-08 09:38:00,U1086,steven.thompson53,WKSTN-U1086,outlook.exe,PROCESS_START,15.1,560
EP027206,2026-06-08 09:37:00,U1067,paul.thomas97,WKSTN-U1067,notepad.exe,PROCESS_START,3.9,713
EP006076,2026-06-08 09:42:00,U1016,patricia.thomas,WKSTN-U1016,,PROCESS_START,4.5,566
EP031199,2026-06-08 09:26:00,U1077,kimberly.harris58,WKSTN-U1077,Chrome,PROCESS_START,31.8,841
EP027207,2026-06-08 09:27:00,U1067,paul.thomas97,WKSTN-U1067,explorer.exe,PROCESS_START,1.2,612
EP017617,2026-06-08 09:43:00,U1043,thomas.williams91,WKSTN-U1043,explorer.exe,PROCESS_START,13.0,840
EP018393,2026-06-08 09:22:00,U1045,daniel.sanchez90,WKSTN-U1045,outlook.exe,PROCESS_START,16.0,407
EP014427,2026-06-08 09:25:00,U1035,nancy.rodriguez82,WKSTN-U1035,outlook.exe,PROCESS_START,23.4,159
EP007919,2026-06-08 09:33:00,U1020,andrew.thomas36,WKSTN-U1020,,PROCESS_START,12.4,128
EP007015,2026-06-08 09:34:00,U1018,betty.white57,WKSTN-U1018,chrome.exe,PROCESS_START,14.1,240
EP021999,2026-06-08 09:44:00,U1054,anthony.martinez,WKSTN-U1054,chrome.exe,PROCESS_START,5.3,461
EP032009,2026-06-08 09:40:00,U1079,emily.jones,WKSTN-U1079,chrome.exe,PROCESS_START,22.2,869
EP000920,2026-06-08 09:41:00,U1003,kenneth.clark29,WKSTN-U1003,outlook.exe,PROCESS_START,12.8,782
EP030006,2026-06-08 09:34:00,U1074,sarah.williams7,WKSTN-U1074,chrome.exe,PROCESS_START,23.4,626
EP020805,2026-06-08 10:18:00,U1051,sandra.king72,WKSTN-U1051,Zoom,PROCESS_START,12.2,108
EP037793,2026-06-08 09:53:00,U1092,steven.thomas,WKSTN-U1092,  Slack ,PROCESS_START,26.1,253
EP006539,2026-06-08 10:13:00,U1017,emily.hernandez34,WKSTN-U1017,VSCode,PROCESS_START,13.3,818
EP021196,2026-06-08 09:47:00,U1052,paul.taylor,WKSTN-U1052,outlook.exe,PROCESS_START,26.7,110
EP023581,2026-06-08 09:56:00,U1058,jennifer.ramirez18,WKSTN-U1058,Outlook,PROCESS_START,27.8,335
EP008816,2026-06-08 09:54:00,U1022,sandra.brown,WKSTN-U1022,Docker Desktop,PROCESS_START,6.1,547
EP032006,2026-06-08 10:07:00,U1079,emily.jones,WKSTN-U1079,Terminal,PROCESS_START,25.0,399
EP038236,2026-06-08 09:48:00,U1093,sarah.clark44,WKSTN-U1093,explorer.exe,PROCESS_START,24.6,432
EP039095,2026-06-08 10:17:00,U1095,richard.thomas74,WKSTN-U1095,outlook.exe,PROCESS_START,27.5,454
EP000103,2026-06-08 09:47:00,U1001,linda.johnson95,WKSTN-U1001,CHROME,PROCESS_START,16.7,118
EP005668,2026-06-08 09:47:00,U1015,lisa.hernandez,WKSTN-U1015,chrome.exe,PROCESS_START,2.4,385
EP029220,2026-06-08 10:08:00,U1072,kenneth.lopez,WKSTN-U1072,explorer.exe,PROCESS_START,30.5,147
EP030810,2026-06-08 10:12:00,U1076,john.torres,WKSTN-U1076,Chrome,PROCESS_START,11.4,246
EP016810,2026-06-08 10:07:00,U1041,matthew.allen52,WKSTN-U1041,Chrome,PROCESS_START,13.1,629
EP037796,2026-06-08 10:08:00,U1092,steven.thomas,WKSTN-U1092,Terminal,PROCESS_START,24.7,
EP015617,2026-06-08 10:14:00,U1038,emily.clark,WKSTN-U1038,explorer.exe,,19.2,597
EP019627,2026-06-08 10:05:00,U1048,jennifer.thomas87,WKSTN-U1048	,chrome.exe,,31.6,462
EP026821,2026-06-08 10:03:00,U1066,michelle.wright62,  WKSTN-U1066 ,Outlook,PROCESS_START,3.4,648
EP011956,2026-06-08 10:16:00,U1029,michelle.garcia54,WKSTN-U1029,Chrome,PROCESS_START,4.4,488
EP012393,2026-06-08 10:18:00,U1030,betty.rodriguez86,WKSTN-U1030,VSCode,PROCESS_START,-33.7,
EP015214,2026-06-08 09:45:00,U1037,robert.martin,WKSTN-U1037,Excel,PROCESS_START,18.0,158
EP015621,2026-06-08 10:02:00,U1038,emily.clark,WKSTN-U1038,outlook.exe,PROCESS_START,26.3,673
EP011057,2026-06-08 09:45:00,U1027,  patricia.brown75 ,,chrome.exe,PROCESS_START,6.9,868
EP034180,2026-06-08 09:58:00,U1084,joshua.taylor,WKSTN-U1084,teams.exe,PROCESS_START,3.1,447
EP014426,2026-06-08 10:18:00,U1035,nancy.rodriguez82,WKSTN-U1035,outlook.exe,PROCESS_START,33.0,876
EP030420,2026-06-08 10:39:00,U1075,steven.lewis,WKSTN-U1075,outlook.exe,process_start,30.2,586
EP009271,2026-06-08 10:26:00,U1023,richard.wright,WKSTN-U1023,Chrome,PROCESS_START,5.1,306
EP006541,2026-06-08 10:55:00,U1017,emily.hernandez34,WKSTN-U1017,explorer.exe,PROCESS_START,6.6,88
EP003262,2026-06-08 10:32:00,U1009,daniel.brown,WKSTN-U1009,Chrome,PROCESS_START,24.3,476
EP021192,2026-06-08 10:39:00,U1052,  paul.taylor ,WKSTN-U1052,  notepad.exe ,PROCESS_START,,793
EP032858,2026-06-08 10:29:00,U1081,margaret.davis,WKSTN-U1081,chrome.exe,PROCESS_START,12.4,390
EP009723,2026-06-08 10:26:00,U1024,emily.miller,WKSTN-U1024,Git,PROCESS_START,18.9,883
EP031588,2026-06-08 10:39:00,U1078,michelle.miller,WKSTN-U1078,DocuSign,PROCESS_START,6.0,669
EP026387,2026-06-08 10:22:00,U1065,michael.ramirez47,WKSTN-U1065,Chrome,PROCESS_START,31.1,884
EP007016,2026-06-08 10:44:00,U1018,betty.white57,WKSTN-U1018,explorer.exe,PROCESS_START,12.0,203
EP026388,2026-06-08 10:45:00,U1065,michael.ramirez47,WKSTN-U1065,outlook.exe,PROCESS_START,21.5,97
EP019629,2026-06-08 10:38:00,U1048,jennifer.thomas87,WKSTN-U1048	,chrome.exe,PROCESS_START,10.0,301
EP013642,2026-06-08 10:23:00,U1033,linda.miller,WKSTN-U1033,explorer.exe	,PROCESS_START,14.6,291
EP026819,2026-06-08 10:35:00,U1066,michelle.wright62,WKSTN-U1066,explorer.exe,PROCESS_START,12.9,859
EP011061,2026-06-08 10:31:00,U1027,patricia.brown75,WKSTN-U1027,Slack,PROCESS_START,17.3,879
EP002891,2026-06-08 10:55:00,U1008,joshua.hernandez,WKSTN-U1008,,PROCESS_START,10.3,785
EP016404,2026-06-08 10:46:00,U1040,matthew.martin,WKSTN-U1040,notepad.exe,PROCESS_START,7.5,
EP015618,2026-06-08 10:26:00,U1038,emily.clark,WKSTN-U1038,Outlook,PROCESS_START,1.4,796
EP004024,2026-06-08 10:38:00,U1011,donna.ramirez75,WKSTN-U1011,Outlook,PROCESS_START,30.7,632
EP014812,2026-06-08 10:25:00,U1036,linda.jones,WKSTN-U1036,explorer.exe,PROCESS_START,19.1,818
EP008815,2026-06-08 10:39:00,U1022,SANDRA.BROWN,WKSTN-U1022,Jenkins,PROCESS_START,9.5,413
EP028404,2026-06-08 10:42:00,U1070,betty.thomas40,WKSTN-U1070,Word,PROCESS_START,31.0,847
EP015215,2026-06-08 10:40:00,U1037,robert.martin,WKSTN-U1037,Outlook,PROCESS_START,33.0,495
EP036010,2026-06-08 10:43:00,U1088,andrew.smith85,WKSTN-U1088,outlook.exe,PROCESS_START,17.7,886
EP014814,2026-06-08 10:50:00,U1036,linda.jones,WKSTN-U1036,Chrome,PROCESS_START,28.8,192
EP012391,2026-06-08 10:58:00,U1030,betty.rodriguez86,WKSTN-U1030,Slack,PROCESS_START,4.4,342
EP030004,2026-06-08 10:59:00,U1074,sarah.williams7,WKSTN-U1074,Outlook,PROCESS_START,3.5,685
EP037352,2026-06-08 11:09:00,U1091,linda.robinson,WKSTN-U1091,PuTTY,PROCESS_START,19.5,879
EP030005,2026-06-08 11:05:00,U1074,sarah.williams7,WKSTN-U1074,DocuSign,PROCESS_START,29.9,604
EP028829,2026-06-08 11:02:00,U1071,matthew.robinson35,WKSTN-U1071,explorer.exe,PROCESS_START,31.1,122
EP003263,2026-06-08 11:05:00,U1009,daniel.brown,WKSTN-U1009,Outlook,PROCESS_START,24.2,707
EP018003,2026-06-08 11:13:00,U1044,lisa.ramirez9,WKSTN-U1044,chrome.exe,PROCESS_START,18.0,304
EP038683,2026-06-08 11:09:00,U1094,elizabeth.lewis69,WKSTN-U1094,Active Directory Console,PROCESS_START,33.2,612
EP041069,2026-06-08 11:05:00,U1100,daniel.brown38,WKSTN-U1100,chrome.exe,PROCESS_START,8.3,531
EP004414,2026-06-08 11:06:00,U1012,linda.martinez,WKSTN-U1012,explorer.exe,PROCESS_START,13.9,126
EP017214,2026-06-08 10:56:00,U1042,michael.hill56,WKSTN-U1042,outlook.exe,PROCESS_START,31.4,776
EP039498,2026-06-08 10:57:00,U1096,david.allen76,WKSTN-U1096,explorer.exe,PROCESS_START,13.9,610
EP000917,2026-06-08 10:58:00,U1003,kenneth.clark29,WKSTN-U1003,outlook.exe,PROCESS_START,10.5,307
EP029223,2026-06-08 10:59:00,U1072,kenneth.lopez,WKSTN-U1072,explorer.exe,PROCESS_START,10.3,429
EP039919,2026-06-08 10:56:00,U1097,mark.martinez10,WKSTN-U1097,  Excel ,PROCESS_START,11.4,863
EP030811,2026-06-08 11:13:00,U1076,john.torres,WKSTN-U1076,Chrome,PROCESS_START,7.0,353
EP030421,2026-06-08 11:06:00,U1075,steven.lewis,WKSTN-U1075,DocuSign,process_start,11.9,518
EP017211,2026-06-08 11:13:00,U1042,,WKSTN-U1042,Chrome,PROCESS_START,20.5,509
EP032857,2026-06-08 11:12:00,U1081,margaret.davis,WKSTN-U1081,teams.exe,PROCESS_START,18.6,386
EP034181,2026-06-08 10:59:00,U1084,joshua.taylor,WKSTN-U1084,Wireshark,PROCESS_START,25.5,352
EP026822,2026-06-08 11:05:00,U1066,MICHELLE.WRIGHT62,,Outlook,PROCESS_START,19.4,544
EP040695,2026-06-08 11:05:00,U1099,joseph.garcia,WKSTN-U1099,chrome.exe,PROCESS_START,10.4,883
EP001329,2026-06-08 11:04:00,U1004,elizabeth.wilson98,WKSTN-U1004,notepad.exe,PROCESS_START,15.2,651
EP027570,2026-06-08 11:15:00,U1068,susan.thompson34,  WKSTN-U1068 ,Chrome,PROCESS_START,19.7,595
EP032008,2026-06-08 10:58:00,U1079,emily.jones,WKSTN-U1079,Chrome,PROCESS_START,23.9,794
EP026820,2026-06-08 11:27:00,U1066,michelle.wright62,WKSTN-U1066,chrome.exe,PROCESS_START,24.9,808
EP029224,2026-06-08 11:36:00,U1072,kenneth.lopez,WKSTN-U1072,teams.exe,PROCESS_START,23.0,85
EP017210,2026-06-08 11:38:00,U1042,michael.hill56,WKSTN-U1042,Chrome	,PROCESS_START,12.1,
EP008363,2026-06-08 11:22:00,U1021,jessica.walker,WKSTN-U1021,Jenkins,PROCESS_START,25.4,341
EP031587,2026-06-08 11:40:00,U1078,michelle.miller,WKSTN-U1078,teams.exe,PROCESS_START,32.9,292
EP019221,2026-06-08 11:26:00,U1047,sandra.lewis,WKSTN-U1047,Zoom,PROCESS_START,20.7,235
EP013645,2026-06-08 11:29:00,U1033,linda.miller,WKSTN-U1033,explorer.exe,PROCESS_START,19.0,581
EP025202,2026-06-08 11:29:00,U1062,william.martin,WKSTN-U1062,Outlook,PROCESS_START,9.4,310
EP004026,2026-06-08 11:38:00,U1011,donna.ramirez75,WKSTN-U1011,notepad.exe,PROCESS_START,14.9,426
EP018391,2026-06-08 11:45:00,U1045,daniel.sanchez90,WKSTN-U1045,outlook.exe,PROCESS_START,11.6,110
EP037794,2026-06-08 11:31:00,U1092,steven.thomas,WKSTN-U1092,notepad.exe,PROCESS_START,30.3,476
EP002120,2026-06-08 11:18:00,U1006,george.gonzalez,WKSTN-U1006,Excel,PROCESS_START,27.6,206
EP014025,2026-06-08 11:26:00,U1034,thomas.allen63,WKSTN-U1034,outlook.exe,PROCESS_START,22.8,752
EP022422,2026-06-08 11:18:00,U1055,patricia.wilson54,WKSTN-U1055,notepad.exe,PROCESS_START,4.2,843
EP019630,2026-06-08 11:28:00,U1048,jennifer.thomas87,WKSTN-U1048,Zoom,PROCESS_START,33.0,205
EP000102,2026-06-08 11:30:00,U1001,linda.johnson95,WKSTN-U1001,teams.exe,PROCESS_START,2.9,599
EP034641,2026-06-08 11:16:00,U1085,barbara.walker67,WKSTN-U1085,notepad.exe,PROCESS_START,14.6,686
EP016019,2026-06-08 11:34:00,U1039,mark.thomas,WKSTN-U1039,chrome.exe,PROCESS_START,13.9,819
EP040696,2026-06-08 11:19:00,U1099,joseph.garcia,WKSTN-U1099,,PROCESS_START,24.3,727
EP030809,2026-06-08 11:17:00,U1076,john.torres,WKSTN-U1076,explorer.exe,PROCESS_START,8.7,614
EP028403,2026-06-08 11:42:00,U1070,betty.thomas40,WKSTN-U1070,teams.exe,PROCESS_START,31.7,465
EP023205,2026-06-08 11:41:00,U1057,nancy.sanchez,WKSTN-U1057,Excel,PROCESS_START,7.7,844
EP022420,2026-06-08 11:41:00,U1055,patricia.wilson54,WKSTN-U1055,Outlook,PROCESS_START,24.2,736
EP020388,2026-06-08 11:36:00,U1050,michael.ramirez,WKSTN-U1050,explorer.exe,PROCESS_START,19.9,248
EP036896,2026-06-08 11:47:00,U1090,mary.hill,WKSTN-U1090,,PROCESS_START,29.1,743
EP022421,2026-06-08 11:50:00,U1055,patricia.wilson54,WKSTN-U1055,teams.exe,PROCESS_START,10.6,472
EP004842,2026-06-08 11:58:00,U1013,,WKSTN-U1013,explorer.exe,PROCESS_START,28.4,840
EP040312,2026-06-08 12:00:00,U1098,nancy.wright49,WKSTN-U1098,notepad.exe,PROCESS_START,33.6,139
EP021193,2026-06-08 11:52:00,U1052,paul.taylor,WKSTN-U1052,teams.exe,PROCESS_START,4.8,689
EP014430,2026-06-08 11:59:00,U1035,nancy.rodriguez82	,WKSTN-U1035,outlook.exe,PROCESS_START,30.7,508
EP033740,2026-06-08 11:53:00,U1083,sarah.allen70,WKSTN-U1083,PuTTY,PROCESS_START,23.3,602
EP009274,2026-06-08 11:58:00,U1023,richard.wright,WKSTN-U1023,CHROME.EXE,PROCESS_START,24.8,576
EP035518,2026-06-08 12:10:00,U1087,charles.sanchez,WKSTN-U1087,PuTTY,PROCESS_START,27.3,459
EP000100,2026-06-08 11:55:00,U1001,linda.johnson95,WKSTN-U1001,notepad.exe,PROCESS_START,6.1,149
EP039916,2026-06-08 11:52:00,U1097,mark.martinez10,WKSTN-U1097,Excel,PROCESS_START,23.2,282
EP035079,2026-06-08 11:51:00,U1086,steven.thompson53,WKSTN-U1086,chrome.exe,PROCESS_START,25.8,470
EP010169,2026-06-08 11:57:00,U1025,betty.brown22,WKSTN-U1025,outlook.exe,PROCESS_START,4.3,132
EP005263,2026-06-08 12:07:00,U1014,james.taylor,WKSTN-U1014,Outlook,PROCESS_START,-1.1,764
EP021590,2026-06-08 12:12:00,U1053,john.jackson31,  WKSTN-U1053 ,Excel,process_start,22.0,888
EP011538,2026-06-08 12:00:00,U1028,john.hill,WKSTN-U1028,explorer.exe,PROCESS_START,,614
EP016808,2026-06-08 12:04:00,U1041,matthew.allen52,WKSTN-U1041,explorer.exe,PROCESS_START,12.1,519
EP025201,2026-06-08 12:07:00,U1062,william.martin,WKSTN-U1062,notepad.exe,PROCESS_START,16.1,483
EP027205,2026-06-08 12:07:00,U1067,paul.thomas97,WKSTN-U1067,outlook.exe,PROCESS_START,25.6,449
EP029222,2026-06-08 11:53:00,U1072,,WKSTN-U1072,teams.exe,PROCESS_START,26.5,260
EP024792,2026-06-08 11:51:00,U1061,jessica.rodriguez,WKSTN-U1061,,PROCESS_START,22.0,516
EP010616,2026-06-08 12:09:00,U1026,elizabeth.gonzalez,WKSTN-U1026,explorer.exe,PROCESS_START,N/A,248
EP008361,2026-06-08 12:09:00,U1021,jessica.walker,WKSTN-U1021,teams.exe,PROCESS_START,3.5,562
EP024395,2026-06-08 12:03:00,U1060,matthew.anderson,WKSTN-U1060,teams.exe,PROCESS_START,17.3,344
EP024790,2026-06-08 11:56:00,U1061,jessica.rodriguez,WKSTN-U1061,zoom,PROCESS_START,19.4,414
EP039100,2026-06-08 11:49:00,U1095,richard.thomas74,WKSTN-U1095,PowerPoint,PROCESS_START,21.1,463
EP021195,2026-06-08 12:13:00,U1052,paul.taylor,WKSTN-U1052,Outlook,PROCESS_START,28.6,556
EP010166,2026-06-08 12:32:00,U1025,betty.brown22,,notepad.exe,PROCESS_START,4.2,112
EP008362,2026-06-08 12:18:00,U1021,jessica.walker,WKSTN-U1021,Docker Desktop,PROCESS_START,18.8,437
EP033298,2026-06-08 12:22:00,U1082,karen.hill96,WKSTN-U1082,Chrome,PROCESS_START,21.4,614
EP032423,2026-06-08 12:30:00,U1080,joseph.jackson91,WKSTN-U1080,Active Directory Console,PROCESS_START,21.1,648
EP008364,2026-06-08 12:41:00,U1021,jessica.walker,WKSTN-U1021,,PROCESS_START,14.2,188
EP027573,2026-06-08 12:25:00,U1068,susan.thompson34,WKSTN-U1068,Outlook,PROCESS_START,31.6,575
EP030808,2026-06-08 12:35:00,U1076,,WKSTN-U1076,teams.exe,PROCESS_START,28.7,665
EP016811,2026-06-08 12:30:00,U1041,matthew.allen52,WKSTN-U1041,outlook,PROCESS_START,25.6,818
EP014429,2026-06-08 12:19:00,U1035,nancy.rodriguez82,  WKSTN-U1035 ,outlook.exe,PROCESS_START,30.0,263
EP022791,2026-06-08 12:27:00,U1056,anthony.clark,WKSTN-U1056,notepad.exe,PROCESS_START,34.7,582
EP020803,2026-06-08 12:21:00,U1051,sandra.king72,WKSTN-U1051,notepad.exe,PROCESS_START,26.1,365
EP009721,2026-06-08 12:16:00,U1024,emily.miller,WKSTN-U1024,Chrome,PROCESS_START,5.4,249
EP034642,2026-06-08 12:37:00,U1085,barbara.walker67,WKSTN-U1085,chrome.exe,PROCESS_START,9.6,584
EP031586,2026-06-08 12:13:00,U1078,michelle.miller,WKSTN-U1078,teams.exe,PROCESS_START,2.4,173
EP039500,2026-06-08 12:26:00,U1096,david.allen76,WKSTN-U1096,chrome.exe,PROCESS_START,29.7,805
EP016020,2026-06-08 12:38:00,U1039,mark.thomas,WKSTN-U1039,Chrome,PROCESS_START,17.8,825
EP028402,2026-06-08 12:34:00,U1070,betty.thomas40,,notepad.exe,PROCESS_START,,533
EP010165,2026-06-08 12:14:00,U1025,betty.brown22,WKSTN-U1025,explorer.exe,PROCESS_START,33.2,318
EP040311,2026-06-08 12:36:00,U1098,nancy.wright49,WKSTN-U1098,teams.exe,PROCESS_START,11.1,570
EP020389,2026-06-08 12:35:00,U1050,michael.ramirez,WKSTN-U1050,Chrome,PROCESS_START,19.9,890
EP026389,2026-06-08 12:17:00,U1065,michael.ramirez47,WKSTN-U1065	,Chrome,PROCESS_START,19.3,568
EP039096,2026-06-08 12:35:00,U1095,,WKSTN-U1095,Zoom,PROCESS_START,5.6,211
EP011058,2026-06-08 12:37:00,U1027,patricia.brown75,WKSTN-U1027,Chrome,PROCESS_START,7.7,449
EP027986,2026-06-08 12:29:00,U1069,jessica.clark,WKSTN-U1069,teams.exe,PROCESS_START,34.7,680
EP005667,2026-06-08 13:02:00,U1015,lisa.hernandez,WKSTN-U1015,Outlook,PROCESS_START,18.5,278
EP010615,2026-06-08 13:01:00,U1026,elizabeth.gonzalez,WKSTN-U1026,Slack,PROCESS_START,20.1,493
EP010167,2026-06-08 12:59:00,U1025,betty.brown22,WKSTN-U1025,Slack,process_start,27.3,336
EP019626,2026-06-08 13:06:00,U1048,,WKSTN-U1048,Zoom,PROCESS_START,14.3,286
EP013643,2026-06-08 12:42:00,U1033,linda.miller,WKSTN-U1033,outlook.exe,PROCESS_START,23.7,303
EP023583,2026-06-08 13:06:00,U1058,jennifer.ramirez18,WKSTN-U1058,Excel,PROCESS_START,28.7,579
EP005262,2026-06-08 12:49:00,U1014,james.taylor,WKSTN-U1014,outlook.exe,PROCESS_START,3.7,230
EP024393,2026-06-08 12:47:00,U1060,matthew.anderson,WKSTN-U1060,Salesforce,PROCESS_START,30.1,589
EP023582,2026-06-08 13:00:00,U1058,jennifer.ramirez18,WKSTN-U1058,explorer.exe,PROCESS_START,26.7,539
EP025599,2026-06-08 12:56:00,U1063,JOHN.NGUYEN,WKSTN-U1063,outlook,PROCESS_START,9.4,799
EP021588,2026-06-08 12:46:00,U1053,john.jackson31,WKSTN-U1053,Chrome,PROCESS_START,5.0,369
EP020387,2026-06-08 12:46:00,U1050,michael.ramirez,WKSTN-U1050,chrome.exe,PROCESS_START,6.4,351
EP033739,2026-06-08 13:05:00,U1083,sarah.allen70,WKSTN-U1083,PuTTY,PROCESS_START,12.0,726
EP021587,2026-06-08 13:08:00,U1053,john.jackson31,WKSTN-U1053,explorer.exe,PROCESS_START,23.6,524
EP037795,2026-06-08 12:59:00,U1092,steven.thomas,WKSTN-U1092,Chrome,PROCESS_START,27.7,524
EP020802,2026-06-08 13:01:00,U1051,sandra.king72,WKSTN-U1051,Chrome,,25.9,211
EP000101,2026-06-08 13:10:00,U1001,linda.johnson95,WKSTN-U1001,chrome.exe,PROCESS_START,22.5,895
EP025994,2026-06-08 12:44:00,U1064,matthew.wright55,WKSTN-U1064,explorer.exe,PROCESS_START,10.6,257
EP016409,2026-06-08 13:01:00,U1040,matthew.martin,WKSTN-U1040,chrome.exe,PROCESS_START,27.9,478
EP019998,2026-06-08 12:58:00,U1049,michelle.jones59,WKSTN-U1049,notepad.exe,PROCESS_START,3.3,526
EP002122,2026-06-08 13:06:00,U1006,george.gonzalez,WKSTN-U1006,chrome.exe,PROCESS_START,,437
EP020804,2026-06-08 12:43:00,U1051,sandra.king72,WKSTN-U1051,Salesforce,PROCESS_START,22.5,110
EP032010,2026-06-08 12:43:00,U1079,  emily.jones ,WKSTN-U1079,,PROCESS_START,29.7,650
EP022002,2026-06-08 12:46:00,U1054,anthony.martinez,WKSTN-U1054,notepad.exe,PROCESS_START,24.8,408
EP014815,2026-06-08 12:52:00,U1036,linda.jones,WKSTN-U1036,notepad.exe,PROCESS_START,23.7,634
EP008819,2026-06-08 13:27:00,U1022,sandra.brown,WKSTN-U1022,VSCode,PROCESS_START,5.9,821
EP007921,2026-06-08 13:18:00,U1020,andrew.thomas36,WKSTN-U1020,jenkins,PROCESS_START,15.4,518
EP028830,2026-06-08 13:18:00,U1071,matthew.robinson35,  WKSTN-U1071 ,explorer.exe,PROCESS_START,11.1,794
EP027991,2026-06-08 13:22:00,U1069,jessica.clark,WKSTN-U1069,outlook.exe,PROCESS_START,32.6,175
EP038235,2026-06-08 13:22:00,U1093,sarah.clark44,WKSTN-U1093,PuTTY,PROCESS_START,14.7,796
EP018392,2026-06-08 13:17:00,U1045,daniel.sanchez90,WKSTN-U1045,,PROCESS_START,16.0,579
EP035078,2026-06-08 13:24:00,U1086,steven.thompson53,WKSTN-U1086,notepad.exe,PROCESS_START,8.5,228
EP036011,2026-06-08 13:26:00,U1088,andrew.smith85,WKSTN-U1088,wireshark,PROCESS_START,23.0,819
EP023203,2026-06-08 13:16:00,U1057,nancy.sanchez,WKSTN-U1057,NOTEPAD.EXE,PROCESS_START,16.2,753
EP001327,2026-06-08 13:35:00,U1004,elizabeth.wilson98,WKSTN-U1004,QuickBooks,PROCESS_START,25.4,706
EP017209,2026-06-08 13:40:00,U1042,michael.hill56,  WKSTN-U1042 ,Outlook,,7.8,83
EP009722,2026-06-08 13:39:00,U1024,emily.miller,WKSTN-U1024,jenkins,PROCESS_START,13.9,751
EP031200,2026-06-08 13:31:00,U1077,kimberly.harris58,WKSTN-U1077,Chrome,PROCESS_START,11.3,256
EP000916,2026-06-08 13:37:00,U1003,kenneth.clark29,WKSTN-U1003,teams.exe,PROCESS_START,30.5,582
EP002889,2026-06-08 13:28:00,U1008,joshua.hernandez,WKSTN-U1008,outlook.exe,PROCESS_START,30.0,329
EP004023,2026-06-08 13:41:00,U1011,donna.ramirez75,WKSTN-U1011,teams.exe,,15.9,856
EP002507,2026-06-08 13:18:00,U1007,sarah.robinson82,WKSTN-U1007,teams.exe,PROCESS_START,30.8,134
EP019223,2026-06-08 13:36:00,U1047,sandra.lewis,WKSTN-U1047,Salesforce,PROCESS_START,15.3,536
EP011535,2026-06-08 13:47:00,U1028,john.hill,WKSTN-U1028,docker desktop,PROCESS_START,1.5,279
EP032425,2026-06-08 13:45:00,U1080,joseph.jackson91,WKSTN-U1080,PuTTY,PROCESS_START,5.0,736
EP021586,2026-06-08 13:37:00,U1053,john.jackson31,,Zoom,PROCESS_START,13.7,731
EP000505,2026-06-08 13:35:00,U1002,donna.ramirez,WKSTN-U1002,Excel,PROCESS_START,8.8,601
EP016405,2026-06-08 13:44:00,U1040,matthew.martin,WKSTN-U1040,teams.exe,PROCESS_START,21.7,
EP002506,2026-06-08 13:37:00,U1007,sarah.robinson82	,WKSTN-U1007,outlook.exe,PROCESS_START,13.7,715
EP036009,2026-06-08 13:24:00,U1088,andrew.smith85,WKSTN-U1088,Slack,PROCESS_START,16.1,497
EP025992,2026-06-08 13:49:00,U1064,matthew.wright55,WKSTN-U1064,Outlook,PROCESS_START,3.8,497
EP040693,2026-06-08 14:00:00,U1099,joseph.garcia,WKSTN-U1099,chrome.exe,PROCESS_START,34.1,565
EP037350,2026-06-08 13:58:00,U1091,linda.robinson,WKSTN-U1091,chrome.exe,PROCESS_START,18.0,204
EP023997,2026-06-08 13:48:00,U1059,daniel.perez98,WKSTN-U1059,chrome.exe,PROCESS_START,8.0,631
EP028405,2026-06-08 14:17:00,U1070,betty.thomas40,WKSTN-U1070,notepad.exe,process_start,27.5,230
EP001712,2026-06-08 14:06:00,U1005,robert.robinson,WKSTN-U1005,outlook.exe,PROCESS_START,10.7,175
EP023580,2026-06-08 14:00:00,U1058,jennifer.ramirez18,WKSTN-U1058,TEAMS.EXE,PROCESS_START,4.6,862
EP016018,2026-06-08 13:57:00,U1039,mark.thomas,WKSTN-U1039,teams.exe,PROCESS_START,8.1,370
EP001715,2026-06-08 14:16:00,U1005,robert.robinson,WKSTN-U1005,teams.exe,PROCESS_START,9.8,872
EP041067,2026-06-08 14:17:00,U1100,daniel.brown38,WKSTN-U1100,explorer.exe,PROCESS_START,8.5,256
EP005669,2026-06-08 14:14:00,U1015,lisa.hernandez,WKSTN-U1015,QuickBooks,PROCESS_START,28.6,397000.0
EP019222,2026-06-08 14:14:00,U1047,sandra.lewis,WKSTN-U1047,Chrome,PROCESS_START,13.0,218
EP027574,2026-06-08 14:02:00,U1068,susan.thompson34,WKSTN-U1068,outlook.exe,PROCESS_START,30.2,437
EP007480,2026-06-08 14:05:00,U1019,donna.anderson,WKSTN-U1019,explorer.exe,process_start,16.4,184
EP002123,2026-06-08 14:03:00,U1006,george.gonzalez,WKSTN-U1006,teams.exe,PROCESS_START,30.4,644
EP037351,2026-06-08 14:12:00,U1091,linda.robinson,,notepad.exe,PROCESS_START,9.2,732
EP018815,2026-06-08 13:58:00,U1046,michelle.torres39,WKSTN-U1046,teams.exe,PROCESS_START,18.4,344
EP018816,2026-06-08 14:03:00,U1046,michelle.torres39,WKSTN-U1046,teams.exe,PROCESS_START,33.6,575
EP029624,2026-06-08 13:54:00,U1073,michael.gonzalez,WKSTN-U1073,,PROCESS_START,2.0,822
EP022795,2026-06-08 14:04:00,U1056,anthony.clark,WKSTN-U1056,Salesforce,PROCESS_START,6.6,695
EP001713,2026-06-08 14:01:00,U1005,robert.robinson,WKSTN-U1005,outlook.exe,PROCESS_START,11.6,-428.0
EP002888,2026-06-08 13:57:00,U1008,joshua.hernandez,WKSTN-U1008,Chrome,PROCESS_START,34.8,710
EP005261,2026-06-08 13:53:00,U1014,james.taylor,WKSTN-U1014,teams.exe,PROCESS_START,17.8,280
EP040314,2026-06-08 14:04:00,U1098,nancy.wright49,WKSTN-U1098,  outlook.exe ,PROCESS_START,12.4,613
EP036436,2026-06-08 14:01:00,U1089,paul.brown27,WKSTN-U1089,notepad.exe,PROCESS_START,7.1,222
EP038237,2026-06-08 14:53:00,U1093,sarah.clark44,WKSTN-U1093,Slack,PROCESS_START,5.6,551
EP018390,2026-06-08 14:36:00,U1045,,WKSTN-U1045,notepad.exe,PROCESS_START,19.5,455
EP022793,2026-06-08 14:45:00,U1056,ANTHONY.CLARK,WKSTN-U1056,Excel	,PROCESS_START,10.3,177
EP006078,2026-06-08 14:22:00,U1016,patricia.thomas,WKSTN-U1016,  notepad.exe ,PROCESS_START,33.3,842
EP037791,2026-06-08 14:25:00,U1092,STEVEN.THOMAS,WKSTN-U1092,chrome.exe,PROCESS_START,28.1,559
EP029621,2026-06-08 14:19:00,U1073,michael.gonzalez,WKSTN-U1073	,DocuSign,PROCESS_START,18.0,597
EP022001,2026-06-08 14:44:00,U1054,anthony.martinez,WKSTN-U1054,,PROCESS_START,1.7,496
EP026386,2026-06-08 14:43:00,U1065,michael.ramirez47,WKSTN-U1065,teams.exe,PROCESS_START,24.1,680
EP038682,2026-06-08 14:22:00,U1094,elizabeth.lewis69,WKSTN-U1094,Chrome,PROCESS_START,3.6,180
EP000503,2026-06-08 14:44:00,U1002,donna.ramirez,WKSTN-U1002,,PROCESS_START,6.7,241
EP025993,2026-06-08 14:53:00,U1064,matthew.wright55,WKSTN-U1064,explorer.exe,PROCESS_START,7.7,567
EP033741,2026-06-08 14:29:00,U1083,sarah.allen70,WKSTN-U1083,PuTTY,PROCESS_START,14.3,138
EP016809,2026-06-08 14:28:00,U1041,matthew.allen52,WKSTN-U1041,  Chrome ,process_start,3.7,853
EP035077,2026-06-08 14:25:00,U1086,steven.thompson53,WKSTN-U1086,chrome.exe,PROCESS_START,17.7,831
EP009273,2026-06-08 14:20:00,U1023,richard.wright,WKSTN-U1023,CHROME.EXE,PROCESS_START,15.4,
EP011060,2026-06-08 14:35:00,U1027,patricia.brown75	,WKSTN-U1027,notepad.exe,PROCESS_START,28.3,522
EP027987,2026-06-08 14:33:00,U1069,jessica.clark,WKSTN-U1069,chrome.exe,PROCESS_START,26.5,334
EP009720,2026-06-08 14:48:00,U1024,emily.miller,WKSTN-U1024,Jenkins,PROCESS_START,4.0,170
EP023204,2026-06-08 14:45:00,U1057,nancy.sanchez,WKSTN-U1057,explorer.exe,PROCESS_START,21.3,534
EP037792,2026-06-08 14:29:00,U1092,steven.thomas,WKSTN-U1092,Slack,PROCESS_START,31.7,266
EP033297,2026-06-08 14:47:00,U1082,karen.hill96,WKSTN-U1082,Wireshark,process_start,9.0,868
EP006074,2026-06-08 14:47:00,U1016,patricia.thomas,WKSTN-U1016,Slack,PROCESS_START,6.2,287
EP034183,2026-06-08 14:39:00,U1084,joshua.taylor,WKSTN-U1084,Terminal	,PROCESS_START,10.5,632
EP033299,2026-06-08 14:33:00,U1082,karen.hill96,WKSTN-U1082,Wireshark,PROCESS_START,2.7,490
EP024793,2026-06-08 14:33:00,U1061,jessica.rodriguez,WKSTN-U1061,Zoom,PROCESS_START,32.6,693
EP029221,2026-06-08 15:12:00,U1072,kenneth.lopez,WKSTN-U1072,notepad.exe,PROCESS_START,8.6,566
EP036437,2026-06-08 15:14:00,U1089,paul.brown27,WKSTN-U1089,Terminal	,PROCESS_START,2.2,292
EP029625,2026-06-08 14:56:00,U1073,michael.gonzalez,WKSTN-U1073,notepad.exe,PROCESS_START,32.7,788
EP000099,2026-06-08 14:58:00,U1001,linda.johnson95,WKSTN-U1001,teams.exe,PROCESS_START,22.9,719
EP040313,2026-06-08 15:15:00,U1098,nancy.wright49,WKSTN-U1098,explorer.exe,,28.0,81
EP018814,2026-06-08 15:06:00,U1046,michelle.torres39,WKSTN-U1046,Chrome,PROCESS_START,7.3,654
EP002508,2026-06-08 15:06:00,U1007,sarah.robinson82,WKSTN-U1007,explorer.exe,PROCESS_START,5.3,766
EP017213,2026-06-08 14:57:00,U1042,michael.hill56,WKSTN-U1042,Workday,PROCESS_START,18.5,86
EP025598,2026-06-08 15:11:00,U1063,john.nguyen,WKSTN-U1063,Word,PROCESS_START,20.3,222
EP035081,2026-06-08 15:19:00,U1086,steven.thompson53,WKSTN-U1086,teams.exe,PROCESS_START,34.1,609
EP004415,2026-06-08 14:55:00,U1012,linda.martinez,WKSTN-U1012,SAP,PROCESS_START,18.3,726
EP016015,2026-06-08 15:07:00,U1039,mark.thomas,WKSTN-U1039,chrome.exe,PROCESS_START,34.0,90000.0
EP007920,2026-06-08 14:54:00,U1020,andrew.thomas36,WKSTN-U1020,Chrome,PROCESS_START,12.7,227
EP014813,2026-06-08 15:11:00,U1036,linda.jones,WKSTN-U1036,teams.exe,PROCESS_START,23.0,524
EP023202,2026-06-08 15:06:00,U1057,nancy.sanchez,WKSTN-U1057,explorer.exe,PROCESS_START,26.6,225
EP032855,2026-06-08 15:16:00,U1081,margaret.davis,WKSTN-U1081,teams.exe,PROCESS_START,11.7,415
EP036438,2026-06-08 15:11:00,U1089,paul.brown27,WKSTN-U1089,Wireshark,PROCESS_START,7.7,324
EP008817,2026-06-08 15:06:00,U1022,sandra.brown,WKSTN-U1022,Jenkins,PROCESS_START,31.4,
EP028828,2026-06-08 15:10:00,U1071,matthew.robinson35,WKSTN-U1071,DocuSign,PROCESS_START,31.9,286
EP000508,2026-06-08 15:16:00,U1002,donna.ramirez,WKSTN-U1002,QuickBooks,PROCESS_START,7.1,116
EP017615,2026-06-08 15:04:00,U1043,thomas.williams91,WKSTN-U1043,Excel,PROCESS_START,11.2,645
EP012392,2026-06-08 15:04:00,U1030,betty.rodriguez86,WKSTN-U1030,VSCode,PROCESS_START,5.4,841
EP002890,2026-06-08 15:00:00,U1008,joshua.hernandez,WKSTN-U1008	,SAP,PROCESS_START,13.7,564
EP017616,2026-06-08 15:18:00,U1043,thomas.williams91,WKSTN-U1043,outlook.exe,process_start,15.7,388
EP011537,2026-06-08 14:57:00,U1028,john.hill,WKSTN-U1028,teams.exe,PROCESS_START,4.0,415
EP007479,2026-06-08 15:24:00,U1019,donna.anderson,WKSTN-U1019	,chrome,PROCESS_START,2.3,471
EP007014,2026-06-08 15:20:00,U1018,betty.white57,WKSTN-U1018,  teams.exe ,PROCESS_START,3.2,731
EP006075,2026-06-08 15:54:00,U1016,patricia.thomas,WKSTN-U1016,notepad.exe,PROCESS_START,17.8,686
EP000918,2026-06-08 15:49:00,U1003,kenneth.clark29,WKSTN-U1003,teams.exe,PROCESS_START,5.4,618
EP026390,2026-06-08 15:44:00,U1065,michael.ramirez47,WKSTN-U1065,chrome.exe,,20.9,719
EP011536,2026-06-08 16:01:00,U1028,john.hill,WKSTN-U1028,Slack,PROCESS_START,14.1,235
EP014431,2026-06-08 16:00:00,U1035,nancy.rodriguez82,WKSTN-U1035,Workday,PROCESS_START,30.7,763
EP032424,2026-06-08 15:31:00,U1080,joseph.jackson91,WKSTN-U1080,explorer.exe,PROCESS_START,27.9,850
EP012829,2026-06-08 15:42:00,U1031,john.wright28,WKSTN-U1031,chrome.exe,PROCESS_START,1.9,663
EP008814,2026-06-08 15:20:00,U1022,sandra.brown,WKSTN-U1022,Docker Desktop,,12.6,102
EP019628,2026-06-08 15:22:00,U1048,jennifer.thomas87,WKSTN-U1048,teams.exe,,12.5,508
EP021191,2026-06-08 15:25:00,U1052,paul.taylor,WKSTN-U1052,explorer.exe,process_start,18.5,156
EP033737,2026-06-08 15:42:00,U1083,sarah.allen70	,WKSTN-U1083,Slack,PROCESS_START,25.9,756
EP028831,2026-06-08 15:32:00,U1071,matthew.robinson35,WKSTN-U1071,Outlook,PROCESS_START,3.5,652
EP017618,2026-06-08 16:04:00,U1043,thomas.williams91,WKSTN-U1043,,PROCESS_START,5.1,333
EP016016,2026-06-08 15:42:00,U1039,mark.thomas,WKSTN-U1039,explorer.exe,PROCESS_START,27.4,303
EP038238,2026-06-08 16:00:00,U1093,sarah.clark44,WKSTN-U1093,explorer.exe,PROCESS_START,5.7,568
EP011955,2026-06-08 15:21:00,U1029,michelle.garcia54,WKSTN-U1029,teams.exe,PROCESS_START,13.6,886
EP006543,2026-06-08 15:19:00,U1017,emily.hernandez34,WKSTN-U1017,outlook.exe,PROCESS_START,26.8,660
EP036012,2026-06-08 15:55:00,U1088,andrew.smith85,WKSTN-U1088,Active Directory Console,PROCESS_START,13.0,758
EP015622,2026-06-08 15:34:00,U1038,emily.clark,WKSTN-U1038,explorer.exe	,PROCESS_START,25.3,615
EP029623,2026-06-08 15:55:00,U1073,,WKSTN-U1073,notepad.exe,PROCESS_START,18.3,110
EP030422,2026-06-08 15:29:00,U1075,steven.lewis,WKSTN-U1075	,Chrome,PROCESS_START,21.4,699
EP014428,2026-06-08 15:53:00,U1035,nancy.rodriguez82,WKSTN-U1035,Workday,PROCESS_START,7.6,616
EP029622,2026-06-08 15:28:00,U1073,michael.gonzalez,WKSTN-U1073,outlook.exe,PROCESS_START,20.5,173
EP014026,2026-06-08 16:25:00,U1034,thomas.allen63,WKSTN-U1034,notepad.exe,PROCESS_START,,184
EP032007,2026-06-08 16:20:00,U1079,emily.jones,WKSTN-U1079,Chrome,PROCESS_START,34.2,653
EP039499,2026-06-08 16:29:00,U1096,david.allen76,WKSTN-U1096,teams.exe,PROCESS_START,33.5,462
EP022792,2026-06-08 16:34:00,U1056,anthony.clark,WKSTN-U1056,explorer.exe,PROCESS_START,32.5,115
EP027990,2026-06-08 16:16:00,U1069,jessica.clark,WKSTN-U1069,explorer.exe,PROCESS_START,6.7,277
EP038684,2026-06-08 16:21:00,U1094,  elizabeth.lewis69 ,WKSTN-U1094,Slack,PROCESS_START,29.3,301
EP035519,2026-06-08 16:32:00,U1087,charles.sanchez,WKSTN-U1087,Slack,PROCESS_START,4.9,849
EP039497,2026-06-08 16:18:00,U1096,david.allen76,WKSTN-U1096,PowerPoint	,PROCESS_START,21.3,341
EP040694,2026-06-08 16:06:00,U1099,joseph.garcia,WKSTN-U1099,notepad.exe,PROCESS_START,5.6,356
EP019219,2026-06-08 16:14:00,U1047,sandra.lewis	,WKSTN-U1047,teams.exe,PROCESS_START,27.6,753000.0
EP015620,2026-06-08 16:18:00,U1038,,WKSTN-U1038,Excel,PROCESS_START,6.6,321
EP034644,2026-06-08 16:17:00,U1085,barbara.walker67,WKSTN-U1085,PuTTY,PROCESS_START,17.8,493
EP024791,2026-06-08 16:09:00,U1061,jessica.rodriguez,WKSTN-U1061,explorer.exe,PROCESS_START,10.5,488
EP013641,2026-06-08 16:52:00,U1033,linda.miller,WKSTN-U1033,Chrome,PROCESS_START,21.2,754
EP026391,2026-06-08 16:45:00,U1065,michael.ramirez47,WKSTN-U1065,outlook.exe,PROCESS_START,6.3,112
EP027988,2026-06-08 16:26:00,U1069,jessica.clark,WKSTN-U1069,Chrome,PROCESS_START,12.8,286
EP012832,2026-06-08 16:37:00,U1031,,WKSTN-U1031,Chrome,PROCESS_START,34.7,506
EP019220,2026-06-08 16:20:00,U1047,sandra.lewis,,Excel,PROCESS_START,25.4,636
EP023998,2026-06-08 16:19:00,U1059,daniel.perez98,WKSTN-U1059,notepad.exe,PROCESS_START,26.4,414
EP015213,2026-06-08 16:30:00,U1037,,WKSTN-U1037,outlook.exe,PROCESS_START,20.2,694
EP001714,2026-06-08 16:07:00,U1005,robert.robinson,WKSTN-U1005,quickbooks,PROCESS_START,1.8,895
EP001328,2026-06-08 16:36:00,U1004,elizabeth.wilson98,WKSTN-U1004,Excel,PROCESS_START,22.3,881
EP034643,2026-06-08 16:24:00,U1085,barbara.walker67,WKSTN-U1085,outlook.exe,PROCESS_START,19.4,
EP000919,2026-06-08 16:14:00,U1003,kenneth.clark29,WKSTN-U1003,explorer.exe,PROCESS_START,17.3,633
EP036013,2026-06-08 16:05:00,U1088,andrew.smith85,WKSTN-U1088,PuTTY,PROCESS_START,13.6,316
EP009270,2026-06-08 17:00:00,U1023,RICHARD.WRIGHT,WKSTN-U1023,Git,PROCESS_START,16.8,92
EP023218,2026-06-09 07:46:00,U1057,nancy.sanchez,WKSTN-U1057,Salesforce,PROCESS_START,29.4,130
EP018002,2026-06-08 16:57:00,U1044,lisa.ramirez9,WKSTN-U1044,explorer.exe,PROCESS_START,32.7,159
EP015619,2026-06-08 17:39:00,U1038,emily.clark,WKSTN-U1038,notepad.exe,PROCESS_START,23.5,
EP002139,2026-06-09 07:23:00,U1006,george.gonzalez,WKSTN-U1006,explorer.exe,PROCESS_START,24.9,847
EP009272,2026-06-08 16:57:00,U1023,  richard.wright ,WKSTN-U1023,VSCode,PROCESS_START,2.6,605
EP017614,2026-06-08 17:24:00,U1043,thomas.williams91,WKSTN-U1043,Outlook,PROCESS_START,6.4,160
EP018004,2026-06-08 16:59:00,U1044,lisa.ramirez9,WKSTN-U1044,Chrome,PROCESS_START,34.3,822
EP012828,2026-06-08 17:20:00,U1031,john.wright28,WKSTN-U1031,,,19.4,288
EP036895,2026-06-08 17:29:00,U1090,mary.hill,WKSTN-U1090,Wireshark,PROCESS_START,1.2,427
EP011954,2026-06-08 18:09:00,U1029,michelle.garcia54,WKSTN-U1029,Slack,PROCESS_START,16.0,155
EP011953,2026-06-08 17:51:00,U1029,michelle.garcia54,WKSTN-U1029	,notepad.exe,PROCESS_START,12.8,619
EP022794,2026-06-08 17:25:00,U1056,anthony.clark,WKSTN-U1056,Excel,PROCESS_START,31.5,498
EP019631,2026-06-08 17:07:00,U1048,jennifer.thomas87,WKSTN-U1048,Excel,PROCESS_START,19.6,326
EP024396,2026-06-08 16:55:00,U1060,matthew.anderson,WKSTN-U1060,Excel,PROCESS_START,32.8,144
EP038685,2026-06-08 17:25:00,U1094,elizabeth.lewis69,WKSTN-U1094,Slack,PROCESS_START,20.9,758
EP027989,2026-06-08 17:45:00,U1069,jessica.clark,WKSTN-U1069,notepad.exe,PROCESS_START,19.7,534
EP018019,2026-06-09 07:23:00,U1044,lisa.ramirez9,WKSTN-U1044,outlook.exe,PROCESS_START,8.8,510
EP036897,2026-06-08 17:40:00,U1090,mary.hill,WKSTN-U1090,Terminal,PROCESS_START,30.3,191000.0
EP011539,2026-06-08 17:00:00,U1028,john.hill,  WKSTN-U1028 ,Git	,PROCESS_START,10.4,628
EP017619,2026-06-08 17:15:00,U1043,thomas.williams91,WKSTN-U1043,Outlook,PROCESS_START,24.6,
EP023999,2026-06-08 16:52:00,U1059,daniel.perez98,WKSTN-U1059,outlook.exe,,22.3,735
EP015212,2026-06-08 16:56:00,U1037,robert.martin,WKSTN-U1037,Workday,PROCESS_START,19.5,610
EP010614,2026-06-08 17:31:00,U1026,elizabeth.gonzalez,WKSTN-U1026,teams.exe	,PROCESS_START,8.7,751
EP024394,2026-06-08 17:46:00,U1060,matthew.anderson,WKSTN-U1060,notepad.exe,PROCESS_START,22.6,197
EP015639,2026-06-09 09:18:00,U1038,emily.clark,WKSTN-U1038,explorer.exe,PROCESS_START,2.6,701
EP030029,2026-06-09 08:48:00,U1074,sarah.williams7,WKSTN-U1074,chrome.exe,PROCESS_START,13.7,694
EP026010,2026-06-09 08:48:00,U1064,matthew.wright55,WKSTN-U1064,EXPLORER.EXE,PROCESS_START,29.7,133
EP036032,2026-06-09 08:11:00,U1088,andrew.smith85,WKSTN-U1088,,PROCESS_START,18.2,153
EP023219,2026-06-09 07:46:00,U1057,nancy.sanchez,WKSTN-U1057,Excel,PROCESS_START,18.2,804
EP009742,2026-06-09 09:10:00,U1024,emily.miller,WKSTN-U1024,vscode,PROCESS_START,20.0,857
EP015638,2026-06-09 08:19:00,U1038,EMILY.CLARK,WKSTN-U1038,Excel,PROCESS_START,34.4,388
EP005684,2026-06-09 08:45:00,U1015,lisa.hernandez,WKSTN-U1015,  Chrome ,PROCESS_START,1.4,331
EP030830,2026-06-09 08:47:00,U1076,john.torres,WKSTN-U1076,Word,PROCESS_START,5.5,486
EP019241,2026-06-09 08:42:00,U1047,sandra.lewis	,WKSTN-U1047,chrome.exe,PROCESS_START,34.5,506
EP039932,2026-06-09 09:16:00,U1097,mark.martinez10,WKSTN-U1097,teams.exe,PROCESS_START,33.5,625
EP003689,2026-06-09 09:20:00,U1010,susan.young51,WKSTN-U1010,chrome.exe,PROCESS_START,5.3,820000.0
EP019646,2026-06-09 08:47:00,U1048,jennifer.thomas87,WKSTN-U1048,explorer.exe,PROCESS_START,1.1,722
EP004856,2026-06-09 08:26:00,U1013,emily.smith,WKSTN-U1013,,PROCESS_START,16.8,250
EP003690,2026-06-09 09:02:00,U1010,susan.young51,WKSTN-U1010,Chrome,PROCESS_START,27.2,784
EP014446,2026-06-09 09:03:00,U1035,nancy.rodriguez82,WKSTN-U1035,  Outlook ,PROCESS_START,34.9,784
EP002526,2026-06-09 09:16:00,U1007,sarah.robinson82,WKSTN-U1007,QuickBooks,process_start,5.8,842
EP004436,2026-06-09 08:32:00,U1012,linda.martinez,WKSTN-U1012,explorer.exe,PROCESS_START,19.2,661
EP021209,2026-06-09 08:57:00,U1052,paul.taylor,WKSTN-U1052,Outlook,PROCESS_START,14.8,375
EP008838,2026-06-09 09:15:00,U1022,sandra.brown,WKSTN-U1022	,VSCode,PROCESS_START,,274
EP004857,2026-06-09 08:25:00,U1013,emily.smith,WKSTN-U1013,notepad.exe,PROCESS_START,21.9,466
EP014044,2026-06-09 08:59:00,U1034,thomas.allen63,WKSTN-U1034,chrome.exe,PROCESS_START,31.3,419
EP013657,2026-06-09 08:07:00,U1033,linda.miller,WKSTN-U1033,Excel,PROCESS_START,1.0,693
EP013257,2026-06-09 08:31:00,U1032,paul.wright91,WKSTN-U1032,outlook.exe,PROCESS_START,6.9,429
EP012411,2026-06-09 08:23:00,U1030,betty.rodriguez86,WKSTN-U1030,notepad.exe,PROCESS_START,31.4,198
EP014449,2026-06-09 09:53:00,U1035,nancy.rodriguez82,,notepad.exe,PROCESS_START,34.8,463
EP031612,2026-06-09 09:48:00,U1078,michelle.miller,WKSTN-U1078,chrome.exe,PROCESS_START,30.8,509
EP028849,2026-06-09 09:34:00,U1071,matthew.robinson35,WKSTN-U1071,chrome.exe,PROCESS_START,2.1,278
EP010638,2026-06-09 09:48:00,U1026,elizabeth.gonzalez	,WKSTN-U1026,Docker Desktop,PROCESS_START,15.9,194
EP021210,2026-06-09 09:51:00,U1052,paul.taylor,WKSTN-U1052,explorer.exe,PROCESS_START,30.2,846
EP032032,2026-06-09 09:33:00,U1079,emily.jones,WKSTN-U1079,Terminal,PROCESS_START,31.3,80
EP000120,2026-06-09 09:29:00,U1001,linda.johnson95,WKSTN-U1001,Excel,PROCESS_START,11.1,887
EP026837,2026-06-09 09:25:00,U1066,michelle.wright62,WKSTN-U1066,chrome.exe,PROCESS_START,,93
EP015229,2026-06-09 09:40:00,U1037,robert.martin,WKSTN-U1037,outlook.exe,PROCESS_START,,298
EP035104,2026-06-09 09:48:00,U1086,steven.thompson53,WKSTN-U1086,Active Directory Console	,PROCESS_START,19.7,449
EP015227,2026-06-09 09:28:00,U1037,  robert.martin ,WKSTN-U1037,Outlook,PROCESS_START,17.7,691
EP034198,2026-06-09 09:49:00,U1084,joshua.taylor,WKSTN-U1084,notepad.exe,PROCESS_START,24.3,355
EP016039,2026-06-09 09:43:00,U1039,mark.thomas,WKSTN-U1039,outlook.exe,PROCESS_START,18.0,-848.0
EP025617,2026-06-09 09:38:00,U1063,john.nguyen,WKSTN-U1063,notepad.exe,PROCESS_START,13.2,646
EP022021,2026-06-09 09:29:00,U1054,anthony.martinez,WKSTN-U1054,Outlook,PROCESS_START,29.9,127
EP024408,2026-06-09 09:47:00,U1060,MATTHEW.ANDERSON,WKSTN-U1060,  Chrome ,PROCESS_START,12.1,774
EP030440,2026-06-09 09:30:00,U1075,steven.lewis,WKSTN-U1075,chrome.exe,PROCESS_START,20.2,408
EP028008,2026-06-09 09:26:00,U1069,jessica.clark,WKSTN-U1069,Chrome,PROCESS_START,26.3,525
EP031614,2026-06-09 09:47:00,U1078,michelle.miller,WKSTN-U1078,Outlook,PROCESS_START,29.4,95
EP028009,2026-06-09 09:29:00,U1069,jessica.clark,WKSTN-U1069,teams.exe,PROCESS_START,23.1,596
EP021207,2026-06-09 09:51:00,U1052,paul.taylor,WKSTN-U1052,teams.exe,PROCESS_START,21.4,823
EP016828,2026-06-09 09:23:00,U1041,matthew.allen52,WKSTN-U1041,Excel,PROCESS_START,13.5,788
EP007031,2026-06-09 09:40:00,U1018,betty.white57,WKSTN-U1018,VSCODE,PROCESS_START,28.0,281
EP030441,2026-06-09 09:34:00,U1075,steven.lewis,WKSTN-U1075,explorer.exe,PROCESS_START,8.9,314
EP030028,2026-06-09 09:33:00,U1074,sarah.williams7,WKSTN-U1074,Outlook,PROCESS_START,21.0,230000.0
EP000527,2026-06-09 10:08:00,U1002,donna.ramirez	,WKSTN-U1002,explorer.exe,PROCESS_START,,661
EP012412,2026-06-09 09:55:00,U1030,betty.rodriguez86,WKSTN-U1030,outlook.exe,PROCESS_START,1.6,352
EP026839,2026-06-09 10:02:00,U1066,michelle.wright62,WKSTN-U1066,Chrome,PROCESS_START,19.7,532
EP002140,2026-06-09 10:16:00,U1006,george.gonzalez,WKSTN-U1006,  Outlook ,PROCESS_START,34.8,757
EP012843,2026-06-09 10:23:00,U1031,john.wright28,WKSTN-U1031,notepad.exe,PROCESS_START,2.1,420
EP031216,2026-06-09 09:54:00,U1077,kimberly.harris58,WKSTN-U1077,Word,PROCESS_START,33.1,654
EP032879,2026-06-09 10:18:00,U1081,margaret.davis,WKSTN-U1081,Chrome,PROCESS_START,20.1,731
EP029242,2026-06-09 10:14:00,U1072,kenneth.lopez,WKSTN-U1072,Chrome,PROCESS_START,19.5,493
EP031213,2026-06-09 10:24:00,U1077,kimberly.harris58,WKSTN-U1077,chrome.exe,PROCESS_START,,499
EP016826,2026-06-09 10:00:00,U1041,matthew.allen52,WKSTN-U1041,explorer.exe,PROCESS_START,31.3,628
EP016038,2026-06-09 10:26:00,U1039,mark.thomas,WKSTN-U1039,explorer.exe,,27.9,594
EP024407,2026-06-09 09:54:00,U1060,matthew.anderson,WKSTN-U1060,Outlook,PROCESS_START,33.6,889
EP008377,2026-06-09 10:13:00,U1021,jessica.walker,WKSTN-U1021,Chrome,PROCESS_START,28.7,429
EP001728,2026-06-09 09:54:00,U1005,robert.robinson,WKSTN-U1005,notepad.exe,process_start,24.0,492
EP038701,2026-06-09 10:09:00,U1094,elizabeth.lewis69,WKSTN-U1094,Active Directory Console,PROCESS_START,4.4,769
EP029638,2026-06-09 09:54:00,U1073,michael.gonzalez,WKSTN-U1073,Outlook,,2.1,191
EP014448,2026-06-09 10:19:00,U1035,nancy.rodriguez82,WKSTN-U1035,chrome.exe,PROCESS_START,11.5,835
EP021601,2026-06-09 10:10:00,U1053,john.jackson31,WKSTN-U1053,notepad.exe,PROCESS_START,15.1,781
EP016037,2026-06-09 10:05:00,U1039,mark.thomas,WKSTN-U1039,Excel,PROCESS_START,1.9,349
EP017633,2026-06-09 10:10:00,U1043,,WKSTN-U1043,outlook.exe,PROCESS_START,24.4,123
EP009740,2026-06-09 10:22:00,U1024,emily.miller,WKSTN-U1024	,VSCode,PROCESS_START,28.9,760
EP020824,2026-06-09 10:02:00,U1051,sandra.king72,WKSTN-U1051,Salesforce,PROCESS_START,28.1,852
EP025616,2026-06-09 10:12:00,U1063,john.nguyen,WKSTN-U1063,notepad.exe,PROCESS_START,5.1,775
EP035106,2026-06-09 10:25:00,U1086,steven.thompson53,WKSTN-U1086,PuTTY,PROCESS_START,33.2,268
EP013662,2026-06-09 10:06:00,U1033,linda.miller,WKSTN-U1033,Chrome,PROCESS_START,14.5,530
EP036918,2026-06-09 10:46:00,U1090,mary.hill,WKSTN-U1090,explorer.exe,PROCESS_START,8.5,593
EP002138,2026-06-09 10:47:00,U1006,george.gonzalez,WKSTN-U1006,SAP,PROCESS_START,22.0,843
EP008839,2026-06-09 10:50:00,U1022,sandra.brown,WKSTN-U1022,notepad.exe,PROCESS_START,27.3,820
EP024409,2026-06-09 10:28:00,U1060,matthew.anderson,WKSTN-U1060	,Zoom,PROCESS_START,21.4,836
EP040328,2026-06-09 10:43:00,U1098,nancy.wright49,WKSTN-U1098,explorer.exe,PROCESS_START,28.7,286
EP002523,2026-06-09 10:39:00,U1007,sarah.robinson82,WKSTN-U1007,Outlook,PROCESS_START,29.6,639
EP007501,2026-06-09 10:34:00,U1019,donna.anderson,WKSTN-U1019,teams.exe,PROCESS_START,,681
EP032030,2026-06-09 10:30:00,U1079,emily.jones,WKSTN-U1079,Active Directory Console,PROCESS_START,18.0,572
EP028847,2026-06-09 10:32:00,U1071,matthew.robinson35,WKSTN-U1071,chrome.exe,,18.4,817
EP034197,2026-06-09 10:46:00,U1084,joshua.taylor,WKSTN-U1084,teams.exe,PROCESS_START,16.4,649
EP024806,2026-06-09 10:45:00,U1061,jessica.rodriguez,WKSTN-U1061,explorer.exe,PROCESS_START,14.6,850000.0
EP019244,2026-06-09 10:48:00,U1047,sandra.lewis,WKSTN-U1047,explorer.exe,PROCESS_START,9.2,648
EP020407,2026-06-09 10:28:00,U1050,michael.ramirez,WKSTN-U1050,Excel,PROCESS_START,32.3,533
EP004435,2026-06-09 10:54:00,U1012,linda.martinez,,outlook.exe,PROCESS_START,7.9,647
EP027228,2026-06-09 10:33:00,U1067,paul.thomas97,WKSTN-U1067,notepad.exe,PROCESS_START,1.2,874
EP033314,2026-06-09 10:57:00,U1082,karen.hill96,WKSTN-U1082,Chrome,PROCESS_START,33.4,779000.0
EP032877,2026-06-09 10:50:00,U1081,margaret.davis,WKSTN-U1081,explorer.exe,PROCESS_START,19.3,451
EP028010,2026-06-09 10:37:00,U1069,jessica.clark,WKSTN-U1069,teams.exe,PROCESS_START,32.6,211
EP034196,2026-06-09 10:40:00,U1084,joshua.taylor,WKSTN-U1084,Wireshark,PROCESS_START,24.7,213
EP010189,2026-06-09 10:48:00,U1025,betty.brown22,WKSTN-U1025,chrome.exe,PROCESS_START,11.9,659
EP000938,2026-06-09 10:28:00,U1003,kenneth.clark29,WKSTN-U1003,notepad.exe,PROCESS_START,13.3,650
EP008840,2026-06-09 10:31:00,U1022,sandra.brown,WKSTN-U1022,Slack,PROCESS_START,34.3,287
EP025614,2026-06-09 10:40:00,U1063,john.nguyen,WKSTN-U1063,DocuSign,PROCESS_START,1.0,271
EP036034,2026-06-09 10:52:00,U1088,andrew.smith85,WKSTN-U1088,notepad.exe,PROCESS_START,20.2,441
EP031212,2026-06-09 10:32:00,U1077,kimberly.harris58,WKSTN-U1077,Word,PROCESS_START,3.2,378000.0
EP039936,2026-06-09 11:25:00,U1097,mark.martinez10,WKSTN-U1097,outlook.exe,PROCESS_START,8.8,680
EP004045,2026-06-09 11:26:00,U1011,donna.ramirez75,WKSTN-U1011,teams.exe,PROCESS_START,25.4,336
EP017634,2026-06-09 11:03:00,U1043,thomas.williams91,WKSTN-U1043,Outlook,PROCESS_START,32.3,258
EP003280,2026-06-09 11:06:00,U1009,daniel.brown,WKSTN-U1009,notepad.exe,PROCESS_START,19.8,240
EP017632,2026-06-09 11:08:00,U1043,thomas.williams91,WKSTN-U1043,chrome.exe,PROCESS_START,19.4,567000.0
EP014830,2026-06-09 11:14:00,U1036,linda.jones,WKSTN-U1036,teams.exe,process_start,23.2,418
EP022435,2026-06-09 11:19:00,U1055,patricia.wilson54,WKSTN-U1055,outlook.exe,PROCESS_START,19.4,275
EP003691,2026-06-09 11:08:00,U1010,susan.young51,WKSTN-U1010,teams.exe,PROCESS_START,9.1,573
EP013660,2026-06-09 11:28:00,U1033,linda.miller,WKSTN-U1033,teams.exe,PROCESS_START,11.0,762
EP028012,2026-06-09 10:57:00,U1069,,WKSTN-U1069,outlook.exe,PROCESS_START,26.5,321
EP002524,2026-06-09 11:18:00,U1007,,WKSTN-U1007,teams.exe,PROCESS_START,24.2,753
EP026011,2026-06-09 11:25:00,U1064,matthew.wright55,WKSTN-U1064,outlook.exe,PROCESS_START,5.5,466
EP025220,2026-06-09 11:33:00,U1062,william.martin,WKSTN-U1062,Outlook,PROCESS_START,6.9,755
EP019246,2026-06-09 10:57:00,U1047,sandra.lewis,WKSTN-U1047,notepad.exe,PROCESS_START,23.0,371
EP026406,2026-06-09 11:32:00,U1065,michael.ramirez47,WKSTN-U1065,Chrome,PROCESS_START,14.3,130000.0
EP010637,2026-06-09 11:16:00,U1026,elizabeth.gonzalez,WKSTN-U1026,Chrome,PROCESS_START,32.5,474
EP033754,2026-06-09 11:31:00,U1083,sarah.allen70,WKSTN-U1083,teams.exe,PROCESS_START,20.1,167
EP007029,2026-06-09 11:03:00,U1018,BETTY.WHITE57,WKSTN-U1018,teams.exe,PROCESS_START,24.6,164
EP000119,2026-06-09 11:04:00,U1001,linda.johnson95,WKSTN-U1001,chrome.exe,PROCESS_START,7.5,220
EP040712,2026-06-09 11:02:00,U1099,joseph.garcia,WKSTN-U1099,chrome.exe,PROCESS_START,4.2,735
EP006099,2026-06-09 11:31:00,U1016,patricia.thomas,WKSTN-U1016,Docker Desktop,PROCESS_START,26.5,290
EP011976,2026-06-09 11:30:00,U1029,michelle.garcia54,WKSTN-U1029,outlook.exe,PROCESS_START,2.3,822
EP018831,2026-06-09 10:57:00,U1046,michelle.torres39,WKSTN-U1046,Outlook,PROCESS_START,16.6,620
EP000118,2026-06-09 11:15:00,U1001,linda.johnson95,WKSTN-U1001,CHROME,PROCESS_START,7.1,299
EP001345,2026-06-09 11:15:00,U1004,elizabeth.wilson98,WKSTN-U1004,teams.exe,PROCESS_START,16.5,476
EP026008,2026-06-09 11:53:00,U1064,matthew.wright55,WKSTN-U1064,explorer.exe,PROCESS_START,1.5,760
EP035103,2026-06-09 12:00:00,U1086,steven.thompson53,WKSTN-U1086,outlook.exe,PROCESS_START,12.4,780
EP024804,2026-06-09 11:50:00,U1061,jessica.rodriguez,WKSTN-U1061,explorer.exe,PROCESS_START,,341
EP037811,2026-06-09 11:49:00,U1092,steven.thomas,WKSTN-U1092,Terminal,PROCESS_START,26.3,673
EP010636,2026-06-09 11:36:00,U1026,elizabeth.gonzalez,WKSTN-U1026,VSCode,PROCESS_START,4.4,338
EP038699,2026-06-09 11:42:00,U1094,elizabeth.lewis69,WKSTN-U1094	,Terminal,PROCESS_START,17.6,667
EP028013,2026-06-09 11:45:00,U1069,jessica.clark,WKSTN-U1069,  teams.exe ,PROCESS_START,1.7,443
EP010188,2026-06-09 11:34:00,U1025,betty.brown22,WKSTN-U1025,explorer.exe,PROCESS_START,31.6,
EP014447,2026-06-09 11:36:00,U1035,nancy.rodriguez82,WKSTN-U1035,explorer.exe,PROCESS_START,24.5,248
EP023603,2026-06-09 11:54:00,U1058,jennifer.ramirez18,WKSTN-U1058,notepad.exe,PROCESS_START,4.1,851
EP020822,2026-06-09 11:47:00,U1051,sandra.king72,WKSTN-U1051,teams.exe,PROCESS_START,20.3,730
EP024012,2026-06-09 11:46:00,U1059,daniel.perez98,WKSTN-U1059,Chrome,PROCESS_START,22.2,804
EP016040,2026-06-09 12:03:00,U1039,mark.thomas,WKSTN-U1039,outlook.exe,PROCESS_START,27.1,87
EP010187,2026-06-09 11:41:00,U1025,betty.brown22,WKSTN-U1025,VSCode,PROCESS_START,25.0,364
EP007938,2026-06-09 11:41:00,U1020,,WKSTN-U1020,outlook.exe,PROCESS_START,9.6,110
EP029241,2026-06-09 11:58:00,U1072,kenneth.lopez,WKSTN-U1072,teams.exe,PROCESS_START,7.9,664
EP022022,2026-06-09 11:43:00,U1054,anthony.martinez,WKSTN-U1054,chrome.exe,PROCESS_START,-14.6,123
EP041089,2026-06-09 12:01:00,U1100,daniel.brown38,WKSTN-U1100,chrome.exe	,PROCESS_START,7.5,134
EP026009,2026-06-09 11:46:00,U1064,matthew.wright55,WKSTN-U1064,outlook.exe,PROCESS_START,14.0,427
EP022436,2026-06-09 11:48:00,U1055,patricia.wilson54,WKSTN-U1055,teams.exe,PROCESS_START,N/A,194
EP017630,2026-06-09 11:39:00,U1043,thomas.williams91,WKSTN-U1043,outlook.exe,PROCESS_START,4.9,666
EP034660,2026-06-09 11:53:00,U1085,barbara.walker67,WKSTN-U1085,outlook.exe,PROCESS_START,26.6,577
EP036033,2026-06-09 11:50:00,U1088,andrew.smith85,WKSTN-U1088,teams.exe,PROCESS_START,9.4,859
EP002911,2026-06-09 11:59:00,U1008,joshua.hernandez,WKSTN-U1008,chrome.exe,PROCESS_START,34.6,464
EP018413,2026-06-09 11:58:00,U1045,  daniel.sanchez90 ,WKSTN-U1045,Workday,PROCESS_START,16.5,891
EP035538,2026-06-09 12:31:00,U1087,charles.sanchez,WKSTN-U1087,explorer.exe,PROCESS_START,27.6,753
EP028848,2026-06-09 12:34:00,U1071,matthew.robinson35,WKSTN-U1071,Chrome,PROCESS_START,16.3,325
EP020405,2026-06-09 12:25:00,U1050,michael.ramirez,WKSTN-U1050,Zoom,PROCESS_START,15.7,419
EP025615,2026-06-09 12:26:00,U1063,john.nguyen,WKSTN-U1063,teams.exe,PROCESS_START,1.1,377
EP019245,2026-06-09 12:17:00,U1047,sandra.lewis,WKSTN-U1047,explorer.exe,PROCESS_START,10.3,765
EP014829,2026-06-09 12:16:00,U1036,linda.jones,WKSTN-U1036,teams.exe,PROCESS_START,,673
EP004437,2026-06-09 12:09:00,U1012,linda.martinez,WKSTN-U1012	,teams.exe,PROCESS_START,14.8,477
EP040327,2026-06-09 12:27:00,U1098,nancy.wright49,,outlook.exe,PROCESS_START,23.3,558
EP039116,2026-06-09 12:28:00,U1095,,WKSTN-U1095,teams.exe,PROCESS_START,13.5,
EP028850,2026-06-09 12:27:00,U1071,matthew.robinson35,WKSTN-U1071,Outlook,PROCESS_START,17.4,656
EP000937,2026-06-09 12:18:00,U1003,kenneth.clark29,WKSTN-U1003,Excel,PROCESS_START,16.3,422
EP028424,2026-06-09 12:12:00,U1070,betty.thomas40,WKSTN-U1070,Chrome,PROCESS_START,27.2,836
EP026407,2026-06-09 12:34:00,U1065,  michael.ramirez47 ,WKSTN-U1065,explorer.exe,PROCESS_START,23.6,276
EP002909,2026-06-09 12:34:00,U1008,joshua.hernandez,WKSTN-U1008,notepad.exe,PROCESS_START,20.2,505
EP031214,2026-06-09 12:20:00,U1077,kimberly.harris58,WKSTN-U1077,Outlook,PROCESS_START,34.7,846
EP036458,2026-06-09 12:26:00,U1089,paul.brown27,  WKSTN-U1089 ,Chrome,PROCESS_START,1.4,539
EP020823,2026-06-09 12:31:00,U1051,sandra.king72,WKSTN-U1051,Zoom,PROCESS_START,20.4,708
EP034663,2026-06-09 12:10:00,U1085,barbara.walker67,WKSTN-U1085,notepad.exe,PROCESS_START,,542
EP014832,2026-06-09 12:11:00,U1036,linda.jones,WKSTN-U1036,  Outlook ,PROCESS_START,12.8,324
EP030829,2026-06-09 12:24:00,U1076,john.torres,WKSTN-U1076,Chrome,PROCESS_START,12.5,842
EP026835,2026-06-09 12:09:00,U1066,michelle.wright62,WKSTN-U1066,outlook.exe,PROCESS_START,14.6,149
EP003692,2026-06-09 12:07:00,U1010,susan.young51,WKSTN-U1010,explorer.exe,PROCESS_START,5.2,739
EP004438,2026-06-09 12:30:00,U1012,linda.martinez,WKSTN-U1012,chrome.exe,PROCESS_START,27.7,620
EP033315,2026-06-09 12:18:00,U1082,karen.hill96,WKSTN-U1082,PuTTY,PROCESS_START,10.5,650
EP036031,2026-06-09 12:27:00,U1088,andrew.smith85,WKSTN-U1088,notepad.exe,PROCESS_START,4900.0,842
EP004855,2026-06-09 12:35:00,U1013,emily.smith,WKSTN-U1013,outlook.exe,PROCESS_START,21.4,418
EP020406,2026-06-09 12:59:00,U1050,  michael.ramirez ,WKSTN-U1050,,PROCESS_START,,386
EP001343,2026-06-09 12:37:00,U1004,elizabeth.wilson98,WKSTN-U1004,Outlook,PROCESS_START,3.5,679
EP013658,2026-06-09 12:40:00,U1033,linda.miller,WKSTN-U1033,Excel,PROCESS_START,32.7,510
EP040330,2026-06-09 12:59:00,U1098,  nancy.wright49 ,WKSTN-U1098,Zoom	,PROCESS_START,18.8,292
EP011979,2026-06-09 12:43:00,U1029,michelle.garcia54,WKSTN-U1029,Chrome,,7.3,134
EP021602,2026-06-09 12:42:00,U1053,john.jackson31,WKSTN-U1053,teams.exe,PROCESS_START,16.1,212
EP018017,2026-06-09 12:38:00,U1044,lisa.ramirez9,WKSTN-U1044,outlook.exe,PROCESS_START,20.1,161
EP040329,2026-06-09 13:00:00,U1098,nancy.wright49,WKSTN-U1098,PowerPoint,PROCESS_START,5.2,N/A
EP014043,2026-06-09 12:58:00,U1034,thomas.allen63,WKSTN-U1034,explorer.exe,PROCESS_START,3.0,292
EP031215,2026-06-09 12:42:00,U1077,kimberly.harris58,WKSTN-U1077,Outlook,PROCESS_START,10.7,82
EP026405,2026-06-09 12:46:00,U1065,michael.ramirez47,WKSTN-U1065,teams.exe,PROCESS_START,24.6,655
EP035105,2026-06-09 12:44:00,U1086,steven.thompson53,WKSTN-U1086,notepad.exe,PROCESS_START,16.3,587
EP030032,2026-06-09 12:56:00,U1074,sarah.williams7,WKSTN-U1074,notepad.exe,PROCESS_START,21.9,345
EP001346,2026-06-09 12:36:00,U1004,elizabeth.wilson98,WKSTN-U1004,QuickBooks,PROCESS_START,16.6,278
EP019649,2026-06-09 12:38:00,U1048,jennifer.thomas87,WKSTN-U1048,outlook.exe,PROCESS_START,20.5,344
EP016827,2026-06-09 12:52:00,U1041,matthew.allen52,WKSTN-U1041,outlook.exe,PROCESS_START,34.8,126
EP025618,2026-06-09 12:35:00,U1063,john.nguyen,WKSTN-U1063,DocuSign,PROCESS_START,14.7,571
EP032029,2026-06-09 12:43:00,U1079,emily.jones	,WKSTN-U1079,Chrome,PROCESS_START,11.1,224
EP036035,2026-06-09 12:40:00,U1088,andrew.smith85,WKSTN-U1088,Slack	,PROCESS_START,30.3,
EP000526,2026-06-09 12:54:00,U1002,donna.ramirez,WKSTN-U1002,Excel,PROCESS_START,20.7,597
EP016427,2026-06-09 12:48:00,U1040,matthew.martin,WKSTN-U1040,teams.exe,PROCESS_START,17.2,
EP018830,2026-06-09 12:56:00,U1046,michelle.torres39,WKSTN-U1046,Outlook,PROCESS_START,9.5,746
EP001727,2026-06-09 12:52:00,U1005,robert.robinson,WKSTN-U1005,QuickBooks,,17.2,536
EP039935,2026-06-09 12:44:00,U1097,  mark.martinez10 ,WKSTN-U1097,Outlook,PROCESS_START,10.9,354
EP023602,2026-06-09 13:32:00,U1058,jennifer.ramirez18,WKSTN-U1058,notepad.exe,PROCESS_START,24.9,663
EP010190,2026-06-09 13:11:00,U1025,betty.brown22,WKSTN-U1025,explorer.exe,PROCESS_START,1.7,206
EP037812,2026-06-09 13:11:00,U1092,steven.thomas,WKSTN-U1092,explorer.exe,PROCESS_START,15.4,254
EP004859,2026-06-09 13:33:00,U1013,emily.smith,WKSTN-U1013,notepad.exe,,7.4,778
EP020408,2026-06-09 13:20:00,U1050,michael.ramirez,WKSTN-U1050,,PROCESS_START,16.5,287
EP011555,2026-06-09 13:13:00,U1028,john.hill,WKSTN-U1028,,PROCESS_START,20.2,175
EP005281,2026-06-09 13:22:00,U1014,james.taylor,WKSTN-U1014,SAP,PROCESS_START,27.5,187
EP027227,2026-06-09 13:20:00,U1067,paul.thomas97,WKSTN-U1067,DocuSign,PROCESS_START,30.1,298
EP029637,2026-06-09 13:11:00,U1073,michael.gonzalez,WKSTN-U1073,chrome.exe,PROCESS_START,21.4,308
EP034664,2026-06-09 13:00:00,U1085,barbara.walker67,WKSTN-U1085,Terminal,PROCESS_START,18.6,606
EP038258,2026-06-09 13:26:00,U1093,sarah.clark44,WKSTN-U1093,Terminal,PROCESS_START,26.4,555
EP030030,2026-06-09 13:14:00,U1074,sarah.williams7,WKSTN-U1074,outlook.exe	,PROCESS_START,30.4,177
EP023216,2026-06-09 13:29:00,U1057,nancy.sanchez,WKSTN-U1057,chrome.exe,PROCESS_START,22.1,465
EP013659,2026-06-09 13:03:00,U1033,linda.miller,WKSTN-U1033,teams.exe,PROCESS_START,23.5,800
EP027590,2026-06-09 13:30:00,U1068,susan.thompson34,WKSTN-U1068	,DocuSign,PROCESS_START,24.9,471
EP013661,2026-06-09 13:20:00,U1033,linda.miller,WKSTN-U1033,outlook.exe,PROCESS_START,17.4,185
EP034199,2026-06-09 13:03:00,U1084,joshua.taylor,WKSTN-U1084,explorer.exe,PROCESS_START,23.3,496
EP008379,2026-06-09 13:33:00,U1021,jessica.walker,WKSTN-U1021,outlook.exe,PROCESS_START,34.9,187
EP001344,2026-06-09 13:33:00,U1004,elizabeth.wilson98,WKSTN-U1004,SAP,PROCESS_START,31.3,228
EP039931,2026-06-09 13:07:00,U1097,mark.martinez10,WKSTN-U1097,PowerPoint,PROCESS_START,3.1,288
EP038256,2026-06-09 13:18:00,U1093,,WKSTN-U1093,Terminal,process_start,32.7,431
EP027589,2026-06-09 13:11:00,U1068,susan.thompson34,WKSTN-U1068	,Word,PROCESS_START,8.7,354
EP008837,2026-06-09 13:03:00,U1022,sandra.brown,WKSTN-U1022,chrome.exe,PROCESS_START,2.1,403
EP041090,2026-06-09 13:05:00,U1100,daniel.brown38,WKSTN-U1100,Outlook,PROCESS_START,29.5,714
EP040710,2026-06-09 13:15:00,U1099,  joseph.garcia ,WKSTN-U1099,explorer.exe,PROCESS_START,11.9,474
EP022811,2026-06-09 13:51:00,U1056,anthony.clark,WKSTN-U1056,outlook.exe,PROCESS_START,15.5,
EP022810,2026-06-09 13:40:00,U1056,anthony.clark,WKSTN-U1056,outlook.exe,PROCESS_START,11.3,311
EP026012,2026-06-09 13:57:00,U1064,matthew.wright55,WKSTN-U1064,notepad.exe,PROCESS_START,33.5,393
EP031211,2026-06-09 13:35:00,U1077,kimberly.harris58,WKSTN-U1077,DocuSign	,PROCESS_START,4.2,364
EP020015,2026-06-09 13:39:00,U1049,michelle.jones59,WKSTN-U1049,Chrome,PROCESS_START,20.3,358
EP025217,2026-06-09 13:51:00,U1062,william.martin,WKSTN-U1062,Salesforce,PROCESS_START,22.2,561
EP014445,2026-06-09 13:35:00,U1035,nancy.rodriguez82,WKSTN-U1035,Chrome,PROCESS_START,21.9,554
EP036460,2026-06-09 13:56:00,U1089,paul.brown27,WKSTN-U1089,Wireshark,,1.8,883
EP003278,2026-06-09 13:52:00,U1009,daniel.brown,WKSTN-U1009,chrome.exe,PROCESS_START,11.2,873
EP004044,2026-06-09 13:39:00,U1011,donna.ramirez75,WKSTN-U1011,Outlook,PROCESS_START,23.5,635
EP039934,2026-06-09 13:34:00,U1097,mark.martinez10,WKSTN-U1097,Outlook,PROCESS_START,,740
EP019647,2026-06-09 13:40:00,U1048,jennifer.thomas87,WKSTN-U1048	,Chrome,PROCESS_START,,720
EP006098,2026-06-09 13:56:00,U1016,patricia.thomas,  WKSTN-U1016 ,teams.exe,PROCESS_START,6.6,799
EP036916,2026-06-09 13:43:00,U1090,mary.hill,WKSTN-U1090,notepad.exe,PROCESS_START,32.0,835
EP004434,2026-06-09 13:55:00,U1012,linda.martinez,  WKSTN-U1012 ,outlook.exe,PROCESS_START,26.8,520
EP021206,2026-06-09 13:54:00,U1052,paul.taylor,WKSTN-U1052,  teams.exe ,PROCESS_START,9.0,581
EP015640,2026-06-09 13:56:00,U1038,emily.clark,WKSTN-U1038,chrome.exe,,7.9,137
EP019242,2026-06-09 13:49:00,U1047,sandra.lewis,WKSTN-U1047,Excel,PROCESS_START,12.7,748
EP009741,2026-06-09 13:34:00,U1024,emily.miller,WKSTN-U1024,Docker Desktop,PROCESS_START,10.2,528
EP002910,2026-06-09 13:46:00,U1008,joshua.hernandez,WKSTN-U1008	,SAP,PROCESS_START,26.5,370
EP030828,2026-06-09 13:53:00,U1076,john.torres,WKSTN-U1076,explorer.exe,PROCESS_START,29.8,114
EP027594,2026-06-09 13:46:00,U1068,susan.thompson34,,chrome.exe,PROCESS_START,33.8,769
EP031611,2026-06-09 13:38:00,U1078,michelle.miller,WKSTN-U1078,chrome.exe,PROCESS_START,34.1,114
EP023217,2026-06-09 13:52:00,U1057,nancy.sanchez,WKSTN-U1057,explorer.exe,PROCESS_START,27.5,361
EP012846,2026-06-09 13:49:00,U1031,john.wright28,WKSTN-U1031,Chrome,PROCESS_START,13.6,660
EP018832,2026-06-09 14:13:00,U1046,michelle.torres39,WKSTN-U1046,teams.exe,PROCESS_START,25.4,769
EP000936,2026-06-09 14:08:00,U1003,kenneth.clark29,WKSTN-U1003,QuickBooks,PROCESS_START,3.0,340
EP011554,2026-06-09 14:09:00,U1028,john.hill,WKSTN-U1028,Slack,,22.0,239
EP020409,2026-06-09 14:03:00,U1050,michael.ramirez,WKSTN-U1050,,PROCESS_START,10.3,769
EP002525,2026-06-09 14:20:00,U1007,sarah.robinson82,,Excel,PROCESS_START,15.7,731
EP008378,2026-06-09 14:22:00,U1021,jessica.walker,WKSTN-U1021,notepad.exe,PROCESS_START,19.9,784
EP001729,2026-06-09 14:16:00,U1005,,WKSTN-U1005,outlook.exe,PROCESS_START,18.6,484
EP011081,2026-06-09 14:02:00,U1027,patricia.brown75,WKSTN-U1027,Jenkins,PROCESS_START,19.8,693
EP037374,2026-06-09 14:07:00,U1091,LINDA.ROBINSON,WKSTN-U1091,teams.exe,PROCESS_START,33.2,425
EP030439,2026-06-09 14:06:00,U1075,steven.lewis,WKSTN-U1075,teams.exe,PROCESS_START,28.5,345
EP007502,2026-06-09 14:15:00,U1019,donna.anderson,WKSTN-U1019,Git,PROCESS_START,32.3,886
EP036917,2026-06-09 14:14:00,U1090,mary.hill,WKSTN-U1090,outlook.exe,PROCESS_START,5.7,389
EP015228,2026-06-09 14:11:00,U1037,robert.martin,WKSTN-U1037,notepad.exe,PROCESS_START,2.7,704
EP006560,2026-06-09 14:02:00,U1017,emily.hernandez34,WKSTN-U1017,notepad.exe,PROCESS_START,29.6,469
EP007030,2026-06-09 14:11:00,U1018,betty.white57,WKSTN-U1018,teams.exe,PROCESS_START,30.7,114
EP035102,2026-06-09 14:09:00,U1086,steven.thompson53,WKSTN-U1086,PuTTY,PROCESS_START,24.0,166
EP013258,2026-06-09 14:13:00,U1032,paul.wright91,WKSTN-U1032,outlook.exe,PROCESS_START,12.1,445
EP028011,2026-06-09 14:23:00,U1069,jessica.clark,WKSTN-U1069,explorer.exe,PROCESS_START,14.5,300
EP032031,2026-06-09 14:16:00,U1079,emily.jones,WKSTN-U1079,teams.exe,PROCESS_START,24.0,648
EP033753,2026-06-09 14:18:00,U1083,sarah.allen70,WKSTN-U1083,Active Directory Console,PROCESS_START,1.9,795
EP039933,2026-06-09 14:12:00,U1097,mark.martinez10,WKSTN-U1097,Zoom,PROCESS_START,15.0,515
EP035539,2026-06-09 14:20:00,U1087,charles.sanchez,WKSTN-U1087,teams.exe,PROCESS_START,9.7,900
EP041086,2026-06-09 14:04:00,U1100,daniel.brown38,  WKSTN-U1100 ,chrome.exe,PROCESS_START,13.1,462
EP028423,2026-06-09 14:03:00,U1070,betty.thomas40,WKSTN-U1070,Outlook,PROCESS_START,20.0,712
EP018018,2026-06-09 13:59:00,U1044,lisa.ramirez9,WKSTN-U1044,Outlook,PROCESS_START,27.8,297
EP023600,2026-06-09 14:33:00,U1058,jennifer.ramirez18,WKSTN-U1058,explorer.exe	,PROCESS_START,24.2,517
EP036461,2026-06-09 14:42:00,U1089,paul.brown27,WKSTN-U1089,Active Directory Console,PROCESS_START,22.7,365
EP016035,2026-06-09 14:45:00,U1039,mark.thomas,WKSTN-U1039,Chrome,PROCESS_START,22.4,854
EP020016,2026-06-09 14:37:00,U1049,,WKSTN-U1049,outlook.exe,PROCESS_START,9.4,80
EP011978,2026-06-09 14:36:00,U1029,michelle.garcia54,WKSTN-U1029,Chrome,PROCESS_START,27.9,346
EP037813,2026-06-09 14:33:00,U1092,steven.thomas,WKSTN-U1092,explorer.exe,PROCESS_START,24.2,865
EP014041,2026-06-09 14:38:00,U1034,thomas.allen63,WKSTN-U1034,outlook.exe,PROCESS_START,7.2,291
EP039516,2026-06-09 14:39:00,U1096,david.allen76,WKSTN-U1096,Zoom,PROCESS_START,6.8,553
EP024807,2026-06-09 14:41:00,U1061,jessica.rodriguez,WKSTN-U1061,Zoom,PROCESS_START,22.3,127
EP014831,2026-06-09 14:24:00,U1036,linda.jones,WKSTN-U1036,explorer.exe,PROCESS_START,3.2,540
EP038700,2026-06-09 14:48:00,U1094,elizabeth.lewis69,WKSTN-U1094,outlook.exe,PROCESS_START,32.2,483
EP014042,2026-06-09 14:25:00,U1034,thomas.allen63,WKSTN-U1034,outlook.exe,PROCESS_START,8.5,516
EP028421,2026-06-09 14:44:00,U1070,betty.thomas40,WKSTN-U1070,outlook.exe,PROCESS_START,10.3,867
EP013259,2026-06-09 14:47:00,U1032,paul.wright91,WKSTN-U1032,Outlook,PROCESS_START,6.3,299
EP002527,2026-06-09 14:41:00,U1007,  sarah.robinson82 ,WKSTN-U1007,Outlook,PROCESS_START,6.8,
EP006097,2026-06-09 14:28:00,U1016,patricia.thomas,WKSTN-U1016,Chrome,PROCESS_START,,846
EP040711,2026-06-09 14:45:00,U1099,,WKSTN-U1099,notepad.exe,PROCESS_START,21.8,409
EP038255,2026-06-09 14:31:00,U1093,sarah.clark44,WKSTN-U1093,Wireshark,PROCESS_START,28.8,457
EP025221,2026-06-09 14:27:00,U1062,william.martin,WKSTN-U1062,notepad.exe,PROCESS_START,13.7,255
EP041091,2026-06-09 14:46:00,U1100,daniel.brown38,WKSTN-U1100,Chrome,PROCESS_START,32.5,884
EP011083,2026-06-09 14:27:00,U1027,patricia.brown75,WKSTN-U1027,Docker Desktop,PROCESS_START,,164
EP007033,2026-06-09 14:29:00,U1018,betty.white57,WKSTN-U1018,Docker Desktop,PROCESS_START,30.6,529
EP037373,2026-06-09 14:31:00,U1091,linda.robinson,WKSTN-U1091,outlook.exe,PROCESS_START,16.5,
EP033313,2026-06-09 14:32:00,U1082,karen.hill96,WKSTN-U1082,teams.exe,PROCESS_START,7.2,478
EP024805,2026-06-09 14:39:00,U1061,jessica.rodriguez,WKSTN-U1061,explorer.exe,PROCESS_START,20.4,245
EP029244,2026-06-09 14:51:00,U1072,kenneth.lopez,WKSTN-U1072,Outlook,PROCESS_START,30.7,597
EP020821,2026-06-09 14:52:00,U1051,sandra.king72,WKSTN-U1051,Salesforce,PROCESS_START,28.1,
EP017231,2026-06-09 15:01:00,U1042,michael.hill56,WKSTN-U1042,Outlook,PROCESS_START,12.2,114
EP004043,2026-06-09 15:00:00,U1011,donna.ramirez75,WKSTN-U1011,notepad.exe,PROCESS_START,28.1,699
EP030833,2026-06-09 15:08:00,U1076,john.torres,WKSTN-U1076,explorer.exe,PROCESS_START,31.6,103
EP027591,2026-06-09 14:50:00,U1068,susan.thompson34,WKSTN-U1068,Word,PROCESS_START,4.6,155
EP008841,2026-06-09 14:56:00,U1022,sandra.brown,WKSTN-U1022,Slack,PROCESS_START,1.2,
EP033752,2026-06-09 14:51:00,U1083,sarah.allen70,WKSTN-U1083,Terminal,PROCESS_START,17.9,314
EP036030,2026-06-09 15:01:00,U1088,andrew.smith85,WKSTN-U1088,teams.exe,PROCESS_START,32.0,90
EP027225,2026-06-09 14:54:00,U1067,paul.thomas97,WKSTN-U1067,Word,process_start,16.2,98
EP022812,2026-06-09 15:04:00,U1056,anthony.clark,WKSTN-U1056,  Excel ,PROCESS_START,31.9,152
EP006557,2026-06-09 14:56:00,U1017,emily.hernandez34,WKSTN-U1017,Docker Desktop,PROCESS_START,20.6,361
EP016429,2026-06-09 14:50:00,U1040,,WKSTN-U1040,Excel,PROCESS_START,32.0,639
EP007936,2026-06-09 14:49:00,U1020,andrew.thomas36,WKSTN-U1020,Slack,PROCESS_START,30.5,143
EP022020,2026-06-09 14:52:00,U1054,anthony.martinez,WKSTN-U1054,Zoom,PROCESS_START,2.1,
EP004858,2026-06-09 14:52:00,U1013,emily.smith,WKSTN-U1013,outlook.exe,PROCESS_START,24.3,153
EP011553,2026-06-09 14:49:00,U1028,john.hill,WKSTN-U1028,chrome.exe,PROCESS_START,3.2,180
EP002528,2026-06-09 15:03:00,U1007,sarah.robinson82,WKSTN-U1007,  outlook.exe ,PROCESS_START,7.8,571
EP007500,2026-06-09 15:07:00,U1019,donna.anderson,WKSTN-U1019,chrome.exe,PROCESS_START,2.1,236
EP007032,2026-06-09 15:05:00,U1018,betty.white57,WKSTN-U1018,Chrome,PROCESS_START,19.8,153
EP016428,2026-06-09 14:57:00,U1040,matthew.martin,WKSTN-U1040,teams.exe,PROCESS_START,6.5,360
EP024410,2026-06-09 15:05:00,U1060,matthew.anderson,WKSTN-U1060,Zoom,PROCESS_START,25.8,696
EP002912,2026-06-09 15:06:00,U1008,joshua.hernandez	,WKSTN-U1008,outlook.exe,PROCESS_START,5.5,701
EP000524,2026-06-09 15:04:00,U1002,donna.ramirez,WKSTN-U1002,Chrome,PROCESS_START,4.2,317
EP000934,2026-06-09 14:57:00,U1003,kenneth.clark29,WKSTN-U1003,chrome.exe,PROCESS_START,11.2,655
EP006095,2026-06-09 15:41:00,U1016,patricia.thomas,WKSTN-U1016,Slack,PROCESS_START,21.1,384
EP000935,2026-06-09 15:34:00,U1003,kenneth.clark29,WKSTN-U1003,teams.exe,PROCESS_START,2.6,181
EP025218,2026-06-09 15:20:00,U1062,william.martin,WKSTN-U1062,Zoom,PROCESS_START,19.0,797
EP030031,2026-06-09 15:35:00,U1074,sarah.williams7,WKSTN-U1074,Word,PROCESS_START,23.8,592
EP012409,2026-06-09 15:29:00,U1030,  betty.rodriguez86 ,WKSTN-U1030,Jenkins,PROCESS_START,9.7,407
EP039518,2026-06-09 15:42:00,U1096,DAVID.ALLEN76,WKSTN-U1096,chrome.exe,PROCESS_START,26.2,779
EP005279,2026-06-09 15:43:00,U1014,james.taylor,WKSTN-U1014,chrome.exe,PROCESS_START,26.4,683
EP017233,2026-06-09 15:29:00,U1042,michael.hill56,WKSTN-U1042,CHROME.EXE,PROCESS_START,6.2,261
EP026836,2026-06-09 15:09:00,U1066,michelle.wright62,WKSTN-U1066,DocuSign,PROCESS_START,23.2,242
EP039117,2026-06-09 15:43:00,U1095,richard.thomas74,WKSTN-U1095,Excel,PROCESS_START,19.4,154
EP038257,2026-06-09 15:40:00,U1093,sarah.clark44,WKSTN-U1093,teams.exe,PROCESS_START,12.8,153
EP029243,2026-06-09 15:46:00,U1072,kenneth.lopez,WKSTN-U1072,docusign,PROCESS_START,29.1,223
EP034200,2026-06-09 15:44:00,U1084,joshua.taylor,WKSTN-U1084,Slack,PROCESS_START,34.2,256
EP018829,2026-06-09 15:12:00,U1046,MICHELLE.TORRES39,WKSTN-U1046,Workday,PROCESS_START,26.6,152
EP031613,2026-06-09 15:14:00,U1078,michelle.miller,WKSTN-U1078,Chrome,process_start,31.6,475
EP016036,2026-06-09 15:27:00,U1039,mark.thomas,WKSTN-U1039,teams.exe,PROCESS_START,26.1,404
EP035540,2026-06-09 15:18:00,U1087,charles.sanchez,WKSTN-U1087,chrome.exe,PROCESS_START,11.9,337
EP014828,2026-06-09 15:19:00,U1036,linda.jones,WKSTN-U1036,explorer.exe,PROCESS_START,3.7,606
EP017232,2026-06-09 15:25:00,U1042,michael.hill56,WKSTN-U1042,Chrome,PROCESS_START,10.2,202
EP018833,2026-06-09 15:47:00,U1046,michelle.torres39,WKSTN-U1046,  Outlook ,PROCESS_START,15.8,268
EP024011,2026-06-09 15:10:00,U1059,daniel.perez98,WKSTN-U1059,Outlook,PROCESS_START,22.8,652
EP007499,2026-06-09 15:22:00,U1019,donna.anderson,WKSTN-U1019,Git,PROCESS_START,29.5,192
EP006096,2026-06-09 15:40:00,U1016,patricia.thomas,WKSTN-U1016,explorer.exe,PROCESS_START,14.5,411
EP020014,2026-06-09 15:31:00,U1049,michelle.jones59,WKSTN-U1049,Outlook	,PROCESS_START,21.5,110
EP023604,2026-06-09 15:26:00,U1058,jennifer.ramirez18,WKSTN-U1058,teams.exe,PROCESS_START,13.5,221
EP030831,2026-06-09 15:57:00,U1076,john.torres,WKSTN-U1076,teams.exe,PROCESS_START,18.6,612
EP030832,2026-06-09 15:50:00,U1076,john.torres,  WKSTN-U1076 ,notepad.exe,PROCESS_START,19.3,81
EP005685,2026-06-09 15:56:00,U1015,lisa.hernandez,WKSTN-U1015,SAP,PROCESS_START,25.4,406
EP041087,2026-06-09 15:53:00,U1100,daniel.brown38,WKSTN-U1100,chrome.exe,PROCESS_START,1.9,554
EP022437,2026-06-09 16:13:00,U1055,patricia.wilson54,WKSTN-U1055,explorer.exe,PROCESS_START,30.2,670
EP012410,2026-06-09 15:54:00,U1030,betty.rodriguez86,WKSTN-U1030,,process_start,28.3,322
EP034201,2026-06-09 15:50:00,U1084,joshua.taylor,WKSTN-U1084,Chrome,PROCESS_START,23.8,825
EP007939,2026-06-09 16:13:00,U1020,andrew.thomas36,WKSTN-U1020,Docker Desktop,PROCESS_START,33.9,184
EP036457,2026-06-09 16:11:00,U1089,paul.brown27,WKSTN-U1089,chrome.exe,PROCESS_START,10.2,349
EP011556,2026-06-09 16:23:00,U1028,john.hill	,WKSTN-U1028,teams.exe,PROCESS_START,34.2,717
EP039517,2026-06-09 15:53:00,U1096,david.allen76,WKSTN-U1096,outlook.exe,PROCESS_START,16.7,710
EP019243,2026-06-09 15:57:00,U1047,SANDRA.LEWIS,WKSTN-U1047,explorer.exe,PROCESS_START,24.6,172
EP019648,2026-06-09 15:51:00,U1048,jennifer.thomas87,WKSTN-U1048,explorer.exe,PROCESS_START,2.8,802
EP034661,2026-06-09 15:52:00,U1085,barbara.walker67,WKSTN-U1085,PuTTY,PROCESS_START,33.8,721
EP004854,2026-06-09 15:49:00,U1013,emily.smith,WKSTN-U1013,SAP,PROCESS_START,11.4,611
EP021600,2026-06-09 15:58:00,U1053,  john.jackson31 ,WKSTN-U1053,explorer.exe,PROCESS_START,22.5,283
EP028420,2026-06-09 15:59:00,U1070,BETTY.THOMAS40,WKSTN-U1070,notepad.exe,PROCESS_START,3.0,883
EP005283,2026-06-09 16:19:00,U1014,james.taylor,WKSTN-U1014,notepad.exe,PROCESS_START,24.2,711
EP035101,2026-06-09 15:54:00,U1086,steven.thompson53,WKSTN-U1086,,PROCESS_START,24.6,477
EP027229,2026-06-09 16:16:00,U1067,paul.thomas97,WKSTN-U1067,outlook.exe,PROCESS_START,31.8,191
EP005686,2026-06-09 15:57:00,U1015,  lisa.hernandez ,WKSTN-U1015,Chrome,PROCESS_START,5.0,362
EP022019,2026-06-09 16:16:00,U1054,anthony.martinez,WKSTN-U1054,notepad.exe,PROCESS_START,1.2,277
EP022813,2026-06-09 16:00:00,U1056,anthony.clark,WKSTN-U1056,chrome.exe,PROCESS_START,34.3,765
EP034659,2026-06-09 16:10:00,U1085,barbara.walker67,WKSTN-U1085,Active Directory Console,PROCESS_START,12.3,619
EP034662,2026-06-09 16:11:00,U1085,barbara.walker67,WKSTN-U1085,explorer.exe,PROCESS_START,6.0,344
EP006100,2026-06-09 16:49:00,U1016,patricia.thomas,WKSTN-U1016,Slack,PROCESS_START,21.3,551
EP022438,2026-06-09 17:00:00,U1055,patricia.wilson54,WKSTN-U1055,chrome,PROCESS_START,8.6,448
EP037375,2026-06-09 16:35:00,U1091,linda.robinson,WKSTN-U1091,Terminal,PROCESS_START,1.1,765
EP029639,2026-06-09 16:35:00,U1073,michael.gonzalez,,DocuSign,PROCESS_START,1.6,479
EP006559,2026-06-09 16:53:00,U1017,emily.hernandez34,WKSTN-U1017,explorer.exe,PROCESS_START,28.8,232
EP012844,2026-06-09 16:36:00,U1031,john.wright28,WKSTN-U1031,outlook.exe,PROCESS_START,26.7,768
EP018412,2026-06-09 16:26:00,U1045,daniel.sanchez90,WKSTN-U1045,teams.exe,PROCESS_START,13.6,626
EP018411,2026-06-09 16:59:00,U1045,daniel.sanchez90,WKSTN-U1045,teams.exe,PROCESS_START,4.5,632
EP000525,2026-06-09 16:39:00,U1002,donna.ramirez,WKSTN-U1002,outlook.exe,PROCESS_START,15.0,461
EP021208,2026-06-09 16:37:00,U1052,paul.taylor,WKSTN-U1052,Excel,PROCESS_START,2.2,291
EP007937,2026-06-09 17:04:00,U1020,  andrew.thomas36 ,WKSTN-U1020,explorer.exe,PROCESS_START,2.0,508
EP009293,2026-06-09 16:25:00,U1023,richard.wright,WKSTN-U1023,  notepad.exe ,PROCESS_START,16.6,234
EP021603,2026-06-09 16:57:00,U1053,john.jackson31,WKSTN-U1053,Chrome,PROCESS_START,17.2,674
EP041088,2026-06-09 16:43:00,U1100,daniel.brown38,WKSTN-U1100,Outlook,PROCESS_START,25.9,282
EP017631,2026-06-09 16:34:00,U1043,thomas.williams91,WKSTN-U1043,explorer.exe,PROCESS_START,,454
EP006558,2026-06-09 16:44:00,U1017,emily.hernandez34,WKSTN-U1017,Jenkins,PROCESS_START,14.6,269
EP028422,2026-06-09 17:00:00,U1070,betty.thomas40,WKSTN-U1070,notepad.exe	,PROCESS_START,19.2,551
EP039118,2026-06-09 16:25:00,U1095,richard.thomas74,WKSTN-U1095,PowerPoint,process_start,4.7,228
EP030027,2026-06-09 16:48:00,U1074,sarah.williams7,WKSTN-U1074,outlook.exe,PROCESS_START,6.3,126
EP005278,2026-06-09 16:46:00,U1014,james.taylor,WKSTN-U1014,Excel,PROCESS_START,9.2,848
EP011977,2026-06-09 16:25:00,U1029,michelle.garcia54,WKSTN-U1029	,outlook.exe,PROCESS_START,10.7,134
EP008380,2026-06-09 16:28:00,U1021,jessica.walker,WKSTN-U1021,VSCode,PROCESS_START,31.0,800
EP005280,2026-06-09 16:51:00,U1014,james.taylor,WKSTN-U1014,chrome.exe,PROCESS_START,26.9,648
EP035541,2026-06-09 16:58:00,U1087,charles.sanchez,WKSTN-U1087,Terminal,,,723
EP003279,2026-06-09 16:40:00,U1009,daniel.brown,WKSTN-U1009,teams.exe,PROCESS_START,15.0,284
EP027592,2026-06-09 17:09:00,U1068,susan.thompson34,WKSTN-U1068,teams.exe,PROCESS_START,21.1,386
EP025219,2026-06-09 17:30:00,U1062,william.martin,WKSTN-U1062,explorer.exe,PROCESS_START,22.4,448
EP011557,2026-06-09 17:20:00,U1028,john.hill,WKSTN-U1028,teams.exe,PROCESS_START,6.5,888
EP008862,2026-06-10 07:14:00,U1022,sandra.brown,WKSTN-U1022,chrome.exe,PROCESS_START,,343
EP027593,2026-06-09 17:07:00,U1068,susan.thompson34,WKSTN-U1068,DocuSign,PROCESS_START,23.2,584
EP012845,2026-06-09 17:08:00,U1031,john.wright28,WKSTN-U1031,notepad.exe,PROCESS_START,4.4,735
EP034218,2026-06-10 07:26:00,U1084,joshua.taylor,WKSTN-U1084,Slack,PROCESS_START,4.3,353
EP024013,2026-06-09 17:26:00,U1059,daniel.perez98,WKSTN-U1059,teams.exe,PROCESS_START,2.8,166
EP036459,2026-06-09 17:33:00,U1089,paul.brown27,WKSTN-U1089,Chrome,PROCESS_START,1.9,718
EP025632,2026-06-10 07:22:00,U1063,john.nguyen,WKSTN-U1063,Chrome,PROCESS_START,3.5,836
EP018414,2026-06-09 17:09:00,U1045,daniel.sanchez90,WKSTN-U1045,notepad.exe,PROCESS_START,8.8,665
EP036456,2026-06-09 17:23:00,U1089,paul.brown27,WKSTN-U1089,outlook.exe,PROCESS_START,33.7,371
EP009294,2026-06-09 17:50:00,U1023,richard.wright,WKSTN-U1023,notepad.exe,PROCESS_START,10.8,173
EP032876,2026-06-09 17:09:00,U1081,margaret.davis,WKSTN-U1081,Slack,PROCESS_START,4.6,425
EP009292,2026-06-09 17:40:00,U1023,richard.wright,WKSTN-U1023,Git,PROCESS_START,2.9,741
EP023601,2026-06-09 17:09:00,U1058,jennifer.ramirez18,WKSTN-U1058,Zoom	,PROCESS_START,24.1,128
EP032878,2026-06-09 17:17:00,U1081,margaret.davis,WKSTN-U1081,PuTTY,PROCESS_START,N/A,693
EP011082,2026-06-09 17:08:00,U1027,patricia.brown75,WKSTN-U1027,Git,PROCESS_START,9.9,445
EP035537,2026-06-09 17:09:00,U1087,charles.sanchez,WKSTN-U1087,outlook.exe,PROCESS_START,1.2,329
EP033331,2026-06-10 07:23:00,U1082,karen.hill96,WKSTN-U1082,outlook.exe,PROCESS_START,23.2,699
EP027226,2026-06-09 17:20:00,U1067,paul.thomas97	,WKSTN-U1067,teams.exe,PROCESS_START,30.6,567
EP005282,2026-06-09 17:22:00,U1014,james.taylor,WKSTN-U1014,explorer.exe,PROCESS_START,31.1,239
EP026838,2026-06-09 17:06:00,U1066,michelle.wright62	,WKSTN-U1066,chrome.exe,PROCESS_START,21.0,511
EP037372,2026-06-09 17:20:00,U1091,linda.robinson,WKSTN-U1091,teams.exe,PROCESS_START,10.1,261
EP010186,2026-06-09 17:13:00,U1025,betty.brown22,WKSTN-U1025,Docker Desktop,PROCESS_START,7.6,810
EP034217,2026-06-10 08:35:00,U1084,joshua.taylor,WKSTN-U1084,chrome.exe,PROCESS_START,7.3,379
EP028865,2026-06-10 08:37:00,U1071,matthew.robinson35,WKSTN-U1071,teams.exe,PROCESS_START,21.9,503
EP026854,2026-06-10 08:34:00,U1066,michelle.wright62,WKSTN-U1066,outlook.exe,PROCESS_START,27.7,172
EP021231,2026-06-10 07:41:00,U1052,paul.taylor,WKSTN-U1052,Outlook,PROCESS_START,9.1,797
EP006580,2026-06-10 08:12:00,U1017,emily.hernandez34,WKSTN-U1017	,outlook.exe,PROCESS_START,22.1,140
EP021617,2026-06-10 08:29:00,U1053,john.jackson31,WKSTN-U1053,chrome.exe,PROCESS_START,6.8,793
EP003299,2026-06-10 08:20:00,U1009,daniel.brown,WKSTN-U1009,teams.exe,PROCESS_START,24.4,451
EP026852,2026-06-10 08:11:00,U1066,michelle.wright62,WKSTN-U1066,Outlook,PROCESS_START,9.7,598
EP020425,2026-06-10 08:14:00,U1050,michael.ramirez,WKSTN-U1050,,PROCESS_START,19.8,207
EP015252,2026-06-10 08:27:00,U1037,robert.martin,  WKSTN-U1037 ,chrome.exe,PROCESS_START,15.5,494
EP025634,2026-06-10 07:48:00,U1063,john.nguyen,WKSTN-U1063,Outlook,PROCESS_START,16.2,701
EP036482,2026-06-10 07:58:00,U1089,paul.brown27,WKSTN-U1089,Terminal,PROCESS_START,7.5,818
EP005297,2026-06-10 08:25:00,U1014,JAMES.TAYLOR,WKSTN-U1014,chrome.exe,PROCESS_START,N/A,653
EP036481,2026-06-10 08:32:00,U1089,paul.brown27,WKSTN-U1089,NOTEPAD.EXE,PROCESS_START,3.4,239
EP029259,2026-06-10 08:33:00,U1072,kenneth.lopez,WKSTN-U1072,DocuSign,PROCESS_START,14.0,261
EP029653,2026-06-10 08:36:00,U1073,michael.gonzalez,WKSTN-U1073,Outlook,PROCESS_START,9.6,598
EP029262,2026-06-10 07:48:00,U1072,kenneth.lopez,WKSTN-U1072,,PROCESS_START,16.7,550
EP016451,2026-06-10 08:05:00,U1040,matthew.martin,WKSTN-U1040,notepad.exe,PROCESS_START,3.7,264
EP000545,2026-06-10 07:55:00,U1002,donna.ramirez,WKSTN-U1002,QuickBooks,PROCESS_START,32.4,523
EP024424,2026-06-10 08:26:00,U1060,matthew.anderson,WKSTN-U1060,,PROCESS_START,32.6,205
EP022834,2026-06-10 08:10:00,U1056,anthony.clark,WKSTN-U1056,Salesforce,PROCESS_START,3.2,649
EP027246,2026-06-10 07:57:00,U1067,paul.thomas97,WKSTN-U1067,Chrome,PROCESS_START,11.9,573
EP036056,2026-06-10 07:32:00,U1088,andrew.smith85,WKSTN-U1088,outlook.exe,PROCESS_START,24.4,486
EP006578,2026-06-10 08:19:00,U1017,emily.hernandez34,WKSTN-U1017,chrome.exe,PROCESS_START,9.8,201
EP036478,2026-06-10 08:22:00,U1089,PAUL.BROWN27,WKSTN-U1089,chrome.exe,PROCESS_START,29.5,549
EP001361,2026-06-10 08:53:00,U1004,elizabeth.wilson98,  WKSTN-U1004 ,  chrome.exe ,PROCESS_START,23.7,245
EP024028,2026-06-10 08:53:00,U1059,daniel.perez98,WKSTN-U1059,  Salesforce ,PROCESS_START,20.1,816
EP016449,2026-06-10 09:04:00,U1040,matthew.martin,WKSTN-U1040,Excel,PROCESS_START,10.5,135
EP000957,2026-06-10 09:02:00,U1003,kenneth.clark29,WKSTN-U1003	,notepad.exe,PROCESS_START,30.3,
EP038276,2026-06-10 08:59:00,U1093,sarah.clark44,WKSTN-U1093,Slack,PROCESS_START,12.1,366
EP036058,2026-06-10 08:41:00,U1088,andrew.smith85,WKSTN-U1088,Slack,PROCESS_START,2.3,443
EP021615,2026-06-10 09:04:00,U1053,john.jackson31,WKSTN-U1053,notepad.exe,PROCESS_START,4.5,109
EP017251,2026-06-10 09:09:00,U1042,michael.hill56,WKSTN-U1042,chrome.exe,PROCESS_START,24.1,163
EP022830,2026-06-10 09:10:00,U1056,anthony.clark,WKSTN-U1056,chrome.exe,PROCESS_START,23.8,576
EP012433,2026-06-10 09:06:00,U1030,betty.rodriguez86,WKSTN-U1030,,PROCESS_START,N/A,142
EP031634,2026-06-10 09:09:00,U1078,michelle.miller,WKSTN-U1078,notepad.exe,PROCESS_START,31.3,590
EP036480,2026-06-10 08:53:00,U1089,paul.brown27,WKSTN-U1089,PUTTY,PROCESS_START,20.2,241
EP011106,2026-06-10 09:02:00,U1027,patricia.brown75,WKSTN-U1027,VSCode	,PROCESS_START,11.0,533
EP025635,2026-06-10 09:05:00,U1063,john.nguyen,WKSTN-U1063,Outlook,PROCESS_START,10.7,232
EP040344,2026-06-10 08:54:00,U1098,nancy.wright49,WKSTN-U1098,PowerPoint,PROCESS_START,10.8,587
EP020424,2026-06-10 09:02:00,U1050,michael.ramirez,WKSTN-U1050,chrome.exe	,PROCESS_START,23.8,97
EP026029,2026-06-10 09:05:00,U1064,matthew.wright55,WKSTN-U1064,teams.exe,PROCESS_START,13.9,468
EP027612,2026-06-10 08:55:00,U1068,susan.thompson34	,WKSTN-U1068,teams.exe,PROCESS_START,2.8,323
EP040345,2026-06-10 09:08:00,U1098,  nancy.wright49 ,WKSTN-U1098,PowerPoint,PROCESS_START,9.7,139
EP018428,2026-06-10 09:01:00,U1045,daniel.sanchez90,  WKSTN-U1045 ,outlook.exe,PROCESS_START,25.7,535
EP012861,2026-06-10 08:54:00,U1031,john.wright28,WKSTN-U1031,Chrome,PROCESS_START,9.7,102
EP018037,2026-06-10 08:51:00,U1044,lisa.ramirez9,WKSTN-U1044,Outlook,PROCESS_START,10.2,713
EP033330,2026-06-10 08:47:00,U1082,karen.hill96,WKSTN-U1082,Terminal,process_start,20.2,151
EP000543,2026-06-10 09:11:00,U1002,donna.ramirez,WKSTN-U1002	,chrome.exe,PROCESS_START,28.5,174
EP037390,2026-06-10 09:08:00,U1091,linda.robinson,WKSTN-U1091,PuTTY,PROCESS_START,4.7,638
EP018427,2026-06-10 09:38:00,U1045,daniel.sanchez90,WKSTN-U1045,Workday,PROCESS_START,33.9,190
EP032043,2026-06-10 09:32:00,U1079,emily.jones,WKSTN-U1079,outlook.exe,PROCESS_START,29.9,651
EP017650,2026-06-10 09:24:00,U1043,thomas.williams91,WKSTN-U1043,teams.exe,PROCESS_START,18.7,317
EP026855,2026-06-10 09:15:00,U1066,michelle.wright62,WKSTN-U1066,Word,PROCESS_START,12.9,871
EP020031,2026-06-10 09:23:00,U1049,michelle.jones59	,WKSTN-U1049,explorer.exe,PROCESS_START,-4.3,582
EP038275,2026-06-10 09:42:00,U1093,sarah.clark44,WKSTN-U1093,Terminal,PROCESS_START,12.3,185
EP034682,2026-06-10 09:36:00,U1085,barbara.walker67,WKSTN-U1085,notepad.exe,PROCESS_START,13.3,119
EP028868,2026-06-10 09:24:00,U1071,matthew.robinson35,WKSTN-U1071,Word,PROCESS_START,14.2,668
EP009317,2026-06-10 09:13:00,U1023,richard.wright,WKSTN-U1023,notepad.exe,PROCESS_START,23.2,127
EP014057,2026-06-10 09:40:00,U1034,THOMAS.ALLEN63,WKSTN-U1034,EXPLORER.EXE,PROCESS_START,32.4,257
EP005299,2026-06-10 09:38:00,U1014,james.taylor,WKSTN-U1014,Chrome,PROCESS_START,19.6,769
EP030458,2026-06-10 09:25:00,U1075,,WKSTN-U1075,Chrome,PROCESS_START,22.4,223
EP002155,2026-06-10 09:24:00,U1006,george.gonzalez	,WKSTN-U1006,Chrome,PROCESS_START,8.7,484
EP018429,2026-06-10 09:24:00,U1045,daniel.sanchez90,WKSTN-U1045,chrome.exe,PROCESS_START,14.6,132
EP026853,2026-06-10 09:31:00,U1066,michelle.wright62,WKSTN-U1066,chrome.exe,PROCESS_START,9.2,487
EP025633,2026-06-10 09:31:00,U1063,john.nguyen,WKSTN-U1063,Chrome,PROCESS_START,19.0,885
EP012435,2026-06-10 09:38:00,U1030,betty.rodriguez86,WKSTN-U1030,VSCode,PROCESS_START,29.1,657
EP039131,2026-06-10 09:26:00,U1095,richard.thomas74,WKSTN-U1095,Chrome,PROCESS_START,34.1,376
EP023233,2026-06-10 09:19:00,U1057,nancy.sanchez,WKSTN-U1057,Salesforce,process_start,31.2,650
EP034680,2026-06-10 09:16:00,U1085,barbara.walker67,WKSTN-U1085,Active Directory Console,PROCESS_START,12.3,531
EP023236,2026-06-10 09:16:00,U1057,nancy.sanchez,WKSTN-U1057,Chrome,PROCESS_START,13.8,256
EP026030,2026-06-10 09:23:00,U1064,matthew.wright55,WKSTN-U1064,outlook.exe,PROCESS_START,1.7,
EP036941,2026-06-10 09:16:00,U1090,mary.hill,WKSTN-U1090,Terminal,PROCESS_START,10.0,166
EP037391,2026-06-10 09:41:00,U1091,linda.robinson,WKSTN-U1091,explorer.exe,PROCESS_START,32.4,114
EP036055,2026-06-10 09:38:00,U1088,andrew.smith85,WKSTN-U1088,Wireshark,PROCESS_START,17.6,518
EP040727,2026-06-10 09:50:00,U1099,joseph.garcia,WKSTN-U1099,chrome.exe,PROCESS_START,8.1,471
EP009760,2026-06-10 09:58:00,U1024,emily.miller,WKSTN-U1024,teams.exe,PROCESS_START,8.9,596
EP035560,2026-06-10 10:06:00,U1087,charles.sanchez,WKSTN-U1087,Chrome,PROCESS_START,20.3,365
EP007954,2026-06-10 09:49:00,U1020,  andrew.thomas36 ,WKSTN-U1020,teams.exe,PROCESS_START,30.1,776
EP018851,2026-06-10 09:51:00,U1046,michelle.torres39,WKSTN-U1046,chrome.exe,PROCESS_START,30.8,378
EP004874,2026-06-10 10:11:00,U1013,emily.smith,WKSTN-U1013,explorer.exe,PROCESS_START,13.8,423
EP000956,2026-06-10 09:52:00,U1003,kenneth.clark29,WKSTN-U1003,outlook.exe,PROCESS_START,29.5,109
EP032897,2026-06-10 09:59:00,U1081,margaret.davis,WKSTN-U1081,  Active Directory Console ,PROCESS_START,34.5,446
EP036937,2026-06-10 10:08:00,U1090,mary.hill,WKSTN-U1090,explorer.exe,PROCESS_START,27.8,287
EP041112,2026-06-10 09:49:00,U1100,daniel.brown38,WKSTN-U1100,OUTLOOK,PROCESS_START,29.7,814
EP023621,2026-06-10 10:00:00,U1058,jennifer.ramirez18,WKSTN-U1058,,PROCESS_START,17.3,884
EP011104,2026-06-10 09:44:00,U1027,patricia.brown75,WKSTN-U1027,chrome.exe,PROCESS_START,17.6,343
EP039951,2026-06-10 09:48:00,U1097,mark.martinez10,WKSTN-U1097,explorer.exe,PROCESS_START,24.2,561
EP011571,2026-06-10 09:42:00,U1028,john.hill,WKSTN-U1028,Slack,PROCESS_START,3.0,165
EP021230,2026-06-10 10:07:00,U1052,paul.taylor,WKSTN-U1052,outlook.exe,PROCESS_START,13.4,533
EP007520,2026-06-10 09:46:00,U1019,donna.anderson,WKSTN-U1019,Git,PROCESS_START,9.9,442
EP014461,2026-06-10 09:58:00,U1035,nancy.rodriguez82,WKSTN-U1035,teams.exe,PROCESS_START,27.9,729
EP004455,2026-06-10 09:43:00,U1012,linda.martinez,WKSTN-U1012,QuickBooks,,,568
EP038716,2026-06-10 09:48:00,U1094,elizabeth.lewis69,WKSTN-U1094,Active Directory Console,PROCESS_START,1.8,619
EP002548,2026-06-10 09:48:00,U1007,sarah.robinson82,WKSTN-U1007,SAP,PROCESS_START,29.8,154
EP036479,2026-06-10 09:59:00,U1089,paul.brown27,WKSTN-U1089,chrome.exe,PROCESS_START,13.9,633
EP015250,2026-06-10 10:02:00,U1037,robert.martin,WKSTN-U1037,Workday,PROCESS_START,33.6,
EP021228,2026-06-10 09:44:00,U1052,paul.taylor,WKSTN-U1052,Chrome,PROCESS_START,25.2,787
EP029261,2026-06-10 09:56:00,U1072,  kenneth.lopez ,WKSTN-U1072,chrome.exe,PROCESS_START,29.5,113
EP026422,2026-06-10 10:09:00,U1065,michael.ramirez47,WKSTN-U1065,Outlook,PROCESS_START,3.3,139
EP004063,2026-06-10 10:25:00,U1011,donna.ramirez75,WKSTN-U1011,Outlook,PROCESS_START,13.5,792
EP004453,2026-06-10 10:43:00,U1012,linda.martinez,WKSTN-U1012,Excel,PROCESS_START,21.7,686
EP024029,2026-06-10 10:33:00,U1059,daniel.perez98,WKSTN-U1059,outlook.exe,PROCESS_START,23.3,536
EP001746,2026-06-10 10:25:00,U1005,ROBERT.ROBINSON,WKSTN-U1005,teams.exe,PROCESS_START,23.6,499
EP025236,2026-06-10 10:26:00,U1062,william.martin,WKSTN-U1062,notepad.exe,PROCESS_START,33.7,900
EP030457,2026-06-10 10:44:00,U1075,steven.lewis,WKSTN-U1075,Chrome,PROCESS_START,16.4,172
EP002924,2026-06-10 10:16:00,U1008,joshua.hernandez,WKSTN-U1008,teams.exe,PROCESS_START,9.5,662
EP010657,2026-06-10 10:39:00,U1026,,,VSCode,PROCESS_START,21.5,640
EP000133,2026-06-10 10:45:00,U1001,linda.johnson95,WKSTN-U1001,explorer.exe,PROCESS_START,4.1,307
EP022455,2026-06-10 10:20:00,U1055,patricia.wilson54,WKSTN-U1055,teams.exe,PROCESS_START,7.3,192
EP005295,2026-06-10 10:13:00,U1014,james.taylor,WKSTN-U1014,chrome.exe,PROCESS_START,17.7,203
EP038715,2026-06-10 10:21:00,U1094,elizabeth.lewis69,WKSTN-U1094,Terminal,PROCESS_START,14.7,879
EP007048,2026-06-10 10:36:00,U1018,betty.white57,WKSTN-U1018,Git,PROCESS_START,32.1,475
EP003705,2026-06-10 10:33:00,U1010,susan.young51,WKSTN-U1010,chrome.exe,PROCESS_START,27.2,593
EP022454,2026-06-10 10:45:00,U1055,patricia.wilson54,WKSTN-U1055,Salesforce,PROCESS_START,3.0,
EP039953,2026-06-10 10:11:00,U1097,mark.martinez10,WKSTN-U1097,Zoom,PROCESS_START,8.0,306
EP029257,2026-06-10 10:18:00,U1072,kenneth.lopez,WKSTN-U1072,explorer.exe,PROCESS_START,21.4,543
EP024824,2026-06-10 10:29:00,U1061,jessica.rodriguez	,WKSTN-U1061,  outlook.exe ,process_start,32.6,146
EP016845,2026-06-10 10:34:00,U1041,matthew.allen52,WKSTN-U1041,Outlook,PROCESS_START,22.2,767
EP030051,2026-06-10 10:21:00,U1074,sarah.williams7,WKSTN-U1074,DocuSign,,6.7,
EP000541,2026-06-10 10:40:00,U1002,donna.ramirez,WKSTN-U1002,Excel,PROCESS_START,20.8,345
EP006114,2026-06-10 10:41:00,U1016,patricia.thomas,WKSTN-U1016,Chrome,PROCESS_START,2.6,656
EP016447,2026-06-10 10:40:00,U1040,matthew.martin,WKSTN-U1040,TEAMS.EXE,,23.4,137
EP000132,2026-06-10 10:12:00,U1001,linda.johnson95,WKSTN-U1001,QuickBooks,PROCESS_START,10.3,605
EP010212,2026-06-10 10:46:00,U1025,betty.brown22,WKSTN-U1025,outlook.exe,PROCESS_START,26.3,226
EP041111,2026-06-10 11:04:00,U1100,daniel.brown38,WKSTN-U1100,teams.exe,PROCESS_START,32.3,478
EP025237,2026-06-10 11:00:00,U1062,william.martin,WKSTN-U1062,Zoom,PROCESS_START,4.0,826
EP029258,2026-06-10 11:01:00,U1072,kenneth.lopez,WKSTN-U1072,outlook.exe,PROCESS_START,32.6,692
EP013276,2026-06-10 11:10:00,U1032,paul.wright91,WKSTN-U1032,  outlook.exe ,PROCESS_START,17.5,84
EP012000,2026-06-10 11:12:00,U1029,michelle.garcia54,WKSTN-U1029,notepad.exe,PROCESS_START,14.8,530
EP031633,2026-06-10 11:01:00,U1078,MICHELLE.MILLER,WKSTN-U1078,Outlook,PROCESS_START,24.0,145
EP004456,2026-06-10 11:11:00,U1012,linda.martinez,WKSTN-U1012,outlook.exe,PROCESS_START,21.0,540
EP019267,2026-06-10 11:06:00,U1047,sandra.lewis,WKSTN-U1047,teams.exe,PROCESS_START,26.2,481
EP014460,2026-06-10 11:01:00,U1035,nancy.rodriguez82,WKSTN-U1035,Excel,PROCESS_START,34.8,803
EP019671,2026-06-10 11:05:00,U1048,jennifer.thomas87,  WKSTN-U1048 ,Excel,PROCESS_START,16.4,658
EP003706,2026-06-10 11:23:00,U1010,susan.young51,WKSTN-U1010,Outlook,PROCESS_START,6.0,776
EP007049,2026-06-10 10:58:00,U1018,betty.white57,WKSTN-U1018,  notepad.exe ,PROCESS_START,9.8,701
EP024427,2026-06-10 11:20:00,U1060,matthew.anderson,WKSTN-U1060,,PROCESS_START,13.1,442
EP002156,2026-06-10 11:16:00,U1006,george.gonzalez,WKSTN-U1006,Chrome,PROCESS_START,13.4,266
EP021229,2026-06-10 11:00:00,U1052,paul.taylor,WKSTN-U1052,outlook.exe,PROCESS_START,33.1,819
EP038277,2026-06-10 11:00:00,U1093,sarah.clark44,WKSTN-U1093,notepad.exe,PROCESS_START,25.4,653
EP014056,2026-06-10 10:58:00,U1034,thomas.allen63,WKSTN-U1034,Workday,PROCESS_START,34.1,859
EP020034,2026-06-10 10:47:00,U1049,michelle.jones59,WKSTN-U1049,notepad.exe,PROCESS_START,33.1,294
EP013277,2026-06-10 11:09:00,U1032,paul.wright91,WKSTN-U1032,Outlook,PROCESS_START,20.1,454
EP028027,2026-06-10 11:08:00,U1069,jessica.clark,WKSTN-U1069,DocuSign,PROCESS_START,17.0,133
EP022034,2026-06-10 10:48:00,U1054,anthony.martinez,WKSTN-U1054,EXPLORER.EXE,PROCESS_START,1.3,321
EP013675,2026-06-10 10:53:00,U1033,linda.miller,WKSTN-U1033,explorer.exe,PROCESS_START,14.6,284
EP029652,2026-06-10 11:07:00,U1073,michael.gonzalez,WKSTN-U1073,teams.exe,PROCESS_START,18.3,640
EP014850,2026-06-10 11:15:00,U1036,linda.jones,WKSTN-U1036,notepad.exe,PROCESS_START,20.7,442
EP039132,2026-06-10 11:14:00,U1095,richard.thomas74,WKSTN-U1095,POWERPOINT,PROCESS_START,22.6,598
EP016051,2026-06-10 11:30:00,U1039,mark.thomas,WKSTN-U1039,chrome.exe,PROCESS_START,1.4,
EP037837,2026-06-10 11:25:00,U1092,steven.thomas,WKSTN-U1092,,PROCESS_START,30.5,377
EP007516,2026-06-10 11:37:00,U1019,donna.anderson,WKSTN-U1019,VSCODE,PROCESS_START,20.5,361
EP004062,2026-06-10 11:32:00,U1011,donna.ramirez75,WKSTN-U1011,outlook.exe,PROCESS_START,1.0,738
EP004060,2026-06-10 11:33:00,U1011,donna.ramirez75,WKSTN-U1011,outlook.exe,PROCESS_START,20.6,585
EP000136,2026-06-10 11:30:00,U1001,linda.johnson95,WKSTN-U1001,explorer.exe,PROCESS_START,34.8,463
EP026031,2026-06-10 11:35:00,U1064,matthew.wright55,WKSTN-U1064,chrome.exe,PROCESS_START,9.2,552
EP002154,2026-06-10 11:35:00,U1006,george.gonzalez,WKSTN-U1006,Excel,PROCESS_START,32.0,87
EP030849,2026-06-10 11:39:00,U1076,john.torres,WKSTN-U1076,Word,PROCESS_START,19.9,112
EP006581,2026-06-10 11:42:00,U1017,emily.hernandez34,WKSTN-U1017,outlook.exe,PROCESS_START,9.0,697
EP019668,2026-06-10 11:35:00,U1048,jennifer.thomas87,WKSTN-U1048,Salesforce,PROCESS_START,13.6,161
EP026851,2026-06-10 11:44:00,U1066,michelle.wright62,WKSTN-U1066,Word,PROCESS_START,27.8,859
EP007051,2026-06-10 11:41:00,U1018,betty.white57,WKSTN-U1018,Chrome,PROCESS_START,26.4,82
EP032045,2026-06-10 11:42:00,U1079,emily.jones,WKSTN-U1079,notepad.exe,PROCESS_START,18.2,665
EP025631,2026-06-10 11:39:00,U1063,john.nguyen,WKSTN-U1063,teams.exe,PROCESS_START,6.3,593
EP026026,2026-06-10 11:36:00,U1064,matthew.wright55,WKSTN-U1064,explorer.exe,PROCESS_START,3.1,386
EP020033,2026-06-10 11:34:00,U1049,michelle.jones59,WKSTN-U1049,outlook.exe,PROCESS_START,19.5,333
EP030852,2026-06-10 11:41:00,U1076,john.torres,WKSTN-U1076,explorer.exe,PROCESS_START,,100
EP015249,2026-06-10 11:37:00,U1037,robert.martin,WKSTN-U1037,outlook.exe	,PROCESS_START,23.7,612
EP022035,2026-06-10 11:42:00,U1054,anthony.martinez,WKSTN-U1054,Excel,,7.5,296
EP022833,2026-06-10 11:30:00,U1056,anthony.clark,WKSTN-U1056,outlook.exe,PROCESS_START,23.8,578
EP004877,2026-06-10 11:34:00,U1013,emily.smith,WKSTN-U1013,Excel,PROCESS_START,8.6,631
EP014462,2026-06-10 11:28:00,U1035,nancy.rodriguez82,WKSTN-U1035,chrome.exe,PROCESS_START,14.3,823
EP031636,2026-06-10 11:32:00,U1078,,WKSTN-U1078,  teams.exe ,PROCESS_START,2.8,415
EP014849,2026-06-10 11:36:00,U1036,linda.jones,WKSTN-U1036,chrome.exe,PROCESS_START,12.2,821
EP031635,2026-06-10 11:55:00,U1078,michelle.miller,WKSTN-U1078,teams.exe,PROCESS_START,31.9,618
EP004454,2026-06-10 11:46:00,U1012,linda.martinez,WKSTN-U1012,QuickBooks,PROCESS_START,15.8,261
EP003301,2026-06-10 11:59:00,U1009,,WKSTN-U1009,SAP,PROCESS_START,34.0,767
EP021616,2026-06-10 12:19:00,U1053,john.jackson31,,teams.exe,PROCESS_START,15.3,384
EP007518,2026-06-10 11:57:00,U1019,donna.anderson,WKSTN-U1019,Git,PROCESS_START,11.1,595
EP001360,2026-06-10 11:48:00,U1004,elizabeth.wilson98,  WKSTN-U1004 ,Chrome,PROCESS_START,9.1,172
EP032044,2026-06-10 12:12:00,U1079,emily.jones,WKSTN-U1079,Slack,PROCESS_START,31.6,666
EP003298,2026-06-10 12:12:00,U1009,daniel.brown,WKSTN-U1009,explorer.exe,PROCESS_START,17.2,865
EP039950,2026-06-10 12:10:00,U1097,mark.martinez10,  WKSTN-U1097 ,PowerPoint,PROCESS_START,5.8,494
EP039534,2026-06-10 12:03:00,U1096,david.allen76,WKSTN-U1096,Excel,PROCESS_START,26.0,82
EP033773,2026-06-10 12:01:00,U1083,,WKSTN-U1083,notepad.exe,PROCESS_START,16.1,325
EP012860,2026-06-10 12:08:00,U1031,JOHN.WRIGHT28,WKSTN-U1031,notepad.exe,PROCESS_START,18.7,644
EP012434,2026-06-10 12:09:00,U1030,betty.rodriguez86,WKSTN-U1030,Slack,PROCESS_START,24.5,667
EP007519,2026-06-10 11:59:00,U1019,donna.anderson,WKSTN-U1019,chrome.exe,PROCESS_START,8.2,102
EP020423,2026-06-10 11:53:00,U1050,michael.ramirez,WKSTN-U1050,teams.exe,PROCESS_START,33.1,655
EP013275,2026-06-10 12:08:00,U1032,paul.wright91,WKSTN-U1032,,PROCESS_START,20.8,759
EP020841,2026-06-10 12:19:00,U1051,  sandra.king72 ,  WKSTN-U1051 ,Zoom,PROCESS_START,32.7,205
EP021614,2026-06-10 12:07:00,U1053,john.jackson31,WKSTN-U1053,teams.exe,PROCESS_START,,568
EP024428,2026-06-10 12:10:00,U1060,matthew.anderson,WKSTN-U1060,outlook.exe,PROCESS_START,26.9,361
EP037388,2026-06-10 11:55:00,U1091,linda.robinson,WKSTN-U1091,teams.exe,PROCESS_START,11.4,248
EP008396,2026-06-10 12:11:00,U1021,jessica.walker,WKSTN-U1021,outlook.exe,PROCESS_START,20.0,780
EP033772,2026-06-10 12:13:00,U1083,sarah.allen70,WKSTN-U1083,chrome.exe,process_start,16.7,663
EP024030,2026-06-10 11:49:00,U1059,daniel.perez98,WKSTN-U1059	,notepad.exe,PROCESS_START,22.2,892
EP040730,2026-06-10 11:59:00,U1099,joseph.garcia,WKSTN-U1099,teams.exe,PROCESS_START,30.8,693
EP035126,2026-06-10 11:56:00,U1086,steven.thompson53,WKSTN-U1086,notepad.exe,PROCESS_START,19.4,590
EP037835,2026-06-10 12:41:00,U1092,steven.thomas,WKSTN-U1092,Wireshark,PROCESS_START,15.0,707
EP037838,2026-06-10 12:40:00,U1092,steven.thomas,WKSTN-U1092,Active Directory Console,PROCESS_START,10.1,738
EP016052,2026-06-10 12:37:00,U1039,mark.thomas,WKSTN-U1039,Workday,,20.7,662
EP002157,2026-06-10 12:39:00,U1006,george.gonzalez,WKSTN-U1006,Chrome,PROCESS_START,4.7,529
EP005697,2026-06-10 12:37:00,U1015,lisa.hernandez,WKSTN-U1015,outlook.exe,PROCESS_START,31.6,860
EP005296,2026-06-10 12:39:00,U1014,james.taylor,WKSTN-U1014,Outlook,PROCESS_START,17.5,312
EP002925,2026-06-10 12:50:00,U1008,joshua.hernandez,WKSTN-U1008,chrome.exe,PROCESS_START,24.3,459
EP021227,2026-06-10 12:44:00,U1052,paul.taylor,WKSTN-U1052,explorer.exe,PROCESS_START,6.2,541
EP011572,2026-06-10 12:32:00,U1028,john.hill,WKSTN-U1028,Git,PROCESS_START,26.4,612
EP012436,2026-06-10 12:45:00,U1030,betty.rodriguez86,WKSTN-U1030,Git,PROCESS_START,26.1,332
EP039536,2026-06-10 12:46:00,U1096,david.allen76,WKSTN-U1096,teams.exe,PROCESS_START,29.2,591
EP002923,2026-06-10 12:36:00,U1008,joshua.hernandez,WKSTN-U1008,teams.exe,PROCESS_START,25.9,103
EP011105,2026-06-10 12:34:00,U1027,patricia.brown75	,WKSTN-U1027,chrome.exe,PROCESS_START,14.0,711
EP007050,2026-06-10 12:34:00,U1018,betty.white57,WKSTN-U1018,notepad.exe,PROCESS_START,17.2,604
EP035563,2026-06-10 12:34:00,U1087,charles.sanchez,WKSTN-U1087,PuTTY,PROCESS_START,13.4,672
EP023619,2026-06-10 12:36:00,U1058,jennifer.ramirez18,WKSTN-U1058,explorer.exe,PROCESS_START,13.6,614
EP041108,2026-06-10 12:28:00,U1100,daniel.brown38,WKSTN-U1100,notepad.exe,PROCESS_START,26.9,817
EP028866,2026-06-10 12:31:00,U1071,matthew.robinson35,WKSTN-U1071,Outlook,PROCESS_START,,178
EP006579,2026-06-10 12:26:00,U1017,emily.hernandez34,WKSTN-U1017,teams.exe,PROCESS_START,16.0,243
EP040731,2026-06-10 12:52:00,U1099,joseph.garcia,WKSTN-U1099,zoom,PROCESS_START,30.8,157
EP010659,2026-06-10 12:50:00,U1026,ELIZABETH.GONZALEZ,WKSTN-U1026,Docker Desktop,PROCESS_START,26.0,399
EP036939,2026-06-10 12:46:00,U1090,mary.hill,WKSTN-U1090,outlook.exe,PROCESS_START,1.0,185
EP007955,2026-06-10 12:52:00,U1020,andrew.thomas36,  WKSTN-U1020 ,Jenkins,PROCESS_START,12.5,
EP024425,2026-06-10 12:34:00,U1060,matthew.anderson,WKSTN-U1060,Excel,PROCESS_START,17.8,417
EP002549,2026-06-10 12:36:00,U1007,sarah.robinson82,WKSTN-U1007,NOTEPAD.EXE,PROCESS_START,21.6,110
EP014851,2026-06-10 12:53:00,U1036,linda.jones,WKSTN-U1036,explorer.exe,PROCESS_START,25.2,280
EP018036,2026-06-10 13:07:00,U1044,lisa.ramirez9,WKSTN-U1044,outlook.exe,PROCESS_START,30.8,561
EP033329,2026-06-10 13:19:00,U1082,karen.hill96,WKSTN-U1082,Terminal	,PROCESS_START,2.0,339
EP007047,2026-06-10 13:17:00,U1018,betty.white57,WKSTN-U1018,Docker Desktop,PROCESS_START,30.7,642
EP031231,2026-06-10 13:21:00,U1077,,,DocuSign,PROCESS_START,28.8,475
EP027245,2026-06-10 12:55:00,U1067,paul.thomas97,WKSTN-U1067,teams.exe,PROCESS_START,22.3,155
EP030851,2026-06-10 13:22:00,U1076,john.torres,,outlook.exe,PROCESS_START,18.7,426
EP036057,2026-06-10 13:10:00,U1088,andrew.smith85,WKSTN-U1088,notepad.exe,PROCESS_START,33.0,126
EP008863,2026-06-10 13:10:00,U1022,sandra.brown,WKSTN-U1022,Chrome,PROCESS_START,2.5,438
EP001747,2026-06-10 12:58:00,U1005,robert.robinson,WKSTN-U1005,Outlook,PROCESS_START,31.6,427
EP003302,2026-06-10 13:00:00,U1009,,WKSTN-U1009,notepad.exe,PROCESS_START,31.1,167
EP020837,2026-06-10 12:57:00,U1051,sandra.king72,WKSTN-U1051,Chrome,PROCESS_START,32.8,583
EP013676,2026-06-10 13:10:00,U1033,LINDA.MILLER,WKSTN-U1033	,Workday,PROCESS_START,29.4,832
EP022451,2026-06-10 13:17:00,U1055,patricia.wilson54,WKSTN-U1055,Chrome,PROCESS_START,29.9,208
EP029651,2026-06-10 13:05:00,U1073,michael.gonzalez,WKSTN-U1073,outlook.exe,PROCESS_START,19.9,152
EP031229,2026-06-10 12:55:00,U1077,kimberly.harris58,WKSTN-U1077,chrome.exe,PROCESS_START,31.1,497
EP018850,2026-06-10 13:13:00,U1046,michelle.torres39,WKSTN-U1046,chrome.exe,PROCESS_START,18.4,440
EP019670,2026-06-10 13:16:00,U1048,jennifer.thomas87,WKSTN-U1048,Excel,PROCESS_START,8.9,462
EP008864,2026-06-10 13:00:00,U1022,sandra.brown,WKSTN-U1022,TEAMS.EXE,PROCESS_START,11.1,443
EP000135,2026-06-10 13:02:00,U1001,linda.johnson95,WKSTN-U1001,SAP,PROCESS_START,14.5,462
EP007052,2026-06-10 13:13:00,U1018,betty.white57,WKSTN-U1018,chrome.exe,PROCESS_START,21.7,102
EP013274,2026-06-10 13:03:00,U1032,paul.wright91,WKSTN-U1032,CHROME.EXE,PROCESS_START,,589
EP039533,2026-06-10 13:16:00,U1096,david.allen76,WKSTN-U1096,  notepad.exe ,PROCESS_START,13.0,372
EP037389,2026-06-10 13:00:00,U1091,linda.robinson,WKSTN-U1091,Terminal,process_start,3.7,725
EP026027,2026-06-10 12:53:00,U1064,matthew.wright55,WKSTN-U1064,explorer.exe,PROCESS_START,9.4,593
EP020426,2026-06-10 13:45:00,U1050,michael.ramirez,,Salesforce,,32.1,253
EP008397,2026-06-10 13:46:00,U1021,jessica.walker,WKSTN-U1021,teams.exe,PROCESS_START,19.6,436
EP036054,2026-06-10 13:35:00,U1088,andrew.smith85,WKSTN-U1088,teams.exe,PROCESS_START,25.9,309
EP038717,2026-06-10 13:25:00,U1094,elizabeth.lewis69,WKSTN-U1094,chrome.exe,PROCESS_START,1.7,262
EP018041,2026-06-10 13:29:00,U1044,lisa.ramirez9,WKSTN-U1044,Outlook,PROCESS_START,34.1,228
EP030054,2026-06-10 13:34:00,U1074,sarah.williams7,WKSTN-U1074,outlook.exe,PROCESS_START,8.4,882
EP016848,2026-06-10 13:24:00,U1041,matthew.allen52,WKSTN-U1041,explorer.exe,PROCESS_START,34.9,386
EP027613,2026-06-10 13:25:00,U1068,susan.thompson34,WKSTN-U1068,Word,PROCESS_START,23.6,251
EP041110,2026-06-10 13:36:00,U1100,daniel.brown38,WKSTN-U1100,PowerPoint,PROCESS_START,8.0,559
EP036940,2026-06-10 13:37:00,U1090,mary.hill,WKSTN-U1090,wireshark	,PROCESS_START,24.0,269
EP020838,2026-06-10 13:32:00,U1051,sandra.king72,WKSTN-U1051,chrome.exe,PROCESS_START,9.8,435
EP010208,2026-06-10 13:30:00,U1025,betty.brown22,WKSTN-U1025,explorer.exe,PROCESS_START,29.4,799
EP040728,2026-06-10 13:48:00,U1099,joseph.garcia,WKSTN-U1099,EXPLORER.EXE,PROCESS_START,13.9,458
EP008398,2026-06-10 13:22:00,U1021,jessica.walker,WKSTN-U1021,teams.exe,PROCESS_START,2.4,344
EP026423,2026-06-10 13:28:00,U1065,michael.ramirez47,WKSTN-U1065,  Chrome ,PROCESS_START,29.8,442
EP022456,2026-06-10 13:45:00,U1055,patricia.wilson54,WKSTN-U1055	,Excel,PROCESS_START,5.5,
EP015662,2026-06-10 13:38:00,U1038,emily.clark,WKSTN-U1038,outlook.exe,PROCESS_START,,209
EP019265,2026-06-10 13:49:00,U1047,sandra.lewis,WKSTN-U1047,  notepad.exe ,PROCESS_START,17.4,515
EP035562,2026-06-10 13:32:00,U1087,charles.sanchez,WKSTN-U1087,Terminal,PROCESS_START,20.0,399
EP009318,2026-06-10 13:22:00,U1023,richard.wright,WKSTN-U1023,Slack,PROCESS_START,2.0,355
EP033332,2026-06-10 13:35:00,U1082,KAREN.HILL96,WKSTN-U1082,Active Directory Console,PROCESS_START,17.0,770
EP005696,2026-06-10 13:29:00,U1015,lisa.hernandez,WKSTN-U1015,chrome.exe,PROCESS_START,11.2,101
EP027244,2026-06-10 13:45:00,U1067,paul.thomas97,WKSTN-U1067,Chrome,PROCESS_START,4.3,290
EP001363,2026-06-10 13:43:00,U1004,elizabeth.wilson98,WKSTN-U1004,SAP,PROCESS_START,34.2,554
EP034679,2026-06-10 13:51:00,U1085,barbara.walker67,WKSTN-U1085,outlook.exe,PROCESS_START,13.7,288
EP022832,2026-06-10 14:19:00,U1056,anthony.clark,,notepad.exe,PROCESS_START,23.1,159
EP025238,2026-06-10 13:51:00,U1062,william.martin,WKSTN-U1062,chrome.exe,PROCESS_START,21.3,734
EP014055,2026-06-10 14:19:00,U1034,  thomas.allen63 ,WKSTN-U1034,Chrome,PROCESS_START,15.8,509
EP005300,2026-06-10 14:15:00,U1014,james.taylor,WKSTN-U1014,outlook.exe,PROCESS_START,13.5,440
EP020422,2026-06-10 14:17:00,U1050,michael.ramirez,WKSTN-U1050,explorer.exe,PROCESS_START,4.6,818
EP023235,2026-06-10 14:19:00,U1057,nancy.sanchez,WKSTN-U1057,notepad.exe,PROCESS_START,21.1,403
EP026424,2026-06-10 14:08:00,U1065,,WKSTN-U1065,Chrome,PROCESS_START,16.2,800
EP018426,2026-06-10 13:58:00,U1045,daniel.sanchez90,WKSTN-U1045,Outlook,PROCESS_START,31.3,459
EP024426,2026-06-10 14:24:00,U1060,matthew.anderson,WKSTN-U1060,Zoom,PROCESS_START,4.2,82
EP029260,2026-06-10 14:21:00,U1072,kenneth.lopez,WKSTN-U1072	,DocuSign,PROCESS_START,9.4,504
EP032895,2026-06-10 14:00:00,U1081,margaret.davis,WKSTN-U1081,notepad.exe,PROCESS_START,5.4,403
EP013677,2026-06-10 14:10:00,U1033,linda.miller,WKSTN-U1033,Chrome,PROCESS_START,28.2,607
EP012862,2026-06-10 14:25:00,U1031,john.wright28,WKSTN-U1031,explorer.exe,PROCESS_START,24.5,N/A
EP028026,2026-06-10 14:15:00,U1069,jessica.clark,,OUTLOOK.EXE,PROCESS_START,19.3,623
EP008395,2026-06-10 14:24:00,U1021,jessica.walker,WKSTN-U1021,explorer.exe,PROCESS_START,9.9,487
EP026028,2026-06-10 14:05:00,U1064,matthew.wright55,WKSTN-U1064,teams.exe,PROCESS_START,11.6,606
EP028029,2026-06-10 14:07:00,U1069,jessica.clark,WKSTN-U1069,notepad.exe,PROCESS_START,26.4,414
EP022453,2026-06-10 14:03:00,U1055,patricia.wilson54,WKSTN-U1055,explorer.exe,PROCESS_START,3.3,557
EP001748,2026-06-10 14:16:00,U1005,robert.robinson,WKSTN-U1005,SAP,PROCESS_START,33.6,533
EP009758,2026-06-10 14:19:00,U1024,emily.miller,WKSTN-U1024,outlook.exe,PROCESS_START,3.2,167
EP022036,2026-06-10 13:53:00,U1054,anthony.martinez,WKSTN-U1054,Outlook,PROCESS_START,21.2,698
EP016448,2026-06-10 14:14:00,U1040,matthew.martin,WKSTN-U1040,Outlook,PROCESS_START,34.8,749
EP037839,2026-06-10 14:21:00,U1092,steven.thomas,WKSTN-U1092,outlook.exe,PROCESS_START,24.0,178
EP031228,2026-06-10 13:59:00,U1077,kimberly.harris58,WKSTN-U1077,teams.exe,PROCESS_START,9.6,85
EP030052,2026-06-10 14:14:00,U1074,sarah.williams7,WKSTN-U1074,explorer.exe,PROCESS_START,26.3,428
EP030850,2026-06-10 14:28:00,U1076,john.torres,WKSTN-U1076,teams.exe,PROCESS_START,18.6,320
EP020032,2026-06-10 14:41:00,U1049,michelle.jones59,WKSTN-U1049,notepad.exe,PROCESS_START,14.2,680
EP034216,2026-06-10 14:39:00,U1084,joshua.taylor,WKSTN-U1084,OUTLOOK.EXE,PROCESS_START,1.1,775
EP000546,2026-06-10 14:30:00,U1002,donna.ramirez,WKSTN-U1002,explorer.exe,PROCESS_START,17.9,471
EP036938,2026-06-10 14:30:00,U1090,mary.hill,WKSTN-U1090,PuTTY,PROCESS_START,21.1,432
EP016050,2026-06-10 14:37:00,U1039,mark.thomas,WKSTN-U1039,Workday,PROCESS_START,25.9,738
EP017652,2026-06-10 14:49:00,U1043,thomas.williams91,WKSTN-U1043,Workday,PROCESS_START,15.4,849
EP005699,2026-06-10 14:28:00,U1015,lisa.hernandez,WKSTN-U1015,teams.exe	,PROCESS_START,20.0,123
EP035127,2026-06-10 14:50:00,U1086,steven.thompson53,WKSTN-U1086,teams.exe,PROCESS_START,28.4,80
EP010656,2026-06-10 14:34:00,U1026,elizabeth.gonzalez,WKSTN-U1026,chrome.exe,PROCESS_START,17.5,518
EP007517,2026-06-10 14:50:00,U1019,donna.anderson,WKSTN-U1019,,PROCESS_START,28.4,475
EP009316,2026-06-10 14:53:00,U1023,,WKSTN-U1023,Docker Desktop,PROCESS_START,32.2,630
EP001362,2026-06-10 14:45:00,U1004,elizabeth.wilson98,WKSTN-U1004,chrome.exe,PROCESS_START,30.2,845
EP015253,2026-06-10 14:51:00,U1037,robert.martin,WKSTN-U1037,outlook.exe,PROCESS_START,22.1,386
EP018038,2026-06-10 14:31:00,U1044,,WKSTN-U1044,teams.exe,PROCESS_START,16.5,183
EP011574,2026-06-10 14:26:00,U1028,john.hill,WKSTN-U1028,chrome.exe	,PROCESS_START,21.7,262
EP005698,2026-06-10 14:53:00,U1015,lisa.hernandez,WKSTN-U1015,explorer.exe,PROCESS_START,17.6,597
EP039954,2026-06-10 14:48:00,U1097,mark.martinez10,WKSTN-U1097,chrome.exe,PROCESS_START,17.5,245
EP008861,2026-06-10 14:35:00,U1022,sandra.brown,WKSTN-U1022,notepad.exe,PROCESS_START,10.8,591
EP006115,2026-06-10 14:29:00,U1016,patricia.thomas,WKSTN-U1016,Chrome,PROCESS_START,4.0,143
EP030053,2026-06-10 14:27:00,U1074,sarah.williams7,WKSTN-U1074,OUTLOOK,PROCESS_START,9.9,662
EP040729,2026-06-10 14:52:00,U1099,joseph.garcia,WKSTN-U1099,teams.exe,PROCESS_START,2.2,526
EP023618,2026-06-10 14:35:00,U1058,jennifer.ramirez18,WKSTN-U1058,Chrome,PROCESS_START,13.8,433
EP030853,2026-06-10 14:33:00,U1076,john.torres,,Word,PROCESS_START,6.6,285
EP016450,2026-06-10 14:29:00,U1040,matthew.martin,WKSTN-U1040,outlook.exe,PROCESS_START,7.4,603
EP006583,2026-06-10 15:17:00,U1017,emily.hernandez34	,WKSTN-U1017,Slack,PROCESS_START,32.4,692
EP039133,2026-06-10 15:04:00,U1095,richard.thomas74,WKSTN-U1095,Chrome,PROCESS_START,23.0,433
EP019266,2026-06-10 15:01:00,U1047,sandra.lewis,,Outlook,PROCESS_START,10.9,92
EP009759,2026-06-10 15:06:00,U1024,emily.miller,WKSTN-U1024	,notepad.exe,PROCESS_START,2.6,331
EP017249,2026-06-10 14:58:00,U1042,michael.hill56,  WKSTN-U1042 ,Outlook,PROCESS_START,33.0,451
EP028867,2026-06-10 15:00:00,U1071,MATTHEW.ROBINSON35,WKSTN-U1071,Outlook,PROCESS_START,14.9,684
EP031232,2026-06-10 15:06:00,U1077,  kimberly.harris58 ,WKSTN-U1077,chrome.exe,PROCESS_START,23.7,514
EP035125,2026-06-10 15:12:00,U1086,steven.thompson53,WKSTN-U1086,Chrome,PROCESS_START,19.9,156
EP004061,2026-06-10 15:13:00,U1011,donna.ramirez75,WKSTN-U1011,SAP,PROCESS_START,27.9,624
EP017651,2026-06-10 15:01:00,U1043,thomas.williams91,WKSTN-U1043,notepad.exe,PROCESS_START,14.6,N/A
EP032046,2026-06-10 15:00:00,U1079,emily.jones,WKSTN-U1079,outlook.exe,PROCESS_START,24.3,81
EP022831,2026-06-10 15:14:00,U1056,  anthony.clark ,WKSTN-U1056,Outlook,PROCESS_START,30.9,
EP027609,2026-06-10 15:11:00,U1068,susan.thompson34,WKSTN-U1068,DocuSign,PROCESS_START,31.8,545
EP024825,2026-06-10 15:14:00,U1061,jessica.rodriguez,WKSTN-U1061,Chrome,PROCESS_START,33.6,705
EP003707,2026-06-10 15:17:00,U1010,susan.young51,WKSTN-U1010,outlook.exe,PROCESS_START,10.3,480
EP028028,2026-06-10 15:01:00,U1069,jessica.clark,WKSTN-U1069,DocuSign,PROCESS_START,19.0,679
EP000544,2026-06-10 15:13:00,U1002,donna.ramirez,WKSTN-U1002,notepad.exe,PROCESS_START,-5.2,552
EP036059,2026-06-10 14:55:00,U1088,andrew.smith85,WKSTN-U1088,chrome.exe,PROCESS_START,14.4,505
EP039535,2026-06-10 15:06:00,U1096,david.allen76,WKSTN-U1096,POWERPOINT,PROCESS_START,2.6,680
EP002546,2026-06-10 15:02:00,U1007,sarah.robinson82,WKSTN-U1007,explorer.exe,PROCESS_START,26.7,510
EP027611,2026-06-10 14:58:00,U1068,susan.thompson34,WKSTN-U1068,notepad.exe,PROCESS_START,16.8,383
EP000955,2026-06-10 15:02:00,U1003,kenneth.clark29,WKSTN-U1003,Chrome,PROCESS_START,16.1,209
EP040346,2026-06-10 14:54:00,U1098,nancy.wright49,WKSTN-U1098,Excel,PROCESS_START,10.2,540
EP018040,2026-06-10 15:06:00,U1044,lisa.ramirez9,WKSTN-U1044,Excel,PROCESS_START,26.8,584
EP006582,2026-06-10 15:11:00,U1017,emily.hernandez34,WKSTN-U1017,notepad.exe,PROCESS_START,9.2,889
EP027610,2026-06-10 15:26:00,U1068,susan.thompson34,WKSTN-U1068,Chrome,PROCESS_START,13.8,424
EP023234,2026-06-10 15:35:00,U1057,nancy.sanchez,WKSTN-U1057,teams.exe,PROCESS_START,21.2,516
EP023617,2026-06-10 15:19:00,U1058,jennifer.ramirez18,WKSTN-U1058,explorer.exe,PROCESS_START,,451
EP011997,2026-06-10 15:34:00,U1029,michelle.garcia54,WKSTN-U1029,Chrome,PROCESS_START,27.3,483
EP022452,2026-06-10 15:28:00,U1055,patricia.wilson54,WKSTN-U1055,Outlook,PROCESS_START,4.6,192
EP005298,2026-06-10 15:27:00,U1014,james.taylor,WKSTN-U1014,excel,PROCESS_START,31.6,87
EP026425,2026-06-10 15:33:00,U1065,michael.ramirez47,WKSTN-U1065,explorer.exe,PROCESS_START,14.6,
EP011102,2026-06-10 15:40:00,U1027,patricia.brown75,WKSTN-U1027,outlook.exe,PROCESS_START,3.7,N/A
EP011103,2026-06-10 15:37:00,U1027,patricia.brown75,WKSTN-U1027,chrome.exe,PROCESS_START,33.9,533
EP004876,2026-06-10 15:20:00,U1013,emily.smith,WKSTN-U1013,outlook.exe,PROCESS_START,12.5,279
EP030050,2026-06-10 15:40:00,U1074,sarah.williams7,WKSTN-U1074,,PROCESS_START,28.7,890
EP004875,2026-06-10 15:29:00,U1013,emily.smith,WKSTN-U1013,Chrome,PROCESS_START,,107
EP037836,2026-06-10 15:40:00,U1092,steven.thomas,WKSTN-U1092,Wireshark,PROCESS_START,27.4,103
EP016452,2026-06-10 15:20:00,U1040,matthew.martin	,WKSTN-U1040,Chrome,PROCESS_START,15.9,528
EP011570,2026-06-10 15:24:00,U1028,john.hill,WKSTN-U1028,explorer.exe,PROCESS_START,7.0,86
EP002545,2026-06-10 15:25:00,U1007,sarah.robinson82,WKSTN-U1007,Outlook,process_start,4.6,258
EP039952,2026-06-10 15:18:00,U1097,  mark.martinez10 ,WKSTN-U1097,Zoom,,33.1,617
EP019666,2026-06-10 15:27:00,U1048,jennifer.thomas87,WKSTN-U1048,Chrome,PROCESS_START,15.3,131
EP032896,2026-06-10 15:19:00,U1081,margaret.davis,WKSTN-U1081,Active Directory Console,PROCESS_START,32.3,86
EP000542,2026-06-10 15:19:00,U1002,donna.ramirez,WKSTN-U1002,Excel,PROCESS_START,1.7,146
EP015660,2026-06-10 15:28:00,U1038,emily.clark,WKSTN-U1038,notepad.exe,PROCESS_START,17.3,102
EP008394,2026-06-10 15:34:00,U1021,jessica.walker,WKSTN-U1021,chrome.exe,PROCESS_START,2.2,214
EP041109,2026-06-10 15:21:00,U1100,daniel.brown38,WKSTN-U1100,outlook.exe,PROCESS_START,34.3,118
EP001750,2026-06-10 15:42:00,U1005,robert.robinson,WKSTN-U1005,SAP,PROCESS_START,20.4,895
EP030456,2026-06-10 15:42:00,U1075,steven.lewis,WKSTN-U1075,notepad.exe,PROCESS_START,24.8,445
EP003300,2026-06-10 16:06:00,U1009,DANIEL.BROWN,WKSTN-U1009,chrome.exe,PROCESS_START,20.9,266
EP036936,2026-06-10 15:47:00,U1090,mary.hill,WKSTN-U1090,notepad.exe,PROCESS_START,,823
EP010658,2026-06-10 16:23:00,U1026,elizabeth.gonzalez,WKSTN-U1026,Slack,PROCESS_START,16.1,688
EP034681,2026-06-10 15:48:00,U1085,barbara.walker67,WKSTN-U1085,TERMINAL,PROCESS_START,3.5,891
EP016846,2026-06-10 16:23:00,U1041,matthew.allen52,WKSTN-U1041,Chrome,PROCESS_START,7.4,112
EP021618,2026-06-10 16:00:00,U1053,john.jackson31,WKSTN-U1053,outlook.exe	,PROCESS_START,12.0,458
EP035561,2026-06-10 16:03:00,U1087,charles.sanchez,WKSTN-U1087,Slack,PROCESS_START,11.7,680
EP018848,2026-06-10 16:22:00,U1046,  michelle.torres39 ,WKSTN-U1046,Outlook,PROCESS_START,1.4,139
EP030460,2026-06-10 15:51:00,U1075,steven.lewis,WKSTN-U1075,Word	,PROCESS_START,22.0,844
EP012001,2026-06-10 15:56:00,U1029,michelle.garcia54,WKSTN-U1029,chrome.exe,PROCESS_START,15.0,493
EP024823,2026-06-10 16:13:00,U1061,jessica.rodriguez,WKSTN-U1061,teams.exe,PROCESS_START,28.4,431
EP011999,2026-06-10 16:18:00,U1029,michelle.garcia54,WKSTN-U1029,explorer.exe,PROCESS_START,3.3,492
EP020035,2026-06-10 15:57:00,U1049,  michelle.jones59 ,WKSTN-U1049,Outlook,PROCESS_START,32.5,736
EP018847,2026-06-10 16:17:00,U1046,michelle.torres39,WKSTN-U1046,Outlook,PROCESS_START,32.1,482
EP001749,2026-06-10 15:56:00,U1005,robert.robinson,WKSTN-U1005,CHROME,PROCESS_START,23.0,249
EP024027,2026-06-10 16:15:00,U1059,daniel.perez98,WKSTN-U1059,explorer.exe,PROCESS_START,27.7,362
EP030459,2026-06-10 15:43:00,U1075,steven.lewis,WKSTN-U1075,teams.exe,PROCESS_START,21.7,162
EP022037,2026-06-10 15:49:00,U1054,anthony.martinez,WKSTN-U1054,outlook.exe,PROCESS_START,34.5,508
EP015251,2026-06-10 16:02:00,U1037,robert.martin,WKSTN-U1037,Outlook,PROCESS_START,14.8,636
EP031230,2026-06-10 16:01:00,U1077,kimberly.harris58,  WKSTN-U1077 ,DocuSign,PROCESS_START,18.8,505
EP018430,2026-06-10 16:02:00,U1045,daniel.sanchez90,WKSTN-U1045,chrome.exe,PROCESS_START,22.9,866
EP031632,2026-06-10 16:05:00,U1078,michelle.miller,WKSTN-U1078,Word,PROCESS_START,1.1,132
EP003303,2026-06-10 15:43:00,U1009,daniel.brown,WKSTN-U1009,notepad.exe,PROCESS_START,3.3,218
EP017247,2026-06-10 15:54:00,U1042,michael.hill56,WKSTN-U1042,Chrome,PROCESS_START,10.4,750
EP000958,2026-06-10 16:07:00,U1003,kenneth.clark29,WKSTN-U1003,chrome.exe,PROCESS_START,16.9,633
EP015661,2026-06-10 16:35:00,U1038,emily.clark,WKSTN-U1038,teams.exe,PROCESS_START,29.2,652
EP039532,2026-06-10 16:58:00,U1096,david.allen76,WKSTN-U1096,Zoom,PROCESS_START,34.3,160
EP028444,2026-06-10 16:37:00,U1070,betty.thomas40,WKSTN-U1070,explorer.exe,PROCESS_START,12.0,722
EP015248,2026-06-10 16:39:00,U1037,robert.martin,WKSTN-U1037,outlook.exe,process_start,6.0,713
EP002547,2026-06-10 16:42:00,U1007,,WKSTN-U1007,Excel	,PROCESS_START,3.1,336
EP020839,2026-06-10 17:01:00,U1051,sandra.king72,WKSTN-U1051,Zoom,PROCESS_START,26.7,519
EP035124,2026-06-10 16:27:00,U1086,steven.thompson53,WKSTN-U1086,Chrome,PROCESS_START,29.8,876
EP023620,2026-06-10 16:56:00,U1058,jennifer.ramirez18,WKSTN-U1058,Outlook,PROCESS_START,21.0,135
EP028443,2026-06-10 16:49:00,U1070,betty.thomas40,WKSTN-U1070,Chrome,PROCESS_START,6.7,775
EP017250,2026-06-10 16:29:00,U1042,michael.hill56,WKSTN-U1042,chrome.exe,PROCESS_START,8.0,478
EP011998,2026-06-10 16:37:00,U1029,michelle.garcia54,WKSTN-U1029,Slack,PROCESS_START,4.1,570
EP010211,2026-06-10 16:56:00,U1025,betty.brown22,WKSTN-U1025,VSCode,PROCESS_START,29.5,410
EP030055,2026-06-10 16:32:00,U1074,sarah.williams7,WKSTN-U1074,Word,PROCESS_START,30.3,866
EP019667,2026-06-10 16:49:00,U1048,jennifer.thomas87,WKSTN-U1048,explorer.exe,PROCESS_START,24.7,317
EP018849,2026-06-10 17:08:00,U1046,michelle.torres39,WKSTN-U1046,outlook.exe,PROCESS_START,5.3,143
EP011573,2026-06-10 16:47:00,U1028,john.hill,WKSTN-U1028,notepad.exe,PROCESS_START,4.1,435
EP007956,2026-06-10 16:25:00,U1020,andrew.thomas36,WKSTN-U1020,Jenkins,PROCESS_START,32.1,615
EP011996,2026-06-10 16:48:00,U1029,michelle.garcia54,WKSTN-U1029,outlook.exe,PROCESS_START,32.6,569
EP013278,2026-06-10 16:26:00,U1032,paul.wright91,WKSTN-U1032,Workday,PROCESS_START,14.5,693
EP018039,2026-06-10 16:29:00,U1044,lisa.ramirez9,WKSTN-U1044,explorer.exe,PROCESS_START,18.9,702
EP002544,2026-06-10 16:48:00,U1007,sarah.robinson82,WKSTN-U1007,chrome.exe,PROCESS_START,12.0,317
EP017248,2026-06-10 16:57:00,U1042,michael.hill56,WKSTN-U1042,outlook.exe,PROCESS_START,32.3,496
EP019669,2026-06-10 16:54:00,U1048,jennifer.thomas87,WKSTN-U1048,Chrome,PROCESS_START,2.2,437
EP000134,2026-06-10 16:28:00,U1001,linda.johnson95,WKSTN-U1001,chrome.exe,PROCESS_START,31.1,107
EP037834,2026-06-10 16:29:00,U1092,steven.thomas,WKSTN-U1092,Slack,PROCESS_START,18.8,714
EP026442,2026-06-11 08:07:00,U1065,michael.ramirez47,WKSTN-U1065,CHROME.EXE,PROCESS_START,11.3,470
EP010209,2026-06-10 17:30:00,U1025,betty.brown22,WKSTN-U1025,teams.exe,,33.9,329
EP002938,2026-06-11 07:45:00,U1008,joshua.hernandez,,  Chrome ,PROCESS_START,28.6,822
EP006113,2026-06-10 17:59:00,U1016,patricia.thomas,WKSTN-U1016,teams.exe,PROCESS_START,10300.0,893
EP004475,2026-06-11 07:49:00,U1012,linda.martinez,WKSTN-U1012,notepad.exe,PROCESS_START,7.3,162
EP037859,2026-06-11 08:17:00,U1092,steven.thomas,WKSTN-U1092	,notepad.exe,PROCESS_START,6.1,271
EP028445,2026-06-10 17:08:00,U1070,betty.thomas40,WKSTN-U1070,Chrome,,5.4,564
EP033771,2026-06-10 17:43:00,U1083,sarah.allen70,WKSTN-U1083,Chrome,PROCESS_START,21.1,519
EP026049,2026-06-11 07:28:00,U1064,matthew.wright55,WKSTN-U1064,explorer.exe,PROCESS_START,27.9,332
EP002562,2026-06-11 07:41:00,U1007,sarah.robinson82,WKSTN-U1007,teams.exe,PROCESS_START,19.4,103
EP010660,2026-06-10 17:10:00,U1026,elizabeth.gonzalez,WKSTN-U1026,Jenkins,PROCESS_START,28.8,766
EP016847,2026-06-10 17:11:00,U1041,matthew.allen52,WKSTN-U1041,notepad.exe,PROCESS_START,11.1,177
EP026444,2026-06-11 07:59:00,U1065,michael.ramirez47,WKSTN-U1065,Chrome,PROCESS_START,19.3,385
EP028885,2026-06-11 07:26:00,U1071,matthew.robinson35,WKSTN-U1071,notepad.exe,PROCESS_START,,841
EP020840,2026-06-10 17:12:00,U1051,sandra.king72,WKSTN-U1051,Chrome,PROCESS_START,22.3,303
EP007539,2026-06-11 07:24:00,U1019,donna.anderson,WKSTN-U1019,notepad.exe,PROCESS_START,32.7,101
EP006116,2026-06-10 17:58:00,U1016,patricia.thomas,WKSTN-U1016,Git,PROCESS_START,30.4,585
EP007538,2026-06-11 07:53:00,U1019,donna.anderson,WKSTN-U1019,Jenkins,PROCESS_START,12.0,485
EP010210,2026-06-10 17:18:00,U1025,betty.brown22,WKSTN-U1025,teams.exe,PROCESS_START,17.5,148
EP016467,2026-06-11 07:46:00,U1040,matthew.martin,WKSTN-U1040,  chrome.exe ,PROCESS_START,10.6,377
EP007980,2026-06-11 07:58:00,U1020,andrew.thomas36,WKSTN-U1020,Chrome,PROCESS_START,12.2,427
EP007540,2026-06-11 07:36:00,U1019,donna.anderson,WKSTN-U1019,Chrome,PROCESS_START,16.0,613
EP035582,2026-06-11 08:04:00,U1087,charles.sanchez,WKSTN-U1087,Terminal,PROCESS_START,34.6,726
EP032919,2026-06-11 07:37:00,U1081,margaret.davis,WKSTN-U1081,Active Directory Console,PROCESS_START,13.7,857
EP032922,2026-06-11 07:52:00,U1081,margaret.davis,WKSTN-U1081,Active Directory Console,PROCESS_START,2.5,827
EP011589,2026-06-11 08:46:00,U1028,john.hill,WKSTN-U1028,Docker Desktop,,23.0,427
EP039971,2026-06-11 08:38:00,U1097,MARK.MARTINEZ10,WKSTN-U1097,Zoom,PROCESS_START,29.9,425
EP030070,2026-06-11 08:56:00,U1074,sarah.williams7,WKSTN-U1074,Chrome,PROCESS_START,13.8,181
EP028047,2026-06-11 09:01:00,U1069,jessica.clark,WKSTN-U1069,DocuSign,PROCESS_START,25.3,846
EP021250,2026-06-11 09:13:00,U1052,paul.taylor,WKSTN-U1052,Salesforce,PROCESS_START,7.2,192
EP006603,2026-06-11 08:19:00,U1017,emily.hernandez34,WKSTN-U1017,Docker Desktop,PROCESS_START,1.5,230
EP040751,2026-06-11 08:17:00,U1099,joseph.garcia,WKSTN-U1099,Excel,PROCESS_START,28.7,504
EP023639,2026-06-11 09:09:00,U1058,jennifer.ramirez18,WKSTN-U1058,Excel,PROCESS_START,22.2,351
EP017264,2026-06-11 08:39:00,U1042,michael.hill56,WKSTN-U1042,notepad.exe,PROCESS_START,14.1,574
EP039969,2026-06-11 08:43:00,U1097,mark.martinez10,WKSTN-U1097,chrome.exe,PROCESS_START,4.8,556
EP011591,2026-06-11 08:36:00,U1028,john.hill,WKSTN-U1028,teams.exe,PROCESS_START,33.8,185
EP005317,2026-06-11 08:27:00,U1014,james.taylor,WKSTN-U1014,teams.exe,PROCESS_START,19.3,307
EP023644,2026-06-11 09:07:00,U1058,jennifer.ramirez18,WKSTN-U1058,teams.exe,PROCESS_START,29.3,539
EP012874,2026-06-11 08:42:00,U1031,JOHN.WRIGHT28,WKSTN-U1031,Workday,PROCESS_START,21.8,757
EP013697,2026-06-11 09:10:00,U1033,linda.miller,WKSTN-U1033,chrome.exe,PROCESS_START,18.7,607
EP007978,2026-06-11 09:08:00,U1020,andrew.thomas36,WKSTN-U1020,TEAMS.EXE,PROCESS_START,5.4,543
EP036505,2026-06-11 08:52:00,U1089,paul.brown27,WKSTN-U1089,Terminal,PROCESS_START,N/A,754
EP014865,2026-06-11 08:36:00,U1036,LINDA.JONES,WKSTN-U1036,notepad.exe,PROCESS_START,30.6,222
EP000976,2026-06-11 08:31:00,U1003,kenneth.clark29,WKSTN-U1003,QuickBooks,PROCESS_START,34.1,368
EP000978,2026-06-11 08:24:00,U1003,kenneth.clark29,WKSTN-U1003,Outlook,PROCESS_START,4.1,95
EP017261,2026-06-11 08:21:00,U1042,michael.hill56,WKSTN-U1042,Outlook,PROCESS_START,28.7,399
EP000975,2026-06-11 08:29:00,U1003,kenneth.clark29,WKSTN-U1003,QuickBooks,PROCESS_START,2.7,627
EP021632,2026-06-11 08:32:00,U1053,,WKSTN-U1053,chrome.exe,PROCESS_START,32.9,849
EP021636,2026-06-11 08:25:00,U1053,john.jackson31,WKSTN-U1053,Chrome,PROCESS_START,5.4,604
EP030865,2026-06-11 08:34:00,U1076,john.torres,WKSTN-U1076,teams.exe,PROCESS_START,3.6,775
EP028046,2026-06-11 09:26:00,U1069,,WKSTN-U1069,chrome.exe	,PROCESS_START,31.8,458
EP028043,2026-06-11 09:26:00,U1069,jessica.clark,WKSTN-U1069,notepad.exe,PROCESS_START,2.7,753
EP035580,2026-06-11 09:41:00,U1087,charles.sanchez,WKSTN-U1087,  PuTTY ,PROCESS_START,14.1,83
EP012016,2026-06-11 09:33:00,U1029,michelle.garcia54,WKSTN-U1029,VSCode,PROCESS_START,13.1,474
EP037860,2026-06-11 09:29:00,U1092,steven.thomas,,Slack,PROCESS_START,29.5,485
EP015267,2026-06-11 09:14:00,U1037,robert.martin,WKSTN-U1037,teams.exe,PROCESS_START,26.0,438
EP017671,2026-06-11 09:34:00,U1043,thomas.williams91,WKSTN-U1043,Chrome,PROCESS_START,26.6,475
EP036962,2026-06-11 09:26:00,U1090,mary.hill,WKSTN-U1090,,PROCESS_START,17.9,221
EP014074,2026-06-11 09:18:00,U1034,thomas.allen63,WKSTN-U1034,chrome.exe,PROCESS_START,31.1,285
EP003321,2026-06-11 09:44:00,U1009,daniel.brown,WKSTN-U1009,Chrome,PROCESS_START,3.8,540
EP038739,2026-06-11 09:32:00,U1094,elizabeth.lewis69,WKSTN-U1094,Terminal	,PROCESS_START,27.2,871
EP002561,2026-06-11 09:47:00,U1007,sarah.robinson82,WKSTN-U1007,Excel,PROCESS_START,5.0,316
EP028048,2026-06-11 09:45:00,U1069,jessica.clark,WKSTN-U1069,DocuSign,PROCESS_START,13.7,
EP030481,2026-06-11 09:29:00,U1075,steven.lewis,WKSTN-U1075,notepad.exe,PROCESS_START,30.4,473
EP041124,2026-06-11 09:23:00,U1100,daniel.brown38,WKSTN-U1100,Outlook,PROCESS_START,14.6,899
EP034241,2026-06-11 09:46:00,U1084,joshua.taylor,WKSTN-U1084,chrome.exe,PROCESS_START,16.2,441
EP006600,2026-06-11 09:20:00,U1017,emily.hernandez34,WKSTN-U1017,Git,PROCESS_START,31.1,782
EP024444,2026-06-11 09:30:00,U1060,matthew.anderson,WKSTN-U1060,Excel,PROCESS_START,13.0,891
EP005714,2026-06-11 09:32:00,U1015,lisa.hernandez,WKSTN-U1015,Chrome,process_start,14.3,155
EP037407,2026-06-11 09:30:00,U1091,linda.robinson,WKSTN-U1091,Terminal,PROCESS_START,19.6,134
EP000565,2026-06-11 09:31:00,U1002,donna.ramirez,WKSTN-U1002,SAP,PROCESS_START,8.9,304
EP019280,2026-06-11 09:14:00,U1047,sandra.lewis,WKSTN-U1047,chrome.exe,PROCESS_START,27.6,207
EP014078,2026-06-11 09:27:00,U1034,thomas.allen63,WKSTN-U1034,explorer.exe,PROCESS_START,6.9,145
EP012875,2026-06-11 09:16:00,U1031,john.wright28,,Outlook,PROCESS_START,12.3,682
EP013693,2026-06-11 09:17:00,U1033,linda.miller,WKSTN-U1033,Excel,PROCESS_START,14.1,340
EP031651,2026-06-11 09:49:00,U1078,michelle.miller,  WKSTN-U1078 ,DocuSign,PROCESS_START,26.4,152
EP019690,2026-06-11 10:16:00,U1048,JENNIFER.THOMAS87,WKSTN-U1048,Chrome,process_start,31.4,247
EP013696,2026-06-11 09:49:00,U1033,linda.miller,WKSTN-U1033,Workday,PROCESS_START,23.9,346
EP026045,2026-06-11 10:09:00,U1064,matthew.wright55,WKSTN-U1064,notepad.exe,PROCESS_START,32.0,824
EP011587,2026-06-11 09:56:00,U1028,john.hill,WKSTN-U1028,chrome.exe,PROCESS_START,27.8,173
EP021635,2026-06-11 10:15:00,U1053,john.jackson31,  WKSTN-U1053 ,teams.exe,PROCESS_START,4.3,82
EP008420,2026-06-11 10:07:00,U1021,jessica.walker,WKSTN-U1021,Jenkins,PROCESS_START,3.1,452
EP015680,2026-06-11 10:03:00,U1038,emily.clark,WKSTN-U1038,Workday,PROCESS_START,10.3,96
EP005316,2026-06-11 09:54:00,U1014,james.taylor,WKSTN-U1014,Outlook,PROCESS_START,24.9,791
EP038294,2026-06-11 09:59:00,U1093,sarah.clark44,WKSTN-U1093,  PuTTY ,PROCESS_START,7.0,875
EP029667,2026-06-11 10:14:00,U1073,michael.gonzalez,WKSTN-U1073,TEAMS.EXE,PROCESS_START,22.6,487
EP036506,2026-06-11 09:57:00,U1089,paul.brown27,WKSTN-U1089,,PROCESS_START,,432
EP028884,2026-06-11 10:10:00,U1071,matthew.robinson35,WKSTN-U1071,Word,PROCESS_START,22.6,827
EP026047,2026-06-11 10:14:00,U1064,  matthew.wright55 ,WKSTN-U1064,Chrome,PROCESS_START,25.9,734
EP004473,2026-06-11 10:15:00,U1012,linda.martinez,WKSTN-U1012,SAP,PROCESS_START,21.8,554
EP018450,2026-06-11 09:53:00,U1045,daniel.sanchez90,WKSTN-U1045,outlook.exe,PROCESS_START,18.9,157
EP033792,2026-06-11 09:54:00,U1083,sarah.allen70,WKSTN-U1083,outlook.exe,PROCESS_START,,745
EP029278,2026-06-11 10:11:00,U1072,kenneth.lopez,WKSTN-U1072,outlook.exe,PROCESS_START,23.7,498
EP011588,2026-06-11 09:48:00,U1028,john.hill,WKSTN-U1028,chrome.exe,PROCESS_START,22.5,200
EP024842,2026-06-11 09:52:00,U1061,jessica.rodriguez,WKSTN-U1061,Excel,PROCESS_START,16.7,777
EP006135,2026-06-11 10:14:00,U1016,patricia.thomas,WKSTN-U1016,Chrome,PROCESS_START,31.8,765
EP022052,2026-06-11 10:06:00,U1054,anthony.martinez,  WKSTN-U1054 ,Chrome,PROCESS_START,13.8,370
EP014073,2026-06-11 09:47:00,U1034,thomas.allen63,WKSTN-U1034,teams.exe,PROCESS_START,18.9,
EP000563,2026-06-11 09:57:00,U1002,donna.ramirez,WKSTN-U1002	,teams.exe,PROCESS_START,33.2,584
EP021248,2026-06-11 10:16:00,U1052,paul.taylor,WKSTN-U1052,teams.exe,PROCESS_START,5.3,530
EP037408,2026-06-11 10:30:00,U1091,linda.robinson,WKSTN-U1091,notepad.exe,PROCESS_START,32.5,189
EP040750,2026-06-11 10:19:00,U1099,joseph.garcia,WKSTN-U1099,chrome.exe,PROCESS_START,20.5,569
EP013692,2026-06-11 10:40:00,U1033,linda.miller,WKSTN-U1033,explorer.exe,PROCESS_START,30.2,832
EP038293,2026-06-11 10:36:00,U1093,sarah.clark44,WKSTN-U1093,outlook.exe,PROCESS_START,5.4,665
EP029277,2026-06-11 10:39:00,U1072,kenneth.lopez,WKSTN-U1072,teams.exe,PROCESS_START,5.2,573
EP030868,2026-06-11 10:22:00,U1076,JOHN.TORRES,WKSTN-U1076,notepad.exe,PROCESS_START,23.3,206
EP037409,2026-06-11 10:33:00,U1091,linda.robinson,WKSTN-U1091,teams.exe,PROCESS_START,14.8,755
EP007542,2026-06-11 10:18:00,U1019,donna.anderson,WKSTN-U1019,teams.exe,PROCESS_START,22.6,611
EP027257,2026-06-11 10:44:00,U1067,paul.thomas97,WKSTN-U1067,teams.exe,PROCESS_START,19.3,628
EP018868,2026-06-11 10:19:00,U1046,michelle.torres39,  WKSTN-U1046 ,explorer.exe,PROCESS_START,16.9,664
EP036073,2026-06-11 10:41:00,U1088,andrew.smith85,WKSTN-U1088,chrome.exe,PROCESS_START,31.0,619
EP007541,2026-06-11 10:29:00,U1019,donna.anderson,WKSTN-U1019,explorer.exe,PROCESS_START,21.4,654
EP007067,2026-06-11 10:18:00,U1018,betty.white57,WKSTN-U1018,notepad.exe,PROCESS_START,19.3,753
EP018454,2026-06-11 10:31:00,U1045,daniel.sanchez90,WKSTN-U1045,explorer.exe	,PROCESS_START,33.0,591
EP027258,2026-06-11 10:34:00,U1067,paul.thomas97,WKSTN-U1067,Outlook,PROCESS_START,24.7,626
EP009780,2026-06-11 10:43:00,U1024,emily.miller,WKSTN-U1024,Slack	,PROCESS_START,7.4,164
EP016868,2026-06-11 10:21:00,U1041,,WKSTN-U1041,teams.exe,PROCESS_START,24.7,885
EP000977,2026-06-11 10:37:00,U1003,kenneth.clark29,WKSTN-U1003,quickbooks,PROCESS_START,25.3,824
EP008882,2026-06-11 10:33:00,U1022,sandra.brown,WKSTN-U1022,  outlook.exe ,PROCESS_START,12.4,743
EP000974,2026-06-11 10:39:00,U1003,kenneth.clark29,WKSTN-U1003,teams.exe,PROCESS_START,17.7,408
EP011126,2026-06-11 10:39:00,U1027,,WKSTN-U1027,explorer.exe,PROCESS_START,8.2,689
EP017265,2026-06-11 10:39:00,U1042,michael.hill56,WKSTN-U1042,CHROME.EXE,PROCESS_START,19.1,710
EP012876,2026-06-11 10:20:00,U1031,john.wright28,WKSTN-U1031,Outlook,PROCESS_START,17.9,521
EP029665,2026-06-11 10:34:00,U1073,michael.gonzalez,WKSTN-U1073,Outlook,PROCESS_START,5.6,329
EP008422,2026-06-11 10:29:00,U1021,jessica.walker,WKSTN-U1021,Jenkins,PROCESS_START,12.0,360
EP039148,2026-06-11 10:53:00,U1095,RICHARD.THOMAS74,,explorer.exe,,32.1,644
EP012017,2026-06-11 10:54:00,U1029,michelle.garcia54,WKSTN-U1029,VSCode,PROCESS_START,10.8,443
EP001768,2026-06-11 10:47:00,U1005,robert.robinson,WKSTN-U1005	,SAP,PROCESS_START,,646
EP028462,2026-06-11 10:47:00,U1070,betty.thomas40,WKSTN-U1070,chrome,process_start,14.3,706
EP022473,2026-06-11 10:58:00,U1055,,WKSTN-U1055,notepad.exe,PROCESS_START,1.0,347
EP018870,2026-06-11 10:47:00,U1046,michelle.torres39,WKSTN-U1046,Outlook,PROCESS_START,12.0,365
EP031252,2026-06-11 10:53:00,U1077,kimberly.harris58,WKSTN-U1077,outlook.exe,PROCESS_START,14.8,751
EP030864,2026-06-11 10:59:00,U1076,,WKSTN-U1076,outlook.exe,PROCESS_START,11.4,190
EP010228,2026-06-11 11:00:00,U1025,betty.brown22,WKSTN-U1025,outlook.exe,PROCESS_START,25.5,104
EP006133,2026-06-11 10:49:00,U1016,patricia.thomas,WKSTN-U1016,Jenkins,PROCESS_START,27.6,180
EP003319,2026-06-11 10:48:00,U1009,daniel.brown,WKSTN-U1009,notepad.exe,PROCESS_START,5.5,434
EP019284,2026-06-11 11:03:00,U1047,sandra.lewis,WKSTN-U1047,Chrome,PROCESS_START,19.9,899
EP027629,2026-06-11 10:58:00,U1068,susan.thompson34,WKSTN-U1068,notepad.exe,PROCESS_START,28.7,586
EP024443,2026-06-11 10:47:00,U1060,matthew.anderson,WKSTN-U1060,Excel,PROCESS_START,2.2,460
EP000149,2026-06-11 10:47:00,U1001,linda.johnson95,WKSTN-U1001,Excel,PROCESS_START,12.7,830
EP009333,2026-06-11 10:54:00,U1023,richard.wright,WKSTN-U1023,VSCode,PROCESS_START,26.1,341
EP015678,2026-06-11 10:46:00,U1038,emily.clark,,outlook.exe,PROCESS_START,25.8,746
EP036501,2026-06-11 10:47:00,U1089,paul.brown27,WKSTN-U1089,  Chrome ,,28.8,507
EP030480,2026-06-11 10:46:00,U1075,steven.lewis	,WKSTN-U1075,  explorer.exe ,PROCESS_START,31.7,294
EP025257,2026-06-11 10:47:00,U1062,william.martin,WKSTN-U1062,Excel,PROCESS_START,28.4,723
EP040362,2026-06-11 10:46:00,U1098,nancy.wright49,WKSTN-U1098,Outlook,PROCESS_START,15.1,435
EP023249,2026-06-11 10:59:00,U1057,nancy.sanchez,WKSTN-U1057,notepad.exe,PROCESS_START,23.9,879
EP014867,2026-06-11 10:46:00,U1036,linda.jones,WKSTN-U1036,,PROCESS_START,4.1,426
EP009781,2026-06-11 10:50:00,U1024,emily.miller,WKSTN-U1024,Docker Desktop,PROCESS_START,24.1,
EP019691,2026-06-11 10:52:00,U1048,jennifer.thomas87,WKSTN-U1048,Salesforce,PROCESS_START,11.3,178
EP034240,2026-06-11 11:34:00,U1084,JOSHUA.TAYLOR,WKSTN-U1084,Terminal,PROCESS_START,2.2,114
EP036074,2026-06-11 11:19:00,U1088,  andrew.smith85 ,WKSTN-U1088,teams.exe,PROCESS_START,19.8,486
EP036503,2026-06-11 11:11:00,U1089,paul.brown27,WKSTN-U1089,Wireshark,PROCESS_START,,
EP025658,2026-06-11 11:25:00,U1063,john.nguyen,WKSTN-U1063,DocuSign,PROCESS_START,20.9,731
EP027632,2026-06-11 11:32:00,U1068,susan.thompson34,WKSTN-U1068,notepad.exe,PROCESS_START,6.5,471
EP022849,2026-06-11 11:31:00,U1056,anthony.clark,WKSTN-U1056,teams.exe,PROCESS_START,3.9,335
EP035581,2026-06-11 11:15:00,U1087,charles.sanchez,WKSTN-U1087,  notepad.exe ,PROCESS_START,28.3,843
EP006602,2026-06-11 11:32:00,U1017,emily.hernandez34,WKSTN-U1017,explorer.exe,PROCESS_START,5.0,737
EP035150,2026-06-11 11:21:00,U1086,steven.thompson53,WKSTN-U1086,teams.exe,PROCESS_START,3.0,391
EP021633,2026-06-11 11:22:00,U1053,john.jackson31,WKSTN-U1053,notepad.exe,PROCESS_START,16.9,84
EP034703,2026-06-11 11:27:00,U1085,barbara.walker67,WKSTN-U1085,PuTTY,PROCESS_START,21.7,161
EP036504,2026-06-11 11:10:00,U1089,paul.brown27,WKSTN-U1089,Chrome,PROCESS_START,23.7,626
EP033795,2026-06-11 11:14:00,U1083,SARAH.ALLEN70,WKSTN-U1083,chrome.exe,PROCESS_START,19.8,277
EP005716,2026-06-11 11:04:00,U1015,LISA.HERNANDEZ,WKSTN-U1015,,PROCESS_START,10.3,891
EP023643,2026-06-11 11:07:00,U1058,jennifer.ramirez18,WKSTN-U1058,Chrome,PROCESS_START,2.7,574
EP030867,2026-06-11 11:10:00,U1076,john.torres,WKSTN-U1076,Outlook,PROCESS_START,12.1,290
EP030477,2026-06-11 11:11:00,U1075,steven.lewis,WKSTN-U1075,outlook.exe,process_start,11.5,594
EP022472,2026-06-11 11:13:00,U1055,patricia.wilson54,WKSTN-U1055,Outlook,PROCESS_START,7.5,811
EP000561,2026-06-11 11:27:00,U1002,donna.ramirez,  WKSTN-U1002 ,notepad.exe,PROCESS_START,32.1,108
EP016869,2026-06-11 11:23:00,U1041,matthew.allen52,WKSTN-U1041,Workday,PROCESS_START,4.0,412
EP030863,2026-06-11 11:19:00,U1076,john.torres,WKSTN-U1076,notepad.exe,PROCESS_START,23.1,370
EP004080,2026-06-11 11:13:00,U1011,donna.ramirez75,WKSTN-U1011,notepad.exe,PROCESS_START,19.0,880
EP017260,2026-06-11 11:29:00,U1042,michael.hill56,WKSTN-U1042,teams.exe,PROCESS_START,26.0,678
EP019281,2026-06-11 11:10:00,U1047,sandra.lewis,WKSTN-U1047,Salesforce,process_start,23.8,606
EP025656,2026-06-11 11:06:00,U1063,john.nguyen,WKSTN-U1063,Chrome,PROCESS_START,10.7,265
EP009782,2026-06-11 11:44:00,U1024,emily.miller,WKSTN-U1024,teams.exe,PROCESS_START,18.7,424
EP032069,2026-06-11 11:50:00,U1079,emily.jones,WKSTN-U1079,Terminal,,24.0,320
EP016066,2026-06-11 11:40:00,U1039,mark.thomas,WKSTN-U1039,Chrome,PROCESS_START,10.6,797
EP015679,2026-06-11 11:40:00,U1038,emily.clark,WKSTN-U1038,notepad.exe,PROCESS_START,25.6,280
EP016466,2026-06-11 11:53:00,U1040,matthew.martin,WKSTN-U1040	,chrome.exe,PROCESS_START,25.0,404
EP017668,2026-06-11 11:42:00,U1043,thomas.williams91,WKSTN-U1043,Outlook,PROCESS_START,25.9,162
EP039554,2026-06-11 11:40:00,U1096,david.allen76,WKSTN-U1096,outlook.exe,PROCESS_START,,657
EP020444,2026-06-11 11:38:00,U1050,michael.ramirez,WKSTN-U1050,outlook.exe,PROCESS_START,20.2,448
EP039970,2026-06-11 11:42:00,U1097,mark.martinez10,WKSTN-U1097	,Zoom,PROCESS_START,5.3,458
EP011590,2026-06-11 11:49:00,U1028,john.hill,WKSTN-U1028,notepad.exe,PROCESS_START,21.5,877
EP016067,2026-06-11 11:39:00,U1039,mark.thomas,WKSTN-U1039,Chrome,PROCESS_START,2.8,381
EP025254,2026-06-11 11:39:00,U1062,william.martin,WKSTN-U1062,Salesforce,PROCESS_START,19.5,211
EP028883,2026-06-11 11:46:00,U1071,matthew.robinson35,WKSTN-U1071,Outlook,PROCESS_START,21.0,589
EP013694,2026-06-11 11:44:00,U1033,linda.miller,WKSTN-U1033,notepad.exe,PROCESS_START,30.4,744
EP001377,2026-06-11 11:35:00,U1004,elizabeth.wilson98,WKSTN-U1004,NOTEPAD.EXE,PROCESS_START,16.4,593
EP023642,2026-06-11 11:34:00,U1058,jennifer.ramirez18,WKSTN-U1058,Excel,PROCESS_START,20.3,848
EP031249,2026-06-11 11:52:00,U1077,kimberly.harris58,WKSTN-U1077,notepad.exe,PROCESS_START,6.0,818
EP005319,2026-06-11 11:47:00,U1014,james.taylor,WKSTN-U1014,Excel,PROCESS_START,8.5,90
EP037861,2026-06-11 11:38:00,U1092,steven.thomas,WKSTN-U1092,,PROCESS_START,2.1,602
EP007979,2026-06-11 11:45:00,U1020,andrew.thomas36,WKSTN-U1020,teams.exe,PROCESS_START,25.3,117
EP022054,2026-06-11 11:49:00,U1054,anthony.martinez,WKSTN-U1054,Zoom,PROCESS_START,19.1,472
EP017263,2026-06-11 11:41:00,U1042,  michael.hill56 ,WKSTN-U1042,explorer.exe,PROCESS_START,19.0,319
EP028045,2026-06-11 11:36:00,U1069,jessica.clark,WKSTN-U1069,notepad.exe,PROCESS_START,23.0,417
EP032921,2026-06-11 11:47:00,U1081,margaret.davis,,teams.exe,PROCESS_START,12.3,558
EP000560,2026-06-11 11:46:00,U1002,donna.ramirez,WKSTN-U1002,QuickBooks,process_start,7.0,686
EP027259,2026-06-11 12:07:00,U1067,paul.thomas97,WKSTN-U1067,Chrome,PROCESS_START,28.0,658
EP007981,2026-06-11 12:01:00,U1020,andrew.thomas36,WKSTN-U1020,Docker Desktop,PROCESS_START,25.0,561
EP020852,2026-06-11 12:04:00,U1051,sandra.king72,WKSTN-U1051,teams.exe,PROCESS_START,,321
EP008880,2026-06-11 12:02:00,U1022,sandra.brown,WKSTN-U1022,teams.exe,PROCESS_START,21.0,217
EP020051,2026-06-11 12:03:00,U1049,michelle.jones59,WKSTN-U1049,outlook.exe,PROCESS_START,30.5,767
EP004893,2026-06-11 11:56:00,U1013,emily.smith,WKSTN-U1013,QuickBooks,,4.8,224
EP039550,2026-06-11 11:58:00,U1096,david.allen76,WKSTN-U1096,Excel,PROCESS_START,31.6,623
EP014075,2026-06-11 12:07:00,U1034,thomas.allen63,WKSTN-U1034	,Excel,PROCESS_START,13.3,460
EP005318,2026-06-11 12:25:00,U1014,james.taylor,WKSTN-U1014,QuickBooks,PROCESS_START,10.8,379
EP002560,2026-06-11 12:06:00,U1007,sarah.robinson82,WKSTN-U1007,Excel,PROCESS_START,5.3,609
EP009335,2026-06-11 11:59:00,U1023,richard.wright,WKSTN-U1023,Git,PROCESS_START,18.8,377
EP022055,2026-06-11 12:23:00,U1054,anthony.martinez,  WKSTN-U1054 ,Outlook,PROCESS_START,23.0,175
EP033354,2026-06-11 11:54:00,U1082,karen.hill96,WKSTN-U1082,,PROCESS_START,30.6,555
EP021634,2026-06-11 12:07:00,U1053,john.jackson31,WKSTN-U1053,chrome.exe,PROCESS_START,33.8,688
EP039553,2026-06-11 12:08:00,U1096,david.allen76,WKSTN-U1096,,PROCESS_START,3.4,423
EP009778,2026-06-11 12:15:00,U1024,emily.miller,WKSTN-U1024,Slack,PROCESS_START,9.0,130
EP021249,2026-06-11 12:02:00,U1052,paul.taylor,WKSTN-U1052,chrome.exe,PROCESS_START,31.2,84
EP018058,2026-06-11 12:28:00,U1044,lisa.ramirez9,WKSTN-U1044,chrome.exe,PROCESS_START,15.8,572
EP025654,2026-06-11 12:13:00,U1063,john.nguyen,  WKSTN-U1063 ,Outlook,PROCESS_START,6.5,868
EP027633,2026-06-11 11:57:00,U1068,susan.thompson34,WKSTN-U1068,EXPLORER.EXE,PROCESS_START,25.3,165
EP041128,2026-06-11 12:05:00,U1100,daniel.brown38,WKSTN-U1100,notepad.exe,PROCESS_START,5.3,689
EP001769,2026-06-11 11:58:00,U1005,robert.robinson,WKSTN-U1005,  Excel ,PROCESS_START,-17.5,497
EP039972,2026-06-11 12:29:00,U1097,mark.martinez10,WKSTN-U1097,explorer.exe,PROCESS_START,28.5,872
EP028464,2026-06-11 12:09:00,U1070,betty.thomas40,WKSTN-U1070,explorer.exe,PROCESS_START,3.5,358
EP036961,2026-06-11 12:32:00,U1090,mary.hill,WKSTN-U1090,Slack,PROCESS_START,16.9,648
EP007068,2026-06-11 12:37:00,U1018,betty.white57,WKSTN-U1018,Git,PROCESS_START,12.4,500
EP014474,2026-06-11 12:34:00,U1035,nancy.rodriguez82,WKSTN-U1035,Chrome,PROCESS_START,3.8,825
EP007537,2026-06-11 12:34:00,U1019,donna.anderson,WKSTN-U1019,Docker Desktop,PROCESS_START,11.0,885
EP010233,2026-06-11 12:38:00,U1025,betty.brown22,WKSTN-U1025,Chrome,PROCESS_START,9.4,
EP001376,2026-06-11 12:42:00,U1004,  elizabeth.wilson98 ,WKSTN-U1004,explorer.exe,PROCESS_START,10.4,144
EP022474,2026-06-11 12:32:00,U1055,patricia.wilson54,WKSTN-U1055,Zoom,PROCESS_START,26.2,220
EP020052,2026-06-11 12:34:00,U1049,michelle.jones59,WKSTN-U1049,notepad.exe,PROCESS_START,21.7,723
EP022471,2026-06-11 12:34:00,U1055,patricia.wilson54,WKSTN-U1055,Chrome,process_start,26.2,572
EP015266,2026-06-11 12:34:00,U1037,robert.martin,WKSTN-U1037,chrome.exe,PROCESS_START,7.4,716
EP031250,2026-06-11 12:43:00,U1077,kimberly.harris58,  WKSTN-U1077 ,Outlook,PROCESS_START,17.5,338
EP019283,2026-06-11 12:42:00,U1047,sandra.lewis,WKSTN-U1047,teams.exe,PROCESS_START,3.0,883
EP016070,2026-06-11 12:37:00,U1039,mark.thomas,WKSTN-U1039,chrome.exe,PROCESS_START,25.9,146
EP008418,2026-06-11 12:54:00,U1021,  jessica.walker ,WKSTN-U1021,notepad.exe,PROCESS_START,6.4,589
EP033793,2026-06-11 12:41:00,U1083,sarah.allen70,WKSTN-U1083,PuTTY,PROCESS_START,3.5,247
EP010677,2026-06-11 12:45:00,U1026,elizabeth.gonzalez,WKSTN-U1026,Slack,PROCESS_START,8000.0,113
EP020854,2026-06-11 12:32:00,U1051,sandra.king72,WKSTN-U1051,OUTLOOK.EXE,PROCESS_START,24.4,733
EP004078,2026-06-11 12:39:00,U1011,donna.ramirez75,WKSTN-U1011,QuickBooks,PROCESS_START,33.9,255
EP015265,2026-06-11 12:49:00,U1037,robert.martin,WKSTN-U1037,outlook.exe,PROCESS_START,27.3,603
EP000979,2026-06-11 12:32:00,U1003,kenneth.clark29,WKSTN-U1003,Outlook,PROCESS_START,12.6,399
EP013296,2026-06-11 12:47:00,U1032,paul.wright91,WKSTN-U1032,outlook.exe	,PROCESS_START,22.4,402
EP038292,2026-06-11 12:43:00,U1093,sarah.clark44,WKSTN-U1093,Active Directory Console,PROCESS_START,34.3,637
EP037411,2026-06-11 12:44:00,U1091,linda.robinson,WKSTN-U1091,Wireshark,PROCESS_START,10.4,708
EP026868,2026-06-11 12:32:00,U1066,michelle.wright62,WKSTN-U1066,teams.exe,PROCESS_START,4.2,740
EP019282,2026-06-11 12:39:00,U1047,sandra.lewis,WKSTN-U1047,outlook.exe,PROCESS_START,16.9,755
EP004079,2026-06-11 12:46:00,U1011,donna.ramirez75,WKSTN-U1011,teams.exe,PROCESS_START,8.5,
EP033794,2026-06-11 13:16:00,U1083,sarah.allen70,WKSTN-U1083,teams.exe,PROCESS_START,23.1,900
EP020443,2026-06-11 13:00:00,U1050,michael.ramirez,WKSTN-U1050,Zoom,PROCESS_START,5.4,776
EP017669,2026-06-11 13:00:00,U1043,thomas.williams91,WKSTN-U1043,teams.exe,PROCESS_START,33.6,
EP006601,2026-06-11 12:59:00,U1017,emily.hernandez34,WKSTN-U1017,Jenkins,PROCESS_START,23.6,679
EP002936,2026-06-11 13:21:00,U1008,joshua.hernandez,WKSTN-U1008,teams.exe,PROCESS_START,23.0,626
EP018869,2026-06-11 12:56:00,U1046,michelle.torres39,WKSTN-U1046,explorer.exe,PROCESS_START,29.6,154
EP014477,2026-06-11 13:09:00,U1035,nancy.rodriguez82,WKSTN-U1035,notepad.exe,PROCESS_START,20.9,781
EP021247,2026-06-11 13:11:00,U1052,paul.taylor,WKSTN-U1052,explorer.exe,PROCESS_START,33.1,212
EP034702,2026-06-11 12:57:00,U1085,barbara.walker67,WKSTN-U1085,teams.exe,PROCESS_START,12.3,687
EP010676,2026-06-11 13:09:00,U1026,elizabeth.gonzalez,WKSTN-U1026,,PROCESS_START,17.0,N/A
EP028460,2026-06-11 12:54:00,U1070,betty.thomas40,WKSTN-U1070,explorer.exe,PROCESS_START,2.9,747
EP001378,2026-06-11 12:54:00,U1004,elizabeth.wilson98,WKSTN-U1004,EXCEL,PROCESS_START,17.0,624
EP018867,2026-06-11 13:03:00,U1046,michelle.torres39,WKSTN-U1046,chrome.exe,PROCESS_START,18.7,563
EP032070,2026-06-11 12:55:00,U1079,emily.jones,WKSTN-U1079,outlook.exe,PROCESS_START,18.6,273
EP025258,2026-06-11 12:59:00,U1062,william.martin,WKSTN-U1062,Chrome,PROCESS_START,17.3,771
EP011127,2026-06-11 12:56:00,U1027,patricia.brown75,WKSTN-U1027,teams.exe,PROCESS_START,23.4,165
EP004888,2026-06-11 13:11:00,U1013,emily.smith,WKSTN-U1013,outlook.exe,PROCESS_START,17.3,401
EP024047,2026-06-11 13:13:00,U1059,daniel.perez98,WKSTN-U1059,explorer.exe,,3.8,313
EP006604,2026-06-11 13:14:00,U1017,emily.hernandez34,WKSTN-U1017,outlook.exe,PROCESS_START,4.9,769
EP000150,2026-06-11 13:21:00,U1001,linda.johnson95,WKSTN-U1001,Excel,PROCESS_START,27.2,832
EP039147,2026-06-11 13:02:00,U1095,richard.thomas74,WKSTN-U1095,notepad.exe,PROCESS_START,16.3,789
EP030072,2026-06-11 13:02:00,U1074,sarah.williams7,WKSTN-U1074,teams.exe,process_start,26.9,535
EP002937,2026-06-11 13:20:00,U1008,joshua.hernandez,WKSTN-U1008	,  SAP ,PROCESS_START,15.9,823
EP010231,2026-06-11 13:08:00,U1025,betty.brown22,WKSTN-U1025,explorer.exe,PROCESS_START,14.5,251
EP032918,2026-06-11 12:58:00,U1081,margaret.davis,WKSTN-U1081,Slack,PROCESS_START,2.3,552
EP004889,2026-06-11 13:51:00,U1013,emily.smith,,notepad.exe,PROCESS_START,27.4,477
EP025659,2026-06-11 13:35:00,U1063,john.nguyen,WKSTN-U1063,DocuSign,PROCESS_START,24.8,805
EP017262,2026-06-11 13:44:00,U1042,michael.hill56,WKSTN-U1042,Chrome,PROCESS_START,22.5,587
EP009779,2026-06-11 13:40:00,U1024,emily.miller,WKSTN-U1024,outlook.exe,PROCESS_START,25.9,218
EP038738,2026-06-11 13:23:00,U1094,elizabeth.lewis69,WKSTN-U1094,ACTIVE DIRECTORY CONSOLE,PROCESS_START,34.1,516
EP034704,2026-06-11 13:42:00,U1085,barbara.walker67,WKSTN-U1085,Chrome,PROCESS_START,7.5,379
EP020442,2026-06-11 13:39:00,U1050,michael.ramirez,WKSTN-U1050,Outlook,PROCESS_START,26.9,242
EP013695,2026-06-11 13:33:00,U1033,linda.miller,WKSTN-U1033,notepad.exe,PROCESS_START,3.2,768
EP024841,2026-06-11 13:46:00,U1061,jessica.rodriguez,WKSTN-U1061,explorer.exe,PROCESS_START,28.0,293
EP024839,2026-06-11 13:33:00,U1061,jessica.rodriguez,WKSTN-U1061,Salesforce,PROCESS_START,21.7,898
EP031649,2026-06-11 13:38:00,U1078,michelle.miller,  WKSTN-U1078 ,Outlook,PROCESS_START,34.0,439
EP030476,2026-06-11 13:23:00,U1075,steven.lewis,,DocuSign,PROCESS_START,,826
EP003320,2026-06-11 13:28:00,U1009,daniel.brown,WKSTN-U1009,Chrome,PROCESS_START,19.8,580
EP011129,2026-06-11 13:39:00,U1027,patricia.brown75,WKSTN-U1027,Jenkins,PROCESS_START,15.1,158
EP025259,2026-06-11 13:29:00,U1062,william.martin,WKSTN-U1062,,PROCESS_START,17.3,91
EP027630,2026-06-11 13:40:00,U1068,susan.thompson34,WKSTN-U1068,Chrome,PROCESS_START,19.0,
EP040749,2026-06-11 13:31:00,U1099,joseph.garcia,WKSTN-U1099,PowerPoint,PROCESS_START,29.3,636
EP019687,2026-06-11 13:32:00,U1048,jennifer.thomas87,WKSTN-U1048,teams.exe,PROCESS_START,8.5,388
EP008884,2026-06-11 13:22:00,U1022,sandra.brown,WKSTN-U1022,VSCode,PROCESS_START,33.8,N/A
EP000564,2026-06-11 13:22:00,U1002,donna.ramirez,WKSTN-U1002,Chrome,PROCESS_START,7000.0,118
EP016870,2026-06-11 13:45:00,U1041,matthew.allen52,WKSTN-U1041,Workday,PROCESS_START,2.5,460
EP041126,2026-06-11 13:33:00,U1100,daniel.brown38,WKSTN-U1100,teams.exe,PROCESS_START,24.5,291
EP013297,2026-06-11 13:28:00,U1032,paul.wright91,WKSTN-U1032,Outlook,PROCESS_START,5.5,691
EP014475,2026-06-11 13:46:00,U1035,,WKSTN-U1035,notepad.exe,PROCESS_START,28.1,783
EP026443,2026-06-11 13:26:00,U1065,michael.ramirez47,WKSTN-U1065,explorer.exe,PROCESS_START,8.6,80
EP002174,2026-06-11 13:52:00,U1006,,WKSTN-U1006,QuickBooks,PROCESS_START,7.4,685
EP041127,2026-06-11 14:08:00,U1100,daniel.brown38,WKSTN-U1100,teams.exe,PROCESS_START,32.0,678
EP034243,2026-06-11 14:04:00,U1084,joshua.taylor,WKSTN-U1084,Slack,PROCESS_START,26.7,-327.0
EP003324,2026-06-11 14:15:00,U1009,daniel.brown,WKSTN-U1009,QuickBooks,PROCESS_START,28.4,189
EP008417,2026-06-11 13:52:00,U1021,jessica.walker,WKSTN-U1021,teams.exe,PROCESS_START,2.6,485
EP018451,2026-06-11 14:02:00,U1045,  daniel.sanchez90 ,WKSTN-U1045,OUTLOOK,PROCESS_START,19.5,614
EP014478,2026-06-11 14:05:00,U1035,nancy.rodriguez82,WKSTN-U1035,Workday,PROCESS_START,21.0,174
EP016069,2026-06-11 13:55:00,U1039,mark.thomas,WKSTN-U1039,notepad.exe,PROCESS_START,28.6,900
EP000151,2026-06-11 14:12:00,U1001,LINDA.JOHNSON95,WKSTN-U1001,notepad.exe,PROCESS_START,5.5,440
EP018453,2026-06-11 14:00:00,U1045,daniel.sanchez90,WKSTN-U1045,explorer.exe,PROCESS_START,27.2,275
EP026871,2026-06-11 14:03:00,U1066,  michelle.wright62 ,WKSTN-U1066,Word,PROCESS_START,1.5,131
EP036502,2026-06-11 14:08:00,U1089,paul.brown27,WKSTN-U1089,Active Directory Console,PROCESS_START,13.8,661
EP002175,2026-06-11 14:02:00,U1006,george.gonzalez,WKSTN-U1006,QuickBooks,PROCESS_START,8.8,
EP018055,2026-06-11 14:05:00,U1044,lisa.ramirez9,WKSTN-U1044	,notepad.exe,PROCESS_START,9.1,118
EP018865,2026-06-11 13:57:00,U1046,michelle.torres39,WKSTN-U1046,Excel,PROCESS_START,26.5,723
EP018455,2026-06-11 14:05:00,U1045,daniel.sanchez90,WKSTN-U1045,  Outlook ,PROCESS_START,5.5,652
EP006134,2026-06-11 14:03:00,U1016,patricia.thomas,WKSTN-U1016,teams.exe,PROCESS_START,11.5,96
EP020441,2026-06-11 14:14:00,U1050,michael.ramirez,WKSTN-U1050,outlook.exe,PROCESS_START,35.0,826
EP026048,2026-06-11 14:15:00,U1064,matthew.wright55,WKSTN-U1064,outlook.exe,PROCESS_START,20.7,654
EP039973,2026-06-11 14:13:00,U1097,mark.martinez10,WKSTN-U1097,explorer.exe,PROCESS_START,25.2,521
EP001770,2026-06-11 13:54:00,U1005,robert.robinson,WKSTN-U1005,Outlook,PROCESS_START,32.1,99
EP030478,2026-06-11 14:00:00,U1075,steven.lewis,WKSTN-U1075,explorer.exe,PROCESS_START,11.1,88
EP037862,2026-06-11 14:01:00,U1092,steven.thomas,WKSTN-U1092,teams.exe,PROCESS_START,20.5,793
EP018054,2026-06-11 13:57:00,U1044,lisa.ramirez9,  WKSTN-U1044 ,Excel,PROCESS_START,17.5,708
EP036075,2026-06-11 14:14:00,U1088,andrew.smith85,WKSTN-U1088,Wireshark,PROCESS_START,27.7,770
EP004892,2026-06-11 14:30:00,U1013,emily.smith,WKSTN-U1013,explorer.exe,PROCESS_START,25.6,
EP023251,2026-06-11 14:49:00,U1057,nancy.sanchez,WKSTN-U1057,Salesforce,PROCESS_START,20.3,647
EP000562,2026-06-11 14:45:00,U1002,donna.ramirez,WKSTN-U1002,notepad.exe,PROCESS_START,33.2,657
EP026441,2026-06-11 14:21:00,U1065,michael.ramirez47,WKSTN-U1065,teams.exe,PROCESS_START,6.9,447
EP007070,2026-06-11 14:36:00,U1018,betty.white57,WKSTN-U1018,VSCode,PROCESS_START,29.2,352
EP016068,2026-06-11 14:44:00,U1039,mark.thomas,WKSTN-U1039	,Excel,PROCESS_START,15.6,556
EP016468,2026-06-11 14:34:00,U1040,matthew.martin,WKSTN-U1040,Outlook,PROCESS_START,19.6,95
EP014076,2026-06-11 14:44:00,U1034,thomas.allen63,WKSTN-U1034,notepad.exe,PROCESS_START,8.3,718
EP031650,2026-06-11 14:42:00,U1078,michelle.miller,WKSTN-U1078,DocuSign,PROCESS_START,17.2,843
EP004474,2026-06-11 14:38:00,U1012,linda.martinez,WKSTN-U1012,EXCEL,PROCESS_START,34.4,752
EP024837,2026-06-11 14:40:00,U1061,jessica.rodriguez,WKSTN-U1061,Chrome,PROCESS_START,10.0,441
EP026870,2026-06-11 14:50:00,U1066,michelle.wright62,,Word,PROCESS_START,20.9,798
EP034242,2026-06-11 14:41:00,U1084,joshua.taylor,,explorer.exe,PROCESS_START,2.4,334
EP027631,2026-06-11 14:47:00,U1068,susan.thompson34,WKSTN-U1068,Outlook,PROCESS_START,14.8,369
EP009336,2026-06-11 14:49:00,U1023,richard.wright,WKSTN-U1023,chrome.exe,PROCESS_START,25.6,394
EP001375,2026-06-11 14:50:00,U1004,elizabeth.wilson98,WKSTN-U1004,Outlook,PROCESS_START,11.9,
EP037410,2026-06-11 14:36:00,U1091,linda.robinson,WKSTN-U1091,teams.exe,PROCESS_START,12.1,557
EP003323,2026-06-11 14:41:00,U1009,daniel.brown,WKSTN-U1009,outlook.exe,PROCESS_START,31.5,103
EP034239,2026-06-11 14:26:00,U1084,joshua.taylor,WKSTN-U1084,Chrome,PROCESS_START,10.2,111
EP016866,2026-06-11 14:47:00,U1041,  matthew.allen52 ,WKSTN-U1041,chrome.exe,PROCESS_START,27.3,480
EP020050,2026-06-11 14:22:00,U1049,michelle.jones59,WKSTN-U1049,outlook.exe,PROCESS_START,30.7,531
EP002172,2026-06-11 14:21:00,U1006,george.gonzalez,WKSTN-U1006,,PROCESS_START,7.7,803
EP035151,2026-06-11 14:45:00,U1086,steven.thompson53,WKSTN-U1086,teams.exe,PROCESS_START,33.8,602
EP014077,2026-06-11 14:38:00,U1034,thomas.allen63,WKSTN-U1034,CHROME,PROCESS_START,32.9,785
EP016871,2026-06-11 14:23:00,U1041,matthew.allen52,WKSTN-U1041,teams.exe,PROCESS_START,12.0,357
EP020049,2026-06-11 14:58:00,U1049,michelle.jones59,WKSTN-U1049,Excel,PROCESS_START,21.8,140
EP028044,2026-06-11 14:53:00,U1069,jessica.clark,WKSTN-U1069,Chrome,PROCESS_START,25.6,446
EP004472,2026-06-11 15:10:00,U1012,linda.martinez,WKSTN-U1012,SAP,PROCESS_START,4.1,668
EP031251,2026-06-11 15:09:00,U1077,,WKSTN-U1077,notepad.exe,PROCESS_START,5.4,594
EP030866,2026-06-11 14:52:00,U1076,john.torres,WKSTN-U1076,explorer.exe,PROCESS_START,14.1,647
EP010230,2026-06-11 15:02:00,U1025,betty.brown22,WKSTN-U1025,Git,PROCESS_START,17.6,816
EP020853,2026-06-11 15:01:00,U1051,sandra.king72,WKSTN-U1051,Chrome	,PROCESS_START,19.0,599
EP003322,2026-06-11 15:10:00,U1009,  daniel.brown ,WKSTN-U1009,Excel,PROCESS_START,28.4,406
EP007071,2026-06-11 14:58:00,U1018,betty.white57,WKSTN-U1018,outlook.exe,,30.2,135
EP014866,2026-06-11 14:56:00,U1036,linda.jones,WKSTN-U1036,explorer.exe,PROCESS_START,21.7,501
EP004081,2026-06-11 15:11:00,U1011,donna.ramirez75,WKSTN-U1011,notepad.exe,PROCESS_START,4.5,596
EP029276,2026-06-11 15:07:00,U1072,kenneth.lopez,WKSTN-U1072,outlook.exe,PROCESS_START,19.8,753
EP028886,2026-06-11 14:54:00,U1071,matthew.robinson35,WKSTN-U1071,teams.exe,PROCESS_START,18.2,302
EP004890,2026-06-11 14:51:00,U1013,emily.smith,WKSTN-U1013,explorer.exe,PROCESS_START,10.6,488
EP030479,2026-06-11 15:04:00,U1075,steven.lewis,WKSTN-U1075,Outlook,PROCESS_START,,864
EP024048,2026-06-11 15:05:00,U1059,daniel.perez98,WKSTN-U1059,Salesforce,PROCESS_START,8.8,602
EP019686,2026-06-11 15:06:00,U1048,jennifer.thomas87,WKSTN-U1048,Chrome,PROCESS_START,21.9,300
EP017670,2026-06-11 15:01:00,U1043,thomas.williams91,WKSTN-U1043,Workday,PROCESS_START,2.9,587
EP018452,2026-06-11 15:04:00,U1045,daniel.sanchez90,  WKSTN-U1045 ,Chrome,PROCESS_START,19.5,678
EP004471,2026-06-11 15:07:00,U1012,linda.martinez,WKSTN-U1012,outlook.exe,PROCESS_START,22.8,
EP032067,2026-06-11 15:03:00,U1079,emily.jones,WKSTN-U1079,notepad.exe,PROCESS_START,25.5,
EP041125,2026-06-11 15:09:00,U1100,daniel.brown38,WKSTN-U1100,outlook.exe,PROCESS_START,34.0,251
EP026044,2026-06-11 14:56:00,U1064,matthew.wright55,WKSTN-U1064,chrome.exe,PROCESS_START,2.3,565
EP025256,2026-06-11 15:09:00,U1062,william.martin,WKSTN-U1062,Chrome,PROCESS_START,22.4,574
EP026869,2026-06-11 14:54:00,U1066,michelle.wright62,WKSTN-U1066,Outlook,PROCESS_START,18.3,488
EP013295,2026-06-11 15:19:00,U1032,paul.wright91,WKSTN-U1032,notepad.exe,PROCESS_START,18.4,349
EP007069,2026-06-11 15:14:00,U1018,betty.white57,WKSTN-U1018,outlook.exe,PROCESS_START,6.9,224
EP015677,2026-06-11 15:15:00,U1038,emily.clark,WKSTN-U1038,NOTEPAD.EXE,PROCESS_START,29.0,760
EP003718,2026-06-11 15:20:00,U1010,susan.young51,WKSTN-U1010,Chrome,PROCESS_START,19.2,639
EP016867,2026-06-11 15:36:00,U1041,matthew.allen52,,outlook.exe,PROCESS_START,8.7,714
EP002173,2026-06-11 15:20:00,U1006,GEORGE.GONZALEZ,WKSTN-U1006,Excel,PROCESS_START,24.8,594
EP033352,2026-06-11 15:34:00,U1082,karen.hill96,  WKSTN-U1082 ,explorer.exe,PROCESS_START,24.3,352
EP024441,2026-06-11 15:50:00,U1060,matthew.anderson,WKSTN-U1060,Chrome	,PROCESS_START,15.3,825
EP020445,2026-06-11 15:32:00,U1050,michael.ramirez,WKSTN-U1050,teams.exe,PROCESS_START,13.9,386
EP023641,2026-06-11 15:18:00,U1058,jennifer.ramirez18,WKSTN-U1058,teams.exe,PROCESS_START,15.3,735
EP008883,2026-06-11 15:15:00,U1022,sandra.brown,WKSTN-U1022,outlook.exe,PROCESS_START,31.9,393
EP004891,2026-06-11 15:48:00,U1013,emily.smith,WKSTN-U1013,Chrome,PROCESS_START,27.4,201
EP010678,2026-06-11 15:19:00,U1026,elizabeth.gonzalez,WKSTN-U1026,teams.exe,PROCESS_START,7.3,713
EP008881,2026-06-11 15:37:00,U1022,sandra.brown,WKSTN-U1022,notepad.exe,PROCESS_START,18.2,182
EP033353,2026-06-11 15:39:00,U1082,karen.hill96,WKSTN-U1082,Terminal,PROCESS_START,28.2,562
EP025655,2026-06-11 15:36:00,U1063,john.nguyen,WKSTN-U1063,TEAMS.EXE,PROCESS_START,6.2,270
EP023250,2026-06-11 15:22:00,U1057,nancy.sanchez,WKSTN-U1057,Excel,PROCESS_START,18.9,314
EP004077,2026-06-11 15:29:00,U1011,donna.ramirez75,WKSTN-U1011,chrome.exe,PROCESS_START,7.0,431
EP026046,2026-06-11 15:22:00,U1064,matthew.wright55,WKSTN-U1064,explorer.exe,PROCESS_START,10.0,224
EP039149,2026-06-11 15:38:00,U1095,richard.thomas74,WKSTN-U1095,Zoom	,PROCESS_START,23.9,871
EP032920,2026-06-11 15:14:00,U1081,margaret.davis,WKSTN-U1081,outlook.exe,PROCESS_START,9.5,891
EP010229,2026-06-11 15:32:00,U1025,betty.brown22,WKSTN-U1025,Chrome,PROCESS_START,8.2,640
EP023640,2026-06-11 15:18:00,U1058,jennifer.ramirez18,WKSTN-U1058,Chrome,,6.0,446
EP003720,2026-06-11 15:16:00,U1010,susan.young51,WKSTN-U1010,Chrome,PROCESS_START,27.1,759
EP028463,2026-06-11 15:18:00,U1070,betty.thomas40,WKSTN-U1070,outlook.exe,PROCESS_START,3.3,597
EP029666,2026-06-11 16:05:00,U1073,michael.gonzalez,WKSTN-U1073,Chrome,PROCESS_START,4.7,779
EP019688,2026-06-11 16:07:00,U1048,JENNIFER.THOMAS87,WKSTN-U1048,teams.exe,PROCESS_START,20.9,417
EP003719,2026-06-11 16:31:00,U1010,susan.young51	,WKSTN-U1010,explorer.exe,PROCESS_START,1.6,830
EP025255,2026-06-11 16:06:00,U1062,william.martin,WKSTN-U1062,Outlook,PROCESS_START,21.0,541
EP012015,2026-06-11 15:59:00,U1029,michelle.garcia54,WKSTN-U1029,VSCode,PROCESS_START,27.9,683
EP018056,2026-06-11 16:13:00,U1044,lisa.ramirez9,WKSTN-U1044,outlook.exe,PROCESS_START,,-839.0
EP024838,2026-06-11 16:24:00,U1061,  jessica.rodriguez ,WKSTN-U1061,outlook.exe,PROCESS_START,5.9,785
EP022053,2026-06-11 16:17:00,U1054,anthony.martinez,WKSTN-U1054,Chrome,PROCESS_START,10.9,405
EP008419,2026-06-11 16:06:00,U1021,jessica.walker,WKSTN-U1021,explorer.exe,PROCESS_START,28.9,382
EP018057,2026-06-11 16:00:00,U1044,lisa.ramirez9,WKSTN-U1044,chrome.exe,PROCESS_START,5.8,823
EP011128,2026-06-11 16:00:00,U1027,patricia.brown75,WKSTN-U1027,VSCode,,4.3,376
EP011130,2026-06-11 15:53:00,U1027,patricia.brown75,WKSTN-U1027,chrome.exe,PROCESS_START,22.0,241
EP028459,2026-06-11 16:11:00,U1070,betty.thomas40,WKSTN-U1070,explorer.exe,PROCESS_START,12.4,144
EP005715,2026-06-11 16:01:00,U1015,  lisa.hernandez ,WKSTN-U1015,teams.exe,PROCESS_START,20.5,826
EP018866,2026-06-11 16:08:00,U1046,michelle.torres39,  WKSTN-U1046 ,Excel,PROCESS_START,11.5,897
EP039968,2026-06-11 16:05:00,U1097,mark.martinez10,WKSTN-U1097,Chrome,PROCESS_START,8.9,355
EP009332,2026-06-11 15:56:00,U1023,richard.wright,WKSTN-U1023,explorer.exe,,25.1,899
EP029280,2026-06-11 15:54:00,U1072,kenneth.lopez,WKSTN-U1072,Outlook,PROCESS_START,1.6,430
EP023248,2026-06-11 16:28:00,U1057,nancy.sanchez,WKSTN-U1057,teams.exe,PROCESS_START,29.2,719
EP022850,2026-06-11 15:59:00,U1056,anthony.clark,WKSTN-U1056,outlook.exe,PROCESS_START,2.6,635
EP038740,2026-06-11 16:19:00,U1094,elizabeth.lewis69,WKSTN-U1094,explorer.exe,PROCESS_START,12.0,692
EP035149,2026-06-11 16:36:00,U1086,steven.thompson53,WKSTN-U1086,,PROCESS_START,18.6,
EP024049,2026-06-11 16:01:00,U1059,daniel.perez98,WKSTN-U1059,explorer.exe,PROCESS_START,6.9,675
EP023252,2026-06-11 16:29:00,U1057,nancy.sanchez,WKSTN-U1057,Salesforce,PROCESS_START,6.3,740
EP024840,2026-06-11 16:04:00,U1061,jessica.rodriguez,WKSTN-U1061,chrome.exe,PROCESS_START,2.7,388
EP010232,2026-06-11 16:54:00,U1025,betty.brown22,WKSTN-U1025,explorer.exe,PROCESS_START,2.2,835
EP029279,2026-06-11 16:42:00,U1072,kenneth.lopez,WKSTN-U1072,Chrome,PROCESS_START,25.7,470
EP025657,2026-06-11 17:55:00,U1063,,,Chrome,PROCESS_START,6.6,790
EP040363,2026-06-11 16:49:00,U1098,nancy.wright49,WKSTN-U1098,Zoom,PROCESS_START,6.7,619
EP032068,2026-06-11 16:39:00,U1079,emily.jones,WKSTN-U1079,Active Directory Console,PROCESS_START,1.3,506
EP030071,2026-06-11 16:51:00,U1074,sarah.williams7,WKSTN-U1074,chrome.exe,PROCESS_START,28.3,211
EP014476,2026-06-11 17:10:00,U1035,nancy.rodriguez82,WKSTN-U1035,Workday,PROCESS_START,20.7,256
EP036960,2026-06-11 16:39:00,U1090,mary.hill,WKSTN-U1090,Slack,PROCESS_START,21.9,653
EP035152,2026-06-11 16:47:00,U1086,steven.thompson53,WKSTN-U1086,Terminal,PROCESS_START,6.4,363
EP005713,2026-06-11 16:50:00,U1015,lisa.hernandez,WKSTN-U1015,Outlook,PROCESS_START,3.7,848
EP008421,2026-06-11 16:45:00,U1021,jessica.walker,WKSTN-U1021,explorer.exe,PROCESS_START,33.4,291
EP039552,2026-06-11 17:37:00,U1096,david.allen76,WKSTN-U1096,PowerPoint,PROCESS_START,19.1,683
EP040364,2026-06-11 17:16:00,U1098,nancy.wright49,WKSTN-U1098,Chrome,PROCESS_START,14.1,716
EP008879,2026-06-11 16:55:00,U1022,sandra.brown,WKSTN-U1022,explorer.exe,PROCESS_START,27.7,166
EP011131,2026-06-11 16:40:00,U1027,patricia.brown75,WKSTN-U1027,Jenkins,PROCESS_START,33.3,773
EP022848,2026-06-11 16:43:00,U1056,anthony.clark,WKSTN-U1056,notepad.exe,PROCESS_START,2.2,878
EP028461,2026-06-11 18:07:00,U1070,betty.thomas40,WKSTN-U1070,Word,PROCESS_START,16.0,542
EP039150,2026-06-11 18:02:00,U1095,richard.thomas74,WKSTN-U1095,explorer.exe,process_start,8.7,146
EP039551,2026-06-11 17:49:00,U1096,david.allen76,WKSTN-U1096,PowerPoint,PROCESS_START,,683
EP009334,2026-06-11 16:37:00,U1023,richard.wright,WKSTN-U1023,Docker Desktop,PROCESS_START,29.3,527
EP032066,2026-06-11 18:01:00,U1079,  emily.jones ,WKSTN-U1079,Chrome,PROCESS_START,13.0,799
EP019689,2026-06-11 16:44:00,U1048,,,chrome.exe,PROCESS_START,7.3,214
EP028067,2026-06-12 07:19:00,U1069,jessica.clark,WKSTN-U1069,teams.exe,PROCESS_START,11.1,486
EP024442,2026-06-11 17:38:00,U1060,matthew.anderson,WKSTN-U1060,teams.exe,PROCESS_START,5.6,625
EP033351,2026-06-11 16:55:00,U1082,karen.hill96,WKSTN-U1082,Terminal	,PROCESS_START,25.7,301
EP041142,2026-06-12 08:33:00,U1100,daniel.brown38,WKSTN-U1100,zoom,PROCESS_START,16.6,514
EP039170,2026-06-12 07:37:00,U1095,richard.thomas74,WKSTN-U1095,teams.exe,PROCESS_START,17.1,528
EP020872,2026-06-12 07:36:00,U1051,sandra.king72,WKSTN-U1051,chrome.exe,PROCESS_START,2.3,401
EP024856,2026-06-12 07:42:00,U1061,jessica.rodriguez,,explorer.exe,PROCESS_START,7.7,583
EP004913,2026-06-12 07:50:00,U1013,emily.smith,WKSTN-U1013,chrome.exe,PROCESS_START,14.5,794
EP028480,2026-06-12 08:30:00,U1070,betty.thomas40,WKSTN-U1070,Word,PROCESS_START,11.5,516
EP018885,2026-06-12 08:05:00,U1046,michelle.torres39,WKSTN-U1046,notepad.exe,PROCESS_START,2.3,708
EP037424,2026-06-12 08:32:00,U1091,linda.robinson,WKSTN-U1091,explorer.exe,PROCESS_START,15.2,728
EP000995,2026-06-12 08:16:00,U1003,kenneth.clark29,WKSTN-U1003,teams.exe,PROCESS_START,12.5,857
EP008439,2026-06-12 08:23:00,U1021,jessica.walker,WKSTN-U1021,Jenkins,PROCESS_START,4.3,197
EP014491,2026-06-12 08:29:00,U1035,nancy.rodriguez82,WKSTN-U1035,Workday,PROCESS_START,28.8,293
EP018887,2026-06-12 08:08:00,U1046,,WKSTN-U1046,teams.exe,PROCESS_START,10.6,225
EP014881,2026-06-12 08:29:00,U1036,linda.jones,WKSTN-U1036,  chrome.exe ,PROCESS_START,32.3,435
EP005734,2026-06-12 07:40:00,U1015,lisa.hernandez,WKSTN-U1015,teams.exe,PROCESS_START,25.4,520
EP034264,2026-06-12 08:14:00,U1084,joshua.taylor,WKSTN-U1084,PuTTY,,16.4,755
EP020867,2026-06-12 07:55:00,U1051,sandra.king72,WKSTN-U1051,Zoom,PROCESS_START,9.1,
EP003338,2026-06-12 07:33:00,U1009,daniel.brown,WKSTN-U1009,Excel,PROCESS_START,7.0,282
EP002191,2026-06-12 07:46:00,U1006,george.gonzalez,WKSTN-U1006,teams.exe,PROCESS_START,33.9,750
EP005735,2026-06-12 07:37:00,U1015,lisa.hernandez,WKSTN-U1015,QuickBooks,PROCESS_START,30.3,554
EP030493,2026-06-12 07:43:00,U1075,steven.lewis,WKSTN-U1075,Outlook,PROCESS_START,3.4,459
EP036094,2026-06-12 07:56:00,U1088,andrew.smith85,WKSTN-U1088,Slack,PROCESS_START,7.5,498
EP041143,2026-06-12 08:00:00,U1100,DANIEL.BROWN38,WKSTN-U1100,Zoom,PROCESS_START,15.7,758
EP001781,2026-06-12 07:45:00,U1005,robert.robinson,WKSTN-U1005,explorer.exe,PROCESS_START,24.7,223
EP036524,2026-06-12 07:54:00,U1089,paul.brown27,WKSTN-U1089,PuTTY,PROCESS_START,25.0,221
EP017685,2026-06-12 07:52:00,U1043,  thomas.williams91 ,WKSTN-U1043,teams.exe,PROCESS_START,26.6,815
EP001783,2026-06-12 08:47:00,U1005,robert.robinson,WKSTN-U1005,teams.exe,PROCESS_START,18.2,405
EP030883,2026-06-12 08:52:00,U1076,john.torres,WKSTN-U1076,chrome.exe,PROCESS_START,8.9,473
EP040771,2026-06-12 09:03:00,U1099,joseph.garcia,WKSTN-U1099,Excel,PROCESS_START,19.0,623
EP024460,2026-06-12 09:08:00,U1060,matthew.anderson,WKSTN-U1060,Excel,PROCESS_START,17.2,177
EP031266,2026-06-12 08:50:00,U1077,kimberly.harris58,WKSTN-U1077,Chrome,PROCESS_START,8.5,175
EP012896,2026-06-12 08:50:00,U1031,john.wright28,WKSTN-U1031,chrome.exe,PROCESS_START,19.5,486
EP026891,2026-06-12 08:39:00,U1066,michelle.wright62,WKSTN-U1066,explorer.exe,PROCESS_START,23.5,689
EP033372,2026-06-12 09:15:00,U1082,karen.hill96	,WKSTN-U1082,outlook.exe,PROCESS_START,4.5,808
EP028478,2026-06-12 08:36:00,U1070,betty.thomas40,WKSTN-U1070,Word,PROCESS_START,3.9,210
EP002948,2026-06-12 08:38:00,U1008,joshua.hernandez,WKSTN-U1008,Outlook,PROCESS_START,30.9,657
EP040767,2026-06-12 08:37:00,U1099,joseph.garcia,WKSTN-U1099	,PowerPoint,PROCESS_START,25.7,474
EP006152,2026-06-12 08:34:00,U1016,patricia.thomas,WKSTN-U1016,teams.exe,PROCESS_START,17.9,399
EP000997,2026-06-12 08:48:00,U1003,kenneth.clark29,,outlook.exe	,PROCESS_START,27.9,208
EP010254,2026-06-12 08:36:00,U1025,betty.brown22,WKSTN-U1025,Docker Desktop,PROCESS_START,16.4,271
EP020066,2026-06-12 08:57:00,U1049,michelle.jones59,WKSTN-U1049,chrome.exe,PROCESS_START,33.1,768
EP035601,2026-06-12 08:50:00,U1087,  charles.sanchez ,WKSTN-U1087	,PuTTY,PROCESS_START,15.9,884
EP031268,2026-06-12 09:15:00,U1077,kimberly.harris58,WKSTN-U1077,outlook.exe,PROCESS_START,11.9,488
EP039165,2026-06-12 08:55:00,U1095,richard.thomas74,WKSTN-U1095,Excel,PROCESS_START,22.9,620
EP024062,2026-06-12 09:15:00,U1059,daniel.perez98,WKSTN-U1059,Chrome,PROCESS_START,9.6,827
EP014492,2026-06-12 09:01:00,U1035,nancy.rodriguez82,WKSTN-U1035,  Chrome ,PROCESS_START,34.5,637
EP027650,2026-06-12 08:50:00,U1068,susan.thompson34,WKSTN-U1068,Chrome,PROCESS_START,29.1,245
EP036095,2026-06-12 09:05:00,U1088,andrew.smith85,WKSTN-U1088,teams.exe,PROCESS_START,28.0,604
EP025673,2026-06-12 08:52:00,U1063,john.nguyen,WKSTN-U1063,Word,PROCESS_START,18.7,381
EP008443,2026-06-12 08:41:00,U1021,jessica.walker,WKSTN-U1021	,chrome.exe,PROCESS_START,4.7,95
EP034261,2026-06-12 08:34:00,U1084,joshua.taylor,WKSTN-U1084,,PROCESS_START,32.9,754
EP030495,2026-06-12 09:34:00,U1075,steven.lewis,WKSTN-U1075,notepad.exe,PROCESS_START,10.0,365
EP005330,2026-06-12 09:40:00,U1014,james.taylor,WKSTN-U1014,outlook.exe,PROCESS_START,27.2,539
EP019706,2026-06-12 09:30:00,U1048,jennifer.thomas87,  WKSTN-U1048 ,explorer.exe,PROCESS_START,6.0,339
EP040772,2026-06-12 09:24:00,U1099,,WKSTN-U1099,Outlook,PROCESS_START,28.2,623
EP024061,2026-06-12 09:32:00,U1059,daniel.perez98,WKSTN-U1059,notepad.exe,PROCESS_START,6.1,543
EP030087,2026-06-12 09:30:00,U1074,sarah.williams7,WKSTN-U1074,chrome.exe,PROCESS_START,9.4,
EP005332,2026-06-12 09:38:00,U1014,james.taylor,WKSTN-U1014,Outlook,PROCESS_START,21.1,863
EP022071,2026-06-12 09:34:00,U1054,anthony.martinez,WKSTN-U1054,,PROCESS_START,3.6,267
EP028901,2026-06-12 09:28:00,U1071,matthew.robinson35,WKSTN-U1071,Outlook,PROCESS_START,2.8,367
EP016887,2026-06-12 09:34:00,U1041,matthew.allen52,WKSTN-U1041,notepad.exe,PROCESS_START,1.1,518
EP032090,2026-06-12 09:37:00,U1079,emily.jones,  WKSTN-U1079 ,PuTTY,PROCESS_START,31.8,705
EP024063,2026-06-12 09:40:00,U1059,daniel.perez98,WKSTN-U1059,outlook.exe,PROCESS_START,22.7,393
EP026892,2026-06-12 09:28:00,U1066,  michelle.wright62 ,WKSTN-U1066,chrome.exe,PROCESS_START,18.0,319
EP026888,2026-06-12 09:23:00,U1066,michelle.wright62,WKSTN-U1066,notepad.exe,PROCESS_START,21.2,623
EP020463,2026-06-12 09:37:00,U1050,michael.ramirez,WKSTN-U1050,explorer.exe,PROCESS_START,5.0,619
EP019296,2026-06-12 09:18:00,U1047,sandra.lewis,WKSTN-U1047,chrome.exe,PROCESS_START,11.8,775
EP020071,2026-06-12 09:24:00,U1049,michelle.jones59,WKSTN-U1049,outlook.exe,PROCESS_START,26.2,841
EP016081,2026-06-12 09:36:00,U1039,mark.thomas,WKSTN-U1039,,PROCESS_START,29.6,894
EP020868,2026-06-12 09:36:00,U1051,sandra.king72,WKSTN-U1051,,PROCESS_START,4.6,172
EP025672,2026-06-12 09:24:00,U1063,john.nguyen,WKSTN-U1063,OUTLOOK.EXE,PROCESS_START,21.5,134
EP020069,2026-06-12 09:33:00,U1049,michelle.jones59,WKSTN-U1049,chrome.exe,PROCESS_START,15.8,175
EP004099,2026-06-12 09:23:00,U1011,donna.ramirez75,WKSTN-U1011	,notepad.exe,PROCESS_START,7.0,472
EP031670,2026-06-12 09:23:00,U1078,michelle.miller,WKSTN-U1078,Chrome,PROCESS_START,7.8,181
EP029302,2026-06-12 09:17:00,U1072,kenneth.lopez,WKSTN-U1072,explorer.exe,PROCESS_START,12.2,139
EP024860,2026-06-12 09:35:00,U1061,jessica.rodriguez,WKSTN-U1061,notepad.exe,PROCESS_START,23.8,692
EP010699,2026-06-12 09:59:00,U1026,elizabeth.gonzalez,WKSTN-U1026,VSCode,PROCESS_START,32.1,647
EP039168,2026-06-12 09:50:00,U1095,richard.thomas74,WKSTN-U1095,Chrome	,PROCESS_START,3.3,576
EP006626,2026-06-12 10:09:00,U1017,emily.hernandez34,WKSTN-U1017,notepad.exe,PROCESS_START,24.3,550
EP035172,2026-06-12 10:06:00,U1086,steven.thompson53,WKSTN-U1086,,PROCESS_START,4.0,174
EP005736,2026-06-12 10:13:00,U1015,lisa.hernandez,WKSTN-U1015,chrome.exe,PROCESS_START,32.8,757
EP001393,2026-06-12 09:55:00,U1004,elizabeth.wilson98,WKSTN-U1004,notepad.exe,PROCESS_START,10.7,250
EP021655,2026-06-12 09:43:00,U1053,john.jackson31,WKSTN-U1053,outlook.exe,PROCESS_START,25.0,779
EP029300,2026-06-12 09:41:00,U1072,kenneth.lopez,WKSTN-U1072,Chrome,PROCESS_START,17.1,812
EP010250,2026-06-12 10:14:00,U1025,betty.brown22,WKSTN-U1025,Jenkins,PROCESS_START,33.1,592
EP013716,2026-06-12 09:47:00,U1033,linda.miller,WKSTN-U1033,explorer.exe,PROCESS_START,5.7,892
EP025275,2026-06-12 10:06:00,U1062,william.martin,WKSTN-U1062,Outlook,PROCESS_START,17800.0,370
EP024060,2026-06-12 10:07:00,U1059,daniel.perez98,WKSTN-U1059,Salesforce,PROCESS_START,31.6,312
EP002950,2026-06-12 09:46:00,U1008,joshua.hernandez,WKSTN-U1008,teams.exe,PROCESS_START,22.6,566
EP022865,2026-06-12 10:13:00,U1056,anthony.clark,WKSTN-U1056,teams.exe,PROCESS_START,33.9,758
EP020461,2026-06-12 09:48:00,U1050,michael.ramirez,WKSTN-U1050,explorer.exe,PROCESS_START,8.7,
EP028068,2026-06-12 10:06:00,U1069,jessica.clark,WKSTN-U1069,chrome.exe,PROCESS_START,24.1,723
EP008441,2026-06-12 09:51:00,U1021,jessica.walker,WKSTN-U1021,explorer.exe,PROCESS_START,22.2,659
EP020869,2026-06-12 09:58:00,U1051,sandra.king72,WKSTN-U1051,Zoom,PROCESS_START,N/A,782
EP012892,2026-06-12 09:57:00,U1031,john.wright28,WKSTN-U1031,teams.exe,PROCESS_START,23.9,827
EP026068,2026-06-12 10:10:00,U1064,matthew.wright55,WKSTN-U1064,explorer.exe,PROCESS_START,8.1,199
EP018889,2026-06-12 10:11:00,U1046,michelle.torres39,WKSTN-U1046,Chrome,PROCESS_START,33.8,218
EP007557,2026-06-12 10:11:00,U1019,donna.anderson,WKSTN-U1019,Jenkins,process_start,8.8,191
EP012039,2026-06-12 09:57:00,U1029,,WKSTN-U1029,Jenkins,PROCESS_START,28.8,899
EP001395,2026-06-12 10:13:00,U1004,elizabeth.wilson98,WKSTN-U1004,QuickBooks,PROCESS_START,29.5,789
EP035603,2026-06-12 10:02:00,U1087,charles.sanchez,WKSTN-U1087,Wireshark,PROCESS_START,19.9,449
EP023664,2026-06-12 10:34:00,U1058,jennifer.ramirez18,WKSTN-U1058,chrome.exe,PROCESS_START,21.4,628
EP031265,2026-06-12 10:21:00,U1077,kimberly.harris58,WKSTN-U1077,teams.exe,PROCESS_START,31.4,313
EP026070,2026-06-12 10:16:00,U1064,  matthew.wright55 ,WKSTN-U1064,outlook.exe,PROCESS_START,28.9,805
EP027275,2026-06-12 10:46:00,U1067,  paul.thomas97 ,  WKSTN-U1067 ,Word,PROCESS_START,5.0,529
EP021657,2026-06-12 10:41:00,U1053,john.jackson31	,WKSTN-U1053,Excel,PROCESS_START,28.6,877
EP008903,2026-06-12 10:22:00,U1022,sandra.brown,WKSTN-U1022,VSCode,PROCESS_START,24.7,340
EP007091,2026-06-12 10:15:00,U1018,betty.white57,WKSTN-U1018,teams.exe,PROCESS_START,14.9,125
EP019298,2026-06-12 10:20:00,U1047,sandra.lewis,WKSTN-U1047,teams.exe,PROCESS_START,5.5,733
EP006150,2026-06-12 10:23:00,U1016,patricia.thomas,WKSTN-U1016,Git,PROCESS_START,14.8,
EP014885,2026-06-12 10:19:00,U1036,linda.jones,WKSTN-U1036,explorer.exe,PROCESS_START,2.4,896
EP007092,2026-06-12 10:44:00,U1018,betty.white57,WKSTN-U1018,chrome.exe,PROCESS_START,27.3,348
EP031269,2026-06-12 10:39:00,U1077,kimberly.harris58,,Chrome,PROCESS_START,33.6,185
EP040768,2026-06-12 10:42:00,U1099,joseph.garcia,WKSTN-U1099,Outlook,PROCESS_START,17.2,396
EP014092,2026-06-12 10:14:00,U1034,thomas.allen63,WKSTN-U1034,Outlook,PROCESS_START,29.4,482
EP026065,2026-06-12 10:40:00,U1064,matthew.wright55,WKSTN-U1064,chrome.exe,PROCESS_START,9.8,435
EP013719,2026-06-12 10:40:00,U1033,linda.miller,WKSTN-U1033,Chrome,PROCESS_START,33.4,513
EP035174,2026-06-12 10:33:00,U1086,steven.thompson53,WKSTN-U1086,Wireshark,PROCESS_START,21.7,377
EP014883,2026-06-12 10:47:00,U1036,linda.jones,  WKSTN-U1036 ,explorer.exe,PROCESS_START,,894
EP000580,2026-06-12 10:29:00,U1002,donna.ramirez,WKSTN-U1002,Outlook,PROCESS_START,12.8,407
EP014096,2026-06-12 10:30:00,U1034,thomas.allen63,WKSTN-U1034,Outlook,PROCESS_START,8.1,512
EP000579,2026-06-12 10:43:00,U1002,donna.ramirez,WKSTN-U1002,  chrome.exe ,PROCESS_START,5.8,843
EP008006,2026-06-12 10:45:00,U1020,andrew.thomas36,WKSTN-U1020,VSCode,PROCESS_START,8.7,330
EP013318,2026-06-12 10:25:00,U1032,paul.wright91,WKSTN-U1032,teams.exe,PROCESS_START,22.3,496
EP030494,2026-06-12 10:32:00,U1075,steven.lewis,WKSTN-U1075,Outlook,PROCESS_START,28.3,288
EP027651,2026-06-12 10:40:00,U1068,susan.thompson34,WKSTN-U1068,notepad.exe,PROCESS_START,22.0,224
EP031264,2026-06-12 11:04:00,U1077,kimberly.harris58,WKSTN-U1077,notepad.exe,PROCESS_START,22.8,769
EP022486,2026-06-12 11:07:00,U1055,patricia.wilson54,WKSTN-U1055,Salesforce,PROCESS_START,6.7,774
EP007558,2026-06-12 11:05:00,U1019,donna.anderson,WKSTN-U1019,teams.exe,PROCESS_START,1.9,296
EP004914,2026-06-12 11:01:00,U1013,,WKSTN-U1013,QuickBooks,PROCESS_START,29.0,854
EP009350,2026-06-12 11:01:00,U1023,richard.wright,WKSTN-U1023,notepad.exe,PROCESS_START,19.6,316
EP026461,2026-06-12 11:07:00,U1065,michael.ramirez47,WKSTN-U1065,teams.exe,PROCESS_START,23.9,181
EP004490,2026-06-12 10:54:00,U1012,linda.martinez,WKSTN-U1012,notepad.exe,PROCESS_START,15.9,616
EP018470,2026-06-12 10:48:00,U1045,daniel.sanchez90,WKSTN-U1045,Excel,PROCESS_START,16.7,133
EP038309,2026-06-12 11:03:00,U1093,sarah.clark44,WKSTN-U1093,PuTTY,PROCESS_START,11.1,634
EP022489,2026-06-12 11:08:00,U1055,patricia.wilson54,WKSTN-U1055,explorer.exe,PROCESS_START,5.4,610
EP024858,2026-06-12 10:56:00,U1061,jessica.rodriguez,WKSTN-U1061,teams.exe,PROCESS_START,4.6,599
EP032944,2026-06-12 11:01:00,U1081,margaret.davis,WKSTN-U1081,chrome.exe,PROCESS_START,27.4,375
EP020067,2026-06-12 10:49:00,U1049,michelle.jones59,WKSTN-U1049,Zoom,PROCESS_START,13.8,219
EP007554,2026-06-12 10:49:00,U1019,donna.anderson,WKSTN-U1019,Chrome,PROCESS_START,8.7,318
EP022070,2026-06-12 10:53:00,U1054,anthony.martinez,WKSTN-U1054,explorer.exe,PROCESS_START,3.7,490
EP025675,2026-06-12 10:50:00,U1063,john.nguyen,WKSTN-U1063,explorer.exe,PROCESS_START,15.7,663
EP022867,2026-06-12 11:08:00,U1056,anthony.clark,WKSTN-U1056,Zoom,PROCESS_START,4.0,818
EP038756,2026-06-12 11:12:00,U1094,elizabeth.lewis69,WKSTN-U1094,notepad.exe,process_start,33.6,883
EP030496,2026-06-12 10:53:00,U1075,steven.lewis,WKSTN-U1075,,PROCESS_START,24.5,
EP030885,2026-06-12 10:51:00,U1076,john.torres,WKSTN-U1076,DocuSign,PROCESS_START,34.7,192
EP004915,2026-06-12 11:03:00,U1013,emily.smith,WKSTN-U1013,Outlook,PROCESS_START,30.2,261
EP000167,2026-06-12 11:10:00,U1001,linda.johnson95,WKSTN-U1001,SAP,PROCESS_START,3.6,732
EP004489,2026-06-12 10:58:00,U1012,linda.martinez,WKSTN-U1012,QuickBooks,PROCESS_START,3.3,383
EP029298,2026-06-12 10:52:00,U1072,kenneth.lopez,WKSTN-U1072,Outlook,PROCESS_START,17.5,807
EP022863,2026-06-12 10:49:00,U1056,anthony.clark,WKSTN-U1056,Excel,PROCESS_START,31.4,614
EP014093,2026-06-12 11:40:00,U1034,thomas.allen63	,WKSTN-U1034,teams.exe,PROCESS_START,30.3,585
EP011151,2026-06-12 11:28:00,U1027,patricia.brown75,WKSTN-U1027,outlook.exe,PROCESS_START,30.8,758
EP039568,2026-06-12 11:30:00,U1096,david.allen76,WKSTN-U1096,Zoom,PROCESS_START,23.0,195
EP012037,2026-06-12 11:13:00,U1029,michelle.garcia54,WKSTN-U1029,Chrome,PROCESS_START,22.6,518
EP020465,2026-06-12 11:14:00,U1050,michael.ramirez,WKSTN-U1050,outlook.exe,PROCESS_START,6.6,678
EP014490,2026-06-12 11:26:00,U1035,nancy.rodriguez82,WKSTN-U1035,notepad.exe,PROCESS_START,34.9,
EP008440,2026-06-12 11:38:00,U1021,jessica.walker,WKSTN-U1021,chrome.exe,PROCESS_START,6.0,174
EP012894,2026-06-12 11:23:00,U1031,john.wright28,WKSTN-U1031,Workday,PROCESS_START,21.9,
EP034265,2026-06-12 11:39:00,U1084,joshua.taylor,WKSTN-U1084,Slack,PROCESS_START,11.3,601
EP024859,2026-06-12 11:36:00,U1061,JESSICA.RODRIGUEZ,WKSTN-U1061,Chrome,PROCESS_START,14900.0,522
EP000998,2026-06-12 11:39:00,U1003,kenneth.clark29,WKSTN-U1003,Outlook,PROCESS_START,11.8,651
EP003336,2026-06-12 11:30:00,U1009,daniel.brown,WKSTN-U1009,Chrome,PROCESS_START,25.9,686
EP031669,2026-06-12 11:24:00,U1078,michelle.miller,WKSTN-U1078,chrome.exe,PROCESS_START,22.1,524
EP016888,2026-06-12 11:23:00,U1041,matthew.allen52,WKSTN-U1041,Outlook,PROCESS_START,1.9,145
EP024857,2026-06-12 11:14:00,U1061,jessica.rodriguez,WKSTN-U1061,Excel,PROCESS_START,1.2,674
EP028481,2026-06-12 11:36:00,U1070,betty.thomas40,WKSTN-U1070,Chrome,PROCESS_START,20.3,779
EP018077,2026-06-12 11:37:00,U1044,lisa.ramirez9,WKSTN-U1044,  Workday ,PROCESS_START,28.1,298
EP000581,2026-06-12 11:15:00,U1002,DONNA.RAMIREZ,WKSTN-U1002,Excel,PROCESS_START,28.9,766
EP028899,2026-06-12 11:15:00,U1071,matthew.robinson35,WKSTN-U1071,Word,PROCESS_START,30.2,468
EP013319,2026-06-12 11:34:00,U1032,,WKSTN-U1032,notepad.exe,PROCESS_START,20.4,556
EP010698,2026-06-12 11:15:00,U1026,elizabeth.gonzalez,WKSTN-U1026,outlook.exe,PROCESS_START,1.5,329
EP002949,2026-06-12 11:30:00,U1008,joshua.hernandez,WKSTN-U1008,Chrome,PROCESS_START,11.4,N/A
EP011611,2026-06-12 11:36:00,U1028,john.hill,WKSTN-U1028,notepad.exe,PROCESS_START,1.7,141
EP023663,2026-06-12 11:35:00,U1058,jennifer.ramirez18,WKSTN-U1058,Salesforce,PROCESS_START,30.7,192
EP037426,2026-06-12 11:16:00,U1091,linda.robinson,WKSTN-U1091,notepad.exe,PROCESS_START,8.1,800
EP037879,2026-06-12 11:48:00,U1092,steven.thomas,WKSTN-U1092,  explorer.exe ,PROCESS_START,16.8,630
EP009797,2026-06-12 11:56:00,U1024,emily.miller,,teams.exe,PROCESS_START,25.7,719
EP013315,2026-06-12 11:53:00,U1032,paul.wright91,WKSTN-U1032,notepad.exe,PROCESS_START,6.7,96
EP020070,2026-06-12 12:08:00,U1049,michelle.jones59,WKSTN-U1049,outlook.exe,PROCESS_START,29.5,835
EP014489,2026-06-12 11:49:00,U1035,nancy.rodriguez82,WKSTN-U1035,notepad.exe,PROCESS_START,30.9,397
EP002575,2026-06-12 11:43:00,U1007,sarah.robinson82,WKSTN-U1007,SAP,PROCESS_START,4.5,588
EP007556,2026-06-12 11:49:00,U1019,donna.anderson,WKSTN-U1019,notepad.exe,PROCESS_START,34.5,430
EP022487,2026-06-12 12:01:00,U1055,patricia.wilson54,WKSTN-U1055	,teams.exe,PROCESS_START,7.2,756
EP005733,2026-06-12 12:09:00,U1015,lisa.hernandez,  WKSTN-U1015 ,QuickBooks,PROCESS_START,34.0,122
EP019704,2026-06-12 12:05:00,U1048,jennifer.thomas87,WKSTN-U1048,OUTLOOK.EXE,PROCESS_START,6.0,703
EP032942,2026-06-12 12:04:00,U1081,margaret.davis,WKSTN-U1081,notepad.exe,PROCESS_START,18.5,706
EP028479,2026-06-12 11:50:00,U1070,betty.thomas40,WKSTN-U1070,chrome.exe,PROCESS_START,10.3,431
EP023264,2026-06-12 11:54:00,U1057,nancy.sanchez,WKSTN-U1057,  notepad.exe ,PROCESS_START,11.0,328
EP040770,2026-06-12 11:41:00,U1099,joseph.garcia,  WKSTN-U1099 ,outlook.exe,PROCESS_START,2.0,736
EP008905,2026-06-12 11:55:00,U1022,sandra.brown,WKSTN-U1022,explorer.exe,PROCESS_START,4.8,171
EP040381,2026-06-12 11:53:00,U1098,nancy.wright49,WKSTN-U1098,Chrome,,33.8,597
EP028066,2026-06-12 11:47:00,U1069,jessica.clark,WKSTN-U1069,Chrome,PROCESS_START,31.4,183
EP014488,2026-06-12 12:10:00,U1035,nancy.rodriguez82,WKSTN-U1035,notepad.exe,PROCESS_START,9.2,516
EP021656,2026-06-12 11:48:00,U1053,john.jackson31,WKSTN-U1053,chrome.exe,PROCESS_START,25.5,195
EP027276,2026-06-12 12:09:00,U1067,paul.thomas97,WKSTN-U1067,DocuSign,PROCESS_START,30.3,857
EP032093,2026-06-12 11:59:00,U1079,emily.jones,WKSTN-U1079,notepad.exe,PROCESS_START,18.9,358
EP019297,2026-06-12 11:44:00,U1047,sandra.lewis,WKSTN-U1047,Excel,,16.8,118
EP014094,2026-06-12 12:11:00,U1034,thomas.allen63,WKSTN-U1034,teams.exe,PROCESS_START,28.5,864
EP009353,2026-06-12 11:45:00,U1023,richard.wright,WKSTN-U1023,explorer.exe,PROCESS_START,32.3,763
EP032091,2026-06-12 12:01:00,U1079,emily.jones,WKSTN-U1079,notepad.exe,PROCESS_START,18.8,700
EP014884,2026-06-12 12:27:00,U1036,linda.jones,WKSTN-U1036,outlook.exe,PROCESS_START,-19.7,526
EP035605,2026-06-12 12:26:00,U1087,charles.sanchez,WKSTN-U1087,teams.exe,PROCESS_START,23.4,769
EP035173,2026-06-12 12:12:00,U1086,steven.thompson53,,PuTTY,PROCESS_START,30.8,421
EP015284,2026-06-12 12:15:00,U1037,ROBERT.MARTIN,WKSTN-U1037,explorer.exe,PROCESS_START,16.7,568
EP006629,2026-06-12 12:27:00,U1017,emily.hernandez34,  WKSTN-U1017 ,chrome.exe,PROCESS_START,4.3,157
EP039993,2026-06-12 12:15:00,U1097,mark.martinez10,WKSTN-U1097,explorer.exe,PROCESS_START,6.1,721
EP029299,2026-06-12 12:24:00,U1072,KENNETH.LOPEZ,WKSTN-U1072,DocuSign,PROCESS_START,34.8,188
EP005732,2026-06-12 12:20:00,U1015,lisa.hernandez,WKSTN-U1015,notepad.exe,PROCESS_START,8.9,194
EP000578,2026-06-12 12:32:00,U1002,donna.ramirez,WKSTN-U1002	,teams.exe,PROCESS_START,8.5,659
EP036093,2026-06-12 12:13:00,U1088,andrew.smith85,WKSTN-U1088,notepad.exe,PROCESS_START,5.1,580
EP020462,2026-06-12 12:20:00,U1050,michael.ramirez,WKSTN-U1050,explorer.exe,PROCESS_START,23.3,123
EP000168,2026-06-12 12:17:00,U1001,linda.johnson95,WKSTN-U1001,notepad.exe,PROCESS_START,18.4,847
EP012038,2026-06-12 12:34:00,U1029,michelle.garcia54,WKSTN-U1029,Docker Desktop,PROCESS_START,10600.0,845
EP038755,2026-06-12 12:28:00,U1094,elizabeth.lewis69,WKSTN-U1094,explorer.exe,PROCESS_START,33.2,181
EP022490,2026-06-12 12:33:00,U1055,patricia.wilson54,WKSTN-U1055,outlook.exe,PROCESS_START,20.4,681
EP020871,2026-06-12 12:18:00,U1051,sandra.king72,WKSTN-U1051,explorer.exe,PROCESS_START,29.6,136
EP018890,2026-06-12 12:31:00,U1046,michelle.torres39,WKSTN-U1046,Chrome,PROCESS_START,29.7,218
EP019295,2026-06-12 12:12:00,U1047,sandra.lewis,WKSTN-U1047,Excel,PROCESS_START,7.2,462
EP022488,2026-06-12 12:17:00,U1055,patricia.wilson54,WKSTN-U1055,  Excel ,PROCESS_START,33.7,395
EP018468,2026-06-12 12:25:00,U1045,daniel.sanchez90,WKSTN-U1045,explorer.exe,PROCESS_START,3.3,430
EP006628,2026-06-12 12:24:00,U1017,emily.hernandez34,WKSTN-U1017,Jenkins,PROCESS_START,9.2,514
EP037878,2026-06-12 12:20:00,U1092,steven.thomas,WKSTN-U1092,Wireshark,PROCESS_START,,415
EP033370,2026-06-12 12:26:00,U1082,karen.hill96,WKSTN-U1082,notepad.exe,PROCESS_START,7.0,170
EP022868,2026-06-12 12:32:00,U1056,,WKSTN-U1056,notepad.exe,process_start,8.0,847
EP008904,2026-06-12 12:18:00,U1022,sandra.brown,WKSTN-U1022,teams.exe,PROCESS_START,20.6,
EP041141,2026-06-12 12:53:00,U1100,daniel.brown38,,outlook.exe,PROCESS_START,23.0,228
EP028065,2026-06-12 12:50:00,U1069,JESSICA.CLARK,WKSTN-U1069,Word,PROCESS_START,12.4,472
EP024458,2026-06-12 12:45:00,U1060,matthew.anderson,WKSTN-U1060,Chrome,PROCESS_START,31.7,459
EP022072,2026-06-12 12:51:00,U1054,ANTHONY.MARTINEZ,WKSTN-U1054,Outlook,,32.0,894
EP004492,2026-06-12 12:40:00,U1012,linda.martinez,WKSTN-U1012,outlook.exe,PROCESS_START,3.1,359
EP007094,2026-06-12 12:55:00,U1018,betty.white57,WKSTN-U1018,Jenkins,PROCESS_START,9.1,839
EP004494,2026-06-12 12:54:00,U1012,linda.martinez,WKSTN-U1012	,Outlook,PROCESS_START,21.0,304
EP026462,2026-06-12 12:58:00,U1065,michael.ramirez47,WKSTN-U1065,chrome.exe	,PROCESS_START,26.6,213
EP039569,2026-06-12 12:48:00,U1096,david.allen76,WKSTN-U1096,Chrome,PROCESS_START,21.5,867
EP020068,2026-06-12 12:59:00,U1049,michelle.jones59,WKSTN-U1049,notepad.exe,PROCESS_START,2.5,538
EP032089,2026-06-12 12:44:00,U1079,emily.jones,WKSTN-U1079,,PROCESS_START,29.6,501
EP007555,2026-06-12 12:40:00,U1019,donna.anderson,  WKSTN-U1019 ,teams.exe,process_start,18.6,759
EP040384,2026-06-12 12:48:00,U1098,nancy.wright49,WKSTN-U1098,Excel,PROCESS_START,18.1,
EP011612,2026-06-12 12:53:00,U1028,john.hill,WKSTN-U1028,Docker Desktop,PROCESS_START,19.3,772
EP030888,2026-06-12 12:43:00,U1076,john.torres,WKSTN-U1076,Outlook,PROCESS_START,13.4,240
EP021654,2026-06-12 12:54:00,U1053,john.jackson31,WKSTN-U1053,Outlook,PROCESS_START,16.2,723
EP000996,2026-06-12 12:50:00,U1003,kenneth.clark29,WKSTN-U1003,SAP,PROCESS_START,3.0,740
EP036526,2026-06-12 12:55:00,U1089,paul.brown27,WKSTN-U1089,explorer.exe,PROCESS_START,22.2,612
EP039169,2026-06-12 12:55:00,U1095,richard.thomas74,WKSTN-U1095,teams.exe,PROCESS_START,9.8,738
EP033810,2026-06-12 12:46:00,U1083,sarah.allen70,WKSTN-U1083,Slack,PROCESS_START,24.6,263
EP017284,2026-06-12 12:47:00,U1042,michael.hill56,WKSTN-U1042,teams.exe	,PROCESS_START,9.1,501
EP036523,2026-06-12 12:36:00,U1089,paul.brown27,WKSTN-U1089,Chrome,PROCESS_START,20.6,152
EP035171,2026-06-12 12:47:00,U1086,steven.thompson53,WKSTN-U1086,outlook.exe,PROCESS_START,27.1,285
EP026463,2026-06-12 12:56:00,U1065,michael.ramirez47,WKSTN-U1065,teams.exe,PROCESS_START,28.5,192
EP033809,2026-06-12 12:41:00,U1083,sarah.allen70,WKSTN-U1083,Terminal,PROCESS_START,21.4,323
EP001785,2026-06-12 13:02:00,U1005,robert.robinson,WKSTN-U1005,chrome.exe,PROCESS_START,10.3,758
EP034725,2026-06-12 13:24:00,U1085,barbara.walker67,WKSTN-U1085,Wireshark	,PROCESS_START,11.2,113
EP021264,2026-06-12 13:22:00,U1052,paul.taylor,WKSTN-U1052,chrome.exe,PROCESS_START,14.0,794
EP016479,2026-06-12 13:26:00,U1040,matthew.martin,WKSTN-U1040,outlook.exe,PROCESS_START,2.7,669
EP003335,2026-06-12 13:32:00,U1009,daniel.brown,WKSTN-U1009,chrome.exe,PROCESS_START,21.6,270
EP032094,2026-06-12 13:01:00,U1079,emily.jones,WKSTN-U1079,Chrome,PROCESS_START,15.4,889
EP001782,2026-06-12 13:11:00,U1005,robert.robinson,WKSTN-U1005,outlook.exe,PROCESS_START,35.0,522
EP008906,2026-06-12 13:31:00,U1022,  sandra.brown ,,notepad.exe,PROCESS_START,33.7,
EP040382,2026-06-12 13:28:00,U1098,nancy.wright49,WKSTN-U1098,explorer.exe,PROCESS_START,4.8,742
EP036522,2026-06-12 13:33:00,U1089,paul.brown27,WKSTN-U1089,explorer.exe,PROCESS_START,34.8,501
EP025674,2026-06-12 13:25:00,U1063,john.nguyen,WKSTN-U1063,docusign,PROCESS_START,10.1,376
EP038758,2026-06-12 13:34:00,U1094,elizabeth.lewis69,WKSTN-U1094,teams.exe,PROCESS_START,20.2,829
EP012893,2026-06-12 13:07:00,U1031,john.wright28,WKSTN-U1031,Workday,PROCESS_START,12.7,708
EP034721,2026-06-12 13:28:00,U1085,barbara.walker67,WKSTN-U1085,Active Directory Console,PROCESS_START,27.9,851
EP009351,2026-06-12 13:15:00,U1023,richard.wright,WKSTN-U1023,Git,PROCESS_START,31.3,491
EP010252,2026-06-12 13:01:00,U1025,betty.brown22,WKSTN-U1025,teams.exe,PROCESS_START,1.4,647
EP037876,2026-06-12 13:13:00,U1092,steven.thomas,WKSTN-U1092	,teams.exe,PROCESS_START,8.4,742
EP007559,2026-06-12 13:12:00,U1019,donna.anderson,WKSTN-U1019,Slack,PROCESS_START,13.2,81
EP029681,2026-06-12 13:01:00,U1073,michael.gonzalez,WKSTN-U1073	,DocuSign,PROCESS_START,23.0,126
EP013720,2026-06-12 13:22:00,U1033,linda.miller,,explorer.exe,PROCESS_START,3.1,611
EP021263,2026-06-12 13:27:00,U1052,paul.taylor,WKSTN-U1052	,outlook.exe,PROCESS_START,5.6,530
EP035602,2026-06-12 13:30:00,U1087,charles.sanchez,WKSTN-U1087,chrome.exe,PROCESS_START,21.2,881
EP013317,2026-06-12 13:10:00,U1032,paul.wright91,WKSTN-U1032,notepad.exe,PROCESS_START,28.7,606
EP018469,2026-06-12 13:10:00,U1045,daniel.sanchez90,WKSTN-U1045,outlook.exe,PROCESS_START,10.3,388
EP035175,2026-06-12 13:30:00,U1086,steven.thompson53,WKSTN-U1086,Chrome,PROCESS_START,7.2,841
EP016080,2026-06-12 14:01:00,U1039,mark.thomas,WKSTN-U1039,chrome.exe,PROCESS_START,22.2,678
EP002576,2026-06-12 13:44:00,U1007,sarah.robinson82,WKSTN-U1007,Outlook,PROCESS_START,23.1,521
EP018076,2026-06-12 13:53:00,U1044,lisa.ramirez9,WKSTN-U1044,notepad.exe,PROCESS_START,25.4,617
EP016082,2026-06-12 13:40:00,U1039,mark.thomas,WKSTN-U1039,Excel,,4.6,379
EP005731,2026-06-12 13:42:00,U1015,lisa.hernandez,WKSTN-U1015,notepad.exe,PROCESS_START,20.3,792
EP001000,2026-06-12 13:45:00,U1003,kenneth.clark29,WKSTN-U1003,Outlook,PROCESS_START,1.7,466
EP006627,2026-06-12 13:37:00,U1017,emily.hernandez34,WKSTN-U1017,Docker Desktop	,PROCESS_START,11.1,150
EP009349,2026-06-12 13:52:00,U1023,richard.wright,WKSTN-U1023,notepad.exe,PROCESS_START,14.3,383
EP036980,2026-06-12 13:40:00,U1090,mary.hill,WKSTN-U1090,notepad.exe,PROCESS_START,32.2,650
EP023263,2026-06-12 14:01:00,U1057,nancy.sanchez,WKSTN-U1057,Chrome,PROCESS_START,4.5,888
EP004493,2026-06-12 13:44:00,U1012,linda.martinez,WKSTN-U1012,explorer.exe,PROCESS_START,2.3,519
EP014886,2026-06-12 13:44:00,U1036,linda.jones,WKSTN-U1036,chrome.exe,PROCESS_START,26.0,129
EP023265,2026-06-12 14:04:00,U1057,nancy.sanchez,WKSTN-U1057,chrome.exe,PROCESS_START,,269
EP038754,2026-06-12 14:01:00,U1094,elizabeth.lewis69,WKSTN-U1094,Chrome,PROCESS_START,29.5,657
EP026889,2026-06-12 14:00:00,U1066,michelle.wright62,WKSTN-U1066,outlook.exe,PROCESS_START,32.3,319
EP018078,2026-06-12 13:54:00,U1044,lisa.ramirez9,WKSTN-U1044,Workday,PROCESS_START,17.0,891
EP008004,2026-06-12 13:49:00,U1020,andrew.thomas36,WKSTN-U1020,notepad.exe,PROCESS_START,1.8,648
EP009799,2026-06-12 13:38:00,U1024,emily.miller,WKSTN-U1024,Chrome,PROCESS_START,11.7,483
EP009798,2026-06-12 13:38:00,U1024,emily.miller	,WKSTN-U1024,Git,PROCESS_START,26.5,797
EP039570,2026-06-12 13:53:00,U1096,david.allen76,WKSTN-U1096,outlook.exe,PROCESS_START,28.2,418
EP001394,2026-06-12 13:56:00,U1004,elizabeth.wilson98,WKSTN-U1004,QuickBooks,PROCESS_START,25.2,372
EP006151,2026-06-12 14:01:00,U1016,patricia.thomas,WKSTN-U1016,Docker Desktop,PROCESS_START,12.5,410
EP039166,2026-06-12 13:57:00,U1095,richard.thomas74,WKSTN-U1095,chrome,PROCESS_START,30.1,165
EP034720,2026-06-12 13:46:00,U1085,barbara.walker67,WKSTN-U1085,notepad.exe,PROCESS_START,11.7,852
EP027273,2026-06-12 13:53:00,U1067,paul.thomas97,WKSTN-U1067,Chrome,process_start,2.3,540
EP041140,2026-06-12 14:16:00,U1100,daniel.brown38,WKSTN-U1100,chrome.exe,PROCESS_START,30.7,530
EP004100,2026-06-12 14:20:00,U1011,donna.ramirez75,WKSTN-U1011,outlook.exe,PROCESS_START,33.2,204
EP017285,2026-06-12 14:09:00,U1042,  michael.hill56 ,WKSTN-U1042,explorer.exe,PROCESS_START,10.9,618
EP000999,2026-06-12 14:13:00,U1003,kenneth.clark29,WKSTN-U1003,notepad.exe,PROCESS_START,28.4,529
EP016482,2026-06-12 14:26:00,U1040,  matthew.martin ,WKSTN-U1040,Excel,PROCESS_START,1.8,650
EP002192,2026-06-12 14:23:00,U1006,george.gonzalez,WKSTN-U1006,Outlook,PROCESS_START,7.6,536
EP026890,2026-06-12 14:04:00,U1066,,WKSTN-U1066,notepad.exe,PROCESS_START,11.2,658
EP017684,2026-06-12 14:06:00,U1043,thomas.williams91,WKSTN-U1043,teams.exe,PROCESS_START,28.3,792
EP015694,2026-06-12 14:23:00,U1038,emily.clark,WKSTN-U1038,notepad.exe,PROCESS_START,26.7,770
EP024459,2026-06-12 14:10:00,U1060,matthew.anderson,WKSTN-U1060,Salesforce,PROCESS_START,3.5,703
EP009352,2026-06-12 14:11:00,U1023,richard.wright,WKSTN-U1023,,PROCESS_START,13.6,748
EP016480,2026-06-12 14:14:00,U1040,matthew.martin,WKSTN-U1040,chrome.exe,PROCESS_START,15.6,639
EP015288,2026-06-12 14:21:00,U1037,robert.martin,WKSTN-U1037,explorer.exe,PROCESS_START,30.3,370
EP013717,2026-06-12 14:05:00,U1033,linda.miller,WKSTN-U1033,outlook.exe,PROCESS_START,24.0,516
EP036092,2026-06-12 14:17:00,U1088,andrew.smith85,WKSTN-U1088	,Terminal,PROCESS_START,34.7,419
EP023266,2026-06-12 14:27:00,U1057,nancy.sanchez,WKSTN-U1057,explorer.exe,PROCESS_START,22.7,408
EP015286,2026-06-12 14:11:00,U1037,robert.martin,WKSTN-U1037,explorer.exe,PROCESS_START,,645
EP023661,2026-06-12 14:16:00,U1058,jennifer.ramirez18,WKSTN-U1058,Chrome,PROCESS_START,5.0,882
EP039991,2026-06-12 14:05:00,U1097,mark.martinez10,WKSTN-U1097,Chrome,PROCESS_START,28.3,260
EP017683,2026-06-12 14:09:00,U1043,thomas.williams91,WKSTN-U1043,outlook.exe,PROCESS_START,8.4,718
EP039167,2026-06-12 14:19:00,U1095,richard.thomas74	,WKSTN-U1095,PowerPoint,PROCESS_START,18.2,319
EP036979,2026-06-12 14:08:00,U1090,mary.hill,WKSTN-U1090,explorer.exe,PROCESS_START,22.9,493
EP034262,2026-06-12 14:24:00,U1084,joshua.taylor,WKSTN-U1084,chrome.exe,PROCESS_START,25.7,805
EP037425,2026-06-12 14:19:00,U1091,linda.robinson,  WKSTN-U1091 ,Active Directory Console,PROCESS_START,19.5,588
EP016481,2026-06-12 14:18:00,U1040,matthew.martin,WKSTN-U1040,explorer.exe,PROCESS_START,5.0,515
EP008002,2026-06-12 14:38:00,U1020,andrew.thomas36,WKSTN-U1020,outlook.exe,PROCESS_START,24.0,365
EP003732,2026-06-12 14:41:00,U1010,susan.young51,WKSTN-U1010,chrome.exe,PROCESS_START,12.5,592
EP037423,2026-06-12 14:50:00,U1091,linda.robinson,WKSTN-U1091,notepad.exe,PROCESS_START,10.7,701
EP003731,2026-06-12 14:56:00,U1010,susan.young51,WKSTN-U1010,Chrome,PROCESS_START,33.8,196
EP001784,2026-06-12 14:32:00,U1005,robert.robinson,WKSTN-U1005,notepad.exe,PROCESS_START,22.6,850
EP012036,2026-06-12 14:51:00,U1029,michelle.garcia54,WKSTN-U1029,notepad.exe,PROCESS_START,13.5,223
EP011153,2026-06-12 14:49:00,U1027,patricia.brown75,  WKSTN-U1027 ,explorer.exe,PROCESS_START,12.5,344
EP020870,2026-06-12 14:53:00,U1051,sandra.king72,WKSTN-U1051,  Chrome ,PROCESS_START,7.7,428
EP002952,2026-06-12 14:45:00,U1008,joshua.hernandez,WKSTN-U1008,QuickBooks,PROCESS_START,6.0,379
EP038310,2026-06-12 14:43:00,U1093,sarah.clark44,WKSTN-U1093,Slack,PROCESS_START,26.2,243
EP010251,2026-06-12 14:41:00,U1025,betty.brown22,WKSTN-U1025,notepad.exe,PROCESS_START,32.1,557
EP003337,2026-06-12 14:52:00,U1009,daniel.brown,WKSTN-U1009,SAP,PROCESS_START,16.0,599
EP030884,2026-06-12 14:53:00,U1076,john.torres,WKSTN-U1076,chrome.exe,PROCESS_START,2.6,746
EP002951,2026-06-12 14:30:00,U1008,JOSHUA.HERNANDEZ,WKSTN-U1008,chrome.exe,,23.9,238
EP013718,2026-06-12 14:34:00,U1033,linda.miller,,Excel,PROCESS_START,27.6,432
EP027272,2026-06-12 14:52:00,U1067,paul.thomas97,WKSTN-U1067,notepad.exe,PROCESS_START,5.2,501
EP000165,2026-06-12 14:43:00,U1001,linda.johnson95	,WKSTN-U1001,chrome.exe,PROCESS_START,13.0,123
EP011152,2026-06-12 14:32:00,U1027,patricia.brown75,WKSTN-U1027,chrome.exe,PROCESS_START,15.1,192
EP008005,2026-06-12 14:44:00,U1020,andrew.thomas36,WKSTN-U1020,Docker Desktop,PROCESS_START,8.0,167
EP007093,2026-06-12 14:46:00,U1018,betty.white57,WKSTN-U1018,teams.exe,PROCESS_START,5.0,278
EP014095,2026-06-12 14:34:00,U1034,thomas.allen63,WKSTN-U1034,  Outlook ,PROCESS_START,24.1,734
EP013316,2026-06-12 14:56:00,U1032,paul.wright91,WKSTN-U1032,notepad.exe,PROCESS_START,6.5,772
EP006153,2026-06-12 14:42:00,U1016,patricia.thomas,WKSTN-U1016,Git,process_start,1.1,728
EP035604,2026-06-12 14:35:00,U1087,charles.sanchez,WKSTN-U1087,Slack,PROCESS_START,30.7,877
EP033373,2026-06-12 14:50:00,U1082,karen.hill96,WKSTN-U1082,Terminal,PROCESS_START,22.6,422
EP008902,2026-06-12 15:15:00,U1022,sandra.brown,WKSTN-U1022,VSCode,PROCESS_START,29.6,
EP034263,2026-06-12 15:08:00,U1084,joshua.taylor,WKSTN-U1084,PuTTY,PROCESS_START,22.8,779
EP004101,2026-06-12 15:01:00,U1011,donna.ramirez75,WKSTN-U1011,teams.exe,PROCESS_START,18.8,654
EP002193,2026-06-12 15:18:00,U1006,george.gonzalez,WKSTN-U1006,Excel,PROCESS_START,3.5,639
EP031668,2026-06-12 15:06:00,U1078,,WKSTN-U1078,explorer.exe,PROCESS_START,31.7,696
EP000166,2026-06-12 15:02:00,U1001,linda.johnson95,WKSTN-U1001,notepad.exe,PROCESS_START,21.9,525
EP029301,2026-06-12 15:17:00,U1072,kenneth.lopez,WKSTN-U1072,teams.exe,PROCESS_START,2.7,347
EP028064,2026-06-12 14:57:00,U1069,jessica.clark,WKSTN-U1069,chrome.exe,PROCESS_START,19.4,338
EP036525,2026-06-12 15:08:00,U1089,paul.brown27,WKSTN-U1089,Wireshark,PROCESS_START,11.5,414
EP018888,2026-06-12 15:15:00,U1046,michelle.torres39,  WKSTN-U1046 ,chrome.exe,PROCESS_START,9.6,109
EP020464,2026-06-12 15:12:00,U1050,michael.ramirez,WKSTN-U1050,Zoom,PROCESS_START,9.2,820
EP015693,2026-06-12 15:11:00,U1038,emily.clark,WKSTN-U1038,teams.exe,PROCESS_START,1.6,274
EP033811,2026-06-12 15:14:00,U1083,sarah.allen70,WKSTN-U1083,Terminal,PROCESS_START,17.8,775
EP010697,2026-06-12 15:06:00,U1026,,  WKSTN-U1026 ,Slack,PROCESS_START,30.7,575
EP038757,2026-06-12 15:04:00,U1094,elizabeth.lewis69,WKSTN-U1094,Chrome,PROCESS_START,23.7,606
EP000582,2026-06-12 15:17:00,U1002,donna.ramirez,WKSTN-U1002,notepad.exe,PROCESS_START,16.2,351
EP017283,2026-06-12 15:06:00,U1042,michael.hill56,WKSTN-U1042,notepad.exe,PROCESS_START,7.2,120
EP038753,2026-06-12 14:58:00,U1094,elizabeth.lewis69,WKSTN-U1094,notepad.exe	,PROCESS_START,11.6,125
EP034260,2026-06-12 15:14:00,U1084,joshua.taylor,WKSTN-U1084,PuTTY,PROCESS_START,21.7,673
EP032943,2026-06-12 15:08:00,U1081,margaret.davis,WKSTN-U1081,Wireshark,PROCESS_START,10.8,388
EP014882,2026-06-12 15:06:00,U1036,linda.jones,WKSTN-U1036,teams.exe,PROCESS_START,3.2,214
EP026464,2026-06-12 15:01:00,U1065,michael.ramirez47,WKSTN-U1065,teams.exe,PROCESS_START,7.2,394
EP008901,2026-06-12 15:04:00,U1022,sandra.brown,WKSTN-U1022,Git,PROCESS_START,7.0,228
EP018886,2026-06-12 15:02:00,U1046,michelle.torres39,WKSTN-U1046,outlook.exe,PROCESS_START,16.4,396
EP036981,2026-06-12 15:20:00,U1090,mary.hill,WKSTN-U1090,PuTTY,PROCESS_START,12.6,368
EP027649,2026-06-12 15:37:00,U1068,susan.thompson34,WKSTN-U1068,teams.exe,PROCESS_START,14.3,820
EP030085,2026-06-12 15:22:00,U1074,sarah.williams7,WKSTN-U1074,Word,PROCESS_START,28.5,610
EP027274,2026-06-12 15:35:00,U1067,paul.thomas97,WKSTN-U1067,outlook.exe,PROCESS_START,24.7,248
EP013715,2026-06-12 15:26:00,U1033,linda.miller,WKSTN-U1033,  notepad.exe ,process_start,20.4,198
EP014493,2026-06-12 15:47:00,U1035,nancy.rodriguez82,WKSTN-U1035,explorer.exe,PROCESS_START,,N/A
EP010253,2026-06-12 15:55:00,U1025,betty.brown22,WKSTN-U1025,Git,,9.2,611
EP025273,2026-06-12 15:25:00,U1062,william.martin,WKSTN-U1062,outlook.exe,PROCESS_START,11.0,880
EP030886,2026-06-12 15:27:00,U1076,john.torres,WKSTN-U1076,explorer.exe,PROCESS_START,8.3,440
EP034724,2026-06-12 16:01:00,U1085,barbara.walker67,WKSTN-U1085,notepad.exe,PROCESS_START,17.7,665
EP030086,2026-06-12 15:50:00,U1074,sarah.williams7,WKSTN-U1074,Outlook,PROCESS_START,2.3,798
EP011607,2026-06-12 16:08:00,U1028,john.hill,WKSTN-U1028,Jenkins,PROCESS_START,20.6,830
EP022864,2026-06-12 15:55:00,U1056,anthony.clark,WKSTN-U1056,explorer.exe,PROCESS_START,15.5,387
EP037877,2026-06-12 15:38:00,U1092,steven.thomas,WKSTN-U1092,explorer.exe,PROCESS_START,22.9,291
EP015695,2026-06-12 15:30:00,U1038,emily.clark,WKSTN-U1038,Excel,PROCESS_START,16.3,458
EP011608,2026-06-12 16:08:00,U1028,john.hill,WKSTN-U1028,explorer.exe,PROCESS_START,1.8,518
EP015287,2026-06-12 15:54:00,U1037,robert.martin,WKSTN-U1037,teams.exe,PROCESS_START,23.8,399
EP031267,2026-06-12 16:00:00,U1077,kimberly.harris58,WKSTN-U1077,Word,PROCESS_START,12.9,685
EP025274,2026-06-12 16:08:00,U1062,william.martin,WKSTN-U1062,teams.exe,PROCESS_START,17.0,716
EP040383,2026-06-12 15:41:00,U1098,nancy.wright49,WKSTN-U1098,explorer.exe,PROCESS_START,4.3,726
EP004491,2026-06-12 15:36:00,U1012,linda.martinez,WKSTN-U1012,Outlook	,PROCESS_START,12.5,235
EP018075,2026-06-12 15:37:00,U1044,lisa.ramirez9,WKSTN-U1044,outlook.exe,PROCESS_START,28.7,689
EP024461,2026-06-12 15:33:00,U1060,matthew.anderson,WKSTN-U1060,teams.exe,PROCESS_START,15.6,845
EP038311,2026-06-12 15:33:00,U1093,sarah.clark44,WKSTN-U1093,Wireshark,PROCESS_START,11.7,341
EP008442,2026-06-12 15:23:00,U1021,jessica.walker,WKSTN-U1021,teams.exe,PROCESS_START,31.6,609
EP031671,2026-06-12 15:52:00,U1078,michelle.miller,WKSTN-U1078,notepad.exe,PROCESS_START,2.6,806
EP039992,2026-06-12 16:48:00,U1097,mark.martinez10,WKSTN-U1097,Zoom,PROCESS_START,3.7,145
EP023665,2026-06-12 16:19:00,U1058,jennifer.ramirez18,WKSTN-U1058,notepad.exe,PROCESS_START,4.3,386
EP002574,2026-06-12 16:59:00,U1007,sarah.robinson82,WKSTN-U1007,outlook.exe,PROCESS_START,17.3,212
EP003730,2026-06-12 16:18:00,U1010,susan.young51,WKSTN-U1010,Outlook,PROCESS_START,3.2,868
EP026067,2026-06-12 16:55:00,U1064,matthew.wright55,WKSTN-U1064,Word,PROCESS_START,30.3,137
EP029683,2026-06-12 16:43:00,U1073,michael.gonzalez,WKSTN-U1073,explorer.exe,PROCESS_START,19.5,459
EP012895,2026-06-12 16:31:00,U1031,JOHN.WRIGHT28,WKSTN-U1031,notepad.exe,PROCESS_START,6.5,736
EP000577,2026-06-12 17:05:00,U1002,donna.ramirez,WKSTN-U1002,teams.exe,PROCESS_START,2.1,696
EP035606,2026-06-12 16:16:00,U1087,charles.sanchez,  WKSTN-U1087 ,teams.exe,PROCESS_START,33.1,595
EP027652,2026-06-12 16:09:00,U1068,susan.thompson34	,WKSTN-U1068,chrome.exe,PROCESS_START,28.5,188
EP005331,2026-06-12 16:14:00,U1014,james.taylor,WKSTN-U1014,chrome.exe,PROCESS_START,12.2,180
EP028902,2026-06-12 16:54:00,U1071,matthew.robinson35,WKSTN-U1071,Outlook,PROCESS_START,11.9,87
EP009354,2026-06-12 16:24:00,U1023,richard.wright,WKSTN-U1023,explorer.exe,PROCESS_START,26.6,489
EP039990,2026-06-12 16:51:00,U1097,mark.martinez10,WKSTN-U1097,Outlook,PROCESS_START,5.3,82
EP007090,2026-06-12 16:31:00,U1018,betty.white57,WKSTN-U1018,explorer.exe,PROCESS_START,13.3,593
EP033371,2026-06-12 16:39:00,U1082,karen.hill96,WKSTN-U1082,explorer.exe,PROCESS_START,20.4,623
EP030088,2026-06-12 17:04:00,U1074,sarah.williams7,WKSTN-U1074,Word,PROCESS_START,2.6,254
EP021265,2026-06-12 16:08:00,U1052,paul.taylor,,Excel,PROCESS_START,11.0,612
EP016886,2026-06-12 16:09:00,U1041,matthew.allen52,WKSTN-U1041,teams.exe,PROCESS_START,18.0,469
EP039989,2026-06-12 17:04:00,U1097,,WKSTN-U1097,teams.exe,PROCESS_START,32.2,505
EP022866,2026-06-12 16:14:00,U1056,  anthony.clark ,WKSTN-U1056,Zoom,PROCESS_START,22.4,238
EP040769,2026-06-12 16:15:00,U1099,joseph.garcia,WKSTN-U1099,Outlook,PROCESS_START,33.3,466
EP030887,2026-06-12 16:33:00,U1076,john.torres,WKSTN-U1076,  DocuSign ,PROCESS_START,11.0,103
EP028900,2026-06-12 16:44:00,U1071,matthew.robinson35,WKSTN-U1071,DocuSign,PROCESS_START,9.3,666000.0
EP010249,2026-06-12 16:40:00,U1025,betty.brown22,WKSTN-U1025,outlook.exe,PROCESS_START,10.4,422
EP036997,2026-06-13 15:38:00,U1090,mary.hill,WKSTN-U1090,Chrome,,16.2,573
EP029682,2026-06-12 17:34:00,U1073,michael.gonzalez,WKSTN-U1073,Outlook,PROCESS_START,-1.1,138
EP024878,2026-06-14 13:18:00,U1061,jessica.rodriguez,WKSTN-U1061,Excel,PROCESS_START,22.8,851
EP011610,2026-06-12 17:09:00,U1028,john.hill,WKSTN-U1028,chrome.exe,PROCESS_START,33.4,821
EP023660,2026-06-12 17:44:00,U1058,jennifer.ramirez18,WKSTN-U1058,Excel	,PROCESS_START,11.6,382
EP018487,2026-06-15 07:24:00,U1045,,WKSTN-U1045,Chrome,PROCESS_START,6.1,217
EP026066,2026-06-12 18:04:00,U1064,matthew.wright55,WKSTN-U1064,chrome.exe,PROCESS_START,24.0,109
EP020888,2026-06-15 07:18:00,U1051,sandra.king72,WKSTN-U1051,explorer.exe,PROCESS_START,18.5,715
EP033812,2026-06-12 17:10:00,U1083,sarah.allen70,WKSTN-U1083,Slack,PROCESS_START,29.9,581
EP005754,2026-06-15 07:22:00,U1015,lisa.hernandez,WKSTN-U1015,Excel,PROCESS_START,16.0,775
EP024877,2026-06-14 11:29:00,U1061,jessica.rodriguez,WKSTN-U1061	,  Chrome ,PROCESS_START,29.0,699
EP036996,2026-06-13 09:49:00,U1090,mary.hill,WKSTN-U1090,chrome.exe,PROCESS_START,5.2,275
EP019705,2026-06-12 17:12:00,U1048,jennifer.thomas87,WKSTN-U1048,teams.exe,PROCESS_START,28.5,253
EP016483,2026-06-12 17:41:00,U1040,matthew.martin,WKSTN-U1040,explorer.exe,PROCESS_START,6.0,608
EP026069,2026-06-12 17:57:00,U1064,matthew.wright55,WKSTN-U1064,chrome.exe,PROCESS_START,10.6,788
EP011609,2026-06-12 17:13:00,U1028,john.hill,WKSTN-U1028,Jenkins,PROCESS_START,22.4,449
EP030089,2026-06-12 17:17:00,U1074,sarah.williams7,  WKSTN-U1074 ,outlook.exe,PROCESS_START,17.3,503
EP034722,2026-06-12 17:44:00,U1085,barbara.walker67,WKSTN-U1085,Chrome,PROCESS_START,26.3,687
EP024879,2026-06-14 15:00:00,U1061,jessica.rodriguez,WKSTN-U1061,notepad.exe,PROCESS_START,,153
EP036995,2026-06-13 14:32:00,U1090,mary.hill,WKSTN-U1090,teams.exe,PROCESS_START,,739
EP008003,2026-06-12 17:50:00,U1020,  andrew.thomas36 ,WKSTN-U1020,Jenkins,PROCESS_START,15.3,112
EP023662,2026-06-12 17:59:00,U1058,jennifer.ramirez18,WKSTN-U1058,Excel,PROCESS_START,25.3,662
EP032092,2026-06-12 17:28:00,U1079,emily.jones,WKSTN-U1079,teams.exe,PROCESS_START,8.7,630
EP034723,2026-06-12 17:08:00,U1085,barbara.walker67,  WKSTN-U1085 ,Terminal,PROCESS_START,22.1,827
EP015285,2026-06-12 17:37:00,U1037,robert.martin,WKSTN-U1037,outlook.exe,PROCESS_START,1.8,120
EP002208,2026-06-15 08:15:00,U1006,george.gonzalez,WKSTN-U1006,Chrome,PROCESS_START,32.5,356
EP025285,2026-06-15 08:10:00,U1062,william.martin,WKSTN-U1062,Excel,PROCESS_START,15.9,320
EP020090,2026-06-15 08:52:00,U1049,michelle.jones59,WKSTN-U1049,explorer.exe,PROCESS_START,13.3,-676.0
EP012057,2026-06-15 08:24:00,U1029,michelle.garcia54,WKSTN-U1029,Jenkins,PROCESS_START,3.0,711
EP007113,2026-06-15 08:36:00,U1018,betty.white57,WKSTN-U1018,Docker Desktop,PROCESS_START,20.7,879
EP019314,2026-06-15 08:05:00,U1047,sandra.lewis,WKSTN-U1047,notepad.exe,PROCESS_START,,295
EP005752,2026-06-15 07:52:00,U1015,,WKSTN-U1015,notepad.exe,PROCESS_START,18.1,107
EP015308,2026-06-15 08:09:00,U1037,robert.martin,WKSTN-U1037,Workday,PROCESS_START,20.3,101
EP015310,2026-06-15 07:45:00,U1037,robert.martin,WKSTN-U1037,Workday,PROCESS_START,8.0,251
EP040403,2026-06-15 08:43:00,U1098,nancy.wright49,WKSTN-U1098,zoom	,PROCESS_START,12.3,237
EP036114,2026-06-15 08:50:00,U1088,andrew.smith85,WKSTN-U1088,Active Directory Console,PROCESS_START,16.4,-850.0
EP040405,2026-06-15 07:51:00,U1098,nancy.wright49,WKSTN-U1098,chrome.exe,PROCESS_START,26.8,191
EP018909,2026-06-15 08:43:00,U1046,michelle.torres39,WKSTN-U1046,outlook.exe,PROCESS_START,17.8,832
EP012053,2026-06-15 07:54:00,U1029,michelle.garcia54,WKSTN-U1029,Docker Desktop,PROCESS_START,24.8,628
EP035193,2026-06-15 08:33:00,U1086,steven.thompson53,WKSTN-U1086,teams.exe,PROCESS_START,28.3,116
EP007112,2026-06-15 08:30:00,U1018,betty.white57,WKSTN-U1018,NOTEPAD.EXE,PROCESS_START,31.7,239
EP008020,2026-06-15 08:53:00,U1020,andrew.thomas36,WKSTN-U1020,Docker Desktop,PROCESS_START,12.0,744
EP030102,2026-06-15 08:20:00,U1074,sarah.williams7,WKSTN-U1074,chrome,PROCESS_START,2.1,82
EP039591,2026-06-15 08:15:00,U1096,david.allen76,WKSTN-U1096,Outlook,PROCESS_START,1.5,541
EP015309,2026-06-15 08:42:00,U1037,robert.martin,WKSTN-U1037,teams.exe,PROCESS_START,32.7,80
EP031285,2026-06-15 08:24:00,U1077,kimberly.harris58,WKSTN-U1077,chrome.exe,PROCESS_START,22.0,646
EP005753,2026-06-15 07:56:00,U1015,lisa.hernandez,WKSTN-U1015,notepad.exe,PROCESS_START,33.5,777
EP001015,2026-06-15 08:31:00,U1003,kenneth.clark29,WKSTN-U1003,teams.exe,PROCESS_START,22.8,477
EP026086,2026-06-15 08:45:00,U1064,matthew.wright55,WKSTN-U1064,Word,PROCESS_START,7.8,457
EP005751,2026-06-15 07:28:00,U1015,lisa.hernandez,WKSTN-U1015,QuickBooks,PROCESS_START,7.7,898
EP024077,2026-06-15 09:04:00,U1059,daniel.perez98,WKSTN-U1059,Excel,PROCESS_START,2.4,707
EP021279,2026-06-15 09:04:00,U1052,paul.taylor,WKSTN-U1052,Chrome,PROCESS_START,13.9,558
EP027293,2026-06-15 09:19:00,U1067,paul.thomas97,WKSTN-U1067,Chrome,PROCESS_START,3.2,573
EP002972,2026-06-15 08:57:00,U1008,joshua.hernandez,WKSTN-U1008,Excel,PROCESS_START,31.8,215
EP018482,2026-06-15 09:10:00,U1045,daniel.sanchez90,WKSTN-U1045,Outlook,PROCESS_START,1.7,133
EP030903,2026-06-15 09:17:00,U1076,john.torres,WKSTN-U1076,DocuSign,PROCESS_START,28.9,781
EP037439,2026-06-15 09:04:00,U1091,linda.robinson,WKSTN-U1091,Active Directory Console,PROCESS_START,20.0,113
EP038773,2026-06-15 09:20:00,U1094,elizabeth.lewis69,WKSTN-U1094,PuTTY,PROCESS_START,11.2,852
EP024078,2026-06-15 09:04:00,U1059,daniel.perez98,WKSTN-U1059,explorer.exe,PROCESS_START,29.8,536
EP010719,2026-06-15 09:19:00,U1026,elizabeth.gonzalez,WKSTN-U1026,Docker Desktop,PROCESS_START,30.5,708
EP039589,2026-06-15 09:07:00,U1096,david.allen76,WKSTN-U1096,outlook.exe,PROCESS_START,31.2,268
EP028499,2026-06-15 09:08:00,U1070,betty.thomas40,WKSTN-U1070,DocuSign,PROCESS_START,17.3,
EP002970,2026-06-15 09:16:00,U1008,joshua.hernandez,WKSTN-U1008,chrome.exe,PROCESS_START,7.0,
EP010718,2026-06-15 09:13:00,U1026,elizabeth.gonzalez,WKSTN-U1026,VSCode,PROCESS_START,19.0,113
EP026907,2026-06-15 09:21:00,U1066,michelle.wright62,WKSTN-U1066,DocuSign,PROCESS_START,20.8,
EP003352,2026-06-15 09:11:00,U1009,daniel.brown,WKSTN-U1009,notepad.exe,PROCESS_START,14.9,552
EP003752,2026-06-15 09:08:00,U1010,susan.young51,WKSTN-U1010,Chrome,PROCESS_START,23.6,220
EP035190,2026-06-15 09:00:00,U1086,steven.thompson53,WKSTN-U1086,chrome.exe,PROCESS_START,25.6,890
EP025289,2026-06-15 09:18:00,U1062,william.martin,WKSTN-U1062,notepad.exe,PROCESS_START,8.0,611
EP029322,2026-06-15 08:54:00,U1072,kenneth.lopez,WKSTN-U1072,Word,PROCESS_START,5.9,834
EP029697,2026-06-15 09:11:00,U1073,michael.gonzalez,WKSTN-U1073,notepad.exe,PROCESS_START,1.2,566
EP010275,2026-06-15 09:02:00,U1025,betty.brown22,WKSTN-U1025,Slack,PROCESS_START,32.9,506
EP022086,2026-06-15 09:12:00,U1054,anthony.martinez,WKSTN-U1054,Salesforce	,PROCESS_START,20.6,355
EP035191,2026-06-15 09:14:00,U1086,steven.thompson53,WKSTN-U1086,Slack,PROCESS_START,11.7,443
EP028919,2026-06-15 09:18:00,U1071,matthew.robinson35,WKSTN-U1071,explorer.exe,PROCESS_START,29.5,220
EP026909,2026-06-15 09:27:00,U1066,michelle.wright62,WKSTN-U1066,Outlook,PROCESS_START,6.1,682
EP014900,2026-06-15 09:35:00,U1036,linda.jones,WKSTN-U1036,teams.exe,PROCESS_START,31.0,427
EP040785,2026-06-15 09:27:00,U1099,joseph.garcia,WKSTN-U1099,notepad.exe,PROCESS_START,12.3,606
EP026090,2026-06-15 09:36:00,U1064,matthew.wright55,WKSTN-U1064,teams.exe,PROCESS_START,6.6,711
EP031686,2026-06-15 09:43:00,U1078,michelle.miller,WKSTN-U1078,Outlook,PROCESS_START,19.7,300
EP007114,2026-06-15 09:41:00,U1018,betty.white57,WKSTN-U1018,teams.exe,PROCESS_START,19.7,890
EP030904,2026-06-15 09:22:00,U1076,john.torres,WKSTN-U1076,Chrome,PROCESS_START,34.8,651
EP005349,2026-06-15 09:25:00,U1014,james.taylor,WKSTN-U1014,QuickBooks,,20.1,420
EP013336,2026-06-15 09:33:00,U1032,paul.wright91,WKSTN-U1032	,notepad.exe,PROCESS_START,13.4,680
EP038328,2026-06-15 09:30:00,U1093,sarah.clark44,WKSTN-U1093,Slack,PROCESS_START,15.0,367
EP015713,2026-06-15 09:33:00,U1038,emily.clark,WKSTN-U1038,Excel,PROCESS_START,5.9,564
EP023680,2026-06-15 09:31:00,U1058,jennifer.ramirez18,WKSTN-U1058,outlook.exe,PROCESS_START,,627
EP020087,2026-06-15 09:42:00,U1049,michelle.jones59,WKSTN-U1049,Zoom,PROCESS_START,22.7,295
EP004112,2026-06-15 09:34:00,U1011,donna.ramirez75,WKSTN-U1011,SAP,PROCESS_START,31.0,123
EP028080,2026-06-15 09:35:00,U1069,jessica.clark,WKSTN-U1069,Outlook,PROCESS_START,19.8,568
EP016102,2026-06-15 09:23:00,U1039,mark.thomas,WKSTN-U1039,Outlook,PROCESS_START,2.2,183
EP024486,2026-06-15 09:40:00,U1060,matthew.anderson,WKSTN-U1060,Salesforce,PROCESS_START,19.5,655
EP024076,2026-06-15 09:42:00,U1059,  daniel.perez98 ,WKSTN-U1059,teams.exe,PROCESS_START,26.2,100
EP002971,2026-06-15 09:36:00,U1008,joshua.hernandez,WKSTN-U1008,outlook.exe,PROCESS_START,10.4,840
EP030509,2026-06-15 09:41:00,U1075,steven.lewis,WKSTN-U1075,notepad.exe,PROCESS_START,14.3,457
EP007577,2026-06-15 09:22:00,U1019,donna.anderson,WKSTN-U1019,notepad.exe,PROCESS_START,24.7,681
EP016898,2026-06-15 09:36:00,U1041,matthew.allen52,WKSTN-U1041,Outlook,PROCESS_START,6.3,893
EP022505,2026-06-15 09:25:00,U1055,patricia.wilson54,WKSTN-U1055,Chrome,PROCESS_START,23.0,264
EP029323,2026-06-15 09:42:00,U1072,kenneth.lopez,WKSTN-U1072,Word	,PROCESS_START,-24.9,143
EP016897,2026-06-15 09:21:00,U1041,matthew.allen52,WKSTN-U1041,notepad.exe,PROCESS_START,3.2,811
EP005756,2026-06-15 10:01:00,U1015,lisa.hernandez,WKSTN-U1015,explorer.exe,PROCESS_START,2.8,619
EP006645,2026-06-15 10:11:00,U1017,emily.hernandez34,WKSTN-U1017,Chrome,process_start,24.8,182
EP031685,2026-06-15 09:57:00,U1078,michelle.miller,WKSTN-U1078,Chrome,PROCESS_START,30.2,790
EP014517,2026-06-15 09:54:00,U1035,nancy.rodriguez82,WKSTN-U1035,chrome.exe,PROCESS_START,7.5,271
EP001014,2026-06-15 09:58:00,U1003,kenneth.clark29,WKSTN-U1003,Excel,PROCESS_START,17.5,181
EP001410,2026-06-15 10:07:00,U1004,elizabeth.wilson98,WKSTN-U1004,Outlook,PROCESS_START,1.8,631
EP028504,2026-06-15 09:56:00,U1070,betty.thomas40,WKSTN-U1070,Outlook,PROCESS_START,7.6,164
EP011168,2026-06-15 10:06:00,U1027,patricia.brown75,WKSTN-U1027,explorer.exe,process_start,23.7,753
EP012915,2026-06-15 09:50:00,U1031,,WKSTN-U1031,Excel,PROCESS_START,10.5,146
EP010272,2026-06-15 10:21:00,U1025,betty.brown22,WKSTN-U1025,Chrome,PROCESS_START,28.4,422
EP007576,2026-06-15 10:10:00,U1019,donna.anderson,WKSTN-U1019,Git,PROCESS_START,14.2,427
EP009369,2026-06-15 10:11:00,U1023,richard.wright,WKSTN-U1023,CHROME,PROCESS_START,15.1,522
EP030101,2026-06-15 09:59:00,U1074,sarah.williams7,WKSTN-U1074,Outlook,PROCESS_START,33.4,161
EP026089,2026-06-15 09:43:00,U1064,matthew.wright55,,teams.exe,PROCESS_START,22.2,410
EP000597,2026-06-15 10:05:00,U1002,donna.ramirez,WKSTN-U1002,QuickBooks,PROCESS_START,22.7,163
EP040406,2026-06-15 10:08:00,U1098,nancy.wright49,WKSTN-U1098,PowerPoint,PROCESS_START,24.2,711
EP037898,2026-06-15 09:58:00,U1092,steven.thomas,WKSTN-U1092,teams.exe,PROCESS_START,34.3,-702.0
EP028502,2026-06-15 09:48:00,U1070,BETTY.THOMAS40,WKSTN-U1070,explorer.exe,PROCESS_START,32.4,286
EP023280,2026-06-15 10:21:00,U1057,,WKSTN-U1057,outlook.exe,PROCESS_START,9.2,660
EP021673,2026-06-15 09:44:00,U1053,john.jackson31,WKSTN-U1053,,PROCESS_START,4.0,241
EP022088,2026-06-15 09:51:00,U1054,anthony.martinez,WKSTN-U1054,outlook.exe,PROCESS_START,15.2,676
EP004113,2026-06-15 09:44:00,U1011,donna.ramirez75,WKSTN-U1011,chrome,PROCESS_START,13.7,315
EP020886,2026-06-15 10:02:00,U1051,sandra.king72,WKSTN-U1051,Salesforce,PROCESS_START,8.1,366
EP014901,2026-06-15 09:43:00,U1036,linda.jones,WKSTN-U1036,Outlook,PROCESS_START,27.4,344
EP006644,2026-06-15 09:53:00,U1017,emily.hernandez34,  WKSTN-U1017 ,VSCode,PROCESS_START,1.8,212
EP034285,2026-06-15 10:39:00,U1084,joshua.taylor,WKSTN-U1084,teams.exe,PROCESS_START,23.1,254
EP024079,2026-06-15 10:46:00,U1059,daniel.perez98,WKSTN-U1059	,teams.exe,PROCESS_START,26.0,810
EP023281,2026-06-15 10:27:00,U1057,nancy.sanchez,WKSTN-U1057,Zoom,PROCESS_START,17.6,269
EP029320,2026-06-15 10:29:00,U1072,kenneth.lopez,WKSTN-U1072,  chrome.exe ,PROCESS_START,31.9,706
EP033388,2026-06-15 10:42:00,U1082,karen.hill96,  WKSTN-U1082 ,Chrome,PROCESS_START,28.7,380
EP033390,2026-06-15 10:44:00,U1082,karen.hill96,WKSTN-U1082,Active Directory Console,PROCESS_START,34.4,763
EP028503,2026-06-15 10:33:00,U1070,betty.thomas40,WKSTN-U1070,Outlook,PROCESS_START,34.4,108
EP031688,2026-06-15 10:47:00,U1078,michelle.miller,WKSTN-U1078,Word,PROCESS_START,16.8,256000.0
EP016100,2026-06-15 10:46:00,U1039,mark.thomas,WKSTN-U1039,chrome.exe,PROCESS_START,33.3,899
EP004929,2026-06-15 10:46:00,U1013,emily.smith,WKSTN-U1013,Excel,PROCESS_START,N/A,558
EP031284,2026-06-15 10:36:00,U1077,kimberly.harris58,WKSTN-U1077,Outlook,PROCESS_START,16.1,284
EP009370,2026-06-15 10:43:00,U1023,richard.wright,WKSTN-U1023,outlook.exe,PROCESS_START,2.3,246
EP034741,2026-06-15 10:37:00,U1085,barbara.walker67,,Slack,PROCESS_START,8.8,275
EP016503,2026-06-15 10:49:00,U1040,matthew.martin,WKSTN-U1040,notepad.exe,PROCESS_START,25.8,481
EP002595,2026-06-15 10:23:00,U1007,sarah.robinson82,WKSTN-U1007,outlook.exe,PROCESS_START,18.1,135
EP022085,2026-06-15 10:27:00,U1054,anthony.martinez,WKSTN-U1054,outlook.exe,PROCESS_START,8.8,887
EP029698,2026-06-15 10:22:00,U1073,michael.gonzalez,WKSTN-U1073,notepad.exe,PROCESS_START,27.6,731
EP028083,2026-06-15 10:26:00,U1069,jessica.clark,WKSTN-U1069,Chrome,PROCESS_START,30.6,468
EP008021,2026-06-15 10:42:00,U1020,andrew.thomas36,WKSTN-U1020,teams.exe,PROCESS_START,14.1,656
EP012914,2026-06-15 10:30:00,U1031,john.wright28	,WKSTN-U1031,explorer.exe,PROCESS_START,8.7,303
EP002596,2026-06-15 10:37:00,U1007,  sarah.robinson82 ,WKSTN-U1007,explorer.exe,process_start,25.0,716
EP009372,2026-06-15 10:39:00,U1023,richard.wright,WKSTN-U1023,Git,PROCESS_START,19.5,274
EP016101,2026-06-15 10:29:00,U1039,mark.thomas,  WKSTN-U1039 ,notepad.exe,PROCESS_START,3.0,131
EP029321,2026-06-15 10:29:00,U1072,kenneth.lopez,WKSTN-U1072,Outlook,PROCESS_START,12.1,596
EP022504,2026-06-15 10:46:00,U1055,patricia.wilson54,WKSTN-U1055,chrome.exe,PROCESS_START,21.1,525
EP028500,2026-06-15 11:18:00,U1070,betty.thomas40,WKSTN-U1070,notepad.exe,PROCESS_START,5.3,692
EP009815,2026-06-15 10:58:00,U1024,emily.miller,WKSTN-U1024,teams.exe,PROCESS_START,11.1,844
EP017702,2026-06-15 10:54:00,U1043,,WKSTN-U1043,chrome.exe,PROCESS_START,9.6,470
EP026478,2026-06-15 11:18:00,U1065,michael.ramirez47,WKSTN-U1065,Outlook,PROCESS_START,3.0,814
EP000183,2026-06-15 10:51:00,U1001,linda.johnson95	,WKSTN-U1001,Outlook,PROCESS_START,27.9,106
EP019313,2026-06-15 11:01:00,U1047,sandra.lewis,WKSTN-U1047,chrome,PROCESS_START,3.4,86
EP022883,2026-06-15 11:02:00,U1056,anthony.clark,WKSTN-U1056,chrome.exe,,29.9,515
EP008459,2026-06-15 10:50:00,U1021,jessica.walker,WKSTN-U1021,chrome.exe,process_start,19.6,587
EP031286,2026-06-15 10:51:00,U1077,kimberly.harris58,WKSTN-U1077,chrome.exe,PROCESS_START,15.0,759
EP039185,2026-06-15 11:03:00,U1095,richard.thomas74,WKSTN-U1095,Outlook,PROCESS_START,31.0,312
EP025287,2026-06-15 10:51:00,U1062,  william.martin ,WKSTN-U1062,Excel,PROCESS_START,15.6,528
EP019721,2026-06-15 11:12:00,U1048,jennifer.thomas87,WKSTN-U1048,chrome.exe,PROCESS_START,30.1,283
EP021281,2026-06-15 11:20:00,U1052,paul.taylor,WKSTN-U1052,Excel,PROCESS_START,31.1,413
EP017305,2026-06-15 11:11:00,U1042,michael.hill56,WKSTN-U1042,Workday,PROCESS_START,7.1,866000.0
EP037440,2026-06-15 10:57:00,U1091,linda.robinson,WKSTN-U1091,notepad.exe,PROCESS_START,32.4,
EP033828,2026-06-15 11:19:00,U1083,sarah.allen70,WKSTN-U1083,outlook.exe,PROCESS_START,6.3,268
EP015312,2026-06-15 11:23:00,U1037,robert.martin,WKSTN-U1037,teams.exe,PROCESS_START,1.4,
EP006171,2026-06-15 11:01:00,U1016,patricia.thomas,WKSTN-U1016,notepad.exe,PROCESS_START,6.7,593
EP019315,2026-06-15 11:09:00,U1047,sandra.lewis,WKSTN-U1047,Chrome,PROCESS_START,11.3,634
EP012917,2026-06-15 11:07:00,U1031,john.wright28,WKSTN-U1031,Outlook,PROCESS_START,10.6,389
EP003754,2026-06-15 11:03:00,U1010,susan.young51,WKSTN-U1010,notepad.exe,PROCESS_START,29.9,156
EP012916,2026-06-15 11:12:00,U1031,john.wright28,WKSTN-U1031,Workday	,PROCESS_START,1.5,195
EP006170,2026-06-15 11:08:00,U1016,patricia.thomas,WKSTN-U1016,Jenkins,PROCESS_START,19.2,87
EP027666,2026-06-15 10:57:00,U1068,susan.thompson34,WKSTN-U1068,DocuSign,PROCESS_START,25.6,483
EP036543,2026-06-15 11:02:00,U1089,paul.brown27,  WKSTN-U1089 ,Wireshark,PROCESS_START,18.4,678
EP011169,2026-06-15 11:42:00,U1027,patricia.brown75,WKSTN-U1027,Jenkins	,PROCESS_START,15.0,338
EP029699,2026-06-15 11:43:00,U1073,michael.gonzalez,WKSTN-U1073,teams.exe,PROCESS_START,20.9,388
EP002206,2026-06-15 11:42:00,U1006,george.gonzalez,WKSTN-U1006,Excel,PROCESS_START,6.8,126
EP036542,2026-06-15 11:43:00,U1089,paul.brown27,WKSTN-U1089,Wireshark,PROCESS_START,26.5,83
EP037896,2026-06-15 11:31:00,U1092,steven.thomas,WKSTN-U1092,PuTTY,PROCESS_START,27.9,255
EP025691,2026-06-15 11:56:00,U1063,john.nguyen,WKSTN-U1063,,PROCESS_START,7.6,459
EP027292,2026-06-15 11:31:00,U1067,,WKSTN-U1067,notepad.exe,PROCESS_START,15.2,543
EP008018,2026-06-15 11:40:00,U1020,andrew.thomas36,WKSTN-U1020,,PROCESS_START,12.6,431
EP037012,2026-06-15 11:54:00,U1090,mary.hill,WKSTN-U1090,Active Directory Console,PROCESS_START,15.4,182
EP002597,2026-06-15 11:48:00,U1007,sarah.robinson82,WKSTN-U1007,CHROME,PROCESS_START,3.7,220
EP008926,2026-06-15 11:43:00,U1022,sandra.brown,WKSTN-U1022,Slack,PROCESS_START,12.9,594
EP010717,2026-06-15 11:32:00,U1026,elizabeth.gonzalez,WKSTN-U1026,VSCode,PROCESS_START,33.5,208
EP003353,2026-06-15 11:36:00,U1009,daniel.brown,WKSTN-U1009,explorer.exe,PROCESS_START,16.8,555
EP000182,2026-06-15 11:34:00,U1001,linda.johnson95,WKSTN-U1001,Excel,PROCESS_START,34.5,891
EP022885,2026-06-15 11:24:00,U1056,anthony.clark,WKSTN-U1056,outlook.exe,PROCESS_START,31.5,833
EP014115,2026-06-15 11:45:00,U1034,thomas.allen63,WKSTN-U1034,notepad.exe,PROCESS_START,14.2,257
EP016104,2026-06-15 11:46:00,U1039,mark.thomas,WKSTN-U1039,chrome.exe,PROCESS_START,22.1,509
EP040009,2026-06-15 11:42:00,U1097,mark.martinez10	,WKSTN-U1097,Chrome,PROCESS_START,19.0,747
EP021280,2026-06-15 11:47:00,U1052,paul.taylor,WKSTN-U1052,chrome,PROCESS_START,11.4,614
EP002207,2026-06-15 11:33:00,U1006,george.gonzalez,WKSTN-U1006,Outlook,PROCESS_START,10.9,734
EP002973,2026-06-15 11:47:00,U1008,joshua.hernandez,WKSTN-U1008,Chrome,PROCESS_START,3.1,313
EP018486,2026-06-15 11:28:00,U1045,daniel.sanchez90,WKSTN-U1045,teams.exe,PROCESS_START,10.6,657
EP004510,2026-06-15 11:26:00,U1012,linda.martinez,WKSTN-U1012,Chrome,PROCESS_START,24.8,165
EP035192,2026-06-15 11:59:00,U1086,steven.thompson53,WKSTN-U1086	,Slack,PROCESS_START,6.5,854
EP012919,2026-06-15 11:27:00,U1031,john.wright28,WKSTN-U1031,outlook.exe	,PROCESS_START,22.8,594
EP003355,2026-06-15 12:07:00,U1009,daniel.brown,WKSTN-U1009,explorer.exe,PROCESS_START,33.3,222
EP032112,2026-06-15 12:23:00,U1079,emily.jones,WKSTN-U1079,outlook.exe,PROCESS_START,29.8,162
EP033829,2026-06-15 12:07:00,U1083,sarah.allen70,WKSTN-U1083,teams.exe,PROCESS_START,16.3,173
EP026087,2026-06-15 12:10:00,U1064,matthew.wright55,WKSTN-U1064,chrome.exe,,1.9,291
EP019720,2026-06-15 12:17:00,U1048,jennifer.thomas87,WKSTN-U1048,Outlook,PROCESS_START,15.3,250
EP035621,2026-06-15 12:29:00,U1087,charles.sanchez,WKSTN-U1087	,Terminal,PROCESS_START,13.3,333
EP022087,2026-06-15 12:27:00,U1054,anthony.martinez,WKSTN-U1054,Chrome,PROCESS_START,11.3,623
EP031687,2026-06-15 12:16:00,U1078,michelle.miller,WKSTN-U1078,,PROCESS_START,9.4,578
EP000599,2026-06-15 12:21:00,U1002,donna.ramirez,WKSTN-U1002,chrome.exe,PROCESS_START,31.4,351
EP035619,2026-06-15 12:06:00,U1087,charles.sanchez,WKSTN-U1087,teams.exe,PROCESS_START,23.8,251
EP004931,2026-06-15 12:35:00,U1013,emily.smith,WKSTN-U1013,outlook.exe,PROCESS_START,24.6,440
EP018093,2026-06-15 11:59:00,U1044,lisa.ramirez9,WKSTN-U1044,Chrome,PROCESS_START,30.1,814
EP002599,2026-06-15 12:23:00,U1007,sarah.robinson82,WKSTN-U1007,Outlook,PROCESS_START,5.2,822
EP034286,2026-06-15 12:25:00,U1084,joshua.taylor,WKSTN-U1084,explorer.exe,PROCESS_START,16.3,827
EP017306,2026-06-15 12:14:00,U1042,michael.hill56,WKSTN-U1042,outlook.exe	,PROCESS_START,19.5,504
EP015307,2026-06-15 12:37:00,U1037,robert.martin,WKSTN-U1037,OUTLOOK.EXE,PROCESS_START,32.1,867
EP000598,2026-06-15 12:22:00,U1002,donna.ramirez,WKSTN-U1002,Excel,PROCESS_START,11.5,487
EP036112,2026-06-15 12:27:00,U1088,andrew.smith85,WKSTN-U1088,Terminal,PROCESS_START,9.3,445
EP014905,2026-06-15 12:04:00,U1036,linda.jones,WKSTN-U1036,Outlook,PROCESS_START,13.9,278
EP004509,2026-06-15 12:12:00,U1012,linda.martinez,WKSTN-U1012,teams.exe,PROCESS_START,13.6,319
EP039184,2026-06-15 12:36:00,U1095,richard.thomas74,WKSTN-U1095,outlook.exe,PROCESS_START,31.0,185
EP038774,2026-06-15 12:38:00,U1094,elizabeth.lewis69,WKSTN-U1094,Wireshark,PROCESS_START,4.4,456
EP028920,2026-06-15 12:09:00,U1071,matthew.robinson35,WKSTN-U1071,DocuSign,PROCESS_START,30.2,490
EP010273,2026-06-15 12:36:00,U1025,betty.brown22,WKSTN-U1025,teams.exe,PROCESS_START,1.7,147
EP020089,2026-06-15 12:08:00,U1049,michelle.jones59,WKSTN-U1049	,Zoom,PROCESS_START,25.5,227
EP032110,2026-06-15 12:53:00,U1079,emily.jones,WKSTN-U1079,Slack,PROCESS_START,26.6,835
EP039588,2026-06-15 12:40:00,U1096,david.allen76,,Zoom,PROCESS_START,28700.0,555
EP037900,2026-06-15 12:39:00,U1092,steven.thomas,WKSTN-U1092,Wireshark,PROCESS_START,8.1,710
EP031287,2026-06-15 12:56:00,U1077,kimberly.harris58,WKSTN-U1077,notepad.exe,PROCESS_START,20.8,892
EP039590,2026-06-15 13:02:00,U1096,david.allen76,WKSTN-U1096,Excel,PROCESS_START,26.5,114
EP023279,2026-06-15 12:55:00,U1057,nancy.sanchez,WKSTN-U1057,notepad.exe,PROCESS_START,12.3,224
EP024895,2026-06-15 12:45:00,U1061,jessica.rodriguez,WKSTN-U1061,Salesforce,PROCESS_START,13.2,516
EP023283,2026-06-15 12:59:00,U1057,  nancy.sanchez ,WKSTN-U1057,Excel,PROCESS_START,17.9,455
EP020482,2026-06-15 12:58:00,U1050,michael.ramirez,WKSTN-U1050,outlook,PROCESS_START,3.2,
EP027291,2026-06-15 12:39:00,U1067,paul.thomas97,WKSTN-U1067,Word,PROCESS_START,8.2,483
EP003354,2026-06-15 12:41:00,U1009,daniel.brown,WKSTN-U1009,QuickBooks,PROCESS_START,5.8,848
EP027667,2026-06-15 12:56:00,U1068,susan.thompson34,WKSTN-U1068,Word,PROCESS_START,12.2,558
EP014903,2026-06-15 12:53:00,U1036,linda.jones,WKSTN-U1036,Excel,PROCESS_START,4.8,233
EP026476,2026-06-15 12:49:00,U1065,michael.ramirez47,WKSTN-U1065,explorer.exe,PROCESS_START,20.7,545
EP025290,2026-06-15 12:55:00,U1062,william.martin,WKSTN-U1062,teams.exe,process_start,21.6,661
EP041159,2026-06-15 12:46:00,U1100,daniel.brown38,WKSTN-U1100,teams.exe,PROCESS_START,11.7,413
EP001409,2026-06-15 12:43:00,U1004,elizabeth.wilson98,WKSTN-U1004,outlook.exe,PROCESS_START,8.6,865
EP014902,2026-06-15 12:42:00,U1036,linda.jones,WKSTN-U1036,Chrome,PROCESS_START,9.1,374
EP007573,2026-06-15 12:50:00,U1019,donna.anderson,WKSTN-U1019,VSCode,PROCESS_START,13.4,652
EP033389,2026-06-15 12:50:00,U1082,karen.hill96,WKSTN-U1082,Active Directory Console,PROCESS_START,4.9,522
EP014114,2026-06-15 12:40:00,U1034,thomas.allen63,WKSTN-U1034,notepad.exe,PROCESS_START,20.1,778
EP017303,2026-06-15 12:50:00,U1042,michael.hill56,WKSTN-U1042	,Chrome,PROCESS_START,30.9,501
EP020086,2026-06-15 12:51:00,U1049,michelle.jones59,WKSTN-U1049,Outlook,PROCESS_START,3.0,328
EP041156,2026-06-15 12:42:00,U1100,daniel.brown38,WKSTN-U1100,chrome.exe,PROCESS_START,23.3,484
EP024896,2026-06-15 12:38:00,U1061,jessica.rodriguez,WKSTN-U1061,explorer.exe,PROCESS_START,18.5,240
EP014516,2026-06-15 13:29:00,U1035,nancy.rodriguez82,WKSTN-U1035,explorer.exe,PROCESS_START,18.1,567
EP014113,2026-06-15 13:20:00,U1034,thomas.allen63,WKSTN-U1034,Outlook,PROCESS_START,31.2,722
EP022506,2026-06-15 13:08:00,U1055,patricia.wilson54,WKSTN-U1055,outlook.exe,PROCESS_START,6.6,617
EP006172,2026-06-15 13:08:00,U1016,patricia.thomas,WKSTN-U1016,GIT,PROCESS_START,5.1,891
EP020887,2026-06-15 13:02:00,U1051,sandra.king72,WKSTN-U1051,chrome.exe,PROCESS_START,27.4,162
EP038329,2026-06-15 13:27:00,U1093,sarah.clark44,WKSTN-U1093,chrome.exe,PROCESS_START,24.5,
EP008928,2026-06-15 13:13:00,U1022,,WKSTN-U1022,Docker Desktop,PROCESS_START,2.1,681
EP008457,2026-06-15 13:30:00,U1021,jessica.walker,WKSTN-U1021,notepad.exe,PROCESS_START,17.1,468
EP023682,2026-06-15 13:17:00,U1058,jennifer.ramirez18,WKSTN-U1058,explorer.exe,PROCESS_START,24.8,729
EP035194,2026-06-15 13:05:00,U1086,STEVEN.THOMPSON53,WKSTN-U1086,Chrome,PROCESS_START,32.9,593
EP024080,2026-06-15 13:30:00,U1059,,WKSTN-U1059,  Salesforce ,PROCESS_START,1.8,637
EP010274,2026-06-15 13:24:00,U1025,BETTY.BROWN22,WKSTN-U1025,explorer.exe,PROCESS_START,15.4,243
EP006647,2026-06-15 13:23:00,U1017,emily.hernandez34,WKSTN-U1017,Git,PROCESS_START,15.7,355
EP003351,2026-06-15 13:29:00,U1009,daniel.brown,WKSTN-U1009,Outlook,PROCESS_START,8.8,254
EP028082,2026-06-15 13:20:00,U1069,jessica.clark,WKSTN-U1069,explorer.exe,PROCESS_START,,599
EP026088,2026-06-15 13:05:00,U1064,matthew.wright55,WKSTN-U1064,chrome.exe,PROCESS_START,27.3,243
EP035620,2026-06-15 13:17:00,U1087,,WKSTN-U1087,teams.exe,PROCESS_START,9.1,483
EP036113,2026-06-15 13:07:00,U1088,andrew.smith85,WKSTN-U1088,explorer.exe,PROCESS_START,32.6,547
EP001802,2026-06-15 13:29:00,U1005,robert.robinson,WKSTN-U1005,QuickBooks,PROCESS_START,3.2,211
EP034289,2026-06-15 13:03:00,U1084,joshua.taylor,WKSTN-U1084,Slack,PROCESS_START,25.1,549
EP028501,2026-06-15 13:02:00,U1070,betty.thomas40,WKSTN-U1070,chrome.exe,PROCESS_START,21.5,346
EP009816,2026-06-15 13:14:00,U1024,EMILY.MILLER,WKSTN-U1024,outlook.exe,PROCESS_START,22.0,781
EP004114,2026-06-15 13:25:00,U1011,donna.ramirez75,WKSTN-U1011,Outlook,PROCESS_START,3.5,322
EP014514,2026-06-15 13:07:00,U1035,nancy.rodriguez82,WKSTN-U1035,Chrome,PROCESS_START,25.1,92
EP024485,2026-06-15 13:22:00,U1060,matthew.anderson,WKSTN-U1060	,Excel,PROCESS_START,4.9,609
EP009373,2026-06-15 13:50:00,U1023,richard.wright,WKSTN-U1023,Slack,PROCESS_START,9.2,100
EP004930,2026-06-15 13:50:00,U1013,,WKSTN-U1013,chrome.exe,PROCESS_START,33.5,199
EP014112,2026-06-15 13:31:00,U1034,thomas.allen63,WKSTN-U1034,teams.exe,process_start,33.3,663
EP015712,2026-06-15 13:42:00,U1038,emily.clark,WKSTN-U1038,Chrome,PROCESS_START,12.7,734
EP038775,2026-06-15 13:37:00,U1094,elizabeth.lewis69,WKSTN-U1094,explorer.exe,PROCESS_START,15.9,328
EP027295,2026-06-15 13:59:00,U1067,paul.thomas97,WKSTN-U1067,teams.exe,PROCESS_START,31.7,483
EP035189,2026-06-15 14:07:00,U1086,steven.thompson53,WKSTN-U1086,outlook.exe,PROCESS_START,14.7,345
EP021282,2026-06-15 14:05:00,U1052,paul.taylor,WKSTN-U1052,Excel,PROCESS_START,21.7,402
EP034284,2026-06-15 13:44:00,U1084,joshua.taylor,WKSTN-U1084,teams.exe,PROCESS_START,15.3,
EP008456,2026-06-15 14:06:00,U1021,jessica.walker,WKSTN-U1021,  explorer.exe ,PROCESS_START,6.4,348
EP018483,2026-06-15 13:34:00,U1045,daniel.sanchez90,WKSTN-U1045,Excel,PROCESS_START,17.6,151
EP030510,2026-06-15 13:31:00,U1075,steven.lewis,WKSTN-U1075,WORD,PROCESS_START,15.2,242
EP040787,2026-06-15 13:48:00,U1099,joseph.garcia,WKSTN-U1099,Chrome,PROCESS_START,13.0,897
EP002210,2026-06-15 14:01:00,U1006,george.gonzalez,WKSTN-U1006,Outlook,PROCESS_START,19.2,81
EP016899,2026-06-15 13:49:00,U1041,matthew.allen52,WKSTN-U1041,Chrome,PROCESS_START,27.9,297
EP025286,2026-06-15 13:37:00,U1062,william.martin,WKSTN-U1062,teams.exe,PROCESS_START,1.9,278
EP025690,2026-06-15 13:52:00,U1063,john.nguyen,WKSTN-U1063,notepad.exe,PROCESS_START,20.7,315
EP015311,2026-06-15 13:47:00,U1037,robert.martin,WKSTN-U1037,chrome.exe,PROCESS_START,14.6,
EP005755,2026-06-15 13:31:00,U1015,lisa.hernandez,WKSTN-U1015,Excel,PROCESS_START,15.4,176
EP032113,2026-06-15 13:41:00,U1079,emily.jones,WKSTN-U1079,explorer.exe,PROCESS_START,9.5,817
EP030905,2026-06-15 13:44:00,U1076,john.torres	,WKSTN-U1076,,PROCESS_START,26.4,835
EP021284,2026-06-15 14:05:00,U1052,paul.taylor,WKSTN-U1052,Outlook,PROCESS_START,32.6,106
EP018092,2026-06-15 13:37:00,U1044,lisa.ramirez9,,Excel,PROCESS_START,15.3,217
EP018095,2026-06-15 14:03:00,U1044,lisa.ramirez9,WKSTN-U1044,Outlook,PROCESS_START,29.9,615
EP008019,2026-06-15 13:53:00,U1020,andrew.thomas36,WKSTN-U1020,outlook.exe,PROCESS_START,13.6,456
EP000180,2026-06-15 14:17:00,U1001,linda.johnson95,WKSTN-U1001,Chrome,PROCESS_START,31.3,241
EP003753,2026-06-15 14:36:00,U1010,susan.young51,WKSTN-U1010,Chrome,PROCESS_START,28.7,236
EP013339,2026-06-15 14:27:00,U1032,paul.wright91,WKSTN-U1032,notepad.exe,PROCESS_START,30.9,655
EP004933,2026-06-15 14:09:00,U1013,emily.smith,WKSTN-U1013,Outlook,PROCESS_START,19.4,386
EP037899,2026-06-15 14:31:00,U1092,steven.thomas,WKSTN-U1092,notepad.exe,PROCESS_START,28.6,177
EP039587,2026-06-15 14:37:00,U1096,david.allen76,WKSTN-U1096,Zoom,PROCESS_START,28.5,
EP023681,2026-06-15 14:07:00,U1058,jennifer.ramirez18,WKSTN-U1058,Zoom,PROCESS_START,12.6,
EP012056,2026-06-15 14:18:00,U1029,michelle.garcia54,WKSTN-U1029,Chrome,PROCESS_START,15.2,439
EP032962,2026-06-15 14:26:00,U1081,margaret.davis,WKSTN-U1081,outlook.exe,PROCESS_START,30.2,773
EP002209,2026-06-15 14:27:00,U1006,george.gonzalez,WKSTN-U1006,SAP,PROCESS_START,22.8,334
EP020480,2026-06-15 14:33:00,U1050,michael.ramirez,WKSTN-U1050,  outlook.exe ,PROCESS_START,29.0,140
EP018907,2026-06-15 14:34:00,U1046,michelle.torres39,WKSTN-U1046,chrome.exe,PROCESS_START,26.6,546
EP013731,2026-06-15 14:08:00,U1033,linda.miller,WKSTN-U1033,outlook.exe,PROCESS_START,8.4,651
EP022886,2026-06-15 14:07:00,U1056,anthony.clark,WKSTN-U1056,chrome.exe,PROCESS_START,20.5,817
EP038327,2026-06-15 14:10:00,U1093,sarah.clark44,WKSTN-U1093,outlook.exe,PROCESS_START,9.1,572
EP040008,2026-06-15 14:13:00,U1097,mark.martinez10,WKSTN-U1097,notepad.exe,PROCESS_START,4.9,510
EP004511,2026-06-15 14:34:00,U1012,linda.martinez,WKSTN-U1012,QuickBooks,PROCESS_START,34.9,164
EP031288,2026-06-15 14:16:00,U1077,kimberly.harris58,WKSTN-U1077,Word,PROCESS_START,14.0,132
EP012055,2026-06-15 14:13:00,U1029,michelle.garcia54,WKSTN-U1029,Docker Desktop,PROCESS_START,23.8,402
EP032963,2026-06-15 14:35:00,U1081,margaret.davis,WKSTN-U1081,chrome.exe,PROCESS_START,19.0,633
EP040011,2026-06-15 14:10:00,U1097,mark.martinez10,WKSTN-U1097,chrome.exe,PROCESS_START,31.1,350
EP018485,2026-06-15 14:20:00,U1045,daniel.sanchez90,WKSTN-U1045,Excel,PROCESS_START,31.8,456
EP008016,2026-06-15 14:17:00,U1020,andrew.thomas36,WKSTN-U1020,outlook.exe	,PROCESS_START,13.5,793
EP001801,2026-06-15 14:17:00,U1005,robert.robinson,WKSTN-U1005,teams.exe,PROCESS_START,23.9,697
EP024481,2026-06-15 14:20:00,U1060,matthew.anderson,WKSTN-U1060,Chrome,PROCESS_START,1.3,572
EP016099,2026-06-15 14:40:00,U1039,mark.thomas,WKSTN-U1039,explorer.exe,PROCESS_START,4.9,577
EP014904,2026-06-15 15:05:00,U1036,linda.jones,WKSTN-U1036,chrome.exe,PROCESS_START,9.6,613
EP011630,2026-06-15 14:50:00,U1028,john.hill	,WKSTN-U1028,Docker Desktop,PROCESS_START,32.5,238
EP032967,2026-06-15 14:46:00,U1081,margaret.davis,WKSTN-U1081,Active Directory Console,PROCESS_START,5.2,736
EP001411,2026-06-15 14:59:00,U1004,elizabeth.wilson98,WKSTN-U1004,chrome.exe	,PROCESS_START,24.0,169
EP005348,2026-06-15 15:01:00,U1014,james.taylor,  WKSTN-U1014 ,chrome.exe,PROCESS_START,23.8,472
EP028918,2026-06-15 14:56:00,U1071,matthew.robinson35,WKSTN-U1071,  chrome.exe ,PROCESS_START,20.9,231
EP039186,2026-06-15 14:40:00,U1095,richard.thomas74,WKSTN-U1095,outlook.exe,PROCESS_START,20.7,154
EP007574,2026-06-15 14:38:00,U1019,donna.anderson,  WKSTN-U1019 ,Git,PROCESS_START,17.2,
EP036541,2026-06-15 14:40:00,U1089,paul.brown27,WKSTN-U1089,Active Directory Console,PROCESS_START,2.1,181
EP006643,2026-06-15 15:01:00,U1017,emily.hernandez34,WKSTN-U1017,explorer.exe,PROCESS_START,15.6,268
EP008925,2026-06-15 14:42:00,U1022,sandra.brown,WKSTN-U1022,Chrome,PROCESS_START,8.2,736
EP036546,2026-06-15 14:47:00,U1089,paul.brown27,WKSTN-U1089,Terminal,PROCESS_START,4.1,646
EP001803,2026-06-15 15:01:00,U1005,robert.robinson,WKSTN-U1005,Excel,PROCESS_START,5.3,663
EP040788,2026-06-15 14:50:00,U1099,joseph.garcia,WKSTN-U1099,chrome.exe,PROCESS_START,18.0,871
EP024484,2026-06-15 14:55:00,U1060,MATTHEW.ANDERSON	,WKSTN-U1060,notepad.exe,PROCESS_START,30.0,
EP019719,2026-06-15 15:03:00,U1048,jennifer.thomas87,WKSTN-U1048,teams.exe,PROCESS_START,26.9,319
EP002598,2026-06-15 14:50:00,U1007,sarah.robinson82,WKSTN-U1007,outlook.exe,PROCESS_START,8.8,839
EP020088,2026-06-15 14:38:00,U1049,michelle.jones59,WKSTN-U1049,  teams.exe ,PROCESS_START,7.4,730
EP017302,2026-06-15 15:03:00,U1042,michael.hill56,WKSTN-U1042,,PROCESS_START,2.0,490
EP027294,2026-06-15 14:52:00,U1067,paul.thomas97,WKSTN-U1067,Outlook,PROCESS_START,22.7,631
EP036544,2026-06-15 14:40:00,U1089,paul.brown27,WKSTN-U1089,chrome.exe,PROCESS_START,9.6,372
EP023284,2026-06-15 14:41:00,U1057,nancy.sanchez,WKSTN-U1057,notepad.exe,PROCESS_START,27.0,
EP016502,2026-06-15 15:04:00,U1040,matthew.martin,WKSTN-U1040,Chrome,PROCESS_START,2.5,630
EP034288,2026-06-15 15:00:00,U1084,joshua.taylor,WKSTN-U1084,Wireshark,PROCESS_START,4.6,774
EP009817,2026-06-15 15:26:00,U1024,emily.miller,WKSTN-U1024,Git,PROCESS_START,14.1,354
EP012054,2026-06-15 15:17:00,U1029,michelle.garcia54,WKSTN-U1029,Jenkins,PROCESS_START,23.8,133
EP028921,2026-06-15 15:28:00,U1071,matthew.robinson35,WKSTN-U1071,notepad.exe,PROCESS_START,11.5,182
EP026908,2026-06-15 15:25:00,U1066,michelle.wright62,WKSTN-U1066,Word,PROCESS_START,,275
EP000179,2026-06-15 15:21:00,U1001,linda.johnson95,WKSTN-U1001,notepad.exe,PROCESS_START,25.1,643
EP013337,2026-06-15 15:22:00,U1032,paul.wright91,WKSTN-U1032,chrome.exe,PROCESS_START,20.8,422
EP014515,2026-06-15 15:34:00,U1035,nancy.rodriguez82,WKSTN-U1035,Workday,PROCESS_START,7.5,434
EP021672,2026-06-15 15:21:00,U1053,john.jackson31,WKSTN-U1053,Salesforce,PROCESS_START,30.3,556
EP040789,2026-06-15 15:31:00,U1099,joseph.garcia,WKSTN-U1099,outlook.exe,PROCESS_START,12.5,627
EP024483,2026-06-15 15:13:00,U1060,matthew.anderson,WKSTN-U1060,  explorer.exe ,PROCESS_START,24.4,332
EP018096,2026-06-15 15:11:00,U1044,  lisa.ramirez9 ,WKSTN-U1044,Workday,PROCESS_START,19.3,801
EP024081,2026-06-15 15:22:00,U1059,daniel.perez98,WKSTN-U1059,Outlook,PROCESS_START,26.2,566
EP020890,2026-06-15 15:16:00,U1051,sandra.king72,WKSTN-U1051,chrome.exe,PROCESS_START,9.4,538
EP017703,2026-06-15 15:35:00,U1043,THOMAS.WILLIAMS91,WKSTN-U1043,chrome.exe,,16.1,440
EP001013,2026-06-15 15:22:00,U1003,kenneth.clark29,WKSTN-U1003,QuickBooks,PROCESS_START,7.1,112
EP033826,2026-06-15 15:19:00,U1083,sarah.allen70,WKSTN-U1083,Slack,PROCESS_START,26.2,98
EP034743,2026-06-15 15:24:00,U1085,barbara.walker67,WKSTN-U1085,chrome.exe,PROCESS_START,9.4,707
EP028081,2026-06-15 15:19:00,U1069,jessica.clark,WKSTN-U1069,  outlook.exe ,PROCESS_START,23.2,439
EP024897,2026-06-15 15:25:00,U1061,jessica.rodriguez,WKSTN-U1061,Salesforce,PROCESS_START,7.9,534
EP022884,2026-06-15 15:16:00,U1056,anthony.clark,WKSTN-U1056,Salesforce,PROCESS_START,24.1,665
EP020889,2026-06-15 15:19:00,U1051,sandra.king72,WKSTN-U1051,chrome.exe,PROCESS_START,7.6,156
EP025288,2026-06-15 15:24:00,U1062,william.martin,WKSTN-U1062,chrome.exe,PROCESS_START,27.6,771
EP036545,2026-06-15 15:16:00,U1089,paul.brown27,WKSTN-U1089,teams.exe,PROCESS_START,22.1,552
EP013732,2026-06-15 15:22:00,U1033,linda.miller,WKSTN-U1033,Excel,PROCESS_START,4.6,210
EP029700,2026-06-15 15:11:00,U1073,  michael.gonzalez ,WKSTN-U1073,Outlook,PROCESS_START,21.3,724
EP006642,2026-06-15 15:53:00,U1017,emily.hernandez34,WKSTN-U1017,chrome.exe,PROCESS_START,21.1,393
EP000181,2026-06-15 15:44:00,U1001,linda.johnson95,WKSTN-U1001,QuickBooks,PROCESS_START,28.0,600
EP018094,2026-06-15 15:38:00,U1044,,WKSTN-U1044,Outlook,PROCESS_START,31.3,886
EP016103,2026-06-15 15:38:00,U1039,mark.thomas,WKSTN-U1039,chrome.exe,PROCESS_START,28.7,266
EP037442,2026-06-15 15:58:00,U1091,linda.robinson,WKSTN-U1091,PuTTY,PROCESS_START,20.1,535
EP021283,2026-06-15 15:39:00,U1052,paul.taylor,WKSTN-U1052,outlook.exe,PROCESS_START,1.2,793
EP024482,2026-06-15 15:36:00,U1060,matthew.anderson,WKSTN-U1060,EXCEL	,PROCESS_START,4.3,254
EP040786,2026-06-15 15:41:00,U1099,joseph.garcia,WKSTN-U1099,outlook.exe,PROCESS_START,13.2,106
EP007111,2026-06-15 15:43:00,U1018,betty.white57,WKSTN-U1018,chrome.exe,PROCESS_START,11.6,776
EP018484,2026-06-15 15:40:00,U1045,daniel.sanchez90,WKSTN-U1045,Chrome,PROCESS_START,33.3,250
EP028079,2026-06-15 16:00:00,U1069,jessica.clark,WKSTN-U1069,outlook.exe,PROCESS_START,21.5,591
EP032965,2026-06-15 15:54:00,U1081,MARGARET.DAVIS,WKSTN-U1081,teams.exe,PROCESS_START,22.0,421
EP034740,2026-06-15 15:39:00,U1085,barbara.walker67,WKSTN-U1085,chrome.exe,PROCESS_START,7.4,624
EP040010,2026-06-15 15:48:00,U1097,mark.martinez10,WKSTN-U1097,Excel,PROCESS_START,28.2,
EP029696,2026-06-15 16:00:00,U1073,michael.gonzalez,WKSTN-U1073,outlook.exe,PROCESS_START,32.3,603
EP040404,2026-06-15 15:59:00,U1098,nancy.wright49,WKSTN-U1098,  chrome.exe ,PROCESS_START,15.6,413
EP011170,2026-06-15 15:39:00,U1027,patricia.brown75,WKSTN-U1027,outlook.exe,PROCESS_START,33.2,534
EP017301,2026-06-15 15:50:00,U1042,michael.hill56,WKSTN-U1042,notepad.exe,PROCESS_START,33.8,869
EP041158,2026-06-15 15:55:00,U1100,daniel.brown38,WKSTN-U1100,Zoom,PROCESS_START,26.6,110
EP039183,2026-06-15 15:35:00,U1095,richard.thomas74,WKSTN-U1095,Outlook,PROCESS_START,34.7,705
EP001804,2026-06-15 15:58:00,U1005,robert.robinson,WKSTN-U1005,Outlook,PROCESS_START,31.0,826
EP032966,2026-06-15 16:00:00,U1081,margaret.davis,WKSTN-U1081,  Chrome ,PROCESS_START,33.4,334
EP009371,2026-06-15 15:49:00,U1023,richard.wright,WKSTN-U1023,Git,,9.7,136
EP033827,2026-06-15 15:47:00,U1083,sarah.allen70,WKSTN-U1083,Chrome	,PROCESS_START,1.5,115
EP037013,2026-06-15 16:01:00,U1090,mary.hill,WKSTN-U1090,Slack,PROCESS_START,9.1,335
EP005347,2026-06-15 16:10:00,U1014,james.taylor,WKSTN-U1014,Chrome,PROCESS_START,18.1,412
EP018908,2026-06-15 16:04:00,U1046,michelle.torres39,WKSTN-U1046,Excel,PROCESS_START,13.7,386
EP008017,2026-06-15 16:29:00,U1020,andrew.thomas36,WKSTN-U1020,outlook.exe,PROCESS_START,23.7,382
EP021674,2026-06-15 16:20:00,U1053,john.jackson31	,WKSTN-U1053,notepad.exe,PROCESS_START,28.0,800
EP037441,2026-06-15 16:19:00,U1091,linda.robinson,WKSTN-U1091,Active Directory Console,PROCESS_START,25.8,239
EP010720,2026-06-15 16:15:00,U1026,elizabeth.gonzalez,WKSTN-U1026,outlook.exe,PROCESS_START,17.9,747
EP018906,2026-06-15 16:13:00,U1046,michelle.torres39,WKSTN-U1046,chrome.exe,PROCESS_START,9.3,100
EP034287,2026-06-15 16:33:00,U1084,joshua.taylor,WKSTN-U1084,Active Directory Console,PROCESS_START,15.2,454
EP001412,2026-06-15 16:04:00,U1004,elizabeth.wilson98,WKSTN-U1004,outlook.exe,PROCESS_START,14.4,582
EP037443,2026-06-15 16:30:00,U1091,linda.robinson,WKSTN-U1091,,process_start,11.2,835
EP012918,2026-06-15 16:26:00,U1031,john.wright28,WKSTN-U1031,notepad.exe,PROCESS_START,7.3,368
EP007575,2026-06-15 16:12:00,U1019,donna.anderson,WKSTN-U1019,Docker Desktop,PROCESS_START,16.7,
EP016501,2026-06-15 16:19:00,U1040,matthew.martin,WKSTN-U1040	,,PROCESS_START,28.5,628
EP024898,2026-06-15 16:14:00,U1061,jessica.rodriguez,WKSTN-U1061,  Excel ,PROCESS_START,28.3,329
EP030508,2026-06-15 16:23:00,U1075,steven.lewis,WKSTN-U1075,explorer.exe,PROCESS_START,21.6,838
EP037895,2026-06-15 16:15:00,U1092,steven.thomas,WKSTN-U1092,teams.exe,PROCESS_START,22.0,165
EP011633,2026-06-15 16:05:00,U1028,john.hill,WKSTN-U1028,notepad.exe,PROCESS_START,29.3,772
EP021671,2026-06-15 16:38:00,U1053,,WKSTN-U1053,notepad.exe,PROCESS_START,21.9,591
EP030103,2026-06-15 16:27:00,U1074,sarah.williams7,WKSTN-U1074,outlook.exe,PROCESS_START,15.0,238
EP037897,2026-06-15 16:23:00,U1092,steven.thomas,WKSTN-U1092,chrome.exe,PROCESS_START,14.5,824
EP024894,2026-06-15 16:30:00,U1061,jessica.rodriguez,WKSTN-U1061,TEAMS.EXE,PROCESS_START,N/A,647
EP014512,2026-06-15 16:18:00,U1035,nancy.rodriguez82,WKSTN-U1035,Chrome,PROCESS_START,,366
EP006646,2026-06-15 16:09:00,U1017,emily.hernandez34,WKSTN-U1017,VSCode,process_start,33.9,89
EP041157,2026-06-15 16:12:00,U1100,  daniel.brown38 ,WKSTN-U1100,Zoom,PROCESS_START,-22.8,696
EP025692,2026-06-15 16:29:00,U1063,john.nguyen,WKSTN-U1063,outlook.exe,PROCESS_START,29.5,131
EP032964,2026-06-15 17:34:00,U1081,margaret.davis,WKSTN-U1081,Chrome,PROCESS_START,16.4,710
EP017704,2026-06-15 16:49:00,U1043,thomas.williams91,WKSTN-U1043,outlook.exe,PROCESS_START,2.2,
EP014513,2026-06-15 16:59:00,U1035,nancy.rodriguez82,WKSTN-U1035,chrome.exe,PROCESS_START,19.0,460
EP034744,2026-06-15 17:32:00,U1085,barbara.walker67,WKSTN-U1085,Chrome,PROCESS_START,17.1,572
EP017304,2026-06-15 17:03:00,U1042,michael.hill56,WKSTN-U1042,Excel,PROCESS_START,29.7,513
EP027668,2026-06-15 17:27:00,U1068,susan.thompson34,WKSTN-U1068,Chrome,PROCESS_START,22.5,281
EP032111,2026-06-15 17:23:00,U1079,emily.jones,WKSTN-U1079,chrome.exe,PROCESS_START,-4.9,469
EP007572,2026-06-15 16:59:00,U1019,donna.anderson,WKSTN-U1019,outlook.exe,PROCESS_START,14.3,
EP018097,2026-06-15 17:29:00,U1044,lisa.ramirez9,WKSTN-U1044,chrome.exe,PROCESS_START,13.3,826
EP004932,2026-06-15 16:56:00,U1013,  emily.smith ,WKSTN-U1013,teams.exe,PROCESS_START,,626
EP016504,2026-06-15 17:55:00,U1040,matthew.martin,WKSTN-U1040,Workday,PROCESS_START,10.3,667
EP015714,2026-06-15 17:18:00,U1038,emily.clark,WKSTN-U1038,notepad.exe,PROCESS_START,1.4,767
EP013338,2026-06-15 17:27:00,U1032,paul.wright91,WKSTN-U1032,outlook.exe,PROCESS_START,8.0,347
EP016500,2026-06-15 17:22:00,U1040,matthew.martin,WKSTN-U1040,Workday,PROCESS_START,6.9,611
EP013733,2026-06-15 17:22:00,U1033,linda.miller,WKSTN-U1033,explorer.exe,PROCESS_START,31.8,602
EP008927,2026-06-15 16:53:00,U1022,sandra.brown,WKSTN-U1022,Git,PROCESS_START,3.3,418
EP008458,2026-06-15 17:33:00,U1021,jessica.walker,WKSTN-U1021,notepad.exe,PROCESS_START,25.1,N/A
EP011631,2026-06-15 17:30:00,U1028,john.hill,WKSTN-U1028,jenkins,PROCESS_START,6.2,634
EP011632,2026-06-15 17:43:00,U1028,john.hill,WKSTN-U1028,teams.exe,PROCESS_START,8.0,367
EP009374,2026-06-15 16:39:00,U1023,richard.wright,WKSTN-U1023,Git,PROCESS_START,4.7,194
EP026477,2026-06-15 17:18:00,U1065,michael.ramirez47,  WKSTN-U1065 ,Chrome,PROCESS_START,29.4,144
EP023282,2026-06-15 17:02:00,U1057,nancy.sanchez,WKSTN-U1057,Salesforce,PROCESS_START,24.4,
EP037011,2026-06-15 17:01:00,U1090,mary.hill,WKSTN-U1090,outlook.exe,PROCESS_START,24.0,729
EP034742,2026-06-15 16:40:00,U1085,barbara.walker67,WKSTN-U1085,Chrome,PROCESS_START,15.3,150
EP020481,2026-06-15 16:55:00,U1050,michael.ramirez,WKSTN-U1050,Zoom,PROCESS_START,18.7,194
EP014129,2026-06-16 07:29:00,U1034,thomas.allen63,WKSTN-U1034,explorer.exe,PROCESS_START,13.0,587
EP005362,2026-06-16 07:48:00,U1014,james.taylor,WKSTN-U1014,notepad.exe,PROCESS_START,27.8,783
EP027314,2026-06-16 08:27:00,U1067,paul.thomas97,WKSTN-U1067,DocuSign,PROCESS_START,9.3,543
EP013355,2026-06-16 08:17:00,U1032,paul.wright91,WKSTN-U1032,,PROCESS_START,28.2,224
EP038796,2026-06-16 08:25:00,U1094,elizabeth.lewis69,WKSTN-U1094,Wireshark,PROCESS_START,28.5,83
EP002228,2026-06-16 08:25:00,U1006,george.gonzalez,WKSTN-U1006,SAP,PROCESS_START,21.5,466
EP006670,2026-06-16 07:10:00,U1017,emily.hernandez34,WKSTN-U1017,Chrome,PROCESS_START,,193
EP024100,2026-06-16 08:27:00,U1059,daniel.perez98,WKSTN-U1059,Chrome,process_start,13.5,372
EP013357,2026-06-16 07:28:00,U1032,paul.wright91,WKSTN-U1032,Workday,PROCESS_START,24.9,727
EP034307,2026-06-16 07:59:00,U1084,joshua.taylor,WKSTN-U1084,outlook.exe,PROCESS_START,23.0,565
EP018117,2026-06-16 07:47:00,U1044,lisa.ramirez9,WKSTN-U1044,Workday,PROCESS_START,25.1,607
EP033855,2026-06-16 07:59:00,U1083,sarah.allen70,WKSTN-U1083,PuTTY,PROCESS_START,30.2,270
EP014130,2026-06-16 07:53:00,U1034,thomas.allen63,WKSTN-U1034,Workday,PROCESS_START,32.7,776
EP014131,2026-06-16 07:48:00,U1034,thomas.allen63,WKSTN-U1034,Excel,PROCESS_START,,667
EP006671,2026-06-16 07:46:00,U1017,  emily.hernandez34 ,WKSTN-U1017,explorer.exe	,PROCESS_START,15.1,179
EP002226,2026-06-16 07:50:00,U1006,george.gonzalez,WKSTN-U1006,QuickBooks,PROCESS_START,3.4,331
EP025702,2026-06-16 08:24:00,U1063,john.nguyen,WKSTN-U1063,notepad.exe,PROCESS_START,33.3,191
EP026924,2026-06-16 07:38:00,U1066,michelle.wright62,WKSTN-U1066,Word,PROCESS_START,13.4,661
EP008479,2026-06-16 08:24:00,U1021,jessica.walker,WKSTN-U1021,Git,PROCESS_START,1.9,126
EP022903,2026-06-16 08:08:00,U1056,anthony.clark,WKSTN-U1056,Outlook,PROCESS_START,33.5,683
EP022905,2026-06-16 07:34:00,U1056,anthony.clark,WKSTN-U1056,notepad.exe,PROCESS_START,10.1,754
EP025308,2026-06-16 08:18:00,U1062,william.martin,WKSTN-U1062,Zoom,PROCESS_START,28.0,250
EP010735,2026-06-16 07:18:00,U1026,elizabeth.gonzalez,WKSTN-U1026,teams.exe,PROCESS_START,7.0,747
EP013360,2026-06-16 08:23:00,U1032,paul.wright91,WKSTN-U1032,teams.exe,PROCESS_START,28.2,749
EP008947,2026-06-16 08:04:00,U1022,sandra.brown,WKSTN-U1022,Slack,PROCESS_START,11.2,458
EP008946,2026-06-16 08:36:00,U1022,sandra.brown,WKSTN-U1022,Git,process_start,12.0,591
EP015330,2026-06-16 08:40:00,U1037,robert.martin,WKSTN-U1037,Chrome,,16.4,187
EP013750,2026-06-16 08:59:00,U1033,linda.miller,WKSTN-U1033,Chrome,PROCESS_START,34.3,531
EP024097,2026-06-16 08:49:00,U1059,daniel.perez98,WKSTN-U1059,Zoom,PROCESS_START,2.5,304
EP007139,2026-06-16 08:53:00,U1018,betty.white57,WKSTN-U1018,Chrome,PROCESS_START,22.3,
EP013358,2026-06-16 08:55:00,U1032,paul.wright91,WKSTN-U1032,teams.exe,PROCESS_START,11.0,216
EP027312,2026-06-16 08:27:00,U1067,paul.thomas97,WKSTN-U1067,Chrome,PROCESS_START,6.9,782
EP008475,2026-06-16 08:59:00,U1021,jessica.walker,WKSTN-U1021,Git,PROCESS_START,24.2,451
EP003767,2026-06-16 08:47:00,U1010,susan.young51,WKSTN-U1010,Excel,PROCESS_START,31.3,123
EP001430,2026-06-16 09:03:00,U1004,elizabeth.wilson98,WKSTN-U1004,Chrome,,15.2,583
EP009838,2026-06-16 08:35:00,U1024,emily.miller,WKSTN-U1024,Git,PROCESS_START,33.3,736
EP040422,2026-06-16 09:04:00,U1098,nancy.wright49,WKSTN-U1098,Zoom,PROCESS_START,35.0,723
EP030117,2026-06-16 08:41:00,U1074,sarah.williams7,WKSTN-U1074,explorer.exe,PROCESS_START,18.5,867
EP023701,2026-06-16 08:55:00,U1058,jennifer.ramirez18,WKSTN-U1058,Excel	,PROCESS_START,34.4,553
EP016526,2026-06-16 09:01:00,U1040,matthew.martin,WKSTN-U1040,teams.exe,PROCESS_START,33.0,530
EP033854,2026-06-16 08:27:00,U1083,sarah.allen70,,chrome.exe,PROCESS_START,32.5,575
EP022907,2026-06-16 08:39:00,U1056,anthony.clark,WKSTN-U1056,notepad.exe,PROCESS_START,33.1,448
EP004525,2026-06-16 08:59:00,U1012,linda.martinez,WKSTN-U1012,teams.exe,PROCESS_START,5.0,364
EP028939,2026-06-16 08:48:00,U1071,matthew.robinson35,WKSTN-U1071	,explorer.exe,PROCESS_START,19.0,576
EP022106,2026-06-16 08:39:00,U1054,anthony.martinez,WKSTN-U1054,notepad.exe,PROCESS_START,7.2,531
EP023299,2026-06-16 09:06:00,U1057,nancy.sanchez,WKSTN-U1057,,PROCESS_START,19.9,425
EP003372,2026-06-16 08:42:00,U1009,daniel.brown,WKSTN-U1009,SAP,PROCESS_START,16.2,507
EP000613,2026-06-16 08:48:00,U1002,donna.ramirez,WKSTN-U1002,QuickBooks,PROCESS_START,29.4,344
EP034306,2026-06-16 08:37:00,U1084,joshua.taylor,WKSTN-U1084,notepad.exe,PROCESS_START,6.7,88
EP025309,2026-06-16 08:59:00,U1062,william.martin,WKSTN-U1062,outlook.exe,PROCESS_START,11.9,199
EP007138,2026-06-16 09:20:00,U1018,betty.white57,WKSTN-U1018,slack,PROCESS_START,28.1,250
EP027315,2026-06-16 09:36:00,U1067,paul.thomas97,WKSTN-U1067,Chrome,PROCESS_START,27.2,171
EP040030,2026-06-16 09:28:00,U1097,mark.martinez10,WKSTN-U1097,chrome.exe,,4.9,552
EP027313,2026-06-16 09:13:00,U1067,paul.thomas97,WKSTN-U1067,Outlook,PROCESS_START,8.6,318
EP021298,2026-06-16 09:09:00,U1052,paul.taylor,WKSTN-U1052,notepad.exe,PROCESS_START,31.5,882
EP007137,2026-06-16 09:08:00,U1018,betty.white57,WKSTN-U1018,Git,PROCESS_START,28.5,768
EP028099,2026-06-16 09:11:00,U1069,jessica.clark,WKSTN-U1069,outlook.exe,PROCESS_START,11.6,606
EP014534,2026-06-16 09:25:00,U1035,nancy.rodriguez82,WKSTN-U1035,notepad.exe,PROCESS_START,15.4,152
EP038350,2026-06-16 09:33:00,U1093,sarah.clark44,WKSTN-U1093,notepad.exe,PROCESS_START,18.7,803
EP005364,2026-06-16 09:27:00,U1014,james.taylor,WKSTN-U1014,teams.exe,PROCESS_START,15.2,165
EP031706,2026-06-16 09:21:00,U1078,michelle.miller,WKSTN-U1078,outlook.exe,PROCESS_START,19.8,393
EP013359,2026-06-16 09:40:00,U1032,paul.wright91,WKSTN-U1032,Outlook,PROCESS_START,18.0,803
EP019333,2026-06-16 09:32:00,U1047,sandra.lewis,WKSTN-U1047,teams.exe,PROCESS_START,27.0,307
EP009395,2026-06-16 09:15:00,U1023,richard.wright,WKSTN-U1023,notepad.exe,PROCESS_START,18.9,450
EP031704,2026-06-16 09:10:00,U1078,michelle.miller,WKSTN-U1078,notepad.exe,PROCESS_START,17.0,599
EP026493,2026-06-16 09:31:00,U1065,michael.ramirez47,WKSTN-U1065,outlook.exe,PROCESS_START,29.5,576
EP040032,2026-06-16 09:22:00,U1097,mark.martinez10,WKSTN-U1097,chrome.exe,PROCESS_START,21.2,155
EP001819,2026-06-16 09:27:00,U1005,robert.robinson,WKSTN-U1005	,notepad.exe,PROCESS_START,29.3,421
EP024098,2026-06-16 09:25:00,U1059,daniel.perez98,WKSTN-U1059	,notepad.exe,PROCESS_START,25.9,228
EP025305,2026-06-16 09:09:00,U1062,william.martin,WKSTN-U1062,explorer.exe,PROCESS_START,13.3,370
EP032984,2026-06-16 09:36:00,U1081,margaret.davis,WKSTN-U1081,Slack,,7.0,632
EP004130,2026-06-16 09:10:00,U1011,donna.ramirez75,WKSTN-U1011,explorer.exe,PROCESS_START,9.9,243
EP038795,2026-06-16 09:15:00,U1094,elizabeth.lewis69,WKSTN-U1094,explorer.exe,PROCESS_START,32.8,102
EP036131,2026-06-16 09:39:00,U1088,andrew.smith85,WKSTN-U1088,outlook.exe,PROCESS_START,4.2,326
EP026923,2026-06-16 09:13:00,U1066,michelle.wright62,WKSTN-U1066,outlook.exe,PROCESS_START,25.7,198
EP001824,2026-06-16 10:05:00,U1005,robert.robinson,WKSTN-U1005,Excel,PROCESS_START,27.6,143
EP010292,2026-06-16 09:57:00,U1025,betty.brown22,WKSTN-U1025,VSCode,PROCESS_START,7.5,369
EP029341,2026-06-16 09:50:00,U1072,kenneth.lopez,WKSTN-U1072,chrome.exe,PROCESS_START,10.6,
EP030118,2026-06-16 09:43:00,U1074,sarah.williams7,WKSTN-U1074,chrome.exe,PROCESS_START,12.3,347
EP000614,2026-06-16 09:48:00,U1002,donna.ramirez,WKSTN-U1002,Excel,PROCESS_START,4.0,649
EP017323,2026-06-16 10:05:00,U1042,michael.hill56,WKSTN-U1042,notepad.exe,PROCESS_START,7.5,853
EP040419,2026-06-16 09:41:00,U1098,nancy.wright49,WKSTN-U1098,Outlook,PROCESS_START,23.3,200
EP018500,2026-06-16 10:03:00,U1045,daniel.sanchez90,WKSTN-U1045,Workday,PROCESS_START,17.0,717
EP019735,2026-06-16 09:48:00,U1048,jennifer.thomas87,WKSTN-U1048,explorer.exe,PROCESS_START,10.2,387
EP017722,2026-06-16 09:57:00,U1043,thomas.williams91	,WKSTN-U1043,Chrome,PROCESS_START,6.0,533
EP019733,2026-06-16 10:06:00,U1048,jennifer.thomas87,,Salesforce,PROCESS_START,20.9,221
EP015731,2026-06-16 09:49:00,U1038,emily.clark,WKSTN-U1038,Chrome,PROCESS_START,9.1,584
EP030116,2026-06-16 10:01:00,U1074,sarah.williams7,WKSTN-U1074,Word,PROCESS_START,6.7,225
EP008476,2026-06-16 10:06:00,U1021,jessica.walker,WKSTN-U1021,Slack,PROCESS_START,28.8,363
EP030528,2026-06-16 09:41:00,U1075,,WKSTN-U1075,notepad.exe,PROCESS_START,13.8,523
EP008037,2026-06-16 09:53:00,U1020,andrew.thomas36,WKSTN-U1020,Git,PROCESS_START,27.7,835
EP030524,2026-06-16 09:50:00,U1075,steven.lewis,WKSTN-U1075,notepad.exe,PROCESS_START,16.2,611
EP036564,2026-06-16 09:54:00,U1089,paul.brown27,WKSTN-U1089,outlook.exe,PROCESS_START,26.9,510
EP022522,2026-06-16 10:02:00,U1055,patricia.wilson54,WKSTN-U1055,Salesforce,process_start,13.3,597
EP008036,2026-06-16 10:01:00,U1020,andrew.thomas36,WKSTN-U1020,Docker Desktop,PROCESS_START,24.2,327
EP040418,2026-06-16 10:01:00,U1098,nancy.wright49,WKSTN-U1098,  notepad.exe ,PROCESS_START,4.7,471
EP003766,2026-06-16 09:55:00,U1010,susan.young51,WKSTN-U1010,Excel,PROCESS_START,4.2,682
EP008039,2026-06-16 09:53:00,U1020,andrew.thomas36,WKSTN-U1020,outlook.exe,PROCESS_START,7.8,871
EP005775,2026-06-16 09:53:00,U1015,lisa.hernandez,WKSTN-U1015,teams.exe,PROCESS_START,-1,580
EP026920,2026-06-16 09:51:00,U1066,michelle.wright62,WKSTN-U1066,explorer.exe,PROCESS_START,5.2,476
EP023702,2026-06-16 10:07:00,U1058,jennifer.ramirez18,WKSTN-U1058,Zoom,process_start,32.9,416
EP000615,2026-06-16 10:28:00,U1002,donna.ramirez,WKSTN-U1002,outlook.exe,PROCESS_START,12.1,362
EP004526,2026-06-16 10:13:00,U1012,linda.martinez,WKSTN-U1012,QuickBooks,PROCESS_START,32.9,299
EP037462,2026-06-16 10:21:00,U1091,linda.robinson,WKSTN-U1091,Active Directory Console,PROCESS_START,24.7,223
EP004129,2026-06-16 10:18:00,U1011,donna.ramirez75,WKSTN-U1011,SAP,PROCESS_START,31.1,612
EP002229,2026-06-16 10:31:00,U1006,george.gonzalez,WKSTN-U1006,SAP,PROCESS_START,4.7,93
EP008034,2026-06-16 10:08:00,U1020,andrew.thomas36,WKSTN-U1020,VSCode,PROCESS_START,18.4,873
EP014917,2026-06-16 10:07:00,U1036,linda.jones,WKSTN-U1036,explorer.exe,PROCESS_START,7.9,542
EP039203,2026-06-16 10:27:00,U1095,richard.thomas74,WKSTN-U1095,outlook.exe,PROCESS_START,4.7,336
EP002613,2026-06-16 10:07:00,U1007,sarah.robinson82,WKSTN-U1007,SAP,PROCESS_START,10.5,778
EP022107,2026-06-16 10:22:00,U1054,anthony.martinez,WKSTN-U1054,,PROCESS_START,21.6,835
EP008949,2026-06-16 10:11:00,U1022,sandra.brown,,teams.exe,PROCESS_START,6.5,271
EP001432,2026-06-16 10:21:00,U1004,elizabeth.wilson98,WKSTN-U1004,  chrome.exe ,PROCESS_START,34.8,148
EP027682,2026-06-16 10:19:00,U1068,susan.thompson34,WKSTN-U1068,teams.exe,PROCESS_START,25.8,898
EP037030,2026-06-16 10:07:00,U1090,mary.hill,WKSTN-U1090,Wireshark,PROCESS_START,24.6,284
EP011190,2026-06-16 10:15:00,U1027,patricia.brown75,WKSTN-U1027,VSCode,PROCESS_START,33.3,686
EP017322,2026-06-16 10:17:00,U1042,michael.hill56,WKSTN-U1042,outlook.exe,PROCESS_START,27.7,267
EP022904,2026-06-16 10:08:00,U1056,anthony.clark	,WKSTN-U1056,notepad.exe,PROCESS_START,10.2,373
EP003373,2026-06-16 10:16:00,U1009,daniel.brown,WKSTN-U1009,Outlook,PROCESS_START,33.1,784
EP040803,2026-06-16 10:21:00,U1099,joseph.garcia,WKSTN-U1099,notepad.exe,PROCESS_START,6.1,470
EP037918,2026-06-16 10:09:00,U1092,steven.thomas,WKSTN-U1092,Chrome,PROCESS_START,25.6,603
EP020104,2026-06-16 10:08:00,U1049,MICHELLE.JONES59,WKSTN-U1049,Zoom,PROCESS_START,32.1,294
EP029343,2026-06-16 10:30:00,U1072,kenneth.lopez,WKSTN-U1072,OUTLOOK,PROCESS_START,,455
EP003374,2026-06-16 10:09:00,U1009,daniel.brown,WKSTN-U1009,notepad.exe,PROCESS_START,22.6,567
EP018925,2026-06-16 10:18:00,U1046,michelle.torres39,WKSTN-U1046,outlook.exe,,4.0,116
EP015331,2026-06-16 10:57:00,U1037,robert.martin,WKSTN-U1037,Outlook,PROCESS_START,13.9,654
EP017720,2026-06-16 10:55:00,U1043,thomas.williams91,WKSTN-U1043,teams.exe,PROCESS_START,-11.4,745
EP036568,2026-06-16 10:35:00,U1089,paul.brown27,WKSTN-U1089,teams.exe,PROCESS_START,1.5,372
EP015328,2026-06-16 10:44:00,U1037,robert.martin,WKSTN-U1037,OUTLOOK.EXE,PROCESS_START,13.8,185
EP031307,2026-06-16 10:45:00,U1077,kimberly.harris58,WKSTN-U1077,CHROME,PROCESS_START,8.5,362
EP028098,2026-06-16 10:44:00,U1069,jessica.clark,WKSTN-U1069,DocuSign,PROCESS_START,32.9,101
EP018924,2026-06-16 10:58:00,U1046,michelle.torres39,WKSTN-U1046,EXCEL,PROCESS_START,29.6,617
EP033403,2026-06-16 10:49:00,U1082,karen.hill96,WKSTN-U1082,Chrome,PROCESS_START,1.1,561
EP018927,2026-06-16 10:46:00,U1046,michelle.torres39,WKSTN-U1046	,notepad.exe,PROCESS_START,2.9,287
EP000618,2026-06-16 10:39:00,U1002,donna.ramirez,WKSTN-U1002,,PROCESS_START,15.1,231
EP018116,2026-06-16 10:45:00,U1044,lisa.ramirez9,WKSTN-U1044,chrome.exe,PROCESS_START,27.6,859
EP022105,2026-06-16 10:58:00,U1054,anthony.martinez,WKSTN-U1054,Outlook,PROCESS_START,14.0,468
EP004527,2026-06-16 10:54:00,U1012,LINDA.MARTINEZ,WKSTN-U1012,SAP,PROCESS_START,18.2,
EP000204,2026-06-16 10:43:00,U1001,linda.johnson95,WKSTN-U1001,notepad.exe,PROCESS_START,30.3,406
EP008038,2026-06-16 10:50:00,U1020,andrew.thomas36,,Chrome,PROCESS_START,1.3,799
EP009837,2026-06-16 10:52:00,U1024,emily.miller,WKSTN-U1024,outlook.exe,PROCESS_START,14.7,687
EP028524,2026-06-16 10:47:00,U1070,betty.thomas40,WKSTN-U1070,teams.exe,PROCESS_START,10.6,439
EP014537,2026-06-16 10:42:00,U1035,nancy.rodriguez82,WKSTN-U1035,notepad.exe,PROCESS_START,,440
EP034766,2026-06-16 11:02:00,U1085,barbara.walker67,WKSTN-U1085,notepad.exe,PROCESS_START,15.3,98
EP037921,2026-06-16 10:51:00,U1092,steven.thomas,WKSTN-U1092,Active Directory Console,,29.7,518
EP033853,2026-06-16 10:37:00,U1083,sarah.allen70,WKSTN-U1083,notepad.exe,PROCESS_START,7.5,689
EP028522,2026-06-16 10:43:00,U1070,betty.thomas40,WKSTN-U1070	,Outlook,PROCESS_START,12.0,694
EP023699,2026-06-16 10:57:00,U1058,JENNIFER.RAMIREZ18,WKSTN-U1058	,outlook.exe,PROCESS_START,31.2,627
EP003370,2026-06-16 10:34:00,U1009,daniel.brown,WKSTN-U1009,notepad.exe,PROCESS_START,25.6,785
EP028938,2026-06-16 10:42:00,U1071,,,chrome.exe,PROCESS_START,23.3,383
EP039617,2026-06-16 11:40:00,U1096,david.allen76,WKSTN-U1096,Chrome,PROCESS_START,34.7,570
EP041179,2026-06-16 11:39:00,U1100,daniel.brown38,WKSTN-U1100,teams.exe,PROCESS_START,4.8,867
EP002227,2026-06-16 11:07:00,U1006,george.gonzalez,WKSTN-U1006,EXPLORER.EXE,PROCESS_START,4.4,619
EP035640,2026-06-16 11:15:00,U1087,charles.sanchez,WKSTN-U1087,explorer.exe,PROCESS_START,31.4,198
EP035213,2026-06-16 11:03:00,U1086,steven.thompson53,WKSTN-U1086,outlook.exe,PROCESS_START,2.6,497
EP000616,2026-06-16 11:31:00,U1002,donna.ramirez,WKSTN-U1002,chrome.exe,PROCESS_START,32.2,92
EP028523,2026-06-16 11:33:00,U1070,betty.thomas40,WKSTN-U1070,chrome.exe	,PROCESS_START,29.2,734
EP010740,2026-06-16 11:11:00,U1026,elizabeth.gonzalez,WKSTN-U1026,Slack,PROCESS_START,19100.0,418
EP016913,2026-06-16 11:11:00,U1041,matthew.allen52,WKSTN-U1041	,teams.exe,PROCESS_START,12.6,152
EP016530,2026-06-16 11:07:00,U1040,matthew.martin,WKSTN-U1040,Outlook,PROCESS_START,2.5,209
EP034308,2026-06-16 11:31:00,U1084,  joshua.taylor ,WKSTN-U1084,PuTTY	,PROCESS_START,24.5,355
EP036566,2026-06-16 11:31:00,U1089,paul.brown27,WKSTN-U1089,outlook.exe,PROCESS_START,5.3,572
EP026495,2026-06-16 11:25:00,U1065,michael.ramirez47,WKSTN-U1065,notepad.exe,PROCESS_START,33.5,525
EP040804,2026-06-16 11:14:00,U1099,joseph.garcia,WKSTN-U1099,chrome.exe,PROCESS_START,22.3,-469.0
EP026496,2026-06-16 11:27:00,U1065,michael.ramirez47,WKSTN-U1065,Chrome,PROCESS_START,26.2,701
EP035641,2026-06-16 11:39:00,U1087,charles.sanchez,WKSTN-U1087,chrome.exe,PROCESS_START,28.0,137
EP017721,2026-06-16 11:36:00,U1043,thomas.williams91,WKSTN-U1043,teams.exe,PROCESS_START,30.3,407
EP008948,2026-06-16 11:07:00,U1022,sandra.brown,WKSTN-U1022,VSCode,PROCESS_START,22.9,501
EP017321,2026-06-16 11:21:00,U1042,michael.hill56,WKSTN-U1042,outlook.exe,PROCESS_START,25.1,331
EP006669,2026-06-16 11:23:00,U1017,emily.hernandez34,WKSTN-U1017,notepad.exe,PROCESS_START,8.0,303
EP030916,2026-06-16 11:02:00,U1076,john.torres,WKSTN-U1076,Outlook,PROCESS_START,33.5,276
EP012936,2026-06-16 11:34:00,U1031,john.wright28,WKSTN-U1031,Chrome,PROCESS_START,9.0,814
EP011189,2026-06-16 11:03:00,U1027,patricia.brown75,WKSTN-U1027,outlook.exe,PROCESS_START,30.4,345
EP026494,2026-06-16 11:32:00,U1065,michael.ramirez47,WKSTN-U1065,notepad.exe,PROCESS_START,31.2,892
EP028526,2026-06-16 11:25:00,U1070,  betty.thomas40 ,WKSTN-U1070,explorer.exe,PROCESS_START,19.0,757
EP036130,2026-06-16 11:53:00,U1088,andrew.smith85,WKSTN-U1088,notepad.exe,PROCESS_START,24.2,205
EP019335,2026-06-16 12:02:00,U1047,sandra.lewis,WKSTN-U1047,Excel,PROCESS_START,19.3,645
EP002983,2026-06-16 11:55:00,U1008,joshua.hernandez,WKSTN-U1008,outlook.exe,PROCESS_START,9.5,361
EP032987,2026-06-16 12:01:00,U1081,margaret.davis,WKSTN-U1081,Slack,PROCESS_START,27.5,208
EP028521,2026-06-16 11:42:00,U1070,betty.thomas40,WKSTN-U1070,Chrome,PROCESS_START,27.3,113
EP001434,2026-06-16 11:43:00,U1004,elizabeth.wilson98,WKSTN-U1004,Chrome,PROCESS_START,22.4,567
EP014922,2026-06-16 11:44:00,U1036,linda.jones,WKSTN-U1036,chrome.exe,PROCESS_START,12.7,713
EP001820,2026-06-16 11:51:00,U1005,robert.robinson,WKSTN-U1005,Outlook,PROCESS_START,33.1,874
EP021299,2026-06-16 12:07:00,U1052,paul.taylor,WKSTN-U1052,Zoom,PROCESS_START,-34.4,172
EP038352,2026-06-16 11:51:00,U1093,sarah.clark44,WKSTN-U1093,Slack,PROCESS_START,27.5,487
EP039204,2026-06-16 11:54:00,U1095,richard.thomas74,WKSTN-U1095,teams.exe,PROCESS_START,15.1,300
EP031708,2026-06-16 11:55:00,U1078,michelle.miller,  WKSTN-U1078 ,teams.exe,PROCESS_START,8.2,544
EP026922,2026-06-16 12:04:00,U1066,michelle.wright62,WKSTN-U1066,notepad.exe,PROCESS_START,11.3,772
EP018118,2026-06-16 12:05:00,U1044,lisa.ramirez9,WKSTN-U1044,explorer.exe,PROCESS_START,28.0,150
EP022523,2026-06-16 11:46:00,U1055,patricia.wilson54,WKSTN-U1055,teams.exe,PROCESS_START,31.6,884
EP009393,2026-06-16 11:40:00,U1023,richard.wright,WKSTN-U1023,,PROCESS_START,21.1,482
EP033404,2026-06-16 11:49:00,U1082,karen.hill96,WKSTN-U1082,Wireshark,PROCESS_START,30.8,111
EP016914,2026-06-16 11:57:00,U1041,matthew.allen52,WKSTN-U1041,Outlook,PROCESS_START,31.4,850
EP020101,2026-06-16 12:00:00,U1049,michelle.jones59,WKSTN-U1049,outlook.exe,PROCESS_START,26.4,252
EP009397,2026-06-16 11:59:00,U1023,richard.wright,WKSTN-U1023,Slack,PROCESS_START,15.8,658
EP024503,2026-06-16 11:48:00,U1060,matthew.anderson,WKSTN-U1060,chrome.exe,PROCESS_START,7.7,399
EP037461,2026-06-16 12:04:00,U1091,linda.robinson,WKSTN-U1091,notepad.exe,PROCESS_START,29.7,97
EP011655,2026-06-16 11:55:00,U1028,john.hill,WKSTN-U1028,notepad.exe,PROCESS_START,18.4,599
EP038794,2026-06-16 11:57:00,U1094,elizabeth.lewis69,WKSTN-U1094,outlook.exe,PROCESS_START,24.1,829
EP035643,2026-06-16 11:57:00,U1087,charles.sanchez	,WKSTN-U1087,ACTIVE DIRECTORY CONSOLE,PROCESS_START,1.4,618
EP024505,2026-06-16 12:22:00,U1060,matthew.anderson,WKSTN-U1060,Outlook,PROCESS_START,14.1,451
EP023700,2026-06-16 12:27:00,U1058,JENNIFER.RAMIREZ18,WKSTN-U1058,explorer.exe,PROCESS_START,30.2,728
EP002616,2026-06-16 12:22:00,U1007,SARAH.ROBINSON82,WKSTN-U1007,SAP,PROCESS_START,21.9,450
EP004128,2026-06-16 12:25:00,U1011,donna.ramirez75,WKSTN-U1011,Chrome,PROCESS_START,22.2,140
EP039616,2026-06-16 12:15:00,U1096,david.allen76,WKSTN-U1096,Excel,PROCESS_START,32.4,488
EP020102,2026-06-16 12:25:00,U1049,michelle.jones59,WKSTN-U1049,Outlook,PROCESS_START,9.8,398
EP036132,2026-06-16 12:17:00,U1088,andrew.smith85,WKSTN-U1088,PUTTY,PROCESS_START,18.2,897
EP029342,2026-06-16 12:10:00,U1072,kenneth.lopez,WKSTN-U1072,Outlook,PROCESS_START,29.4,
EP013749,2026-06-16 12:23:00,U1033,linda.miller,WKSTN-U1033,Workday,PROCESS_START,30500.0,701
EP005363,2026-06-16 12:13:00,U1014,james.taylor,WKSTN-U1014,teams.exe,PROCESS_START,27.2,565
EP010294,2026-06-16 12:23:00,U1025,betty.brown22,WKSTN-U1025,Git,PROCESS_START,24.6,129
EP037459,2026-06-16 12:20:00,U1091,linda.robinson,WKSTN-U1091,Active Directory Console,PROCESS_START,10.8,211
EP027316,2026-06-16 12:30:00,U1067,paul.thomas97,WKSTN-U1067,Outlook,PROCESS_START,28.1,396
EP001821,2026-06-16 12:32:00,U1005,robert.robinson,WKSTN-U1005,teams.exe,PROCESS_START,15.9,177
EP014533,2026-06-16 12:26:00,U1035,nancy.rodriguez82,WKSTN-U1035,,PROCESS_START,19.0,621
EP010739,2026-06-16 12:30:00,U1026,elizabeth.gonzalez,WKSTN-U1026,Jenkins,PROCESS_START,3.1,252
EP001032,2026-06-16 12:31:00,U1003,kenneth.clark29,WKSTN-U1003,notepad.exe,PROCESS_START,15.0,728
EP034305,2026-06-16 12:27:00,U1084,JOSHUA.TAYLOR,WKSTN-U1084,outlook.exe,PROCESS_START,3.6,483
EP031308,2026-06-16 12:28:00,U1077,kimberly.harris58,WKSTN-U1077,Word,PROCESS_START,13.6,481
EP028940,2026-06-16 12:28:00,U1071,matthew.robinson35,WKSTN-U1071,Chrome,PROCESS_START,11.3,134
EP023698,2026-06-16 12:26:00,U1058,jennifer.ramirez18,WKSTN-U1058,chrome.exe,PROCESS_START,27.3,370
EP031303,2026-06-16 12:21:00,U1077,kimberly.harris58,WKSTN-U1077,teams.exe,PROCESS_START,32.7,479
EP004954,2026-06-16 12:08:00,U1013,emily.smith,,notepad.exe,PROCESS_START,1.3,699
EP029714,2026-06-16 12:31:00,U1073,michael.gonzalez,WKSTN-U1073,Outlook,PROCESS_START,23.1,539
EP004953,2026-06-16 12:09:00,U1013,emily.smith,WKSTN-U1013,teams.exe,PROCESS_START,19.1,351
EP013356,2026-06-16 13:02:00,U1032,paul.wright91,WKSTN-U1032,explorer.exe,PROCESS_START,34.7,685
EP006672,2026-06-16 13:00:00,U1017,emily.hernandez34,WKSTN-U1017	,Chrome,PROCESS_START,6.9,767
EP021300,2026-06-16 12:55:00,U1052,paul.taylor,WKSTN-U1052,Outlook,PROCESS_START,18.4,865
EP022524,2026-06-16 13:01:00,U1055,patricia.wilson54,WKSTN-U1055,chrome.exe,PROCESS_START,27.4,437
EP015733,2026-06-16 12:42:00,U1038,emily.clark,WKSTN-U1038,Workday,PROCESS_START,5.9,101
EP018502,2026-06-16 12:33:00,U1045,daniel.sanchez90,  WKSTN-U1045 ,Outlook,PROCESS_START,30.5,683
EP022906,2026-06-16 12:49:00,U1056,,WKSTN-U1056,  Outlook ,PROCESS_START,14.7,755
EP007592,2026-06-16 12:46:00,U1019,donna.anderson,WKSTN-U1019,Chrome,PROCESS_START,23.6,464
EP022104,2026-06-16 12:57:00,U1054,anthony.martinez,WKSTN-U1054	,Zoom,PROCESS_START,21.1,367
EP004951,2026-06-16 12:35:00,U1013,emily.smith,WKSTN-U1013,Outlook,PROCESS_START,14.6,675
EP001822,2026-06-16 12:45:00,U1005,robert.robinson,WKSTN-U1005,chrome.exe,PROCESS_START,20.7,167
EP010738,2026-06-16 12:34:00,U1026,elizabeth.gonzalez,WKSTN-U1026,chrome.exe	,PROCESS_START,25.4,622
EP006194,2026-06-16 12:49:00,U1016,patricia.thomas,WKSTN-U1016,notepad.exe,PROCESS_START,28.2,374
EP030525,2026-06-16 12:42:00,U1075,  steven.lewis ,WKSTN-U1075,Outlook,PROCESS_START,22.9,289
EP035644,2026-06-16 13:00:00,U1087,charles.sanchez	,WKSTN-U1087,teams.exe,PROCESS_START,N/A,704
EP028525,2026-06-16 12:55:00,U1070,betty.thomas40,WKSTN-U1070,DocuSign,PROCESS_START,30.6,804
EP026107,2026-06-16 13:01:00,U1064,matthew.wright55,WKSTN-U1064,Word,PROCESS_START,30.3,823
EP012076,2026-06-16 12:46:00,U1029,michelle.garcia54,WKSTN-U1029,explorer.exe,PROCESS_START,19.6,304
EP022108,2026-06-16 12:51:00,U1054,anthony.martinez,WKSTN-U1054,notepad.exe,PROCESS_START,1.4,121
EP038353,2026-06-16 12:58:00,U1093,sarah.clark44,WKSTN-U1093,Wireshark,PROCESS_START,6.8,661
EP034767,2026-06-16 12:45:00,U1085,barbara.walker67,WKSTN-U1085,Active Directory Console	,PROCESS_START,19.1,222
EP037460,2026-06-16 12:43:00,U1091,linda.robinson,WKSTN-U1091,PuTTY,PROCESS_START,22.2,654
EP040034,2026-06-16 13:01:00,U1097,mark.martinez10,WKSTN-U1097,notepad.exe,PROCESS_START,21.3,165
EP028936,2026-06-16 12:42:00,U1071,matthew.robinson35,WKSTN-U1071,notepad.exe,PROCESS_START,,704
EP003768,2026-06-16 12:45:00,U1010,susan.young51,WKSTN-U1010,notepad.exe,PROCESS_START,14.8,189
EP001033,2026-06-16 13:25:00,U1003,kenneth.clark29,WKSTN-U1003,notepad.exe,PROCESS_START,21.7,656
EP006191,2026-06-16 13:18:00,U1016,patricia.thomas,WKSTN-U1016,Docker Desktop,PROCESS_START,30.6,209
EP024099,2026-06-16 13:08:00,U1059,daniel.perez98,WKSTN-U1059,notepad.exe,,14.1,167
EP020496,2026-06-16 13:26:00,U1050,michael.ramirez,WKSTN-U1050,chrome.exe,PROCESS_START,12.7,467
EP027683,2026-06-16 13:29:00,U1068,susan.thompson34,WKSTN-U1068,Word,PROCESS_START,28.0,404
EP016122,2026-06-16 13:26:00,U1039,mark.thomas,WKSTN-U1039,Excel,PROCESS_START,6.1,209
EP023298,2026-06-16 13:22:00,U1057,nancy.sanchez,WKSTN-U1057,Excel,PROCESS_START,6.6,424
EP008478,2026-06-16 13:28:00,U1021,jessica.walker,WKSTN-U1021,notepad.exe,PROCESS_START,29.6,558
EP022908,2026-06-16 13:08:00,U1056,anthony.clark,  WKSTN-U1056 ,outlook.exe,PROCESS_START,2.9,604
EP027317,2026-06-16 13:18:00,U1067,paul.thomas97,WKSTN-U1067,Chrome,PROCESS_START,5.0,695
EP008035,2026-06-16 13:05:00,U1020,,WKSTN-U1020,Jenkins,PROCESS_START,11.2,138
EP001433,2026-06-16 13:06:00,U1004,elizabeth.wilson98,WKSTN-U1004,notepad.exe,PROCESS_START,20.8,659
EP036567,2026-06-16 13:11:00,U1089,paul.brown27,WKSTN-U1089,chrome.exe,PROCESS_START,29.6,775
EP040421,2026-06-16 13:18:00,U1098,nancy.wright49,WKSTN-U1098,notepad.exe,PROCESS_START,27.0,490
EP037463,2026-06-16 13:29:00,U1091,linda.robinson,WKSTN-U1091,Active Directory Console,PROCESS_START,12.1,681
EP016915,2026-06-16 13:05:00,U1041,matthew.allen52,WKSTN-U1041,Chrome,PROCESS_START,6.0,402
EP015730,2026-06-16 13:13:00,U1038,emily.clark,WKSTN-U1038,chrome.exe,PROCESS_START,18.6,379
EP023697,2026-06-16 13:09:00,U1058,jennifer.ramirez18,WKSTN-U1058,explorer.exe,PROCESS_START,26.5,665
EP003369,2026-06-16 13:23:00,U1009,daniel.brown,WKSTN-U1009,Excel,PROCESS_START,21.4,622
EP016527,2026-06-16 13:03:00,U1040,matthew.martin,WKSTN-U1040,Workday,PROCESS_START,30.3,403
EP019332,2026-06-16 13:05:00,U1047,sandra.lewis,WKSTN-U1047,explorer.exe,PROCESS_START,26.8,421
EP032127,2026-06-16 13:08:00,U1079,emily.jones,WKSTN-U1079,Wireshark,PROCESS_START,23.3,880
EP037029,2026-06-16 13:21:00,U1090,mary.hill,WKSTN-U1090,Wireshark,,22.8,714
EP002985,2026-06-16 13:25:00,U1008,joshua.hernandez,WKSTN-U1008,Excel,PROCESS_START,34.2,266
EP038349,2026-06-16 13:18:00,U1093,sarah.clark44,  WKSTN-U1093 ,PuTTY,PROCESS_START,3.9,499
EP031304,2026-06-16 13:49:00,U1077,kimberly.harris58,WKSTN-U1077,Chrome,PROCESS_START,33.5,536
EP000203,2026-06-16 13:37:00,U1001,linda.johnson95,WKSTN-U1001,chrome.exe,PROCESS_START,7.9,701
EP031707,2026-06-16 13:31:00,U1078,michelle.miller,WKSTN-U1078,Chrome,PROCESS_START,30.8,469
EP035642,2026-06-16 13:58:00,U1087,charles.sanchez,WKSTN-U1087,Slack,PROCESS_START,26.9,299
EP039613,2026-06-16 13:48:00,U1096,david.allen76,WKSTN-U1096,Excel,PROCESS_START,30.8,463
EP026105,2026-06-16 13:36:00,U1064,matthew.wright55,WKSTN-U1064,DocuSign,PROCESS_START,21.3,373
EP026919,2026-06-16 13:59:00,U1066,michelle.wright62,WKSTN-U1066,DocuSign,PROCESS_START,28.2,129
EP034763,2026-06-16 13:59:00,U1085,barbara.walker67,WKSTN-U1085,teams.exe,PROCESS_START,16.7,768
EP034764,2026-06-16 13:41:00,U1085,barbara.walker67,WKSTN-U1085,Slack,PROCESS_START,28.9,506
EP009839,2026-06-16 13:33:00,U1024,emily.miller,WKSTN-U1024,notepad.exe,PROCESS_START,31.7,541
EP010293,2026-06-16 13:44:00,U1025,BETTY.BROWN22,WKSTN-U1025,VSCode,PROCESS_START,12.6,114
EP020495,2026-06-16 13:58:00,U1050,michael.ramirez,WKSTN-U1050,teams.exe,PROCESS_START,32.4,153
EP037031,2026-06-16 13:47:00,U1090,mary.hill,WKSTN-U1090,  chrome.exe ,,21.7,668
EP037920,2026-06-16 13:49:00,U1092,steven.thomas,WKSTN-U1092,explorer.exe,PROCESS_START,21.4,470
EP002986,2026-06-16 13:49:00,U1008,joshua.hernandez,WKSTN-U1008,SAP,PROCESS_START,11.9,601
EP032128,2026-06-16 13:44:00,U1079,emily.jones,WKSTN-U1079,Slack,PROCESS_START,29.8,117
EP002987,2026-06-16 13:40:00,U1008,joshua.hernandez,WKSTN-U1008,,PROCESS_START,6.5,147
EP000617,2026-06-16 13:47:00,U1002,donna.ramirez,WKSTN-U1002,teams.exe,PROCESS_START,21.0,880
EP030526,2026-06-16 13:42:00,U1075,steven.lewis,WKSTN-U1075,Outlook,PROCESS_START,13.6,113
EP025306,2026-06-16 13:38:00,U1062,william.martin,WKSTN-U1062,TEAMS.EXE,PROCESS_START,7.7,774
EP001031,2026-06-16 13:31:00,U1003,kenneth.clark29,WKSTN-U1003,notepad.exe,PROCESS_START,31.7,643
EP034765,2026-06-16 13:41:00,U1085,barbara.walker67,WKSTN-U1085,Wireshark,PROCESS_START,14.1,666
EP016126,2026-06-16 13:38:00,U1039,mark.thomas,WKSTN-U1039,Outlook,PROCESS_START,11.1,218
EP038348,2026-06-16 13:49:00,U1093,sarah.clark44,WKSTN-U1093,Terminal,PROCESS_START,11.7,365
EP025704,2026-06-16 13:45:00,U1063,john.nguyen,WKSTN-U1063,DocuSign,PROCESS_START,27.6,597
EP016916,2026-06-16 14:15:00,U1041,matthew.allen52,WKSTN-U1041,chrome.exe,PROCESS_START,,320
EP005361,2026-06-16 14:24:00,U1014,james.taylor,WKSTN-U1014,notepad.exe,PROCESS_START,,345
EP023300,2026-06-16 14:28:00,U1057,nancy.sanchez,WKSTN-U1057,notepad.exe,PROCESS_START,6.1,303
EP005773,2026-06-16 14:17:00,U1015,lisa.hernandez,WKSTN-U1015,Chrome,PROCESS_START,9.3,86
EP001034,2026-06-16 14:24:00,U1003,kenneth.clark29	,WKSTN-U1003,Outlook,PROCESS_START,13.8,643
EP030917,2026-06-16 14:20:00,U1076,,WKSTN-U1076,DOCUSIGN,PROCESS_START,5.8,316
EP040031,2026-06-16 14:09:00,U1097,mark.martinez10,WKSTN-U1097,notepad.exe,PROCESS_START,14.2,549
EP024916,2026-06-16 14:29:00,U1061,,WKSTN-U1061,Chrome,PROCESS_START,,565
EP032129,2026-06-16 14:28:00,U1079,EMILY.JONES,WKSTN-U1079,Terminal,PROCESS_START,4.0,114
EP011657,2026-06-16 14:08:00,U1028,john.hill,WKSTN-U1028,Chrome,PROCESS_START,9.9,868
EP013751,2026-06-16 14:17:00,U1033,linda.miller,WKSTN-U1033,outlook.exe,PROCESS_START,16.4,398
EP018926,2026-06-16 14:25:00,U1046,michelle.torres39,WKSTN-U1046,Excel,PROCESS_START,5.9,638
EP030915,2026-06-16 14:21:00,U1076,john.torres,WKSTN-U1076,explorer.exe,process_start,29.2,593
EP028937,2026-06-16 14:05:00,U1071,matthew.robinson35,,notepad.exe,PROCESS_START,31.0,876
EP007594,2026-06-16 14:03:00,U1019,donna.anderson,WKSTN-U1019,teams.exe,PROCESS_START,33.3,805
EP037919,2026-06-16 14:04:00,U1092,steven.thomas,WKSTN-U1092,PuTTY,PROCESS_START,,701
EP010737,2026-06-16 14:17:00,U1026,elizabeth.gonzalez,WKSTN-U1026,DOCKER DESKTOP,PROCESS_START,31.4,539
EP041178,2026-06-16 14:14:00,U1100,daniel.brown38,WKSTN-U1100,chrome.exe,PROCESS_START,14.9,131
EP025307,2026-06-16 14:13:00,U1062,william.martin,WKSTN-U1062,outlook.exe,PROCESS_START,2.8,435
EP018501,2026-06-16 14:28:00,U1045,daniel.sanchez90,WKSTN-U1045,Chrome,PROCESS_START,10.2,495
EP020907,2026-06-16 14:25:00,U1051,sandra.king72,WKSTN-U1051,Chrome,PROCESS_START,35.0,427
EP018498,2026-06-16 14:21:00,U1045,daniel.sanchez90,WKSTN-U1045,Excel,PROCESS_START,31.5,735
EP016531,2026-06-16 14:17:00,U1040,matthew.martin,WKSTN-U1040,Chrome,PROCESS_START,28.6,176
EP039201,2026-06-16 14:12:00,U1095,richard.thomas74,WKSTN-U1095,PowerPoint,PROCESS_START,24.7,545
EP004952,2026-06-16 14:14:00,U1013,emily.smith,WKSTN-U1013,outlook.exe,PROCESS_START,4.6,469
EP012079,2026-06-16 14:46:00,U1029,michelle.garcia54,WKSTN-U1029,teams.exe,PROCESS_START,12.9,632
EP012078,2026-06-16 14:47:00,U1029,michelle.garcia54,WKSTN-U1029,Chrome,PROCESS_START,8.1,110
EP024917,2026-06-16 14:38:00,U1061,jessica.rodriguez,WKSTN-U1061,chrome.exe,PROCESS_START,10.2,644
EP012935,2026-06-16 14:39:00,U1031,john.wright28,WKSTN-U1031,notepad.exe,PROCESS_START,5.8,796
EP025703,2026-06-16 14:50:00,U1063,john.nguyen,WKSTN-U1063,explorer.exe,,19.6,577
EP008945,2026-06-16 14:32:00,U1022,sandra.brown,WKSTN-U1022,chrome.exe,PROCESS_START,31.2,159
EP009840,2026-06-16 14:42:00,U1024,emily.miller,WKSTN-U1024,Chrome,PROCESS_START,20.0,858
EP020908,2026-06-16 14:34:00,U1051,sandra.king72,WKSTN-U1051,Salesforce,PROCESS_START,5.9,626
EP039615,2026-06-16 14:42:00,U1096,david.allen76,WKSTN-U1096,POWERPOINT,PROCESS_START,29.5,648
EP035215,2026-06-16 14:48:00,U1086,,,Slack,PROCESS_START,20.8,258
EP039612,2026-06-16 14:48:00,U1096,david.allen76,WKSTN-U1096,Zoom,PROCESS_START,12.3,219
EP025706,2026-06-16 14:52:00,U1063,john.nguyen,WKSTN-U1063,chrome.exe,PROCESS_START,16.9,752
EP009394,2026-06-16 14:55:00,U1023,richard.wright,WKSTN-U1023,teams.exe,PROCESS_START,32.8,370
EP027681,2026-06-16 14:57:00,U1068,susan.thompson34,WKSTN-U1068,outlook.exe,PROCESS_START,32.7,323
EP016528,2026-06-16 14:41:00,U1040,matthew.martin,WKSTN-U1040,Excel,PROCESS_START,31.4,387
EP030527,2026-06-16 14:36:00,U1075,steven.lewis,WKSTN-U1075,outlook.exe,PROCESS_START,14.0,840
EP008480,2026-06-16 14:32:00,U1021,jessica.walker,WKSTN-U1021,Slack,PROCESS_START,27.9,389
EP040420,2026-06-16 14:49:00,U1098,nancy.wright49,WKSTN-U1098,Excel,PROCESS_START,13.0,120
EP016529,2026-06-16 14:51:00,U1040,MATTHEW.MARTIN,WKSTN-U1040	,Excel,PROCESS_START,34.5,370
EP014921,2026-06-16 14:44:00,U1036,linda.jones,WKSTN-U1036,notepad.exe,PROCESS_START,5.2,535
EP008477,2026-06-16 14:52:00,U1021,jessica.walker,WKSTN-U1021,outlook.exe,PROCESS_START,32.7,248
EP006192,2026-06-16 14:47:00,U1016,patricia.thomas,WKSTN-U1016,chrome.exe,PROCESS_START,26.9,177
EP031705,2026-06-16 14:54:00,U1078,michelle.miller,WKSTN-U1078,teams.exe,PROCESS_START,33.1,651
EP020103,2026-06-16 14:55:00,U1049,michelle.jones59,WKSTN-U1049,chrome.exe,PROCESS_START,2.5,756
EP007135,2026-06-16 14:53:00,U1018,,WKSTN-U1018,Git	,PROCESS_START,5.8,598
EP001030,2026-06-16 15:21:00,U1003,kenneth.clark29,WKSTN-U1003,QuickBooks,PROCESS_START,19.2,694
EP010736,2026-06-16 15:14:00,U1026,elizabeth.gonzalez,WKSTN-U1026,Chrome,PROCESS_START,17.7,605
EP032982,2026-06-16 15:25:00,U1081,margaret.davis,WKSTN-U1081,Wireshark,PROCESS_START,17.8,387
EP029340,2026-06-16 15:24:00,U1072,kenneth.lopez,WKSTN-U1072,explorer.exe,PROCESS_START,10.3,132
EP011188,2026-06-16 15:18:00,U1027,patricia.brown75,WKSTN-U1027,Jenkins,PROCESS_START,19.8,318
EP015732,2026-06-16 15:04:00,U1038,emily.clark,WKSTN-U1038,Chrome	,,4.8,349
EP007595,2026-06-16 15:14:00,U1019,donna.anderson,WKSTN-U1019,chrome.exe,PROCESS_START,30.0,569
EP013748,2026-06-16 15:06:00,U1033,linda.miller,  WKSTN-U1033 ,Workday,PROCESS_START,30.8,590
EP000202,2026-06-16 15:22:00,U1001,linda.johnson95,,SAP,PROCESS_START,6.4,505
EP020494,2026-06-16 14:58:00,U1050,michael.ramirez,WKSTN-U1050,Excel,PROCESS_START,19.5,294
EP025705,2026-06-16 15:07:00,U1063,john.nguyen,WKSTN-U1063,DocuSign,PROCESS_START,31.6,120
EP026921,2026-06-16 15:04:00,U1066,michelle.wright62,WKSTN-U1066,chrome.exe,PROCESS_START,,571
EP014919,2026-06-16 15:13:00,U1036,linda.jones,WKSTN-U1036,Excel,PROCESS_START,2.5,392
EP033407,2026-06-16 14:59:00,U1082,karen.hill96,WKSTN-U1082,ACTIVE DIRECTORY CONSOLE,PROCESS_START,24.6,700
EP028100,2026-06-16 15:22:00,U1069,,WKSTN-U1069,Chrome,PROCESS_START,18.9,302
EP040802,2026-06-16 14:57:00,U1099,,WKSTN-U1099,PowerPoint,PROCESS_START,11.9,407
EP020909,2026-06-16 15:06:00,U1051,sandra.king72,WKSTN-U1051,notepad.exe,PROCESS_START,33.1,405
EP011191,2026-06-16 15:17:00,U1027,patricia.brown75,WKSTN-U1027,,PROCESS_START,4.8,242
EP037922,2026-06-16 15:23:00,U1092,steven.thomas,WKSTN-U1092	,Active Directory Console,PROCESS_START,17.7,888
EP012075,2026-06-16 15:00:00,U1029,michelle.garcia54,WKSTN-U1029,explorer.exe,,13.6,
EP033408,2026-06-16 15:00:00,U1082,karen.hill96,WKSTN-U1082,Active Directory Console,PROCESS_START,9.7,806
EP007134,2026-06-16 15:09:00,U1018,betty.white57,WKSTN-U1018,outlook.exe,PROCESS_START,33.2,
EP011656,2026-06-16 15:22:00,U1028,john.hill,WKSTN-U1028,Docker Desktop,PROCESS_START,34.4,758
EP009396,2026-06-16 15:13:00,U1023,richard.wright,  WKSTN-U1023 ,Git,PROCESS_START,17.5,684
EP007593,2026-06-16 15:21:00,U1019,donna.anderson,WKSTN-U1019,outlook.exe,PROCESS_START,22.2,862
EP037923,2026-06-16 15:32:00,U1092,steven.thomas,WKSTN-U1092	,Terminal,PROCESS_START,8.0,247
EP015329,2026-06-16 15:33:00,U1037,robert.martin,WKSTN-U1037,outlook.exe,PROCESS_START,10.7,733
EP030523,2026-06-16 15:53:00,U1075,steven.lewis,WKSTN-U1075,notepad.exe,PROCESS_START,4.2,831
EP032983,2026-06-16 16:00:00,U1081,margaret.davis,WKSTN-U1081,chrome.exe	,PROCESS_START,8.5,562
EP016125,2026-06-16 15:52:00,U1039,mark.thomas,WKSTN-U1039,outlook.exe,PROCESS_START,23.0,393
EP040029,2026-06-16 15:28:00,U1097,mark.martinez10	,WKSTN-U1097,PowerPoint,PROCESS_START,29.5,88
EP001431,2026-06-16 15:44:00,U1004,elizabeth.wilson98,WKSTN-U1004,Outlook,PROCESS_START,2.0,
EP039205,2026-06-16 15:31:00,U1095,richard.thomas74,WKSTN-U1095,chrome.exe,PROCESS_START,20.8,627
EP005365,2026-06-16 15:54:00,U1014,james.taylor,WKSTN-U1014,notepad.exe,PROCESS_START,21.3,540
EP026104,2026-06-16 15:46:00,U1064,  matthew.wright55 ,WKSTN-U1064,Outlook,PROCESS_START,23.8,430
EP016123,2026-06-16 15:33:00,U1039,mark.thomas,WKSTN-U1039,Workday,process_start,1.6,474
EP007136,2026-06-16 15:37:00,U1018,betty.white57,WKSTN-U1018,chrome.exe,PROCESS_START,14.3,677
EP001823,2026-06-16 15:43:00,U1005,robert.robinson,WKSTN-U1005,SAP,PROCESS_START,32.2,
EP041177,2026-06-16 15:42:00,U1100,daniel.brown38,WKSTN-U1100,Outlook,PROCESS_START,1.1,202
EP006190,2026-06-16 15:50:00,U1016,patricia.thomas,WKSTN-U1016,Docker Desktop,PROCESS_START,9.2,159
EP002984,2026-06-16 15:27:00,U1008,joshua.hernandez,WKSTN-U1008,outlook.exe,PROCESS_START,18.1,720
EP039614,2026-06-16 15:46:00,U1096,david.allen76,WKSTN-U1096,Excel,PROCESS_START,13.2,414
EP002615,2026-06-16 15:34:00,U1007,sarah.robinson82,WKSTN-U1007,outlook.exe,PROCESS_START,11.1,664
EP014918,2026-06-16 15:56:00,U1036,linda.jones,WKSTN-U1036,Outlook,PROCESS_START,4.5,205
EP003371,2026-06-16 15:32:00,U1009,daniel.brown,,QuickBooks,PROCESS_START,13.6,564
EP032985,2026-06-16 15:50:00,U1081,margaret.davis,WKSTN-U1081,PuTTY,PROCESS_START,11.8,284
EP019334,2026-06-16 15:47:00,U1047,sandra.lewis,WKSTN-U1047,outlook.exe,PROCESS_START,6.5,130
EP018115,2026-06-16 15:34:00,U1044,lisa.ramirez9,,  Workday ,PROCESS_START,15.5,414
EP009836,2026-06-16 15:26:00,U1024,emily.miller,,Git,PROCESS_START,18.4,462
EP039202,2026-06-16 15:30:00,U1095,richard.thomas74,WKSTN-U1095,outlook.exe,PROCESS_START,12.1,121
EP005774,2026-06-16 16:32:00,U1015,lisa.hernandez,WKSTN-U1015,Excel,PROCESS_START,20.2,247
EP031306,2026-06-16 16:38:00,U1077,kimberly.harris58,WKSTN-U1077,Word,PROCESS_START,16.0,727
EP018499,2026-06-16 16:32:00,U1045,daniel.sanchez90,WKSTN-U1045,Chrome,PROCESS_START,2.4,632
EP040033,2026-06-16 16:43:00,U1097,mark.martinez10,WKSTN-U1097,chrome.exe,PROCESS_START,32.3,461
EP029715,2026-06-16 16:15:00,U1073,michael.gonzalez,WKSTN-U1073,TEAMS.EXE,PROCESS_START,22.0,466
EP019734,2026-06-16 16:16:00,U1048,jennifer.thomas87,WKSTN-U1048,outlook.exe,PROCESS_START,8.6,396
EP022525,2026-06-16 16:22:00,U1055,patricia.wilson54,  WKSTN-U1055 ,Outlook,PROCESS_START,8.9,738
EP033405,2026-06-16 16:43:00,U1082,karen.hill96,WKSTN-U1082,explorer.exe,PROCESS_START,8.3,359
EP014536,2026-06-16 16:32:00,U1035,nancy.rodriguez82,WKSTN-U1035,  Outlook ,PROCESS_START,10.7,629
EP016124,2026-06-16 16:04:00,U1039,mark.thomas,WKSTN-U1039,explorer.exe,PROCESS_START,25.5,718
EP032986,2026-06-16 16:43:00,U1081,margaret.davis,WKSTN-U1081,notepad.exe,PROCESS_START,6.2,412
EP006193,2026-06-16 16:01:00,U1016,patricia.thomas,WKSTN-U1016,teams.exe,PROCESS_START,9.9,560
EP031305,2026-06-16 16:27:00,U1077,kimberly.harris58,WKSTN-U1077,Chrome,,23.2,408
EP035214,2026-06-16 16:13:00,U1086,steven.thompson53,WKSTN-U1086,chrome.exe,PROCESS_START,14.9,394
EP024919,2026-06-16 16:02:00,U1061,jessica.rodriguez,WKSTN-U1061,notepad.exe,PROCESS_START,4.0,722
EP012937,2026-06-16 16:10:00,U1031,john.wright28,WKSTN-U1031,Excel,PROCESS_START,8.1,N/A
EP025304,2026-06-16 16:10:00,U1062,william.martin,WKSTN-U1062,explorer.exe,PROCESS_START,3.7,
EP014535,2026-06-16 16:24:00,U1035,nancy.rodriguez82,WKSTN-U1035,outlook.exe,PROCESS_START,5.0,95
EP035645,2026-06-16 16:03:00,U1087,charles.sanchez,WKSTN-U1087,PuTTY,PROCESS_START,23.7,748
EP029716,2026-06-16 16:30:00,U1073,michael.gonzalez,WKSTN-U1073,Outlook,PROCESS_START,9.5,687
EP009392,2026-06-16 16:03:00,U1023,richard.wright,WKSTN-U1023,outlook.exe	,PROCESS_START,11.4,561
EP021688,2026-06-16 16:31:00,U1053,john.jackson31,WKSTN-U1053,Chrome,PROCESS_START,29.1,575
EP033406,2026-06-16 16:33:00,U1082,karen.hill96,WKSTN-U1082,Wireshark,PROCESS_START,25.2,526
EP001435,2026-06-16 16:18:00,U1004,elizabeth.wilson98,  WKSTN-U1004 ,excel,PROCESS_START,13.7,
EP038351,2026-06-16 16:23:00,U1093,sarah.clark44,WKSTN-U1093,teams.exe,PROCESS_START,23.5,735
EP024504,2026-06-16 17:02:00,U1060,matthew.anderson	,WKSTN-U1060,Chrome,PROCESS_START,,701
EP015348,2026-06-17 07:25:00,U1037,robert.martin,WKSTN-U1037,outlook.exe,PROCESS_START,3.5,843
EP011654,2026-06-16 17:38:00,U1028,,WKSTN-U1028,Slack,PROCESS_START,24.9,106
EP029717,2026-06-16 17:13:00,U1073,michael.gonzalez,WKSTN-U1073,NOTEPAD.EXE,PROCESS_START,10.7,884
EP039206,2026-06-16 17:16:00,U1095,richard.thomas74,WKSTN-U1095,PowerPoint,PROCESS_START,9.9,585
EP004950,2026-06-16 16:49:00,U1013,emily.smith,WKSTN-U1013,chrome.exe,PROCESS_START,18.6,725
EP012074,2026-06-16 16:49:00,U1029,michelle.garcia54,WKSTN-U1029,Jenkins,PROCESS_START,31.2,388
EP041484,2026-06-16 17:22:00,U1023,richard.wright,WKSTN-U1023,7z.exe,PROCESS_START,70.7,571
EP014920,2026-06-16 17:09:00,U1036,linda.jones,  WKSTN-U1036 ,explorer.exe,PROCESS_START,24.5,571
EP030932,2026-06-17 07:38:00,U1076,john.torres,WKSTN-U1076,explorer.exe,PROCESS_START,,196
EP010309,2026-06-17 07:32:00,U1025,betty.brown22,WKSTN-U1025,outlook.exe,PROCESS_START,6.1,330
EP036565,2026-06-16 16:54:00,U1089,paul.brown27,WKSTN-U1089,Chrome,PROCESS_START,28.8,261
EP041483,2026-06-16 16:59:00,U1023,richard.wright,WKSTN-U1023,nc.exe,PROCESS_START,87.1,912
EP024918,2026-06-16 17:10:00,U1061,jessica.rodriguez,WKSTN-U1061,Zoom,PROCESS_START,6.8,620
EP018514,2026-06-17 07:51:00,U1045,daniel.sanchez90,WKSTN-U1045,Chrome,PROCESS_START,11.7,738
EP004967,2026-06-17 07:48:00,U1013,emily.smith,WKSTN-U1013,notepad.exe,PROCESS_START,25.5,858
EP012077,2026-06-16 16:57:00,U1029,michelle.garcia54,WKSTN-U1029,Slack,PROCESS_START,21.2,696
EP015346,2026-06-17 07:27:00,U1037,robert.martin,WKSTN-U1037,Excel,PROCESS_START,2.3,859
EP002614,2026-06-16 17:06:00,U1007,sarah.robinson82,WKSTN-U1007,Chrome,PROCESS_START,3.9,335
EP026106,2026-06-16 17:12:00,U1064,matthew.wright55,WKSTN-U1064,explorer.exe,PROCESS_START,27.2,477
EP021689,2026-06-16 17:50:00,U1053,john.jackson31,WKSTN-U1053,Chrome,PROCESS_START,8.1,688
EP006688,2026-06-17 07:30:00,U1017,emily.hernandez34,WKSTN-U1017,Git,PROCESS_START,19.2,537
EP021687,2026-06-16 17:32:00,U1053,john.jackson31,WKSTN-U1053,Chrome,PROCESS_START,22.3,521
EP037482,2026-06-17 07:35:00,U1091,linda.robinson,WKSTN-U1091,Active Directory Console,PROCESS_START,33.4,572
EP020926,2026-06-17 07:17:00,U1051,,WKSTN-U1051,Excel,PROCESS_START,6.7,127
EP023310,2026-06-17 08:18:00,U1057,nancy.sanchez,WKSTN-U1057,Chrome,process_start,18.7,661
EP023718,2026-06-17 09:03:00,U1058,jennifer.ramirez18,WKSTN-U1058,Chrome,PROCESS_START,24.5,192
EP008500,2026-06-17 09:11:00,U1021,jessica.walker,WKSTN-U1021,Jenkins,PROCESS_START,30.1,642
EP021706,2026-06-17 08:59:00,U1053,john.jackson31,,Chrome,PROCESS_START,15.7,860
EP029357,2026-06-17 09:14:00,U1072,kenneth.lopez,WKSTN-U1072,DocuSign,process_start,6.2,562
EP009413,2026-06-17 09:12:00,U1023,richard.wright,WKSTN-U1023	,Chrome,PROCESS_START,19.0,N/A
EP019353,2026-06-17 08:31:00,U1047,,WKSTN-U1047,Chrome,PROCESS_START,15.8,577
EP018516,2026-06-17 08:21:00,U1045,daniel.sanchez90,WKSTN-U1045,Outlook,PROCESS_START,32.8,284
EP015347,2026-06-17 09:09:00,U1037,robert.martin,WKSTN-U1037,teams.exe,PROCESS_START,19.5,567
EP009865,2026-06-17 08:43:00,U1024,emily.miller,WKSTN-U1024,Slack,PROCESS_START,30.1,243
EP029359,2026-06-17 08:52:00,U1072,kenneth.lopez,WKSTN-U1072,DocuSign,PROCESS_START,20.7,325000.0
EP023313,2026-06-17 08:56:00,U1057,nancy.sanchez,WKSTN-U1057,outlook.exe	,PROCESS_START,2.9,505
EP006210,2026-06-17 08:57:00,U1016,patricia.thomas,WKSTN-U1016,notepad.exe,,3.3,129
EP011677,2026-06-17 07:52:00,U1028,john.hill	,WKSTN-U1028,,PROCESS_START,8.4,347
EP024938,2026-06-17 09:11:00,U1061,jessica.rodriguez,WKSTN-U1061,Chrome,PROCESS_START,26.0,775
EP008497,2026-06-17 08:09:00,U1021,jessica.walker,WKSTN-U1021,Slack,PROCESS_START,14.7,500
EP030544,2026-06-17 08:59:00,U1075,steven.lewis,WKSTN-U1075,DocuSign,PROCESS_START,27.4,299
EP001451,2026-06-17 08:33:00,U1004,elizabeth.wilson98,WKSTN-U1004,Chrome,PROCESS_START,2.0,201
EP023719,2026-06-17 08:57:00,U1058,jennifer.ramirez18,WKSTN-U1058,chrome.exe,PROCESS_START,10.3,192
EP011678,2026-06-17 08:39:00,U1028,john.hill,WKSTN-U1028,notepad.exe,PROCESS_START,12.7,544
EP024114,2026-06-17 07:53:00,U1059,daniel.perez98,WKSTN-U1059,,PROCESS_START,15.0,697
EP030545,2026-06-17 08:07:00,U1075,steven.lewis,WKSTN-U1075,explorer.exe,PROCESS_START,18.7,870
EP014935,2026-06-17 08:10:00,U1036,linda.jones,WKSTN-U1036,Outlook,PROCESS_START,2.1,777
EP023311,2026-06-17 08:24:00,U1057,nancy.sanchez,WKSTN-U1057,Outlook,PROCESS_START,9.0,182
EP016137,2026-06-17 08:07:00,U1039,mark.thomas,WKSTN-U1039,Chrome,PROCESS_START,,497
EP011212,2026-06-17 09:32:00,U1027,patricia.brown75,WKSTN-U1027,Docker Desktop,PROCESS_START,9.3,464
EP039228,2026-06-17 09:22:00,U1095,richard.thomas74,WKSTN-U1095,Chrome,PROCESS_START,11.9,860
EP024940,2026-06-17 09:22:00,U1061,jessica.rodriguez,WKSTN-U1061,chrome.exe,PROCESS_START,26.2,296
EP011209,2026-06-17 09:42:00,U1027,,WKSTN-U1027,outlook.exe,PROCESS_START,14.8,435
EP008059,2026-06-17 09:50:00,U1020,  andrew.thomas36 ,WKSTN-U1020,Git,PROCESS_START,10.9,392
EP005381,2026-06-17 09:36:00,U1014,james.taylor,WKSTN-U1014,teams.exe,PROCESS_START,30.1,263
EP010310,2026-06-17 09:24:00,U1025,,WKSTN-U1025,Git,PROCESS_START,,345
EP014143,2026-06-17 09:57:00,U1034,thomas.allen63,WKSTN-U1034,Outlook,PROCESS_START,,770
EP033873,2026-06-17 09:47:00,U1083,sarah.allen70,WKSTN-U1083,outlook.exe,PROCESS_START,18.3,116
EP004544,2026-06-17 09:47:00,U1012,linda.martinez,WKSTN-U1012,chrome.exe,PROCESS_START,8.2,468
EP000633,2026-06-17 09:50:00,U1002,donna.ramirez,WKSTN-U1002,notepad.exe,PROCESS_START,,360
EP026514,2026-06-17 09:53:00,U1065,michael.ramirez47,,outlook.exe,PROCESS_START,7.5,293
EP021318,2026-06-17 09:39:00,U1052,paul.taylor,WKSTN-U1052,NOTEPAD.EXE,process_start,27.6,165
EP037480,2026-06-17 09:33:00,U1091,linda.robinson,WKSTN-U1091,Wireshark,PROCESS_START,,678
EP026122,2026-06-17 09:45:00,U1064,matthew.wright55,WKSTN-U1064,Word,PROCESS_START,12.7,125
EP006687,2026-06-17 09:43:00,U1017,emily.hernandez34,WKSTN-U1017,explorer.exe,PROCESS_START,,277
EP024937,2026-06-17 09:32:00,U1061,jessica.rodriguez,WKSTN-U1061,outlook.exe,PROCESS_START,28.5,287
EP002632,2026-06-17 09:46:00,U1007,sarah.robinson82,WKSTN-U1007,,PROCESS_START,12.1,460
EP001840,2026-06-17 09:19:00,U1005,robert.robinson,WKSTN-U1005,Outlook,PROCESS_START,18.2,652
EP010758,2026-06-17 09:39:00,U1026,,WKSTN-U1026,Git,PROCESS_START,,159
EP019350,2026-06-17 09:51:00,U1047,sandra.lewis,WKSTN-U1047,TEAMS.EXE,PROCESS_START,28.8,689
EP005382,2026-06-17 09:25:00,U1014,james.taylor,WKSTN-U1014	,SAP,PROCESS_START,31.5,844
EP024519,2026-06-17 09:43:00,U1060,matthew.anderson,WKSTN-U1060,ZOOM	,PROCESS_START,11.8,381
EP013763,2026-06-17 09:35:00,U1033,linda.miller,WKSTN-U1033,explorer.exe,PROCESS_START,30.0,720
EP032147,2026-06-17 09:37:00,U1079,emily.jones,  WKSTN-U1079 ,Active Directory Console,PROCESS_START,29.5,900
EP020514,2026-06-17 10:07:00,U1050,michael.ramirez,WKSTN-U1050,outlook.exe,PROCESS_START,21.3,145
EP017345,2026-06-17 10:11:00,U1042,michael.hill56,WKSTN-U1042,teams.exe,PROCESS_START,14.9,653
EP026938,2026-06-17 10:02:00,U1066,michelle.wright62,WKSTN-U1066,Chrome,PROCESS_START,34.3,285
EP030929,2026-06-17 10:31:00,U1076,john.torres	,WKSTN-U1076,outlook.exe,PROCESS_START,30.8,286
EP026513,2026-06-17 10:43:00,U1065,michael.ramirez47,WKSTN-U1065,Outlook,PROCESS_START,22.4,852
EP017737,2026-06-17 10:06:00,U1043,thomas.williams91,,Excel,PROCESS_START,6.4,121
EP016136,2026-06-17 10:43:00,U1039,mark.thomas,WKSTN-U1039,,PROCESS_START,13.2,780
EP016932,2026-06-17 10:01:00,U1041,matthew.allen52,WKSTN-U1041,notepad.exe,PROCESS_START,9.0,862
EP011211,2026-06-17 10:03:00,U1027,patricia.brown75,WKSTN-U1027,notepad.exe,PROCESS_START,30.1,135
EP041192,2026-06-17 10:11:00,U1100,daniel.brown38,WKSTN-U1100,explorer.exe,PROCESS_START,12.2,207
EP033426,2026-06-17 09:57:00,U1082,karen.hill96,WKSTN-U1082,outlook.exe,PROCESS_START,19.5,607
EP040436,2026-06-17 10:02:00,U1098,nancy.wright49,WKSTN-U1098,Zoom,,3.0,748
EP016542,2026-06-17 10:34:00,U1040,matthew.martin,WKSTN-U1040,outlook.exe,PROCESS_START,10.5,644
EP038374,2026-06-17 09:57:00,U1093,sarah.clark44,WKSTN-U1093,,PROCESS_START,3.7,256
EP036580,2026-06-17 10:23:00,U1089,paul.brown27,WKSTN-U1089,chrome.exe,PROCESS_START,26.6,852
EP025327,2026-06-17 10:05:00,U1062,william.martin,WKSTN-U1062,outlook.exe,PROCESS_START,13.2,803000.0
EP024518,2026-06-17 10:28:00,U1060,matthew.anderson,WKSTN-U1060,Chrome,PROCESS_START,18.7,679
EP018945,2026-06-17 10:38:00,U1046,michelle.torres39,WKSTN-U1046,chrome.exe,PROCESS_START,,224
EP007162,2026-06-17 10:08:00,U1018,betty.white57,WKSTN-U1018,outlook.exe,PROCESS_START,1.4,511
EP030930,2026-06-17 10:37:00,U1076,john.torres,WKSTN-U1076,Word,PROCESS_START,23.4,181
EP008056,2026-06-17 10:29:00,U1020,andrew.thomas36,WKSTN-U1020,Git,PROCESS_START,6.1,871
EP039638,2026-06-17 09:58:00,U1096,david.allen76,WKSTN-U1096,notepad.exe,PROCESS_START,30.1,828
EP030933,2026-06-17 10:36:00,U1076,john.torres,WKSTN-U1076,chrome.exe,PROCESS_START,11.4,478
EP013373,2026-06-17 10:07:00,U1032,PAUL.WRIGHT91,WKSTN-U1032,Workday,PROCESS_START,16.5,873
EP010312,2026-06-17 10:31:00,U1025,betty.brown22,,explorer.exe,PROCESS_START,25.3,202
EP037941,2026-06-17 10:59:00,U1092,steven.thomas,WKSTN-U1092,Chrome,PROCESS_START,,831
EP037053,2026-06-17 11:01:00,U1090,mary.hill,,Active Directory Console,PROCESS_START,34.3,595
EP040057,2026-06-17 10:46:00,U1097,mark.martinez10,WKSTN-U1097,teams.exe,PROCESS_START,17.8,439
EP013765,2026-06-17 10:58:00,U1033,linda.miller,WKSTN-U1033,,PROCESS_START,3.9,379
EP005793,2026-06-17 10:53:00,U1015,lisa.hernandez,WKSTN-U1015,SAP,PROCESS_START,1.1,482
EP007609,2026-06-17 10:47:00,U1019,donna.anderson,WKSTN-U1019,teams.exe,PROCESS_START,21.7,147
EP025724,2026-06-17 11:05:00,U1063,john.nguyen,WKSTN-U1063,Word,PROCESS_START,25.1,742
EP003781,2026-06-17 10:57:00,U1010,susan.young51,,teams.exe,PROCESS_START,7.5,339
EP000631,2026-06-17 10:53:00,U1002,donna.ramirez,WKSTN-U1002,  Outlook ,PROCESS_START,30.8,285
EP030931,2026-06-17 11:04:00,U1076,john.torres,WKSTN-U1076,Outlook,PROCESS_START,22.8,276
EP036151,2026-06-17 10:54:00,U1088,ANDREW.SMITH85	,WKSTN-U1088,teams.exe,PROCESS_START,16.9,156
EP035232,2026-06-17 10:56:00,U1086,steven.thompson53,WKSTN-U1086,Slack,PROCESS_START,1.2,581
EP008057,2026-06-17 10:54:00,U1020,andrew.thomas36,WKSTN-U1020,outlook.exe,PROCESS_START,3.9,792
EP036148,2026-06-17 11:03:00,U1088,andrew.smith85,WKSTN-U1088,outlook.exe,PROCESS_START,22.2,852
EP012101,2026-06-17 10:47:00,U1029,,WKSTN-U1029,outlook.exe,PROCESS_START,6.7,232
EP033004,2026-06-17 11:06:00,U1081,margaret.davis,WKSTN-U1081,Wireshark,PROCESS_START,31.2,552
EP035233,2026-06-17 10:46:00,U1086,  steven.thompson53 ,WKSTN-U1086,PuTTY,PROCESS_START,22.0,543
EP018518,2026-06-17 11:07:00,U1045,daniel.sanchez90,WKSTN-U1045,Outlook,PROCESS_START,11.5,348
EP028115,2026-06-17 11:00:00,U1069,jessica.clark,WKSTN-U1069,Outlook,PROCESS_START,6.8,650
EP036152,2026-06-17 11:04:00,U1088,andrew.smith85,WKSTN-U1088,explorer.exe,PROCESS_START,5.3,161
EP000221,2026-06-17 10:45:00,U1001,linda.johnson95,WKSTN-U1001,Excel,PROCESS_START,14.4,893
EP004543,2026-06-17 11:01:00,U1012,linda.martinez,WKSTN-U1012,QuickBooks,PROCESS_START,22.5,91
EP004150,2026-06-17 10:59:00,U1011,donna.ramirez75,WKSTN-U1011,notepad.exe,PROCESS_START,19.9,395
EP004546,2026-06-17 10:44:00,U1012,linda.martinez,WKSTN-U1012,chrome,PROCESS_START,4.6,630
EP030543,2026-06-17 11:01:00,U1075,steven.lewis,WKSTN-U1075,Outlook,PROCESS_START,23.1,670
EP004148,2026-06-17 11:16:00,U1011,donna.ramirez75,WKSTN-U1011,QuickBooks,PROCESS_START,12.1,452
EP035235,2026-06-17 11:29:00,U1086,steven.thompson53,WKSTN-U1086,Chrome,PROCESS_START,23.8,689
EP040435,2026-06-17 11:15:00,U1098,nancy.wright49,WKSTN-U1098,teams.exe,PROCESS_START,28.0,715
EP038375,2026-06-17 11:17:00,U1093,sarah.clark44,WKSTN-U1093	,Active Directory Console,PROCESS_START,18.8,171
EP020116,2026-06-17 11:15:00,U1049,  michelle.jones59 ,WKSTN-U1049,explorer.exe,PROCESS_START,17.2,885
EP016545,2026-06-17 11:22:00,U1040,matthew.martin,WKSTN-U1040,Excel,PROCESS_START,27.9,488
EP002246,2026-06-17 11:28:00,U1006,GEORGE.GONZALEZ,WKSTN-U1006,chrome.exe,PROCESS_START,23.5,351
EP012103,2026-06-17 11:27:00,U1029,michelle.garcia54,WKSTN-U1029,VSCode,PROCESS_START,24.2,321
EP039225,2026-06-17 11:23:00,U1095,richard.thomas74,WKSTN-U1095,Excel,PROCESS_START,1.6,723
EP014147,2026-06-17 11:17:00,U1034,thomas.allen63,WKSTN-U1034,chrome.exe,PROCESS_START,11.3,218
EP004547,2026-06-17 11:20:00,U1012,linda.martinez,WKSTN-U1012,QuickBooks,PROCESS_START,20.8,722
EP013761,2026-06-17 11:20:00,U1033,,WKSTN-U1033,teams.exe,PROCESS_START,17.9,737
EP026121,2026-06-17 11:19:00,U1064,matthew.wright55,WKSTN-U1064,outlook.exe,PROCESS_START,21.4,623
EP026941,2026-06-17 11:10:00,U1066,michelle.wright62,WKSTN-U1066,teams.exe,PROCESS_START,15.6,
EP019746,2026-06-17 11:13:00,U1048,JENNIFER.THOMAS87,WKSTN-U1048,Zoom,PROCESS_START,29.6,255
EP036149,2026-06-17 11:07:00,U1088,andrew.smith85,WKSTN-U1088,Terminal,PROCESS_START,26.5,571
EP025328,2026-06-17 11:14:00,U1062,  william.martin ,WKSTN-U1062,Salesforce	,PROCESS_START,6.7,650
EP009415,2026-06-17 11:08:00,U1023,richard.wright,WKSTN-U1023,VSCode,PROCESS_START,26.8,843
EP027332,2026-06-17 11:28:00,U1067,paul.thomas97,WKSTN-U1067,DocuSign,PROCESS_START,32.3,814
EP014145,2026-06-17 11:12:00,U1034,thomas.allen63,WKSTN-U1034,chrome.exe,PROCESS_START,31.9,882
EP040821,2026-06-17 11:27:00,U1099,joseph.garcia,WKSTN-U1099,outlook.exe,,23.7,239
EP016934,2026-06-17 11:07:00,U1041,matthew.allen52,,explorer.exe,PROCESS_START,18.2,654
EP022923,2026-06-17 11:12:00,U1056,anthony.clark,WKSTN-U1056,Outlook,PROCESS_START,33.8,651
EP025726,2026-06-17 11:26:00,U1063,john.nguyen,WKSTN-U1063,Outlook,PROCESS_START,25.3,842
EP037942,2026-06-17 11:15:00,U1092,steven.thomas,WKSTN-U1092,Active Directory Console,PROCESS_START,11.5,320
EP033875,2026-06-17 11:48:00,U1083,sarah.allen70,WKSTN-U1083,Chrome,PROCESS_START,19.0,142
EP025326,2026-06-17 11:43:00,U1062,william.martin,WKSTN-U1062,Excel,PROCESS_START,5.7,230
EP004151,2026-06-17 11:31:00,U1011,donna.ramirez75,WKSTN-U1011,explorer.exe,PROCESS_START,5.2,-822.0
EP020119,2026-06-17 11:44:00,U1049,  MICHELLE.JONES59 ,WKSTN-U1049,Outlook,PROCESS_START,16.1,456
EP039227,2026-06-17 11:41:00,U1095,richard.thomas74,WKSTN-U1095,outlook.exe,PROCESS_START,19.2,704
EP020927,2026-06-17 11:58:00,U1051,sandra.king72,WKSTN-U1051,Outlook,PROCESS_START,8.4,756
EP012951,2026-06-17 11:36:00,U1031,john.wright28,WKSTN-U1031,teams.exe,PROCESS_START,17.9,
EP028120,2026-06-17 11:45:00,U1069,jessica.clark,WKSTN-U1069,chrome.exe,PROCESS_START,1.5,130
EP036581,2026-06-17 11:56:00,U1089,paul.brown27,WKSTN-U1089,Wireshark,PROCESS_START,22.4,593
EP007610,2026-06-17 11:36:00,U1019,donna.anderson,WKSTN-U1019,explorer.exe,PROCESS_START,15.8,95
EP012102,2026-06-17 11:42:00,U1029,michelle.garcia54,WKSTN-U1029,teams.exe,PROCESS_START,28.0,877
EP040055,2026-06-17 11:55:00,U1097,mark.martinez10,WKSTN-U1097,teams.exe,PROCESS_START,5.1,395
EP004545,2026-06-17 11:50:00,U1012,linda.martinez,WKSTN-U1012,Chrome,PROCESS_START,5.4,480
EP020924,2026-06-17 11:29:00,U1051,sandra.king72,WKSTN-U1051,teams.exe,PROCESS_START,31.6,312
EP003004,2026-06-17 11:41:00,U1008,joshua.hernandez,WKSTN-U1008,,PROCESS_START,29.3,104
EP008966,2026-06-17 11:58:00,U1022,sandra.brown,WKSTN-U1022,Chrome,PROCESS_START,23.6,167
EP014552,2026-06-17 11:34:00,U1035,nancy.rodriguez82,WKSTN-U1035,Chrome,PROCESS_START,16.2,357
EP021705,2026-06-17 11:48:00,U1053,john.jackson31,WKSTN-U1053,CHROME,PROCESS_START,30.8,221
EP019352,2026-06-17 11:58:00,U1047,sandra.lewis,WKSTN-U1047,Excel,PROCESS_START,33.2,562
EP040823,2026-06-17 11:55:00,U1099,joseph.garcia,WKSTN-U1099,  chrome.exe ,PROCESS_START,3.7,243
EP041190,2026-06-17 12:01:00,U1100,daniel.brown38,WKSTN-U1100,chrome.exe,PROCESS_START,14.6,231
EP016544,2026-06-17 11:57:00,U1040,matthew.martin,  WKSTN-U1040 ,teams.exe,PROCESS_START,30.9,254
EP016933,2026-06-17 11:42:00,U1041,matthew.allen52,WKSTN-U1041,teams.exe,PROCESS_START,15.3,635
EP024941,2026-06-17 12:00:00,U1061,jessica.rodriguez	,WKSTN-U1061,Outlook,PROCESS_START,4.0,164
EP029358,2026-06-17 11:55:00,U1072,kenneth.lopez,WKSTN-U1072,explorer.exe,PROCESS_START,9.6,826
EP025725,2026-06-17 12:10:00,U1063,john.nguyen,WKSTN-U1063,explorer.exe,PROCESS_START,9.9,127
EP021319,2026-06-17 12:23:00,U1052,paul.taylor,WKSTN-U1052,Salesforce,PROCESS_START,33.4,585
EP035661,2026-06-17 12:02:00,U1087,charles.sanchez,WKSTN-U1087,explorer.exe,PROCESS_START,27.8,371
EP014144,2026-06-17 12:06:00,U1034,thomas.allen63,WKSTN-U1034,outlook.exe,PROCESS_START,22.4,812
EP033874,2026-06-17 12:23:00,U1083,sarah.allen70,WKSTN-U1083,notepad.exe,PROCESS_START,20.4,836
EP027330,2026-06-17 12:06:00,U1067,paul.thomas97,WKSTN-U1067,Outlook,PROCESS_START,22.9,727
EP027331,2026-06-17 12:23:00,U1067,paul.thomas97,WKSTN-U1067,Outlook,PROCESS_START,25.7,283
EP013762,2026-06-17 12:18:00,U1033,linda.miller,WKSTN-U1033,outlook.exe,PROCESS_START,18.9,604
EP026512,2026-06-17 12:10:00,U1065,michael.ramirez47,WKSTN-U1065,Chrome,PROCESS_START,20.0,745
EP023312,2026-06-17 12:23:00,U1057,nancy.sanchez,WKSTN-U1057,Outlook,PROCESS_START,18.8,569
EP008964,2026-06-17 12:24:00,U1022,sandra.brown,WKSTN-U1022,Docker Desktop,PROCESS_START,14.6,472
EP013372,2026-06-17 12:13:00,U1032,paul.wright91,WKSTN-U1032,Excel,PROCESS_START,33.1,215
EP002631,2026-06-17 12:04:00,U1007,sarah.robinson82,,chrome.exe,PROCESS_START,4.8,
EP003396,2026-06-17 12:05:00,U1009,daniel.brown,WKSTN-U1009,SAP,PROCESS_START,5.2,414
EP011676,2026-06-17 12:12:00,U1028,john.hill,WKSTN-U1028,Docker Desktop,PROCESS_START,21.8,250
EP033872,2026-06-17 12:09:00,U1083,sarah.allen70,WKSTN-U1083,Wireshark,PROCESS_START,18.7,845
EP012949,2026-06-17 12:15:00,U1031,john.wright28,WKSTN-U1031,notepad.exe,PROCESS_START,25.2,838
EP041191,2026-06-17 12:06:00,U1100,daniel.brown38,WKSTN-U1100,notepad.exe,PROCESS_START,31.0,563
EP039224,2026-06-17 12:06:00,U1095,richard.thomas74,WKSTN-U1095,Excel	,PROCESS_START,16.6,666
EP026942,2026-06-17 12:18:00,U1066,michelle.wright62,WKSTN-U1066,Chrome,PROCESS_START,23.5,588
EP004542,2026-06-17 12:23:00,U1012,linda.martinez,WKSTN-U1012,QuickBooks,PROCESS_START,12.4,88
EP018515,2026-06-17 12:19:00,U1045,daniel.sanchez90,WKSTN-U1045,Chrome,PROCESS_START,13.5,262
EP003005,2026-06-17 12:14:00,U1008,JOSHUA.HERNANDEZ	,WKSTN-U1008,explorer.exe,PROCESS_START,-27.9,413
EP035663,2026-06-17 12:05:00,U1087,charles.sanchez,WKSTN-U1087,Slack,PROCESS_START,12.4,174
EP040820,2026-06-17 12:16:00,U1099,joseph.garcia,WKSTN-U1099,Excel,PROCESS_START,28.1,214
EP024520,2026-06-17 12:34:00,U1060,matthew.anderson,WKSTN-U1060,Salesforce,PROCESS_START,22.7,379
EP002630,2026-06-17 12:52:00,U1007,sarah.robinson82,WKSTN-U1007,Outlook,PROCESS_START,12.9,159
EP003783,2026-06-17 12:27:00,U1010,susan.young51,WKSTN-U1010,Excel,PROCESS_START,33.9,334
EP004969,2026-06-17 12:30:00,U1013,emily.smith,WKSTN-U1013,notepad.exe	,PROCESS_START,22.9,97
EP005791,2026-06-17 12:35:00,U1015,lisa.hernandez,WKSTN-U1015,explorer.exe,PROCESS_START,20.3,703
EP017346,2026-06-17 12:39:00,U1042,michael.hill56,WKSTN-U1042,OUTLOOK,,11.6,430
EP025329,2026-06-17 12:51:00,U1062,william.martin,WKSTN-U1062,Salesforce,PROCESS_START,34.1,804000.0
EP016931,2026-06-17 12:28:00,U1041,matthew.allen52,WKSTN-U1041	,teams.exe,PROCESS_START,22.6,638
EP040437,2026-06-17 12:30:00,U1098,nancy.wright49,WKSTN-U1098,Excel,PROCESS_START,29.4,696
EP000218,2026-06-17 12:45:00,U1001,linda.johnson95,WKSTN-U1001,outlook.exe,PROCESS_START,10.8,475
EP009863,2026-06-17 12:51:00,U1024,emily.miller,WKSTN-U1024,Chrome,PROCESS_START,28.2,81
EP006690,2026-06-17 12:53:00,U1017,emily.hernandez34,WKSTN-U1017,VSCode,PROCESS_START,29.8,571
EP037938,2026-06-17 13:00:00,U1092,steven.thomas,WKSTN-U1092,chrome.exe,PROCESS_START,23.9,721
EP018127,2026-06-17 12:54:00,U1044,lisa.ramirez9,WKSTN-U1044,Workday,PROCESS_START,12.4,191
EP011213,2026-06-17 12:47:00,U1027,patricia.brown75,WKSTN-U1027,explorer.exe,PROCESS_START,7.4,227
EP017343,2026-06-17 12:32:00,U1042,michael.hill56,WKSTN-U1042,outlook.exe,PROCESS_START,14.2,558
EP027698,2026-06-17 12:34:00,U1068,susan.thompson34,WKSTN-U1068,teams.exe,PROCESS_START,5.9,196
EP009860,2026-06-17 12:25:00,U1024,emily.miller,WKSTN-U1024,Slack,PROCESS_START,22.8,441
EP012950,2026-06-17 12:37:00,U1031,john.wright28,WKSTN-U1031,Chrome,,16.2,367
EP027699,2026-06-17 12:29:00,U1068,susan.thompson34,WKSTN-U1068,NOTEPAD.EXE,PROCESS_START,14.8,586
EP028959,2026-06-17 12:38:00,U1071,matthew.robinson35,WKSTN-U1071,explorer.exe,PROCESS_START,22.9,616
EP009861,2026-06-17 12:36:00,U1024,emily.miller,WKSTN-U1024,explorer.exe,PROCESS_START,13.7,715
EP008965,2026-06-17 12:38:00,U1022,sandra.brown,WKSTN-U1022,VSCode,PROCESS_START,31.8,425
EP028958,2026-06-17 12:45:00,U1071,MATTHEW.ROBINSON35,WKSTN-U1071,DocuSign,PROCESS_START,8.5,495
EP001449,2026-06-17 12:58:00,U1004,elizabeth.wilson98,WKSTN-U1004,notepad.exe,PROCESS_START,,532
EP011210,2026-06-17 13:02:00,U1027,patricia.brown75,WKSTN-U1027,notepad.exe,process_start,32.4,844
EP003394,2026-06-17 13:13:00,U1009,daniel.brown,WKSTN-U1009,Chrome,PROCESS_START,7.7,701
EP025722,2026-06-17 13:13:00,U1063,john.nguyen,WKSTN-U1063,explorer.exe	,PROCESS_START,2.8,282
EP020117,2026-06-17 13:13:00,U1049,michelle.jones59,WKSTN-U1049,Zoom,PROCESS_START,3.4,374
EP004968,2026-06-17 13:12:00,U1013,emily.smith,WKSTN-U1013,explorer.exe,PROCESS_START,4.5,877
EP003395,2026-06-17 13:12:00,U1009,daniel.brown,WKSTN-U1009,Chrome,PROCESS_START,6.5,211
EP013371,2026-06-17 13:14:00,U1032,paul.wright91,WKSTN-U1032,Workday,PROCESS_START,15.2,124000.0
EP035236,2026-06-17 13:09:00,U1086,steven.thompson53,WKSTN-U1086,Chrome,,34.7,315
EP037052,2026-06-17 13:09:00,U1090,mary.hill,WKSTN-U1090,notepad.exe,PROCESS_START,20.8,322
EP028118,2026-06-17 13:15:00,U1069,jessica.clark,WKSTN-U1069,DocuSign	,PROCESS_START,4.0,735
EP022124,2026-06-17 13:13:00,U1054,anthony.martinez,WKSTN-U1054,Excel,PROCESS_START,28.5,701
EP003393,2026-06-17 13:07:00,U1009,daniel.brown,WKSTN-U1009,notepad.exe,PROCESS_START,4.7,
EP001053,2026-06-17 13:05:00,U1003,kenneth.clark29,WKSTN-U1003,SAP,PROCESS_START,11.4,122
EP007612,2026-06-17 13:00:00,U1019,donna.anderson,WKSTN-U1019,teams.exe,PROCESS_START,3.3,665
EP038379,2026-06-17 13:02:00,U1093,sarah.clark44,WKSTN-U1093,PuTTY,PROCESS_START,29.0,297
EP020516,2026-06-17 13:06:00,U1050,michael.ramirez,WKSTN-U1050,,PROCESS_START,27.0,267
EP016138,2026-06-17 13:14:00,U1039,mark.thomas,WKSTN-U1039,Excel,PROCESS_START,6.7,236
EP006209,2026-06-17 13:16:00,U1016,patricia.thomas,WKSTN-U1016,outlook.exe,PROCESS_START,28.2,519
EP013764,2026-06-17 13:00:00,U1033,linda.miller,WKSTN-U1033,outlook.exe,PROCESS_START,22.1,444
EP039223,2026-06-17 13:12:00,U1095,richard.thomas74,,chrome.exe,PROCESS_START,32.1,369
EP024117,2026-06-17 13:00:00,U1059,daniel.perez98,WKSTN-U1059,Salesforce,PROCESS_START,17.9,479
EP028116,2026-06-17 13:03:00,U1069,jessica.clark,WKSTN-U1069,chrome.exe,PROCESS_START,33.8,428
EP032149,2026-06-17 13:12:00,U1079,emily.jones,WKSTN-U1079,Chrome,PROCESS_START,16.5,330
EP037481,2026-06-17 13:07:00,U1091,linda.robinson,WKSTN-U1091,chrome.exe,PROCESS_START,12.7,299
EP028956,2026-06-17 13:10:00,U1071,matthew.robinson35,WKSTN-U1071,teams.exe,PROCESS_START,16.9,276
EP020518,2026-06-17 13:29:00,U1050,michael.ramirez,WKSTN-U1050,Salesforce,PROCESS_START,3.4,483
EP015745,2026-06-17 13:22:00,U1038,EMILY.CLARK,WKSTN-U1038,explorer.exe,PROCESS_START,24.3,628
EP003782,2026-06-17 13:23:00,U1010,susan.young51,WKSTN-U1010,QuickBooks,PROCESS_START,20.6,736
EP036584,2026-06-17 13:33:00,U1089,paul.brown27,WKSTN-U1089,outlook.exe,PROCESS_START,31.8,654
EP007608,2026-06-17 13:16:00,U1019,donna.anderson,WKSTN-U1019,Slack,PROCESS_START,15.4,273
EP026124,2026-06-17 13:19:00,U1064,matthew.wright55,WKSTN-U1064,chrome.exe,PROCESS_START,13.4,632
EP014553,2026-06-17 13:30:00,U1035,nancy.rodriguez82,WKSTN-U1035,Outlook,PROCESS_START,1.6,566
EP024939,2026-06-17 13:39:00,U1061,jessica.rodriguez,WKSTN-U1061,outlook.exe,PROCESS_START,9.1,527
EP034328,2026-06-17 13:19:00,U1084,joshua.taylor,WKSTN-U1084,Chrome,PROCESS_START,12.0,577
EP021315,2026-06-17 13:34:00,U1052,,WKSTN-U1052,,PROCESS_START,15.6,830
EP006689,2026-06-17 13:16:00,U1017,emily.hernandez34,WKSTN-U1017,outlook.exe,PROCESS_START,27.3,490
EP024113,2026-06-17 13:33:00,U1059,daniel.perez98,WKSTN-U1059	,TEAMS.EXE,PROCESS_START,18.1,711
EP028539,2026-06-17 13:23:00,U1070,betty.thomas40,WKSTN-U1070,Word,PROCESS_START,,210
EP020517,2026-06-17 13:35:00,U1050,michael.ramirez,WKSTN-U1050,Salesforce,PROCESS_START,30.7,665
EP014146,2026-06-17 13:22:00,U1034,thomas.allen63,WKSTN-U1034,notepad.exe,PROCESS_START,3.5,267
EP036583,2026-06-17 13:20:00,U1089,paul.brown27,WKSTN-U1089,chrome.exe,PROCESS_START,5.4,885
EP033423,2026-06-17 13:16:00,U1082,karen.hill96,WKSTN-U1082,teams.exe,PROCESS_START,11.4,153
EP017342,2026-06-17 13:36:00,U1042,michael.hill56,WKSTN-U1042,notepad.exe,PROCESS_START,32.4,263
EP033876,2026-06-17 13:41:00,U1083,sarah.allen70	,WKSTN-U1083,notepad.exe,PROCESS_START,1.4,689
EP008499,2026-06-17 13:44:00,U1021,,WKSTN-U1021,explorer.exe,PROCESS_START,,814
EP041195,2026-06-17 13:44:00,U1100,daniel.brown38,,Outlook,PROCESS_START,26.2,662
EP031722,2026-06-17 13:36:00,U1078,michelle.miller,WKSTN-U1078,notepad.exe,PROCESS_START,12.6,639
EP020925,2026-06-17 13:40:00,U1051,sandra.king72,WKSTN-U1051,explorer.exe,PROCESS_START,20.4,598
EP033427,2026-06-17 13:44:00,U1082,karen.hill96,WKSTN-U1082,PuTTY,PROCESS_START,32.2,381
EP031720,2026-06-17 13:19:00,U1078,michelle.miller,WKSTN-U1078,Word,PROCESS_START,20.4,544
EP000219,2026-06-17 13:58:00,U1001,linda.johnson95	,WKSTN-U1001,,PROCESS_START,27.0,366
EP030136,2026-06-17 14:02:00,U1074,sarah.williams7,WKSTN-U1074,Chrome,PROCESS_START,19.6,181
EP038378,2026-06-17 13:51:00,U1093,sarah.clark44,WKSTN-U1093,Slack,PROCESS_START,16.6,856
EP010313,2026-06-17 13:58:00,U1025,betty.brown22,WKSTN-U1025,notepad.exe,PROCESS_START,14.3,582
EP017344,2026-06-17 13:57:00,U1042,michael.hill56,WKSTN-U1042,explorer.exe,PROCESS_START,15.7,403
EP029736,2026-06-17 13:54:00,U1073,michael.gonzalez,WKSTN-U1073,Word,PROCESS_START,3.7,166
EP022537,2026-06-17 14:11:00,U1055,patricia.wilson54,WKSTN-U1055,  Excel ,PROCESS_START,30.7,406
EP038814,2026-06-17 14:11:00,U1094,elizabeth.lewis69,WKSTN-U1094,Wireshark,PROCESS_START,7.7,390
EP014933,2026-06-17 14:02:00,U1036,linda.jones,WKSTN-U1036,Outlook,PROCESS_START,18.0,857
EP033002,2026-06-17 14:02:00,U1081,MARGARET.DAVIS	,WKSTN-U1081	,teams.exe,PROCESS_START,32.7,590
EP021316,2026-06-17 13:58:00,U1052,paul.taylor,WKSTN-U1052,Chrome,PROCESS_START,17.1,659
EP012948,2026-06-17 13:50:00,U1031,john.wright28,WKSTN-U1031,notepad.exe,PROCESS_START,12.5,601
EP022539,2026-06-17 13:48:00,U1055,patricia.wilson54,WKSTN-U1055,notepad.exe,PROCESS_START,16.7,297
EP007160,2026-06-17 14:05:00,U1018,betty.white57,,explorer.exe,PROCESS_START,,484
EP022922,2026-06-17 13:58:00,U1056,anthony.clark,WKSTN-U1056,Excel,PROCESS_START,29.1,755
EP041194,2026-06-17 13:53:00,U1100,daniel.brown38,WKSTN-U1100,explorer.exe,PROCESS_START,17.2,449
EP031320,2026-06-17 14:17:00,U1077,kimberly.harris58,WKSTN-U1077,outlook.exe,PROCESS_START,19.2,796
EP003397,2026-06-17 14:02:00,U1009,daniel.brown,WKSTN-U1009,chrome.exe,PROCESS_START,13.5,402
EP008496,2026-06-17 14:10:00,U1021,jessica.walker,WKSTN-U1021,explorer.exe,PROCESS_START,9.7,550
EP023315,2026-06-17 14:13:00,U1057,nancy.sanchez,WKSTN-U1057,Zoom	,PROCESS_START,16.3,236
EP030546,2026-06-17 13:57:00,U1075,steven.lewis,WKSTN-U1075,Word,PROCESS_START,12.6,147
EP010311,2026-06-17 13:51:00,U1025,betty.brown22,WKSTN-U1025,notepad.exe,PROCESS_START,13.6,783
EP019747,2026-06-17 14:08:00,U1048,jennifer.thomas87,WKSTN-U1048,teams.exe,PROCESS_START,24.1,225
EP025727,2026-06-17 13:53:00,U1063,john.nguyen,WKSTN-U1063	,notepad.exe,PROCESS_START,13.2,844
EP022924,2026-06-17 14:06:00,U1056,anthony.clark,,Excel,PROCESS_START,9.1,625
EP013766,2026-06-17 14:27:00,U1033,linda.miller,WKSTN-U1033,Outlook,PROCESS_START,16.6,696
EP012104,2026-06-17 14:35:00,U1029,michelle.garcia54,WKSTN-U1029,Git,PROCESS_START,20.5,162
EP030131,2026-06-17 14:42:00,U1074,sarah.williams7,WKSTN-U1074,notepad.exe,PROCESS_START,2.0,858
EP019349,2026-06-17 14:28:00,U1047,SANDRA.LEWIS,WKSTN-U1047,Chrome,PROCESS_START,29.6,404
EP033003,2026-06-17 14:43:00,U1081,margaret.davis,WKSTN-U1081,outlook.exe,PROCESS_START,1.7,808
EP035662,2026-06-17 14:27:00,U1087,charles.sanchez,WKSTN-U1087,teams.exe,PROCESS_START,21.7,863
EP021707,2026-06-17 14:24:00,U1053,john.jackson31,WKSTN-U1053,Outlook,PROCESS_START,26.1,700
EP003392,2026-06-17 14:40:00,U1009,daniel.brown,WKSTN-U1009,explorer.exe,PROCESS_START,19.9,688
EP038377,2026-06-17 14:17:00,U1093,sarah.clark44,WKSTN-U1093,PuTTY,PROCESS_START,23.5,320
EP031321,2026-06-17 14:39:00,U1077,kimberly.harris58,WKSTN-U1077,Word,PROCESS_START,31.3,188
EP019748,2026-06-17 14:36:00,U1048,jennifer.thomas87,WKSTN-U1048,outlook.exe,PROCESS_START,1.7,808
EP025330,2026-06-17 14:27:00,U1062,,WKSTN-U1062,Outlook,PROCESS_START,21.7,735
EP001450,2026-06-17 14:40:00,U1004,,WKSTN-U1004,teams.exe,PROCESS_START,18.8,430
EP010757,2026-06-17 14:39:00,U1026,elizabeth.gonzalez,WKSTN-U1026,Slack,PROCESS_START,4.9,888
EP016541,2026-06-17 14:23:00,U1040,matthew.martin,WKSTN-U1040,chrome.exe,PROCESS_START,18.6,647
EP006208,2026-06-17 14:43:00,U1016,patricia.thomas,WKSTN-U1016	,Chrome,PROCESS_START,13.2,236
EP031319,2026-06-17 14:37:00,U1077,kimberly.harris58,WKSTN-U1077,chrome.exe,PROCESS_START,2.7,324
EP007613,2026-06-17 14:20:00,U1019,donna.anderson,WKSTN-U1019,Slack,PROCESS_START,23.4,431
EP030135,2026-06-17 14:41:00,U1074,sarah.williams7,WKSTN-U1074,DocuSign,PROCESS_START,17.0,465
EP009862,2026-06-17 14:39:00,U1024,emily.miller,WKSTN-U1024,Chrome,PROCESS_START,6.7,702
EP040056,2026-06-17 14:39:00,U1097,mark.martinez10,WKSTN-U1097,notepad.exe,PROCESS_START,19.4,669
EP009414,2026-06-17 14:25:00,U1023,richard.wright,WKSTN-U1023,Docker Desktop,PROCESS_START,2.7,366
EP034785,2026-06-17 14:27:00,U1085,barbara.walker67,WKSTN-U1085,Slack,PROCESS_START,19.6,690
EP030132,2026-06-17 14:38:00,U1074,sarah.williams7,WKSTN-U1074,  DocuSign ,PROCESS_START,12.0,656
EP020515,2026-06-17 14:38:00,U1050,michael.ramirez,WKSTN-U1050,notepad.exe,PROCESS_START,6.5,446
EP020928,2026-06-17 15:01:00,U1051,sandra.king72,WKSTN-U1051,chrome.exe,PROCESS_START,25.0,655
EP026939,2026-06-17 15:02:00,U1066,michelle.wright62,WKSTN-U1066,explorer.exe,process_start,23.8,506
EP040822,2026-06-17 15:00:00,U1099,joseph.garcia,WKSTN-U1099,Chrome,PROCESS_START,34.9,762
EP017739,2026-06-17 15:00:00,U1043,thomas.williams91,WKSTN-U1043,teams.exe,PROCESS_START,11.4,755
EP018946,2026-06-17 15:00:00,U1046,michelle.torres39,WKSTN-U1046,Workday	,PROCESS_START,4.0,432
EP039226,2026-06-17 14:58:00,U1095,richard.thomas74,WKSTN-U1095,chrome.exe,PROCESS_START,7.6,585
EP005380,2026-06-17 14:57:00,U1014,james.taylor,WKSTN-U1014,explorer.exe,PROCESS_START,33.5,88
EP016540,2026-06-17 15:11:00,U1040,matthew.martin,WKSTN-U1040,explorer.exe,PROCESS_START,24.3,693
EP010314,2026-06-17 14:45:00,U1025,betty.brown22,WKSTN-U1025,chrome.exe,PROCESS_START,22.5,296
EP028119,2026-06-17 14:52:00,U1069,jessica.clark,WKSTN-U1069	,Chrome,PROCESS_START,3.1,477
EP017738,2026-06-17 14:45:00,U1043,thomas.williams91,WKSTN-U1043,Workday,PROCESS_START,29.1,596
EP018944,2026-06-17 14:48:00,U1046,michelle.torres39,WKSTN-U1046,notepad.exe,PROCESS_START,30.6,883
EP005792,2026-06-17 15:08:00,U1015,lisa.hernandez,WKSTN-U1015,Excel,PROCESS_START,7.9,306
EP014934,2026-06-17 14:57:00,U1036,linda.jones,WKSTN-U1036,Chrome,PROCESS_START,3.6,159
EP033422,2026-06-17 14:45:00,U1082,karen.hill96,WKSTN-U1082,notepad.exe,PROCESS_START,24.9,451
EP034326,2026-06-17 14:46:00,U1084,joshua.taylor,WKSTN-U1084,outlook.exe,PROCESS_START,8.4,507
EP023314,2026-06-17 15:04:00,U1057,nancy.sanchez,WKSTN-U1057,Chrome,PROCESS_START,28.4,310
EP021317,2026-06-17 14:47:00,U1052,paul.taylor,  WKSTN-U1052 ,Salesforce,PROCESS_START,30.1,345
EP030547,2026-06-17 14:44:00,U1075,steven.lewis,WKSTN-U1075,notepad.exe,PROCESS_START,6.1,691
EP020115,2026-06-17 15:04:00,U1049,michelle.jones59,WKSTN-U1049,Chrome,PROCESS_START,10.8,297
EP019351,2026-06-17 14:51:00,U1047,sandra.lewis,WKSTN-U1047,notepad.exe,PROCESS_START,14.8,204
EP026940,2026-06-17 14:46:00,U1066,michelle.wright62,WKSTN-U1066,DocuSign,PROCESS_START,7.3,882
EP040054,2026-06-17 14:44:00,U1097,mark.martinez10,WKSTN-U1097,outlook.exe,PROCESS_START,31.5,220
EP026123,2026-06-17 15:02:00,U1064,matthew.wright55,WKSTN-U1064,Word,PROCESS_START,25.9,237
EP001448,2026-06-17 14:57:00,U1004,elizabeth.wilson98,WKSTN-U1004,SAP,PROCESS_START,17.3,399
EP029734,2026-06-17 15:30:00,U1073,michael.gonzalez,WKSTN-U1073,notepad.exe,PROCESS_START,29.8,699
EP011214,2026-06-17 15:19:00,U1027,patricia.brown75,WKSTN-U1027,VSCode,PROCESS_START,22.0,262
EP007611,2026-06-17 15:13:00,U1019,donna.anderson,WKSTN-U1019,,PROCESS_START,6.0,880
EP010759,2026-06-17 15:11:00,U1026,elizabeth.gonzalez,WKSTN-U1026,Slack,PROCESS_START,27.0,681
EP009864,2026-06-17 15:14:00,U1024,emily.miller,WKSTN-U1024,Chrome,PROCESS_START,30.9,806
EP034786,2026-06-17 15:11:00,U1085,barbara.walker67,WKSTN-U1085,explorer.exe,PROCESS_START,27.8,353
EP004970,2026-06-17 15:11:00,U1013,emily.smith,WKSTN-U1013,notepad.exe,process_start,14.2,179
EP018517,2026-06-17 15:15:00,U1045,daniel.sanchez90,WKSTN-U1045,,PROCESS_START,17.1,891
EP008498,2026-06-17 15:20:00,U1021,jessica.walker,WKSTN-U1021,Docker Desktop,PROCESS_START,14.7,83
EP031721,2026-06-17 15:19:00,U1078,michelle.miller,WKSTN-U1078,Chrome,PROCESS_START,2.0,228
EP024115,2026-06-17 15:32:00,U1059,daniel.perez98,WKSTN-U1059,outlook.exe,PROCESS_START,33.4,596
EP008058,2026-06-17 15:32:00,U1020,andrew.thomas36,WKSTN-U1020,Slack,PROCESS_START,18.1,309
EP004149,2026-06-17 15:14:00,U1011,DONNA.RAMIREZ75,,Outlook,PROCESS_START,27.8,633
EP040053,2026-06-17 15:32:00,U1097,mark.martinez10,WKSTN-U1097,notepad.exe,PROCESS_START,21.3,370
EP025723,2026-06-17 15:30:00,U1063,john.nguyen,WKSTN-U1063,outlook.exe,process_start,23.3,705
EP001843,2026-06-17 15:32:00,U1005,robert.robinson,WKSTN-U1005,Excel,PROCESS_START,12.6,763
EP022536,2026-06-17 15:25:00,U1055,patricia.wilson54,WKSTN-U1055,Excel,PROCESS_START,30.3,746
EP036585,2026-06-17 15:23:00,U1089,paul.brown27,  WKSTN-U1089 ,notepad.exe,PROCESS_START,17.1,704
EP016543,2026-06-17 15:33:00,U1040,,WKSTN-U1040,notepad.exe,PROCESS_START,15.2,529
EP015747,2026-06-17 15:30:00,U1038,emily.clark,WKSTN-U1038,Excel,PROCESS_START,31.9,204
EP037054,2026-06-17 15:20:00,U1090,mary.hill,WKSTN-U1090,Active Directory Console,PROCESS_START,4.7,590
EP024116,2026-06-17 15:20:00,U1059,daniel.perez98,WKSTN-U1059,explorer.exe,PROCESS_START,9.8,783
EP008501,2026-06-17 15:16:00,U1021,jessica.walker,WKSTN-U1021,Jenkins,PROCESS_START,5.1,265
EP037051,2026-06-17 15:12:00,U1090,mary.hill,WKSTN-U1090,teams.exe,PROCESS_START,4.5,365
EP028957,2026-06-17 15:21:00,U1071,matthew.robinson35,WKSTN-U1071,Word,PROCESS_START,29600.0,672
EP032148,2026-06-17 16:10:00,U1079,emily.jones,WKSTN-U1079,Active Directory Console,PROCESS_START,19.2,620
EP039635,2026-06-17 15:35:00,U1096,david.allen76,WKSTN-U1096,explorer.exe,PROCESS_START,16.5,426
EP038813,2026-06-17 16:03:00,U1094,elizabeth.lewis69,WKSTN-U1094,,PROCESS_START,11.1,790
EP038376,2026-06-17 16:15:00,U1093,sarah.clark44,WKSTN-U1093,Active Directory Console,,21.8,669
EP034784,2026-06-17 16:23:00,U1085,barbara.walker67	,WKSTN-U1085,Slack,PROCESS_START,27.2,
EP035234,2026-06-17 16:10:00,U1086,steven.thompson53,WKSTN-U1086,Chrome,PROCESS_START,7.8,258
EP015746,2026-06-17 15:43:00,U1038,emily.clark,WKSTN-U1038,Workday,PROCESS_START,17.7,890
EP002247,2026-06-17 16:05:00,U1006,george.gonzalez,WKSTN-U1006,Excel,PROCESS_START,27.8,232
EP036150,2026-06-17 15:35:00,U1088,andrew.smith85,WKSTN-U1088,Wireshark,PROCESS_START,30.5,344
EP001841,2026-06-17 16:09:00,U1005,robert.robinson,WKSTN-U1005,SAP,PROCESS_START,15.4,280
EP038812,2026-06-17 15:38:00,U1094,elizabeth.lewis69,WKSTN-U1094,teams.exe,PROCESS_START,27.8,277
EP002248,2026-06-17 15:48:00,U1006,george.gonzalez,WKSTN-U1006,QuickBooks,PROCESS_START,11.9,479
EP039637,2026-06-17 15:34:00,U1096,david.allen76,WKSTN-U1096,outlook.exe,PROCESS_START,2.8,161
EP029360,2026-06-17 15:40:00,U1072,kenneth.lopez,WKSTN-U1072,explorer.exe,PROCESS_START,18.8,237
EP018129,2026-06-17 15:55:00,U1044,lisa.ramirez9,WKSTN-U1044,chrome.exe,PROCESS_START,10.4,176
EP016929,2026-06-17 16:00:00,U1041,matthew.allen52,WKSTN-U1041,Workday,PROCESS_START,6.5,856
EP035237,2026-06-17 15:56:00,U1086,steven.thompson53,WKSTN-U1086,explorer.exe,PROCESS_START,12.1,290
EP022125,2026-06-17 16:11:00,U1054,anthony.martinez,WKSTN-U1054,outlook.exe,PROCESS_START,32.4,780
EP014551,2026-06-17 16:28:00,U1035,nancy.rodriguez82,WKSTN-U1035,Outlook,PROCESS_START,8.2,534
EP041193,2026-06-17 15:40:00,U1100,daniel.brown38,WKSTN-U1100,outlook,PROCESS_START,13.6,892
EP027697,2026-06-17 15:38:00,U1068,susan.thompson34,WKSTN-U1068,Chrome,PROCESS_START,34.5,363
EP023717,2026-06-17 16:01:00,U1058,jennifer.ramirez18,WKSTN-U1058,outlook.exe,PROCESS_START,1.2,116
EP016930,2026-06-17 16:01:00,U1041,matthew.allen52,WKSTN-U1041,teams.exe,PROCESS_START,6.2,657
EP022538,2026-06-17 16:12:00,U1055,patricia.wilson54,WKSTN-U1055,explorer.exe,PROCESS_START,32.3,248
EP020118,2026-06-17 15:47:00,U1049,michelle.jones59,WKSTN-U1049,Salesforce,PROCESS_START,31.2,388
EP037050,2026-06-17 16:54:00,U1090,mary.hill,WKSTN-U1090,explorer.exe,PROCESS_START,1.4,257
EP012100,2026-06-17 17:00:00,U1029,michelle.garcia54,WKSTN-U1029,chrome.exe,PROCESS_START,9.5,586
EP001051,2026-06-17 17:15:00,U1003,kenneth.clark29,WKSTN-U1003,Outlook,PROCESS_START,26.4,696
EP038815,2026-06-17 17:06:00,U1094,elizabeth.lewis69,WKSTN-U1094,Terminal,PROCESS_START,13.0,861
EP039634,2026-06-17 16:42:00,U1096,DAVID.ALLEN76,,PowerPoint,PROCESS_START,33.4,857
EP034327,2026-06-17 16:47:00,U1084,joshua.taylor,WKSTN-U1084,notepad.exe,PROCESS_START,25.6,523
EP003003,2026-06-17 16:29:00,U1008,joshua.hernandez,WKSTN-U1008,Outlook,PROCESS_START,8.1,813
EP029735,2026-06-17 17:01:00,U1073,michael.gonzalez,WKSTN-U1073	,  Word ,PROCESS_START,5.4,629
EP001842,2026-06-17 17:09:00,U1005,robert.robinson,WKSTN-U1005,Outlook,PROCESS_START,22.8,-286.0
EP034787,2026-06-17 17:15:00,U1085,barbara.walker67,WKSTN-U1085,Slack,PROCESS_START,17.6,893
EP033424,2026-06-17 16:42:00,U1082,karen.hill96,WKSTN-U1082,Active Directory Console,PROCESS_START,3.8,330
EP037943,2026-06-17 17:10:00,U1092,,WKSTN-U1092,Chrome,PROCESS_START,13.7,82
EP037939,2026-06-17 16:55:00,U1092,steven.thomas,WKSTN-U1092,Chrome,PROCESS_START,4.3,584
EP030134,2026-06-17 16:30:00,U1074,sarah.williams7,WKSTN-U1074,outlook.exe,PROCESS_START,3.3,830
EP000632,2026-06-17 16:33:00,U1002,donna.ramirez,WKSTN-U1002,SAP,PROCESS_START,9.5,547
EP018130,2026-06-17 17:03:00,U1044,lisa.ramirez9,WKSTN-U1044,Chrome,PROCESS_START,17.5,864
EP005790,2026-06-17 17:29:00,U1015,lisa.hernandez,WKSTN-U1015,explorer.exe,PROCESS_START,3.0,533
EP000220,2026-06-17 16:42:00,U1001,linda.johnson95,WKSTN-U1001,teams.exe,PROCESS_START,24.1,201
EP021314,2026-06-17 16:35:00,U1052,paul.taylor,WKSTN-U1052,Zoom,PROCESS_START,4.3,208
EP022123,2026-06-17 16:51:00,U1054,anthony.martinez,WKSTN-U1054,Outlook,PROCESS_START,24.8,711
EP036582,2026-06-17 17:21:00,U1089,paul.brown27,WKSTN-U1089,chrome.exe,PROCESS_START,23.5,683
EP035660,2026-06-17 16:51:00,U1087,CHARLES.SANCHEZ,WKSTN-U1087,Active Directory Console,PROCESS_START,8.4,268
EP039636,2026-06-17 16:58:00,U1096,david.allen76,WKSTN-U1096,chrome.exe,PROCESS_START,22.3,109
EP037940,2026-06-17 17:12:00,U1092,steven.thomas,WKSTN-U1092,outlook.exe,PROCESS_START,5.6,N/A
EP028541,2026-06-17 17:27:00,U1070,betty.thomas40,WKSTN-U1070,explorer.exe,PROCESS_START,7.4,704
EP013782,2026-06-18 07:35:00,U1033,linda.miller,WKSTN-U1033,teams.exe,,10.2,727
EP033005,2026-06-17 17:36:00,U1081,margaret.davis,WKSTN-U1081,outlook.exe,PROCESS_START,4.7,693
EP034804,2026-06-18 08:01:00,U1085,barbara.walker67,WKSTN-U1085,Active Directory Console,PROCESS_START,27.3,872
EP028559,2026-06-18 08:14:00,U1070,betty.thomas40,WKSTN-U1070,Chrome,PROCESS_START,3.8,241
EP007159,2026-06-17 17:31:00,U1018,betty.white57,WKSTN-U1018,notepad.exe,PROCESS_START,1.4,81
EP021335,2026-06-18 07:31:00,U1052,paul.taylor,WKSTN-U1052,chrome.exe,PROCESS_START,33.7,660
EP021725,2026-06-18 07:57:00,U1053,john.jackson31,WKSTN-U1053,Outlook,PROCESS_START,27.6,701
EP010774,2026-06-18 08:04:00,U1026,elizabeth.gonzalez,WKSTN-U1026,chrome.exe,PROCESS_START,3.5,806
EP026536,2026-06-18 08:01:00,U1065,michael.ramirez47,WKSTN-U1065,outlook.exe,PROCESS_START,19.9,869
EP030156,2026-06-18 07:30:00,U1074,sarah.williams7,WKSTN-U1074,outlook.exe,PROCESS_START,26.4,205
EP010775,2026-06-18 07:55:00,U1026,elizabeth.gonzalez,WKSTN-U1026	,VSCode,PROCESS_START,29.6,855
EP021337,2026-06-18 07:35:00,U1052,paul.taylor,WKSTN-U1052,outlook.exe,PROCESS_START,20.7,651
EP019370,2026-06-18 08:01:00,U1047,sandra.lewis,WKSTN-U1047,  Salesforce ,PROCESS_START,5.4,792
EP040073,2026-06-18 07:26:00,U1097,mark.martinez10,WKSTN-U1097,PowerPoint,PROCESS_START,30.0,791
EP001860,2026-06-18 07:25:00,U1005,robert.robinson,WKSTN-U1005,QuickBooks,PROCESS_START,13.9,886
EP001859,2026-06-18 07:26:00,U1005,robert.robinson,WKSTN-U1005	,QuickBooks,PROCESS_START,29.7,183
EP028540,2026-06-17 17:34:00,U1070,betty.thomas40,WKSTN-U1070,Word,PROCESS_START,6.5,406
EP028117,2026-06-17 17:55:00,U1069,,WKSTN-U1069,Outlook,PROCESS_START,15.7,501
EP018128,2026-06-17 17:56:00,U1044,lisa.ramirez9,WKSTN-U1044,teams.exe,PROCESS_START,33.6,380
EP030133,2026-06-17 17:53:00,U1074,sarah.williams7,WKSTN-U1074,chrome.exe,PROCESS_START,21.3,305
EP021727,2026-06-18 07:41:00,U1053,john.jackson31,WKSTN-U1053,Outlook,PROCESS_START,5.9,220
EP001052,2026-06-17 17:45:00,U1003,kenneth.clark29,WKSTN-U1003,SAP,PROCESS_START,22.6,727
EP033425,2026-06-17 17:50:00,U1082,karen.hill96,WKSTN-U1082,chrome.exe,PROCESS_START,21.0,537
EP033444,2026-06-18 07:16:00,U1082,karen.hill96,WKSTN-U1082,notepad.exe,PROCESS_START,7.7,88
EP007161,2026-06-17 17:36:00,U1018,betty.white57,WKSTN-U1018,CHROME,PROCESS_START,16.9,574
EP030948,2026-06-18 08:40:00,U1076,john.torres,WKSTN-U1076,Chrome,PROCESS_START,22.9,466
EP034352,2026-06-18 08:56:00,U1084,joshua.taylor,WKSTN-U1084,explorer.exe,PROCESS_START,4.0,380
EP011691,2026-06-18 08:54:00,U1028,john.hill,WKSTN-U1028,outlook.exe,PROCESS_START,33.5,87
EP021723,2026-06-18 08:59:00,U1053,john.jackson31,WKSTN-U1053,outlook.exe,PROCESS_START,16.6,525
EP040453,2026-06-18 08:21:00,U1098,NANCY.WRIGHT49,WKSTN-U1098,outlook.exe,PROCESS_START,12.5,191
EP001470,2026-06-18 08:48:00,U1004,elizabeth.wilson98,,chrome.exe,PROCESS_START,4.8,219
EP011690,2026-06-18 08:48:00,U1028,john.hill,WKSTN-U1028,teams.exe,PROCESS_START,,453
EP019764,2026-06-18 08:22:00,U1048,jennifer.thomas87,WKSTN-U1048,Salesforce,PROCESS_START,3.6,457
EP030949,2026-06-18 08:35:00,U1076,john.torres,WKSTN-U1076,DocuSign,PROCESS_START,13.1,748
EP002265,2026-06-18 08:19:00,U1006,george.gonzalez,WKSTN-U1006,teams.exe,PROCESS_START,3.5,688
EP026535,2026-06-18 08:32:00,U1065,michael.ramirez47,WKSTN-U1065,explorer.exe,PROCESS_START,33.0,
EP023736,2026-06-18 08:42:00,U1058,jennifer.ramirez18,WKSTN-U1058,Zoom,PROCESS_START,11.9,121
EP039247,2026-06-18 08:25:00,U1095,richard.thomas74,WKSTN-U1095,explorer.exe,PROCESS_START,1.2,795
EP013394,2026-06-18 08:54:00,U1032,paul.wright91,WKSTN-U1032,notepad.exe,PROCESS_START,26.1,243
EP020536,2026-06-18 08:39:00,U1050,michael.ramirez,WKSTN-U1050,Chrome,PROCESS_START,15.1,118
EP034803,2026-06-18 08:36:00,U1085,barbara.walker67,WKSTN-U1085,explorer.exe,PROCESS_START,18.2,641
EP008079,2026-06-18 08:33:00,U1020,  andrew.thomas36 ,,Docker Desktop,process_start,25.1,748
EP006229,2026-06-18 08:22:00,U1016,patricia.thomas,WKSTN-U1016,Jenkins,PROCESS_START,10.4,457
EP016152,2026-06-18 09:00:00,U1039,mark.thomas,WKSTN-U1039,Chrome,PROCESS_START,5.6,184
EP041209,2026-06-18 08:46:00,U1100,daniel.brown38,WKSTN-U1100,Excel,PROCESS_START,32.2,146
EP012118,2026-06-18 08:52:00,U1029,michelle.garcia54,WKSTN-U1029,VSCode,PROCESS_START,19.7,104
EP012121,2026-06-18 08:53:00,U1029,michelle.garcia54,  WKSTN-U1029 ,Jenkins,PROCESS_START,29.9,387
EP028973,2026-06-18 08:27:00,U1071,matthew.robinson35,WKSTN-U1071,Chrome,PROCESS_START,25.0,190
EP002263,2026-06-18 08:25:00,U1006,george.gonzalez,WKSTN-U1006,quickbooks,PROCESS_START,13.8,106
EP018532,2026-06-18 08:32:00,U1045,daniel.sanchez90,WKSTN-U1045,Workday,PROCESS_START,29.8,N/A
EP005401,2026-06-18 09:12:00,U1014,james.taylor	,WKSTN-U1014,outlook.exe,PROCESS_START,30.3,243
EP018535,2026-06-18 09:15:00,U1045,daniel.sanchez90,WKSTN-U1045,  Excel ,PROCESS_START,14.0,384
EP031739,2026-06-18 09:07:00,U1078,michelle.miller,WKSTN-U1078,notepad.exe,PROCESS_START,9.2,877
EP037069,2026-06-18 09:23:00,U1090,mary.hill,WKSTN-U1090,explorer.exe,PROCESS_START,25.8,603
EP004564,2026-06-18 09:04:00,U1012,linda.martinez,WKSTN-U1012,Chrome,PROCESS_START,16.7,554
EP003020,2026-06-18 09:24:00,U1008,joshua.hernandez,WKSTN-U1008,notepad.exe,PROCESS_START,16.9,551
EP019368,2026-06-18 09:22:00,U1047,sandra.lewis,WKSTN-U1047,Chrome,PROCESS_START,18.0,715
EP020137,2026-06-18 09:24:00,U1049,michelle.jones59,  WKSTN-U1049 ,Excel,PROCESS_START,28.4,709
EP041210,2026-06-18 09:02:00,U1100,  daniel.brown38 ,WKSTN-U1100,outlook.exe,PROCESS_START,,340
EP035681,2026-06-18 09:20:00,U1087,charles.sanchez,WKSTN-U1087,chrome.exe,PROCESS_START,8.1,222
EP011235,2026-06-18 09:24:00,U1027,patricia.brown75,WKSTN-U1027,  Docker Desktop ,PROCESS_START,32.3,894
EP001072,2026-06-18 09:01:00,U1003,kenneth.clark29,WKSTN-U1003,notepad.exe,PROCESS_START,,630
EP028556,2026-06-18 09:23:00,U1070,betty.thomas40,WKSTN-U1070,explorer.exe,PROCESS_START,4.3,552
EP038393,2026-06-18 09:23:00,U1093,sarah.clark44,WKSTN-U1093,teams.exe,PROCESS_START,16.0,542
EP016148,2026-06-18 09:25:00,U1039,mark.thomas,WKSTN-U1039,chrome.exe,PROCESS_START,7.3,
EP011236,2026-06-18 09:25:00,U1027,patricia.brown75,WKSTN-U1027,Git,PROCESS_START,31.4,638
EP008522,2026-06-18 09:22:00,U1021,jessica.walker,WKSTN-U1021	,outlook.exe,PROCESS_START,9.4,667
EP007180,2026-06-18 09:26:00,U1018,betty.white57,,Docker Desktop,PROCESS_START,28.7,197
EP012120,2026-06-18 09:05:00,U1029,michelle.garcia54	,WKSTN-U1029,Git,PROCESS_START,14.5,223
EP030951,2026-06-18 09:01:00,U1076,john.torres,  WKSTN-U1076 ,notepad.exe,PROCESS_START,2.3,676
EP017357,2026-06-18 09:21:00,U1042,michael.hill56,  WKSTN-U1042 ,Workday,PROCESS_START,13.8,372
EP013779,2026-06-18 09:10:00,U1033,linda.miller,WKSTN-U1033,explorer.exe,PROCESS_START,7.0,656
EP035250,2026-06-18 09:13:00,U1086,steven.thompson53,WKSTN-U1086,Terminal,PROCESS_START,-31.5,336
EP004166,2026-06-18 09:25:00,U1011,donna.ramirez75,WKSTN-U1011,outlook.exe,PROCESS_START,17.6,782
EP029380,2026-06-18 09:01:00,U1072,kenneth.lopez,WKSTN-U1072,DocuSign,PROCESS_START,31.8,707
EP009433,2026-06-18 09:51:00,U1023,richard.wright,WKSTN-U1023,Chrome,PROCESS_START,29.2,307
EP040074,2026-06-18 09:48:00,U1097,mark.martinez10,,Zoom,PROCESS_START,28.9,401
EP019766,2026-06-18 09:41:00,U1048,jennifer.thomas87,WKSTN-U1048,Zoom,PROCESS_START,34.5,582
EP002655,2026-06-18 09:56:00,U1007,sarah.robinson82,WKSTN-U1007,explorer.exe,PROCESS_START,15.3,231
EP033025,2026-06-18 09:51:00,U1081,margaret.davis,WKSTN-U1081,Slack,PROCESS_START,,217
EP013781,2026-06-18 09:27:00,U1033,linda.miller,WKSTN-U1033,  chrome.exe ,PROCESS_START,30.3,152
EP011234,2026-06-18 09:58:00,U1027,patricia.brown75,,Slack,PROCESS_START,1.1,866
EP014168,2026-06-18 09:56:00,U1034,thomas.allen63,WKSTN-U1034,notepad.exe,PROCESS_START,31.5,321
EP001862,2026-06-18 09:51:00,U1005,robert.robinson,WKSTN-U1005,chrome.exe,PROCESS_START,9.2,461
EP038831,2026-06-18 09:54:00,U1094,elizabeth.lewis69,WKSTN-U1094,notepad.exe,PROCESS_START,22.3,382
EP018146,2026-06-18 09:49:00,U1044,lisa.ramirez9,WKSTN-U1044,  chrome.exe ,PROCESS_START,32.6,604
EP035682,2026-06-18 09:57:00,U1087,charles.sanchez,WKSTN-U1087,TERMINAL,PROCESS_START,12.1,893
EP021726,2026-06-18 09:50:00,U1053,john.jackson31,WKSTN-U1053,teams.exe,,1.2,846
EP040454,2026-06-18 09:32:00,U1098,nancy.wright49,WKSTN-U1098,Outlook,PROCESS_START,20.3,659
EP039246,2026-06-18 09:51:00,U1095,richard.thomas74,WKSTN-U1095,teams.exe,PROCESS_START,10.4,
EP016558,2026-06-18 09:29:00,U1040,matthew.martin,WKSTN-U1040,Outlook,PROCESS_START,27.6,149
EP026136,2026-06-18 09:54:00,U1064,matthew.wright55,WKSTN-U1064,chrome.exe,PROCESS_START,11.4,
EP037501,2026-06-18 09:38:00,U1091,linda.robinson	,WKSTN-U1091,outlook.exe,PROCESS_START,4.9,140
EP013780,2026-06-18 09:44:00,U1033,linda.miller,WKSTN-U1033,explorer.exe,PROCESS_START,17.2,134
EP012970,2026-06-18 09:36:00,U1031,john.wright28,WKSTN-U1031,outlook.exe,PROCESS_START,31.4,737
EP031339,2026-06-18 09:51:00,U1077,kimberly.harris58,WKSTN-U1077,notepad.exe,PROCESS_START,31.4,740
EP022939,2026-06-18 09:30:00,U1056,anthony.clark,WKSTN-U1056,Salesforce,PROCESS_START,21.1,489
EP012971,2026-06-18 09:33:00,U1031,john.wright28,WKSTN-U1031,notepad.exe,PROCESS_START,22.5,462
EP004996,2026-06-18 09:27:00,U1013,emily.smith,WKSTN-U1013,explorer.exe,PROCESS_START,5.3,269
EP021724,2026-06-18 10:00:00,U1053,john.jackson31,WKSTN-U1053,explorer.exe,PROCESS_START,5.1,657
EP024959,2026-06-18 10:18:00,U1061,,WKSTN-U1061,outlook.exe,PROCESS_START,27.1,332
EP026959,2026-06-18 10:03:00,U1066,michelle.wright62,WKSTN-U1066,Word,PROCESS_START,,596
EP016560,2026-06-18 10:13:00,U1040,matthew.martin,WKSTN-U1040,notepad.exe,PROCESS_START,8.3,679
EP018533,2026-06-18 10:02:00,U1045,daniel.sanchez90,WKSTN-U1045,TEAMS.EXE,PROCESS_START,24.1,533
EP023328,2026-06-18 10:24:00,U1057,nancy.sanchez,WKSTN-U1057,Salesforce,PROCESS_START,29.6,454
EP018534,2026-06-18 10:05:00,U1045,daniel.sanchez90,WKSTN-U1045,Excel,PROCESS_START,3.2,663
EP003798,2026-06-18 10:05:00,U1010,susan.young51	,WKSTN-U1010,Chrome,,7.0,867
EP033443,2026-06-18 10:12:00,U1082,karen.hill96,WKSTN-U1082,chrome.exe,PROCESS_START,25.9,525
EP026531,2026-06-18 10:05:00,U1065,michael.ramirez47,WKSTN-U1065,DocuSign,PROCESS_START,3.7,189
EP004991,2026-06-18 10:07:00,U1013,emily.smith,WKSTN-U1013,QuickBooks,PROCESS_START,4.3,317
EP037960,2026-06-18 10:17:00,U1092,steven.thomas,WKSTN-U1092,Chrome,,18.0,409
EP006231,2026-06-18 10:04:00,U1016,patricia.thomas,WKSTN-U1016,Slack,PROCESS_START,23.3,715
EP037070,2026-06-18 10:25:00,U1090,mary.hill,WKSTN-U1090,Terminal,PROCESS_START,19.4,667
EP030564,2026-06-18 10:23:00,U1075,steven.lewis,WKSTN-U1075,notepad.exe,PROCESS_START,8.4,790
EP024532,2026-06-18 10:20:00,U1060,matthew.anderson,WKSTN-U1060,notepad.exe,PROCESS_START,22.4,513
EP016948,2026-06-18 10:22:00,U1041,matthew.allen52,WKSTN-U1041	,chrome.exe,PROCESS_START,24.0,817
EP012122,2026-06-18 10:20:00,U1029,michelle.garcia54,WKSTN-U1029,Chrome,PROCESS_START,34.5,565
EP035683,2026-06-18 10:06:00,U1087,charles.sanchez,WKSTN-U1087,chrome.exe,PROCESS_START,17.9,
EP004994,2026-06-18 10:10:00,U1013,emily.smith,WKSTN-U1013	,notepad.exe,PROCESS_START,8.4,250
EP016149,2026-06-18 10:07:00,U1039,mark.thomas,,Chrome,PROCESS_START,20.8,264
EP041208,2026-06-18 10:18:00,U1100,daniel.brown38,WKSTN-U1100,Zoom,PROCESS_START,34.9,142
EP040072,2026-06-18 10:06:00,U1097,mark.martinez10,WKSTN-U1097,notepad.exe,PROCESS_START,23.1,809
EP016947,2026-06-18 10:01:00,U1041,matthew.allen52,WKSTN-U1041,chrome.exe,PROCESS_START,13.1,601
EP006716,2026-06-18 10:08:00,U1017,emily.hernandez34,WKSTN-U1017,VSCode,PROCESS_START,11.6,696
EP030561,2026-06-18 10:25:00,U1075,steven.lewis,WKSTN-U1075,teams.exe,PROCESS_START,31.9,147
EP037503,2026-06-18 10:44:00,U1091,linda.robinson,  WKSTN-U1091 ,teams.exe,PROCESS_START,23.8,336
EP021722,2026-06-18 10:32:00,U1053,john.jackson31,WKSTN-U1053,Chrome,PROCESS_START,20.1,531
EP007634,2026-06-18 10:35:00,U1019,  donna.anderson ,WKSTN-U1019,Jenkins,PROCESS_START,7.5,600
EP032167,2026-06-18 10:44:00,U1079,emily.jones,WKSTN-U1079,PuTTY,PROCESS_START,14000.0,562
EP025746,2026-06-18 10:51:00,U1063,john.nguyen,WKSTN-U1063,,PROCESS_START,23.7,98
EP020138,2026-06-18 10:25:00,U1049,michelle.jones59,WKSTN-U1049,Zoom,PROCESS_START,4.6,443
EP014165,2026-06-18 10:30:00,U1034,thomas.allen63,WKSTN-U1034,outlook.exe,PROCESS_START,2.9,766
EP005398,2026-06-18 10:26:00,U1014,james.taylor,WKSTN-U1014,Excel,PROCESS_START,24.8,304
EP018143,2026-06-18 10:32:00,U1044,lisa.ramirez9,WKSTN-U1044,explorer.exe,PROCESS_START,28.0,88
EP001073,2026-06-18 10:38:00,U1003,kenneth.clark29,WKSTN-U1003,Outlook,PROCESS_START,19.6,848
EP036170,2026-06-18 10:42:00,U1088,andrew.smith85,WKSTN-U1088,Terminal,PROCESS_START,29.7,355
EP011693,2026-06-18 10:27:00,U1028,john.hill,WKSTN-U1028,Slack,PROCESS_START,33.7,451
EP026138,2026-06-18 10:43:00,U1064,MATTHEW.WRIGHT55,WKSTN-U1064,Outlook,PROCESS_START,,321
EP028972,2026-06-18 10:45:00,U1071,matthew.robinson35,WKSTN-U1071,chrome.exe	,PROCESS_START,6.4,741
EP033895,2026-06-18 10:45:00,U1083,sarah.allen70,WKSTN-U1083,teams.exe,PROCESS_START,9.1,733
EP024128,2026-06-18 10:39:00,U1059,daniel.perez98,,explorer.exe,PROCESS_START,10.9,859
EP016561,2026-06-18 10:52:00,U1040,,WKSTN-U1040,  notepad.exe ,PROCESS_START,1.1,432
EP032166,2026-06-18 10:46:00,U1079,emily.jones,WKSTN-U1079,,PROCESS_START,18.0,532
EP038394,2026-06-18 10:27:00,U1093,sarah.clark44,WKSTN-U1093,,PROCESS_START,2.4,242
EP019765,2026-06-18 10:47:00,U1048,jennifer.thomas87,WKSTN-U1048,,PROCESS_START,16.6,145
EP039244,2026-06-18 10:50:00,U1095,richard.thomas74,WKSTN-U1095,outlook.exe,PROCESS_START,16.8,878
EP030952,2026-06-18 10:39:00,U1076,john.torres,,Outlook,PROCESS_START,12.0,713
EP031738,2026-06-18 10:46:00,U1078,michelle.miller	,WKSTN-U1078,Chrome	,PROCESS_START,17.3,585
EP029753,2026-06-18 10:31:00,U1073,michael.gonzalez,WKSTN-U1073,Chrome,PROCESS_START,5.6,566
EP032170,2026-06-18 10:45:00,U1079,emily.jones,WKSTN-U1079,Chrome,PROCESS_START,17.3,501
EP001466,2026-06-18 10:52:00,U1004,elizabeth.wilson98,WKSTN-U1004,teams.exe,PROCESS_START,7.3,769
EP023738,2026-06-18 11:09:00,U1058,jennifer.ramirez18,WKSTN-U1058,Excel,PROCESS_START,8.2,453
EP019367,2026-06-18 10:58:00,U1047,sandra.lewis,,Salesforce,PROCESS_START,22.2,817
EP013392,2026-06-18 10:54:00,U1032,paul.wright91,WKSTN-U1032,notepad.exe,PROCESS_START,11.4,790
EP004560,2026-06-18 11:04:00,U1012,linda.martinez,WKSTN-U1012,QuickBooks,PROCESS_START,14.4,
EP006234,2026-06-18 10:59:00,U1016,PATRICIA.THOMAS,WKSTN-U1016,teams.exe,PROCESS_START,19.3,222
EP003797,2026-06-18 11:11:00,U1010,susan.young51,WKSTN-U1010,Excel,PROCESS_START,31.0,224
EP034353,2026-06-18 11:00:00,U1084,JOSHUA.TAYLOR,WKSTN-U1084,teams.exe,PROCESS_START,20.6,112
EP000235,2026-06-18 11:07:00,U1001,linda.johnson95,WKSTN-U1001,explorer.exe,PROCESS_START,24.5,500
EP001468,2026-06-18 10:59:00,U1004,elizabeth.wilson98,WKSTN-U1004,explorer.exe,PROCESS_START,8.3,313
EP023329,2026-06-18 10:57:00,U1057,nancy.sanchez,WKSTN-U1057,Excel,PROCESS_START,9.6,424
EP005811,2026-06-18 10:59:00,U1015,lisa.hernandez,WKSTN-U1015,explorer.exe,PROCESS_START,25.8,369
EP022141,2026-06-18 10:56:00,U1054,anthony.martinez,WKSTN-U1054,notepad.exe,PROCESS_START,21.2,356
EP009432,2026-06-18 11:02:00,U1023,richard.wright,WKSTN-U1023,VSCode,PROCESS_START,32.7,180
EP026532,2026-06-18 11:06:00,U1065,michael.ramirez47,WKSTN-U1065,chrome.exe,PROCESS_START,5.7,712
EP008080,2026-06-18 11:10:00,U1020,andrew.thomas36,WKSTN-U1020,Jenkins,PROCESS_START,8.7,466
EP016563,2026-06-18 11:09:00,U1040,matthew.martin,WKSTN-U1040,notepad.exe	,PROCESS_START,6.0,666
EP020941,2026-06-18 10:56:00,U1051,sandra.king72,WKSTN-U1051,Chrome,PROCESS_START,11.7,851
EP040450,2026-06-18 11:04:00,U1098,nancy.wright49,WKSTN-U1098,notepad.exe,PROCESS_START,34.6,763
EP022553,2026-06-18 11:08:00,U1055,PATRICIA.WILSON54,WKSTN-U1055,,PROCESS_START,20.3,80
EP038834,2026-06-18 11:00:00,U1094,elizabeth.lewis69,WKSTN-U1094,Chrome,PROCESS_START,,353
EP023327,2026-06-18 10:56:00,U1057,nancy.sanchez,WKSTN-U1057,explorer.exe,PROCESS_START,32.3,523
EP013395,2026-06-18 11:02:00,U1032,paul.wright91,WKSTN-U1032,Excel,PROCESS_START,24.9,603
EP020537,2026-06-18 10:53:00,U1050,michael.ramirez,WKSTN-U1050,Outlook,PROCESS_START,21.6,535
EP035252,2026-06-18 11:05:00,U1086,steven.thompson53,WKSTN-U1086,chrome.exe	,PROCESS_START,3.3,570
EP036601,2026-06-18 11:19:00,U1089,paul.brown27,WKSTN-U1089,PuTTY,PROCESS_START,2.0,738
EP006233,2026-06-18 11:18:00,U1016,patricia.thomas,WKSTN-U1016,Jenkins,PROCESS_START,32.7,164
EP029751,2026-06-18 11:18:00,U1073,MICHAEL.GONZALEZ,WKSTN-U1073,Outlook,PROCESS_START,32.4,136
EP037504,2026-06-18 11:43:00,U1091,linda.robinson,WKSTN-U1091,Chrome,PROCESS_START,1.1,453
EP038392,2026-06-18 11:35:00,U1093,sarah.clark44,WKSTN-U1093,  chrome.exe ,PROCESS_START,23.9,151
EP032169,2026-06-18 11:39:00,U1079,emily.jones,WKSTN-U1079,,PROCESS_START,19.5,693
EP033026,2026-06-18 11:35:00,U1081,margaret.davis,WKSTN-U1081,Terminal,PROCESS_START,33.6,465
EP018969,2026-06-18 11:39:00,U1046,michelle.torres39,WKSTN-U1046,explorer.exe,PROCESS_START,,182
EP009885,2026-06-18 11:32:00,U1024,emily.miller,WKSTN-U1024,  VSCode ,PROCESS_START,7.5,780
EP037071,2026-06-18 11:40:00,U1090,mary.hill,WKSTN-U1090,teams.exe,PROCESS_START,18.0,251
EP022552,2026-06-18 11:46:00,U1055,,,Chrome,PROCESS_START,35.0,120
EP036604,2026-06-18 11:15:00,U1089,paul.brown27,WKSTN-U1089,Active Directory Console,PROCESS_START,18.4,562
EP014570,2026-06-18 11:24:00,U1035,nancy.rodriguez82,WKSTN-U1035,teams.exe,PROCESS_START,5.6,277
EP030155,2026-06-18 11:12:00,U1074,sarah.williams7	,WKSTN-U1074,chrome.exe,PROCESS_START,8.5,173
EP014569,2026-06-18 11:18:00,U1035,nancy.rodriguez82,WKSTN-U1035,Outlook,PROCESS_START,18.3,
EP008078,2026-06-18 11:28:00,U1020,andrew.thomas36,WKSTN-U1020,explorer.exe,PROCESS_START,12.8,800
EP001469,2026-06-18 11:13:00,U1004,elizabeth.wilson98,WKSTN-U1004,Excel,PROCESS_START,26.9,401
EP024960,2026-06-18 11:26:00,U1061,jessica.rodriguez,WKSTN-U1061,explorer.exe	,PROCESS_START,12.9,647
EP002654,2026-06-18 11:28:00,U1007,sarah.robinson82,WKSTN-U1007,Chrome,PROCESS_START,12.6,200
EP000238,2026-06-18 11:36:00,U1001,linda.johnson95,WKSTN-U1001,outlook.exe,process_start,12.1,758
EP025344,2026-06-18 11:27:00,U1062,william.martin,WKSTN-U1062,Excel,PROCESS_START,25.6,740
EP028557,2026-06-18 11:13:00,U1070,betty.thomas40,WKSTN-U1070,explorer.exe,PROCESS_START,33.5,476
EP040455,2026-06-18 11:18:00,U1098,nancy.wright49,WKSTN-U1098,PowerPoint,PROCESS_START,12.4,709
EP035680,2026-06-18 11:21:00,U1087,charles.sanchez,WKSTN-U1087,PuTTY,PROCESS_START,28.8,294
EP021336,2026-06-18 11:16:00,U1052,paul.taylor,WKSTN-U1052,Excel,PROCESS_START,6.6,183
EP011692,2026-06-18 12:12:00,U1028,john.hill,WKSTN-U1028,,PROCESS_START,24.5,439
EP006230,2026-06-18 12:06:00,U1016,patricia.thomas,WKSTN-U1016,VSCode,PROCESS_START,9.1,861
EP017358,2026-06-18 11:58:00,U1042,michael.hill56,WKSTN-U1042,explorer.exe,PROCESS_START,6.2,147
EP035684,2026-06-18 12:03:00,U1087,charles.sanchez,WKSTN-U1087,notepad.exe,PROCESS_START,15.1,150
EP031338,2026-06-18 11:56:00,U1077,kimberly.harris58,WKSTN-U1077,Word,PROCESS_START,1.8,155
EP028560,2026-06-18 11:46:00,U1070,betty.thomas40	,WKSTN-U1070,Chrome,PROCESS_START,23.9,717
EP020939,2026-06-18 12:06:00,U1051,sandra.king72,WKSTN-U1051,notepad.exe,PROCESS_START,16.5,402
EP025346,2026-06-18 12:16:00,U1062,WILLIAM.MARTIN,WKSTN-U1062,teams.exe,PROCESS_START,33.6,495
EP019366,2026-06-18 12:03:00,U1047,sandra.lewis,WKSTN-U1047,notepad.exe,PROCESS_START,23.6,807
EP014953,2026-06-18 11:50:00,U1036,linda.jones,WKSTN-U1036,Excel,PROCESS_START,,298
EP015763,2026-06-18 12:16:00,U1038,emily.clark,WKSTN-U1038,Workday,PROCESS_START,14.8,153
EP020535,2026-06-18 12:16:00,U1050,michael.ramirez,WKSTN-U1050,teams.exe,PROCESS_START,27.3,151
EP008521,2026-06-18 11:55:00,U1021,jessica.walker,WKSTN-U1021,outlook.exe,PROCESS_START,32.7,250
EP028555,2026-06-18 12:07:00,U1070,betty.thomas40,WKSTN-U1070,DocuSign,process_start,6.0,205
EP037961,2026-06-18 12:03:00,U1092,steven.thomas,WKSTN-U1092,notepad.exe,PROCESS_START,9.7,822
EP035251,2026-06-18 12:05:00,U1086,steven.thompson53,WKSTN-U1086,explorer.exe,PROCESS_START,29.4,483
EP009884,2026-06-18 12:12:00,U1024,emily.miller,WKSTN-U1024,Docker Desktop,PROCESS_START,20.8,366
EP025743,2026-06-18 11:51:00,U1063,john.nguyen,WKSTN-U1063,notepad.exe,PROCESS_START,11.4,650
EP014572,2026-06-18 11:53:00,U1035,nancy.rodriguez82,WKSTN-U1035,notepad.exe,PROCESS_START,9.7,628
EP014955,2026-06-18 11:58:00,U1036,linda.jones,WKSTN-U1036,notepad.exe,PROCESS_START,10.5,887
EP001471,2026-06-18 11:58:00,U1004,elizabeth.wilson98,WKSTN-U1004,notepad.exe,PROCESS_START,25.0,650
EP033024,2026-06-18 12:05:00,U1081,margaret.davis,WKSTN-U1081,Terminal,PROCESS_START,28.0,113
EP004992,2026-06-18 11:53:00,U1013,EMILY.SMITH,WKSTN-U1013	,Outlook,PROCESS_START,11.6,580
EP019369,2026-06-18 11:59:00,U1047,sandra.lewis,WKSTN-U1047,explorer.exe,PROCESS_START,13.0,407
EP028971,2026-06-18 11:50:00,U1071,matthew.robinson35,WKSTN-U1071,chrome.exe,PROCESS_START,27.2,298
EP027345,2026-06-18 12:43:00,U1067,paul.thomas97,WKSTN-U1067,notepad.exe,PROCESS_START,21.0,709
EP009886,2026-06-18 12:51:00,U1024,emily.miller,WKSTN-U1024,outlook.exe,PROCESS_START,2.7,257
EP003420,2026-06-18 12:21:00,U1009,daniel.brown,WKSTN-U1009	,explorer.exe,PROCESS_START,6.4,286
EP037500,2026-06-18 12:24:00,U1091,linda.robinson,  WKSTN-U1091 ,Active Directory Console,PROCESS_START,17.9,709
EP032168,2026-06-18 12:39:00,U1079,emily.jones,WKSTN-U1079,Active Directory Console,PROCESS_START,17.9,438
EP007179,2026-06-18 12:29:00,U1018,betty.white57,WKSTN-U1018,teams.exe,PROCESS_START,1.5,385
EP022144,2026-06-18 12:24:00,U1054,anthony.martinez,WKSTN-U1054,,PROCESS_START,12.9,396
EP000651,2026-06-18 12:26:00,U1002,donna.ramirez,WKSTN-U1002,Excel,PROCESS_START,12.4,363
EP008985,2026-06-18 12:47:00,U1022,sandra.brown,WKSTN-U1022,chrome.exe,PROCESS_START,14.3,452
EP005397,2026-06-18 12:55:00,U1014,james.taylor,WKSTN-U1014,teams.exe,PROCESS_START,28.8,643
EP014952,2026-06-18 12:52:00,U1036,linda.jones,WKSTN-U1036,outlook.exe,PROCESS_START,19.5,203
EP022937,2026-06-18 12:42:00,U1056,anthony.clark,WKSTN-U1056,Zoom,PROCESS_START,11.1,291
EP023733,2026-06-18 12:50:00,U1058,jennifer.ramirez18,WKSTN-U1058,Salesforce,PROCESS_START,4.7,582
EP039245,2026-06-18 12:24:00,U1095,richard.thomas74,WKSTN-U1095,Chrome,PROCESS_START,21.3,
EP014954,2026-06-18 12:34:00,U1036,linda.jones,WKSTN-U1036,notepad.exe,PROCESS_START,,729
EP028140,2026-06-18 12:38:00,U1069,jessica.clark,WKSTN-U1069,Chrome,PROCESS_START,10.9,N/A
EP003417,2026-06-18 12:20:00,U1009,daniel.brown,WKSTN-U1009,QuickBooks,PROCESS_START,14.5,235
EP007632,2026-06-18 12:44:00,U1019,donna.anderson,WKSTN-U1019,Jenkins,PROCESS_START,5.0,262
EP004563,2026-06-18 12:19:00,U1012,linda.martinez,WKSTN-U1012,notepad.exe,PROCESS_START,13.0,271
EP031340,2026-06-18 12:28:00,U1077,kimberly.harris58,WKSTN-U1077,chrome.exe,PROCESS_START,13.7,618
EP005813,2026-06-18 12:53:00,U1015,lisa.hernandez,WKSTN-U1015	,teams.exe,PROCESS_START,8.1,615
EP009883,2026-06-18 12:59:00,U1024,,WKSTN-U1024,Git,process_start,23.1,242
EP003418,2026-06-18 12:34:00,U1009,  daniel.brown ,WKSTN-U1009,SAP,PROCESS_START,32.1,842
EP030157,2026-06-18 12:42:00,U1074,SARAH.WILLIAMS7,WKSTN-U1074,notepad.exe,PROCESS_START,14.4,280
EP021339,2026-06-18 12:17:00,U1052,,WKSTN-U1052,outlook.exe,PROCESS_START,12.3,122
EP021338,2026-06-18 13:05:00,U1052,paul.taylor,WKSTN-U1052,outlook.exe,PROCESS_START,16.1,609
EP004995,2026-06-18 13:19:00,U1013,emily.smith,WKSTN-U1013,teams.exe,PROCESS_START,2.9,838
EP014568,2026-06-18 13:25:00,U1035,nancy.rodriguez82,WKSTN-U1035,EXPLORER.EXE,PROCESS_START,4.3,786
EP020538,2026-06-18 13:16:00,U1050,michael.ramirez,WKSTN-U1050,chrome.exe,PROCESS_START,22.9,143
EP003419,2026-06-18 13:18:00,U1009,daniel.brown,WKSTN-U1009,Chrome,PROCESS_START,10.0,463
EP015367,2026-06-18 13:07:00,U1037,robert.martin,WKSTN-U1037,Workday,PROCESS_START,2.4,613
EP000650,2026-06-18 13:31:00,U1002,donna.ramirez,WKSTN-U1002,CHROME,PROCESS_START,11.1,190
EP002264,2026-06-18 13:21:00,U1006,george.gonzalez,WKSTN-U1006,explorer.exe,,13.6,798
EP000648,2026-06-18 13:19:00,U1002,donna.ramirez,WKSTN-U1002,Excel,PROCESS_START,1.2,758
EP025745,2026-06-18 13:01:00,U1063,john.nguyen,WKSTN-U1063,chrome.exe,PROCESS_START,28.8,238
EP031737,2026-06-18 13:15:00,U1078,michelle.miller,WKSTN-U1078,outlook.exe,PROCESS_START,9.3,218
EP040071,2026-06-18 13:09:00,U1097,mark.martinez10,WKSTN-U1097,Zoom,PROCESS_START,2.7,622
EP030562,2026-06-18 13:33:00,U1075,steven.lewis,WKSTN-U1075,Outlook,PROCESS_START,12.2,798
EP033027,2026-06-18 13:25:00,U1081,margaret.davis,WKSTN-U1081,Slack,PROCESS_START,,691
EP009434,2026-06-18 13:30:00,U1023,richard.wright,WKSTN-U1023,Slack,PROCESS_START,20.4,527
EP033029,2026-06-18 13:08:00,U1081,margaret.davis,WKSTN-U1081,teams.exe,PROCESS_START,6.9,730
EP028138,2026-06-18 13:05:00,U1069,jessica.clark	,WKSTN-U1069,Chrome,PROCESS_START,28.7,529
EP008987,2026-06-18 13:02:00,U1022,sandra.brown,WKSTN-U1022,Jenkins,PROCESS_START,16.8,898
EP034351,2026-06-18 13:27:00,U1084,joshua.taylor,WKSTN-U1084,notepad.exe,PROCESS_START,22.8,272
EP036605,2026-06-18 13:02:00,U1089,paul.brown27,,explorer.exe,PROCESS_START,17.4,819
EP029376,2026-06-18 13:01:00,U1072,kenneth.lopez,WKSTN-U1072,Chrome,PROCESS_START,15.9,485
EP039658,2026-06-18 13:10:00,U1096,david.allen76,WKSTN-U1096,PowerPoint,PROCESS_START,11.3,518
EP034350,2026-06-18 13:14:00,U1084,joshua.taylor	,WKSTN-U1084,Terminal,PROCESS_START,24.0,471
EP008988,2026-06-18 13:32:00,U1022,sandra.brown,WKSTN-U1022,Git,PROCESS_START,9.4,474
EP040838,2026-06-18 13:25:00,U1099,joseph.garcia,WKSTN-U1099,chrome.exe,PROCESS_START,28.0,770
EP023737,2026-06-18 13:37:00,U1058,jennifer.ramirez18,WKSTN-U1058,Chrome,PROCESS_START,26.2,191
EP014167,2026-06-18 13:45:00,U1034,thomas.allen63,WKSTN-U1034,outlook.exe,PROCESS_START,1.1,478
EP020942,2026-06-18 13:52:00,U1051,sandra.king72,WKSTN-U1051,teams.exe,PROCESS_START,16.9,676
EP000240,2026-06-18 13:45:00,U1001,linda.johnson95,WKSTN-U1001,outlook.exe,PROCESS_START,12.6,
EP000239,2026-06-18 13:54:00,U1001,linda.johnson95,WKSTN-U1001,outlook.exe,PROCESS_START,13.8,257
EP031736,2026-06-18 13:36:00,U1078,michelle.miller,WKSTN-U1078,explorer.exe,,29.3,303
EP005812,2026-06-18 13:38:00,U1015,lisa.hernandez,WKSTN-U1015,chrome.exe,PROCESS_START,10.1,689
EP014571,2026-06-18 13:41:00,U1035,nancy.rodriguez82,WKSTN-U1035,Workday,PROCESS_START,23.6,630
EP008077,2026-06-18 13:49:00,U1020,andrew.thomas36,WKSTN-U1020,notepad.exe,PROCESS_START,12.7,812
EP025744,2026-06-18 13:48:00,U1063,john.nguyen,WKSTN-U1063,notepad.exe,PROCESS_START,4.2,816
EP029375,2026-06-18 13:40:00,U1072,kenneth.lopez,WKSTN-U1072,Outlook,PROCESS_START,32.4,569
EP040452,2026-06-18 13:50:00,U1098,nancy.wright49,WKSTN-U1098,notepad.exe,PROCESS_START,,95
EP008986,2026-06-18 13:44:00,U1022,sandra.brown,WKSTN-U1022,Chrome,PROCESS_START,19.5,787
EP032171,2026-06-18 13:49:00,U1079,emily.jones,WKSTN-U1079,Chrome,PROCESS_START,6.0,595
EP008081,2026-06-18 13:42:00,U1020,andrew.thomas36,WKSTN-U1020,,PROCESS_START,5.0,106
EP030563,2026-06-18 13:50:00,U1075,STEVEN.LEWIS,WKSTN-U1075,Word,PROCESS_START,14.0,696
EP000653,2026-06-18 13:55:00,U1002,donna.ramirez,  WKSTN-U1002 ,Chrome,PROCESS_START,7.4,609
EP033028,2026-06-18 13:47:00,U1081,margaret.davis,WKSTN-U1081,Wireshark,PROCESS_START,12.7,314
EP027344,2026-06-18 13:43:00,U1067,,WKSTN-U1067,chrome.exe	,PROCESS_START,34.8,605
EP007630,2026-06-18 13:40:00,U1019,donna.anderson,WKSTN-U1019,Git,PROCESS_START,24.4,96
EP005400,2026-06-18 13:38:00,U1014,james.taylor,WKSTN-U1014,QuickBooks,PROCESS_START,34.7,585
EP017359,2026-06-18 13:41:00,U1042,michael.hill56,WKSTN-U1042,Excel,PROCESS_START,30.6,441
EP000652,2026-06-18 13:47:00,U1002,,WKSTN-U1002,notepad.exe,PROCESS_START,30.3,347
EP026534,2026-06-18 13:35:00,U1065,michael.ramirez47,WKSTN-U1065,Chrome,PROCESS_START,25.1,632
EP029379,2026-06-18 13:53:00,U1072,kenneth.lopez,WKSTN-U1072,outlook.exe,PROCESS_START,22.9,276
EP023734,2026-06-18 14:04:00,U1058,jennifer.ramirez18,WKSTN-U1058,explorer.exe,PROCESS_START,5.9,423
EP012119,2026-06-18 13:56:00,U1029,  michelle.garcia54 ,WKSTN-U1029,CHROME,PROCESS_START,6.0,
EP003796,2026-06-18 14:03:00,U1010,susan.young51,WKSTN-U1010,chrome.exe,PROCESS_START,18.8,288
EP027715,2026-06-18 14:17:00,U1068,susan.thompson34,WKSTN-U1068,teams.exe,PROCESS_START,24.8,684
EP006711,2026-06-18 14:02:00,U1017,emily.hernandez34,WKSTN-U1017,Docker Desktop,PROCESS_START,7.4,779
EP038833,2026-06-18 13:59:00,U1094,elizabeth.lewis69,WKSTN-U1094,PuTTY,PROCESS_START,29.5,162
EP016150,2026-06-18 13:57:00,U1039,  mark.thomas ,WKSTN-U1039,explorer.exe,PROCESS_START,1.3,771
EP037505,2026-06-18 14:02:00,U1091,linda.robinson,WKSTN-U1091,explorer.exe	,PROCESS_START,21.4,282
EP010328,2026-06-18 14:15:00,U1025,betty.brown22,WKSTN-U1025,Slack,PROCESS_START,13.5,728
EP000236,2026-06-18 14:06:00,U1001,  linda.johnson95 ,WKSTN-U1001,teams.exe,PROCESS_START,32.3,833
EP026533,2026-06-18 14:21:00,U1065,MICHAEL.RAMIREZ47,WKSTN-U1065,Word,PROCESS_START,16.0,742
EP040837,2026-06-18 13:59:00,U1099,joseph.garcia,WKSTN-U1099,chrome.exe,PROCESS_START,31.3,496
EP024127,2026-06-18 13:59:00,U1059,daniel.perez98,WKSTN-U1059,notepad.exe,PROCESS_START,22.1,898
EP036603,2026-06-18 14:08:00,U1089,paul.brown27,WKSTN-U1089,Active Directory Console,PROCESS_START,2.3,588
EP005399,2026-06-18 13:57:00,U1014,james.taylor,WKSTN-U1014,teams.exe,PROCESS_START,8.6,553
EP014956,2026-06-18 13:56:00,U1036,linda.jones,WKSTN-U1036,notepad.exe,PROCESS_START,19.2,617
EP012968,2026-06-18 14:10:00,U1031,john.wright28,WKSTN-U1031,outlook.exe,PROCESS_START,22.7,110
EP002656,2026-06-18 14:09:00,U1007,sarah.robinson82,WKSTN-U1007,chrome.exe,PROCESS_START,22.5,871
EP037963,2026-06-18 13:56:00,U1092,steven.thomas,WKSTN-U1092,Chrome,PROCESS_START,6.1,662
EP033893,2026-06-18 14:10:00,U1083,sarah.allen70,WKSTN-U1083,outlook.exe,PROCESS_START,33.3,320
EP005810,2026-06-18 14:09:00,U1015,lisa.hernandez,WKSTN-U1015,  explorer.exe ,,31.0,894
EP031740,2026-06-18 14:14:00,U1078,,WKSTN-U1078,Chrome,PROCESS_START,31.3,379
EP029377,2026-06-18 14:13:00,U1072,kenneth.lopez,WKSTN-U1072,notepad.exe,PROCESS_START,33.0,594
EP025345,2026-06-18 13:57:00,U1062,william.martin,WKSTN-U1062,Excel,PROCESS_START,,84
EP015762,2026-06-18 14:18:00,U1038,emily.clark,WKSTN-U1038,Outlook,PROCESS_START,25.5,227
EP004168,2026-06-18 14:32:00,U1011,donna.ramirez75,WKSTN-U1011,teams.exe,PROCESS_START,15.9,780
EP036171,2026-06-18 14:35:00,U1088,,WKSTN-U1088,outlook.exe,PROCESS_START,8.6,564
EP034349,2026-06-18 14:23:00,U1084,joshua.taylor	,WKSTN-U1084,Wireshark,PROCESS_START,5.5,699
EP034805,2026-06-18 14:39:00,U1085,barbara.walker67,WKSTN-U1085,Chrome,PROCESS_START,20.2,878
EP036602,2026-06-18 14:22:00,U1089,paul.brown27,WKSTN-U1089,PuTTY,PROCESS_START,13.5,809
EP018970,2026-06-18 14:40:00,U1046,michelle.torres39,WKSTN-U1046,explorer.exe,PROCESS_START,9.9,88
EP008082,2026-06-18 14:22:00,U1020,andrew.thomas36,WKSTN-U1020,Slack,PROCESS_START,23.5,737
EP003421,2026-06-18 14:26:00,U1009,daniel.brown,WKSTN-U1009,teams.exe,PROCESS_START,9.7,280
EP022938,2026-06-18 14:32:00,U1056,anthony.clark,WKSTN-U1056,chrome.exe,PROCESS_START,7.9,701
EP010777,2026-06-18 14:38:00,U1026,elizabeth.gonzalez,WKSTN-U1026,Slack,,22.7,241
EP037962,2026-06-18 14:23:00,U1092,steven.thomas,WKSTN-U1092,notepad.exe,PROCESS_START,28.5,771
EP034354,2026-06-18 14:24:00,U1084,joshua.taylor,WKSTN-U1084,Wireshark,PROCESS_START,29.0,867
EP022554,2026-06-18 14:27:00,U1055,patricia.wilson54,WKSTN-U1055,Zoom,PROCESS_START,32.9,427
EP024957,2026-06-18 14:28:00,U1061,jessica.rodriguez,WKSTN-U1061,chrome.exe,PROCESS_START,23.0,716
EP016562,2026-06-18 14:38:00,U1040,matthew.martin,WKSTN-U1040,chrome.exe,PROCESS_START,N/A,798
EP037502,2026-06-18 14:29:00,U1091,linda.robinson,WKSTN-U1091,Terminal,PROCESS_START,17.2,107
EP008984,2026-06-18 14:24:00,U1022,sandra.brown,WKSTN-U1022,Chrome,PROCESS_START,15.8,595
EP015366,2026-06-18 14:25:00,U1037,robert.martin,WKSTN-U1037,Excel,PROCESS_START,2.8,555
EP004993,2026-06-18 14:25:00,U1013,emily.smith,WKSTN-U1013,Excel,PROCESS_START,34.0,374
EP030950,2026-06-18 14:26:00,U1076,,WKSTN-U1076,DocuSign,PROCESS_START,5.9,103
EP041211,2026-06-18 14:31:00,U1100,daniel.brown38,WKSTN-U1100,notepad.exe,PROCESS_START,1.2,
EP012967,2026-06-18 14:26:00,U1031,john.wright28,WKSTN-U1031,explorer.exe,PROCESS_START,12.7,528
EP018968,2026-06-18 14:32:00,U1046,michelle.torres39,WKSTN-U1046,explorer.exe,PROCESS_START,8.7,80
EP017752,2026-06-18 14:28:00,U1043,thomas.williams91,WKSTN-U1043,outlook.exe,PROCESS_START,24.0,368
EP026137,2026-06-18 14:24:00,U1064,matthew.wright55,WKSTN-U1064,outlook.exe,PROCESS_START,24.4,508
EP028558,2026-06-18 15:01:00,U1070,betty.thomas40,  WKSTN-U1070 ,explorer.exe,PROCESS_START,17.1,109
EP016559,2026-06-18 14:42:00,U1040,matthew.martin,WKSTN-U1040,  Workday ,PROCESS_START,32.2,213
EP026135,2026-06-18 14:56:00,U1064,matthew.wright55,WKSTN-U1064,Word,PROCESS_START,3.5,344
EP001861,2026-06-18 14:48:00,U1005,robert.robinson,WKSTN-U1005,Excel,process_start,12.5,295
EP008519,2026-06-18 14:57:00,U1021,jessica.walker,WKSTN-U1021,Docker Desktop,PROCESS_START,20.7,450
EP036173,2026-06-18 14:53:00,U1088,andrew.smith85,WKSTN-U1088,Slack,PROCESS_START,19.0,470
EP036172,2026-06-18 14:42:00,U1088,andrew.smith85,WKSTN-U1088,Active Directory Console,PROCESS_START,19.7,728
EP004167,2026-06-18 14:43:00,U1011,donna.ramirez75,WKSTN-U1011,chrome.exe,PROCESS_START,18.6,598
EP007631,2026-06-18 14:50:00,U1019,DONNA.ANDERSON,WKSTN-U1019,Chrome,PROCESS_START,33.5,321
EP002266,2026-06-18 14:50:00,U1006,george.gonzalez,WKSTN-U1006,QuickBooks,PROCESS_START,2.0,454
EP029378,2026-06-18 14:43:00,U1072,kenneth.lopez,WKSTN-U1072,DocuSign,PROCESS_START,8.3,509
EP030154,2026-06-18 14:55:00,U1074,sarah.williams7,WKSTN-U1074,Chrome,PROCESS_START,4.4,
EP006232,2026-06-18 15:01:00,U1016,patricia.thomas,WKSTN-U1016,Docker Desktop,PROCESS_START,24.0,378
EP039654,2026-06-18 14:48:00,U1096,david.allen76,WKSTN-U1096,notepad.exe,PROCESS_START,32.4,838
EP033445,2026-06-18 14:47:00,U1082,karen.hill96,WKSTN-U1082,explorer.exe,PROCESS_START,16.6,560
EP010327,2026-06-18 14:45:00,U1025,betty.brown22,WKSTN-U1025,Slack,PROCESS_START,11.6,117
EP015365,2026-06-18 14:41:00,U1037,robert.martin,WKSTN-U1037,explorer.exe,PROCESS_START,3.8,453
EP040451,2026-06-18 14:55:00,U1098,nancy.wright49,WKSTN-U1098,teams.exe,PROCESS_START,20.9,642
EP033894,2026-06-18 14:53:00,U1083,sarah.allen70,WKSTN-U1083,Active Directory Console,PROCESS_START,9.3,766
EP002653,2026-06-18 15:00:00,U1007,sarah.robinson82,WKSTN-U1007,teams.exe,PROCESS_START,23.6,700
EP010776,2026-06-18 14:46:00,U1026,elizabeth.gonzalez,WKSTN-U1026,Docker Desktop,PROCESS_START,15.0,531
EP030560,2026-06-18 14:54:00,U1075,steven.lewis,WKSTN-U1075,notepad.exe,PROCESS_START,18.2,502
EP017751,2026-06-18 14:46:00,U1043,thomas.williams91,WKSTN-U1043,outlook.exe,PROCESS_START,28.5,389
EP026960,2026-06-18 14:46:00,U1066,michelle.wright62,WKSTN-U1066,Chrome,PROCESS_START,9.2,174
EP010778,2026-06-18 14:40:00,U1026,elizabeth.gonzalez,WKSTN-U1026,notepad.exe,PROCESS_START,34.9,453
EP036600,2026-06-18 15:05:00,U1089,paul.brown27,WKSTN-U1089,teams.exe,,10.1,428
EP012969,2026-06-18 15:15:00,U1031,john.wright28,WKSTN-U1031,outlook.exe,PROCESS_START,21.4,816
EP003019,2026-06-18 15:33:00,U1008,joshua.hernandez,WKSTN-U1008,chrome.exe,PROCESS_START,26.4,299
EP010330,2026-06-18 15:17:00,U1025,betty.brown22,WKSTN-U1025,explorer.exe,PROCESS_START,18.5,441
EP001071,2026-06-18 15:41:00,U1003,kenneth.clark29,WKSTN-U1003,Excel,PROCESS_START,11.4,562
EP008523,2026-06-18 15:11:00,U1021,jessica.walker,WKSTN-U1021,Slack,PROCESS_START,32.3,293
EP018145,2026-06-18 15:06:00,U1044,lisa.ramirez9,WKSTN-U1044,Excel,PROCESS_START,5.2,233
EP003018,2026-06-18 15:15:00,U1008,joshua.hernandez,WKSTN-U1008,notepad.exe,PROCESS_START,33.5,449
EP018967,2026-06-18 15:21:00,U1046,michelle.torres39,WKSTN-U1046,explorer.exe,PROCESS_START,10.8,87
EP022551,2026-06-18 15:12:00,U1055,patricia.wilson54,WKSTN-U1055,Excel,PROCESS_START,17.6,585
EP008524,2026-06-18 15:15:00,U1021,jessica.walker,WKSTN-U1021,notepad.exe,PROCESS_START,7.6,785
EP020136,2026-06-18 15:27:00,U1049,michelle.jones59,WKSTN-U1049,Salesforce,PROCESS_START,27.8,851
EP004562,2026-06-18 15:13:00,U1012,linda.martinez,WKSTN-U1012,SAP,PROCESS_START,31.1,224
EP018971,2026-06-18 15:20:00,U1046,michelle.torres39,WKSTN-U1046,teams.exe,PROCESS_START,34.0,453
EP024533,2026-06-18 15:29:00,U1060,matthew.anderson,WKSTN-U1060,Salesforce,PROCESS_START,34.9,184
EP029749,2026-06-18 15:09:00,U1073,michael.gonzalez,WKSTN-U1073,explorer.exe,,22.7,216
EP039655,2026-06-18 15:21:00,U1096,david.allen76,WKSTN-U1096,Zoom,PROCESS_START,11.5,234
EP013393,2026-06-18 15:10:00,U1032,paul.wright91,WKSTN-U1032,explorer.exe,PROCESS_START,,609
EP013391,2026-06-18 15:16:00,U1032,paul.wright91,WKSTN-U1032,chrome.exe,PROCESS_START,12.1,370
EP008520,2026-06-18 15:02:00,U1021,  jessica.walker ,WKSTN-U1021,chrome.exe,PROCESS_START,28.4,806
EP016949,2026-06-18 15:15:00,U1041,matthew.allen52,WKSTN-U1041,Outlook,,10.3,878
EP029750,2026-06-18 15:26:00,U1073,michael.gonzalez	,WKSTN-U1073,Chrome,PROCESS_START,6.7,601
EP019371,2026-06-18 15:32:00,U1047,sandra.lewis,WKSTN-U1047,OUTLOOK,PROCESS_START,28.7,375
EP037068,2026-06-18 15:37:00,U1090,MARY.HILL,WKSTN-U1090,Chrome,PROCESS_START,9.5,128
EP016147,2026-06-18 15:41:00,U1039,mark.thomas,WKSTN-U1039,explorer.exe,PROCESS_START,13.8,474
EP028139,2026-06-18 16:14:00,U1069,jessica.clark	,WKSTN-U1069,notepad.exe,PROCESS_START,8.1,105
EP020943,2026-06-18 16:23:00,U1051,  sandra.king72 ,WKSTN-U1051,notepad.exe,PROCESS_START,13.4,438
EP011233,2026-06-18 16:14:00,U1027,patricia.brown75,WKSTN-U1027,explorer.exe,PROCESS_START,15.5,457
EP026961,2026-06-18 16:27:00,U1066,michelle.wright62,WKSTN-U1066,outlook.exe,PROCESS_START,28.2,368
EP029752,2026-06-18 15:56:00,U1073,michael.gonzalez,WKSTN-U1073,Outlook,PROCESS_START,20.6,84
EP022142,2026-06-18 15:56:00,U1054,anthony.martinez,WKSTN-U1054,Zoom,PROCESS_START,15.0,327
EP018142,2026-06-18 15:57:00,U1044,lisa.ramirez9,WKSTN-U1044,chrome.exe,PROCESS_START,4.1,471
EP027716,2026-06-18 16:36:00,U1068,susan.thompson34,WKSTN-U1068,Chrome,PROCESS_START,32.1,804
EP020940,2026-06-18 16:24:00,U1051,  sandra.king72 ,WKSTN-U1051,Zoom,PROCESS_START,24.9,451
EP015764,2026-06-18 15:54:00,U1038,emily.clark,WKSTN-U1038,notepad.exe,PROCESS_START,34.0,177
EP024958,2026-06-18 15:59:00,U1061,jessica.rodriguez,WKSTN-U1061,Outlook	,PROCESS_START,34.1,329
EP023735,2026-06-18 16:09:00,U1058,jennifer.ramirez18,WKSTN-U1058,outlook.exe,PROCESS_START,18.5,318
EP022145,2026-06-18 15:55:00,U1054,anthony.martinez,WKSTN-U1054,explorer.exe,PROCESS_START,6.3,129
EP039657,2026-06-18 16:17:00,U1096,david.allen76,WKSTN-U1096,Outlook,PROCESS_START,32.9,263
EP007178,2026-06-18 16:34:00,U1018,betty.white57,WKSTN-U1018,outlook.exe,PROCESS_START,25.5,848
EP004561,2026-06-18 16:33:00,U1012,linda.martinez,WKSTN-U1012,Outlook,PROCESS_START,15.2,263
EP000237,2026-06-18 16:02:00,U1001,linda.johnson95,,SAP,PROCESS_START,25.0,611
EP002651,2026-06-18 15:57:00,U1007,sarah.robinson82,WKSTN-U1007,explorer.exe,PROCESS_START,8.8,208
EP004565,2026-06-18 16:00:00,U1012,linda.martinez,WKSTN-U1012,SAP,PROCESS_START,24.6,209
EP006712,2026-06-18 15:46:00,U1017,emily.hernandez34,  WKSTN-U1017 ,Jenkins	,PROCESS_START,4.9,307
EP001467,2026-06-18 15:55:00,U1004,elizabeth.wilson98,WKSTN-U1004	,Excel,PROCESS_START,7.1,443
EP007633,2026-06-18 16:18:00,U1019,donna.anderson,WKSTN-U1019,notepad.exe,PROCESS_START,14.4,103
EP000649,2026-06-18 16:34:00,U1002,donna.ramirez,WKSTN-U1002,notepad.exe,PROCESS_START,20.1,688
EP001070,2026-06-18 16:14:00,U1003,kenneth.clark29,WKSTN-U1003,Chrome,PROCESS_START,1.5,790
EP027343,2026-06-18 16:26:00,U1067,paul.thomas97,WKSTN-U1067,Chrome,PROCESS_START,1.1,89
EP017750,2026-06-18 17:28:00,U1043,thomas.williams91,WKSTN-U1043,chrome.exe,PROCESS_START,34.1,843
EP015364,2026-06-18 17:04:00,U1037,robert.martin,,teams.exe,PROCESS_START,22.5,669
EP016151,2026-06-18 16:47:00,U1039,mark.thomas,WKSTN-U1039,outlook.exe,PROCESS_START,28.5,164
EP018552,2026-06-19 07:39:00,U1045,daniel.sanchez90,,Chrome,PROCESS_START,20.3,N/A
EP018144,2026-06-18 17:27:00,U1044,lisa.ramirez9,WKSTN-U1044,Workday,PROCESS_START,7.9,344
EP024129,2026-06-18 18:02:00,U1059,daniel.perez98,WKSTN-U1059,outlook.exe,PROCESS_START,30.1,735
EP039656,2026-06-18 17:09:00,U1096,david.allen76,WKSTN-U1096,outlook.exe,PROCESS_START,23.9,109
EP006713,2026-06-18 16:40:00,U1017,  emily.hernandez34 ,WKSTN-U1017,Slack,PROCESS_START,N/A,-203.0
EP027717,2026-06-18 17:18:00,U1068,susan.thompson34,WKSTN-U1068,notepad.exe,PROCESS_START,24.5,816
EP022143,2026-06-18 17:33:00,U1054,anthony.martinez,WKSTN-U1054,Zoom,PROCESS_START,6.9,764
EP022146,2026-06-18 17:30:00,U1054,anthony.martinez,WKSTN-U1054,explorer.exe,PROCESS_START,31.4,429
EP038832,2026-06-18 16:42:00,U1094,elizabeth.lewis69,WKSTN-U1094,Slack,PROCESS_START,34.5,587
EP014166,2026-06-18 16:42:00,U1034,thomas.allen63,WKSTN-U1034,explorer.exe,,31.4,324
EP020938,2026-06-18 17:27:00,U1051,sandra.king72,WKSTN-U1051,outlook.exe,PROCESS_START,4.4,697
EP010329,2026-06-18 16:47:00,U1025,betty.brown22,WKSTN-U1025,Chrome,PROCESS_START,29.6,771
EP040839,2026-06-18 16:59:00,U1099,joseph.garcia,  WKSTN-U1099 ,Outlook	,PROCESS_START,30.9,541
EP033046,2026-06-19 07:42:00,U1081,margaret.davis,WKSTN-U1081,teams.exe,PROCESS_START,10.5,721
EP006714,2026-06-18 16:40:00,U1017,emily.hernandez34,WKSTN-U1017,Slack,PROCESS_START,3.6,708
EP007629,2026-06-18 16:40:00,U1019,donna.anderson,WKSTN-U1019,outlook.exe,PROCESS_START,2.8,444
EP033918,2026-06-19 07:17:00,U1083,sarah.allen70,WKSTN-U1083,Slack,PROCESS_START,12.1,N/A
EP006715,2026-06-18 17:10:00,U1017,emily.hernandez34,WKSTN-U1017,chrome.exe,PROCESS_START,12.2,672
EP002652,2026-06-18 17:08:00,U1007,sarah.robinson82,WKSTN-U1007,outlook.exe,PROCESS_START,9.3,497
EP005013,2026-06-19 07:38:00,U1013,emily.smith,WKSTN-U1013,notepad.exe,PROCESS_START,8.9,602
EP005814,2026-06-18 16:38:00,U1015,lisa.hernandez,WKSTN-U1015,Outlook,PROCESS_START,34.4,
EP024531,2026-06-18 17:01:00,U1060,matthew.anderson,WKSTN-U1060,Chrome,PROCESS_START,30.8,217
EP006254,2026-06-19 08:29:00,U1016,patricia.thomas,WKSTN-U1016,teams.exe,PROCESS_START,1.7,805
EP031352,2026-06-19 08:53:00,U1077,kimberly.harris58,WKSTN-U1077,Chrome,PROCESS_START,4.5,91
EP005829,2026-06-19 08:42:00,U1015,,WKSTN-U1015,notepad.exe,PROCESS_START,14.5,552
EP013798,2026-06-19 08:44:00,U1033,linda.miller,WKSTN-U1033,Chrome,PROCESS_START,11.2,728
EP025769,2026-06-19 09:00:00,U1063,john.nguyen,WKSTN-U1063,Outlook,PROCESS_START,13.9,805
EP020959,2026-06-19 08:54:00,U1051,sandra.king72,WKSTN-U1051,Chrome,PROCESS_START,2.7,192
EP005832,2026-06-19 08:32:00,U1015,lisa.hernandez,WKSTN-U1015,QuickBooks	,PROCESS_START,8.0,618
EP013411,2026-06-19 07:51:00,U1032,paul.wright91,WKSTN-U1032,chrome.exe,PROCESS_START,9.0,320
EP022162,2026-06-19 08:11:00,U1054,anthony.martinez,WKSTN-U1054,notepad.exe,PROCESS_START,32.1,332
EP017379,2026-06-19 07:45:00,U1042,michael.hill56,WKSTN-U1042,EXPLORER.EXE,PROCESS_START,30.2,261
EP017376,2026-06-19 08:16:00,U1042,michael.hill56,WKSTN-U1042,,PROCESS_START,21.5,557
EP020557,2026-06-19 08:48:00,U1050,michael.ramirez,WKSTN-U1050,Excel,PROCESS_START,26.6,335
EP037086,2026-06-19 07:52:00,U1090,mary.hill,WKSTN-U1090,Slack,PROCESS_START,31.5,688
EP021745,2026-06-19 08:04:00,U1053,john.jackson31,WKSTN-U1053,teams.exe,PROCESS_START,21.2,692
EP002282,2026-06-19 08:08:00,U1006,george.gonzalez,WKSTN-U1006,Excel,PROCESS_START,13.3,877
EP021352,2026-06-19 08:52:00,U1052,paul.taylor,WKSTN-U1052,chrome.exe,PROCESS_START,34.5,163
EP020154,2026-06-19 08:03:00,U1049,michelle.jones59,WKSTN-U1049,Outlook	,PROCESS_START,12.8,715
EP002284,2026-06-19 08:38:00,U1006,george.gonzalez,WKSTN-U1006,  outlook.exe ,PROCESS_START,4.6,-296.0
EP005016,2026-06-19 07:55:00,U1013,emily.smith,WKSTN-U1013,Outlook,PROCESS_START,9.1,739
EP012989,2026-06-19 07:47:00,U1031,john.wright28,WKSTN-U1031,Workday,PROCESS_START,20.5,244
EP009452,2026-06-19 08:25:00,U1023,richard.wright,WKSTN-U1023,Jenkins,PROCESS_START,24.5,
EP008542,2026-06-19 08:21:00,U1021,jessica.walker,WKSTN-U1021,chrome.exe,PROCESS_START,33.3,179
EP011255,2026-06-19 08:39:00,U1027,patricia.brown75,WKSTN-U1027,Docker Desktop,PROCESS_START,15.5,698
EP009907,2026-06-19 08:55:00,U1024,emily.miller,WKSTN-U1024,chrome.exe,PROCESS_START,31.7,250
EP040086,2026-06-19 08:52:00,U1097,mark.martinez10,WKSTN-U1097,chrome.exe,PROCESS_START,4.3,227
EP020559,2026-06-19 09:23:00,U1050,michael.ramirez,WKSTN-U1050,Salesforce,,6.8,114
EP015781,2026-06-19 09:23:00,U1038,emily.clark,WKSTN-U1038,explorer.exe,PROCESS_START,26.7,316
EP040471,2026-06-19 09:28:00,U1098,nancy.wright49,,Excel,PROCESS_START,18.9,145
EP039679,2026-06-19 09:06:00,U1096,david.allen76,WKSTN-U1096,notepad.exe,PROCESS_START,11.1,805
EP000255,2026-06-19 09:17:00,U1001,linda.johnson95,  WKSTN-U1001 ,outlook.exe,PROCESS_START,34.2,241
EP025765,2026-06-19 09:26:00,U1063,john.nguyen,WKSTN-U1063,outlook.exe,PROCESS_START,22.3,333
EP011704,2026-06-19 09:13:00,U1028,JOHN.HILL,WKSTN-U1028,  notepad.exe ,PROCESS_START,8.7,609
EP001880,2026-06-19 09:20:00,U1005,robert.robinson,WKSTN-U1005,outlook.exe,PROCESS_START,3.9,849
EP024148,2026-06-19 09:11:00,U1059,daniel.perez98,WKSTN-U1059,Zoom,PROCESS_START,25.8,558
EP013410,2026-06-19 09:15:00,U1032,  paul.wright91 ,WKSTN-U1032,outlook.exe,PROCESS_START,2.7,770
EP013799,2026-06-19 09:21:00,U1033,linda.miller,WKSTN-U1033,notepad.exe,PROCESS_START,,721
EP011706,2026-06-19 09:13:00,U1028,john.hill,WKSTN-U1028,outlook.exe,PROCESS_START,4.4,
EP039678,2026-06-19 09:26:00,U1096,david.allen76,,explorer.exe,PROCESS_START,13.5,521
EP036190,2026-06-19 09:06:00,U1088,andrew.smith85,WKSTN-U1088,Slack,PROCESS_START,2.8,
EP031355,2026-06-19 09:05:00,U1077,kimberly.harris58,WKSTN-U1077,Word,PROCESS_START,1.4,625
EP036624,2026-06-19 09:13:00,U1089,paul.brown27,WKSTN-U1089,explorer.exe,PROCESS_START,25.4,870
EP015380,2026-06-19 09:11:00,U1037,  robert.martin ,WKSTN-U1037,Chrome,PROCESS_START,20.9,187
EP022955,2026-06-19 09:26:00,U1056,anthony.clark,WKSTN-U1056,explorer.exe,PROCESS_START,,740
EP036623,2026-06-19 09:28:00,U1089,paul.brown27,WKSTN-U1089,explorer.exe,PROCESS_START,14.1,844
EP001877,2026-06-19 09:02:00,U1005,robert.robinson,  WKSTN-U1005 ,Outlook,PROCESS_START,16.4,320
EP035269,2026-06-19 09:23:00,U1086,steven.thompson53,WKSTN-U1086,outlook.exe,PROCESS_START,31.5,N/A
EP023751,2026-06-19 09:29:00,U1058,jennifer.ramirez18,WKSTN-U1058,Excel,PROCESS_START,9.1,264
EP001486,2026-06-19 09:07:00,U1004,elizabeth.wilson98,WKSTN-U1004,Excel,PROCESS_START,17.9,107
EP001489,2026-06-19 09:29:00,U1004,elizabeth.wilson98,WKSTN-U1004,Excel,PROCESS_START,23.5,612
EP019777,2026-06-19 09:11:00,U1048,jennifer.thomas87,WKSTN-U1048,chrome.exe,PROCESS_START,31.7,373
EP032184,2026-06-19 09:48:00,U1079,emily.jones,WKSTN-U1079,notepad.exe,PROCESS_START,24.2,230
EP015780,2026-06-19 09:38:00,U1038,emily.clark,WKSTN-U1038,chrome.exe,PROCESS_START,10.8,872
EP040858,2026-06-19 09:39:00,U1099,joseph.garcia,WKSTN-U1099,notepad.exe,PROCESS_START,33.9,837
EP007200,2026-06-19 09:50:00,U1018,betty.white57,WKSTN-U1018,Jenkins,PROCESS_START,32.0,330
EP016583,2026-06-19 09:40:00,U1040,matthew.martin,WKSTN-U1040,Workday,PROCESS_START,10.5,593
EP000258,2026-06-19 09:45:00,U1001,linda.johnson95,WKSTN-U1001,Excel,PROCESS_START,23.2,317
EP028990,2026-06-19 09:31:00,U1071,matthew.robinson35,WKSTN-U1071,  DocuSign ,PROCESS_START,14.4,-712.0
EP036192,2026-06-19 09:55:00,U1088,andrew.smith85,WKSTN-U1088,PuTTY,PROCESS_START,29.5,605
EP016169,2026-06-19 09:33:00,U1039,mark.thomas,WKSTN-U1039,Workday,PROCESS_START,4.3,772
EP014590,2026-06-19 09:43:00,U1035,nancy.rodriguez82,WKSTN-U1035,teams.exe,PROCESS_START,7.4,671
EP021744,2026-06-19 09:56:00,U1053,john.jackson31	,WKSTN-U1053,,PROCESS_START,4.4,217
EP035271,2026-06-19 09:41:00,U1086,steven.thompson53,WKSTN-U1086,chrome.exe,PROCESS_START,20.3,879
EP040855,2026-06-19 09:33:00,U1099,joseph.garcia,WKSTN-U1099,Excel,PROCESS_START,5.6,181
EP015779,2026-06-19 09:36:00,U1038,emily.clark,WKSTN-U1038,outlook.exe,PROCESS_START,29.3,897
EP033044,2026-06-19 09:31:00,U1081,margaret.davis,WKSTN-U1081,teams.exe,PROCESS_START,34.6,166
EP020156,2026-06-19 09:55:00,U1049,michelle.jones59,WKSTN-U1049,notepad.exe,,11.1,729
EP039676,2026-06-19 09:41:00,U1096,david.allen76,WKSTN-U1096,explorer.exe,PROCESS_START,24.6,255
EP024548,2026-06-19 09:51:00,U1060,matthew.anderson,WKSTN-U1060,explorer.exe,PROCESS_START,9.5,91
EP037085,2026-06-19 09:48:00,U1090,mary.hill,WKSTN-U1090,explorer.exe,PROCESS_START,28.3,890
EP038416,2026-06-19 09:55:00,U1093,sarah.clark44,WKSTN-U1093,Slack,PROCESS_START,31.4,741
EP019778,2026-06-19 09:38:00,U1048,jennifer.thomas87,WKSTN-U1048,explorer.exe,PROCESS_START,22.2,824
EP009905,2026-06-19 09:50:00,U1024,emily.miller,WKSTN-U1024,notepad.exe,PROCESS_START,25.7,498
EP001484,2026-06-19 09:35:00,U1004,elizabeth.wilson98,WKSTN-U1004,Excel,PROCESS_START,9.5,589
EP031756,2026-06-19 09:47:00,U1078,  michelle.miller ,WKSTN-U1078,notepad.exe,PROCESS_START,22.2,875
EP038418,2026-06-19 09:46:00,U1093,sarah.clark44,WKSTN-U1093,Wireshark,PROCESS_START,23.7,347
EP034369,2026-06-19 10:12:00,U1084,joshua.taylor,WKSTN-U1084,Wireshark,PROCESS_START,6.5,105
EP032189,2026-06-19 10:01:00,U1079,emily.jones,WKSTN-U1079,Active Directory Console,PROCESS_START,5.5,476
EP006735,2026-06-19 10:08:00,U1017,emily.hernandez34,WKSTN-U1017,teams.exe,PROCESS_START,21.0,792
EP037982,2026-06-19 10:28:00,U1092,steven.thomas,WKSTN-U1092,Chrome,PROCESS_START,23.9,635
EP026556,2026-06-19 10:16:00,U1065,michael.ramirez47,,Chrome,PROCESS_START,5.5,850
EP003811,2026-06-19 10:26:00,U1010,susan.young51,WKSTN-U1010,explorer.exe,PROCESS_START,9.5,358
EP008098,2026-06-19 10:20:00,U1020,andrew.thomas36,WKSTN-U1020	,Jenkins,PROCESS_START,18.8,412
EP018556,2026-06-19 10:01:00,U1045,daniel.sanchez90,WKSTN-U1045,,PROCESS_START,31.4,652
EP012984,2026-06-19 09:59:00,U1031,john.wright28,WKSTN-U1031,chrome.exe,PROCESS_START,2.4,245
EP025768,2026-06-19 10:11:00,U1063,john.nguyen,  WKSTN-U1063 ,DocuSign,PROCESS_START,23.3,852
EP001089,2026-06-19 09:57:00,U1003,kenneth.clark29,WKSTN-U1003,notepad.exe,PROCESS_START,31.5,
EP014591,2026-06-19 10:06:00,U1035,nancy.rodriguez82,WKSTN-U1035	,Outlook,PROCESS_START,25.0,572
EP038419,2026-06-19 10:14:00,U1093,,WKSTN-U1093,Chrome,PROCESS_START,,900
EP016582,2026-06-19 10:04:00,U1040,matthew.martin,,chrome.exe,PROCESS_START,25.6,377
EP010793,2026-06-19 10:12:00,U1026,elizabeth.gonzalez,WKSTN-U1026,Git,PROCESS_START,9.8,820
EP020558,2026-06-19 10:25:00,U1050,michael.ramirez,WKSTN-U1050,Zoom,PROCESS_START,10.9,871
EP026976,2026-06-19 10:22:00,U1066,michelle.wright62,WKSTN-U1066,chrome.exe,PROCESS_START,,652
EP012141,2026-06-19 10:19:00,U1029,michelle.garcia54,WKSTN-U1029,Chrome,PROCESS_START,30.8,105
EP038417,2026-06-19 10:13:00,U1093,sarah.clark44,WKSTN-U1093,explorer.exe,PROCESS_START,24.7,698
EP010344,2026-06-19 10:21:00,U1025,betty.brown22,WKSTN-U1025,explorer.exe,PROCESS_START,8.6,453
EP037984,2026-06-19 10:27:00,U1092,steven.thomas,WKSTN-U1092,chrome.exe,PROCESS_START,15.0,515
EP000669,2026-06-19 10:18:00,U1002,donna.ramirez,WKSTN-U1002,notepad.exe,PROCESS_START,30.3,264
EP024980,2026-06-19 10:14:00,U1061,jessica.rodriguez,WKSTN-U1061,Excel,PROCESS_START,23.3,722
EP033460,2026-06-19 10:18:00,U1082,karen.hill96,WKSTN-U1082,Active Directory Console,PROCESS_START,13.6,576
EP039677,2026-06-19 10:00:00,U1096,david.allen76,WKSTN-U1096,outlook.exe,PROCESS_START,30.3,804
EP001876,2026-06-19 10:35:00,U1005,robert.robinson,WKSTN-U1005,teams.exe,PROCESS_START,23.1,292
EP022954,2026-06-19 10:51:00,U1056,anthony.clark,WKSTN-U1056,Zoom,PROCESS_START,5.1,742
EP007653,2026-06-19 10:45:00,U1019,donna.anderson,WKSTN-U1019,Slack,PROCESS_START,25.4,441
EP036191,2026-06-19 10:46:00,U1088,andrew.smith85,WKSTN-U1088,Terminal,PROCESS_START,5.4,187
EP001878,2026-06-19 10:32:00,U1005,robert.robinson,WKSTN-U1005,Outlook,process_start,11.4,466
EP020155,2026-06-19 10:48:00,U1049,michelle.jones59,WKSTN-U1049,Salesforce,PROCESS_START,26.7,507
EP010346,2026-06-19 10:29:00,U1025,betty.brown22,WKSTN-U1025,Slack,PROCESS_START,,111
EP000671,2026-06-19 10:35:00,U1002,donna.ramirez,WKSTN-U1002,notepad.exe,,22.6,84
EP009449,2026-06-19 10:30:00,U1023,richard.wright,WKSTN-U1023,Chrome,PROCESS_START,10.9,295
EP008102,2026-06-19 10:33:00,U1020,andrew.thomas36,WKSTN-U1020,outlook.exe,PROCESS_START,27.2,669
EP039680,2026-06-19 10:45:00,U1096,david.allen76,WKSTN-U1096,chrome.exe,PROCESS_START,17.6,
EP015383,2026-06-19 10:30:00,U1037,robert.martin,WKSTN-U1037,Chrome,PROCESS_START,,861
EP031758,2026-06-19 10:34:00,U1078,michelle.miller,WKSTN-U1078,notepad.exe,PROCESS_START,19.2,633
EP003041,2026-06-19 10:45:00,U1008,joshua.hernandez,WKSTN-U1008,Outlook,PROCESS_START,11.5,183
EP036626,2026-06-19 10:38:00,U1089,paul.brown27	,WKSTN-U1089,PuTTY,,1.3,331
EP027735,2026-06-19 10:45:00,U1068,susan.thompson34,WKSTN-U1068,teams.exe,PROCESS_START,5.0,186
EP020159,2026-06-19 10:30:00,U1049,michelle.jones59,WKSTN-U1049,explorer.exe,PROCESS_START,16.8,433
EP012985,2026-06-19 10:42:00,U1031,john.wright28,WKSTN-U1031,explorer.exe,PROCESS_START,6.3,143
EP001485,2026-06-19 10:38:00,U1004,elizabeth.wilson98,WKSTN-U1004,QuickBooks,PROCESS_START,2.0,835
EP027362,2026-06-19 10:48:00,U1067,paul.thomas97,WKSTN-U1067,outlook.exe,,23.0,291
EP004182,2026-06-19 10:32:00,U1011,donna.ramirez75,WKSTN-U1011,Outlook,PROCESS_START,24.4,591
EP007201,2026-06-19 10:41:00,U1018,betty.white57,WKSTN-U1018,Git,PROCESS_START,20.4,456
EP004183,2026-06-19 10:37:00,U1011,donna.ramirez75,WKSTN-U1011,teams.exe,PROCESS_START,33.9,
EP016173,2026-06-19 10:40:00,U1039,mark.thomas,WKSTN-U1039,notepad.exe,PROCESS_START,1.9,840
EP020158,2026-06-19 10:40:00,U1049,michelle.jones59,WKSTN-U1049,Chrome,PROCESS_START,1.9,391
EP032185,2026-06-19 11:02:00,U1079,emily.jones,  WKSTN-U1079 ,teams.exe,PROCESS_START,31.7,793
EP038415,2026-06-19 10:53:00,U1093,sarah.clark44,WKSTN-U1093,teams.exe,,15.6,124
EP021742,2026-06-19 11:05:00,U1053,john.jackson31,WKSTN-U1053,Chrome,PROCESS_START,8.4,900
EP030170,2026-06-19 11:10:00,U1074,sarah.williams7,WKSTN-U1074,teams.exe,PROCESS_START,4.9,623
EP028993,2026-06-19 10:58:00,U1071,matthew.robinson35,WKSTN-U1071,chrome.exe,PROCESS_START,10.2,612
EP031357,2026-06-19 10:58:00,U1077,kimberly.harris58,WKSTN-U1077,DocuSign,PROCESS_START,11.6,698
EP035699,2026-06-19 11:08:00,U1087,charles.sanchez,WKSTN-U1087,Slack,PROCESS_START,,567
EP005415,2026-06-19 11:05:00,U1014,james.taylor	,WKSTN-U1014,notepad.exe,PROCESS_START,3.3,237
EP033919,2026-06-19 11:06:00,U1083,sarah.allen70,WKSTN-U1083,teams.exe,PROCESS_START,18.2,384
EP017765,2026-06-19 11:03:00,U1043,thomas.williams91,WKSTN-U1043,Outlook,PROCESS_START,15.8,604
EP039263,2026-06-19 11:01:00,U1095,richard.thomas74,WKSTN-U1095,Outlook,PROCESS_START,11.6,788
EP005418,2026-06-19 10:55:00,U1014,james.taylor,WKSTN-U1014,notepad.exe,PROCESS_START,10.6,895
EP024550,2026-06-19 10:59:00,U1060,matthew.anderson,WKSTN-U1060,Chrome,PROCESS_START,23.7,100
EP027361,2026-06-19 10:55:00,U1067,paul.thomas97,WKSTN-U1067,Outlook,PROCESS_START,30.1,107
EP033047,2026-06-19 10:53:00,U1081,margaret.davis,WKSTN-U1081,  teams.exe ,PROCESS_START,7.2,359
EP017378,2026-06-19 11:02:00,U1042,michael.hill56,WKSTN-U1042,Outlook,PROCESS_START,20.6,568
EP028159,2026-06-19 11:10:00,U1069,jessica.clark,WKSTN-U1069,Word,PROCESS_START,28.2,668
EP006252,2026-06-19 11:11:00,U1016,patricia.thomas,WKSTN-U1016,outlook.exe,PROCESS_START,8.7,698
EP012142,2026-06-19 10:55:00,U1029,michelle.garcia54,WKSTN-U1029,outlook.exe,PROCESS_START,28.8,258
EP021351,2026-06-19 11:08:00,U1052,paul.taylor,WKSTN-U1052,Zoom,PROCESS_START,30.1,82
EP018555,2026-06-19 10:57:00,U1045,daniel.sanchez90,WKSTN-U1045,explorer.exe,PROCESS_START,33.7,420
EP003039,2026-06-19 11:12:00,U1008,joshua.hernandez,WKSTN-U1008,teams.exe,process_start,32.5,812
EP027733,2026-06-19 10:54:00,U1068,susan.thompson34,WKSTN-U1068,Word	,PROCESS_START,26.5,256
EP023344,2026-06-19 10:53:00,U1057,nancy.sanchez,WKSTN-U1057	,teams.exe,PROCESS_START,13.6,
EP035272,2026-06-19 11:08:00,U1086,steven.thompson53,WKSTN-U1086,outlook.exe,PROCESS_START,29.2,201
EP037981,2026-06-19 11:12:00,U1092,steven.thomas,WKSTN-U1092,Chrome,PROCESS_START,7.1,796
EP024546,2026-06-19 11:45:00,U1060,matthew.anderson,WKSTN-U1060	,Salesforce,PROCESS_START,6.6,236
EP006732,2026-06-19 11:36:00,U1017,emily.hernandez34,WKSTN-U1017,VSCode,PROCESS_START,21.5,88
EP026155,2026-06-19 11:40:00,U1064,matthew.wright55,WKSTN-U1064,Word,PROCESS_START,15.5,543
EP017377,2026-06-19 11:30:00,U1042,michael.hill56,WKSTN-U1042,NOTEPAD.EXE,PROCESS_START,2.9,743
EP033045,2026-06-19 11:29:00,U1081,margaret.davis,WKSTN-U1081,Chrome,PROCESS_START,17.8,112
EP026554,2026-06-19 11:24:00,U1065,michael.ramirez47,WKSTN-U1065,Chrome,PROCESS_START,15.4,324
EP019390,2026-06-19 11:31:00,U1047,sandra.lewis,WKSTN-U1047,Chrome,PROCESS_START,20.6,887
EP017764,2026-06-19 11:12:00,U1043,thomas.williams91,WKSTN-U1043,Workday,PROCESS_START,28.2,155
EP017766,2026-06-19 11:42:00,U1043,thomas.williams91,WKSTN-U1043,chrome.exe,PROCESS_START,8.6,111
EP012987,2026-06-19 11:26:00,U1031,john.wright28,WKSTN-U1031,chrome.exe,PROCESS_START,,501
EP028991,2026-06-19 11:21:00,U1071,matthew.robinson35,WKSTN-U1071,Chrome,PROCESS_START,16.7,867
EP022161,2026-06-19 11:47:00,U1054,anthony.martinez,WKSTN-U1054,notepad.exe,PROCESS_START,,672
EP014592,2026-06-19 11:40:00,U1035,nancy.rodriguez82,WKSTN-U1035,teams.exe,PROCESS_START,15.6,304
EP001488,2026-06-19 11:27:00,U1004,,WKSTN-U1004,QuickBooks,PROCESS_START,11.3,718
EP012988,2026-06-19 11:21:00,U1031,john.wright28,WKSTN-U1031,Chrome,PROCESS_START,15.9,462
EP038855,2026-06-19 11:27:00,U1094,elizabeth.lewis69,WKSTN-U1094,teams.exe,PROCESS_START,1.3,743
EP024982,2026-06-19 11:20:00,U1061,jessica.rodriguez,WKSTN-U1061,outlook.exe,PROCESS_START,28.9,235
EP041229,2026-06-19 11:43:00,U1100,daniel.brown38,WKSTN-U1100,Outlook,PROCESS_START,8.4,547
EP010794,2026-06-19 11:39:00,U1026,elizabeth.gonzalez,WKSTN-U1026,Git	,PROCESS_START,6.3,798
EP031354,2026-06-19 11:32:00,U1077,kimberly.harris58,WKSTN-U1077,chrome.exe,PROCESS_START,32.3,100
EP007652,2026-06-19 11:28:00,U1019,donna.anderson,WKSTN-U1019,Slack,PROCESS_START,,731
EP041230,2026-06-19 11:31:00,U1100,daniel.brown38,WKSTN-U1100,Zoom,PROCESS_START,18.0,584
EP014183,2026-06-19 11:26:00,U1034,thomas.allen63,WKSTN-U1034,Outlook,PROCESS_START,13.1,470
EP031755,2026-06-19 11:42:00,U1078,michelle.miller,WKSTN-U1078,outlook.exe,PROCESS_START,25.3,882
EP001879,2026-06-19 12:02:00,U1005,robert.robinson,WKSTN-U1005,QuickBooks,PROCESS_START,,463
EP007198,2026-06-19 12:01:00,U1018,betty.white57,WKSTN-U1018,Git,PROCESS_START,,246
EP030965,2026-06-19 11:48:00,U1076,john.torres,WKSTN-U1076,DocuSign,PROCESS_START,9.1,857
EP036625,2026-06-19 12:07:00,U1089,paul.brown27,WKSTN-U1089,outlook.exe,PROCESS_START,3.7,
EP005417,2026-06-19 11:56:00,U1014,james.taylor,WKSTN-U1014,SAP,PROCESS_START,4.9,
EP028576,2026-06-19 12:11:00,U1070,betty.thomas40,WKSTN-U1070,explorer.exe,PROCESS_START,31.0,116
EP024549,2026-06-19 11:58:00,U1060,matthew.anderson,,outlook.exe,PROCESS_START,19.8,516
EP005014,2026-06-19 11:53:00,U1013,emily.smith,WKSTN-U1013,SAP,process_start,8.6,207
EP034826,2026-06-19 11:52:00,U1085,barbara.walker67,WKSTN-U1085,Chrome,PROCESS_START,23.7,819
EP026154,2026-06-19 12:07:00,U1064,matthew.wright55	,WKSTN-U1064,teams.exe,,11.1,168
EP003810,2026-06-19 11:56:00,U1010,susan.young51,WKSTN-U1010,Outlook,PROCESS_START,7.4,830
EP006253,2026-06-19 12:09:00,U1016,patricia.thomas,WKSTN-U1016,Git,PROCESS_START,21.5,82
EP016581,2026-06-19 11:56:00,U1040,matthew.martin,WKSTN-U1040,outlook.exe,PROCESS_START,28.1,857
EP015782,2026-06-19 11:53:00,U1038,emily.clark,WKSTN-U1038,outlook,PROCESS_START,7.1,379
EP039261,2026-06-19 12:00:00,U1095,richard.thomas74,WKSTN-U1095,Chrome,PROCESS_START,33.7,227
EP034373,2026-06-19 12:06:00,U1084,joshua.taylor,WKSTN-U1084,Terminal,PROCESS_START,,705
EP013800,2026-06-19 11:50:00,U1033,linda.miller,WKSTN-U1033,outlook,process_start,28.3,666
EP030172,2026-06-19 12:04:00,U1074,sarah.williams7,WKSTN-U1074,chrome.exe,PROCESS_START,10.0,194
EP000668,2026-06-19 12:00:00,U1002,donna.ramirez,WKSTN-U1002,explorer.exe,PROCESS_START,34.6,548
EP023749,2026-06-19 11:47:00,U1058,jennifer.ramirez18,WKSTN-U1058,Excel,PROCESS_START,34.8,493
EP035697,2026-06-19 12:10:00,U1087,charles.sanchez,WKSTN-U1087,Wireshark,PROCESS_START,15.8,663
EP025766,2026-06-19 12:10:00,U1063,john.nguyen,WKSTN-U1063,outlook,PROCESS_START,N/A,385
EP005015,2026-06-19 11:51:00,U1013,emily.smith,WKSTN-U1013,Outlook,PROCESS_START,15.3,886
EP033917,2026-06-19 12:02:00,U1083,sarah.allen70,WKSTN-U1083,Slack,PROCESS_START,9.9,728
EP018160,2026-06-19 12:06:00,U1044,lisa.ramirez9,WKSTN-U1044,Chrome,PROCESS_START,1.9,559
EP003437,2026-06-19 12:12:00,U1009,daniel.brown,WKSTN-U1009,explorer.exe,PROCESS_START,25.8,243
EP033048,2026-06-19 12:46:00,U1081,margaret.davis,WKSTN-U1081,Terminal,PROCESS_START,21.8,780
EP037526,2026-06-19 12:32:00,U1091,linda.robinson,WKSTN-U1091,Wireshark,PROCESS_START,26.6,244
EP028574,2026-06-19 12:30:00,U1070,betty.thomas40,WKSTN-U1070,outlook.exe,PROCESS_START,13.4,879
EP018985,2026-06-19 12:33:00,U1046,michelle.torres39,WKSTN-U1046,Excel	,PROCESS_START,30.9,865
EP019389,2026-06-19 12:45:00,U1047,sandra.lewis,WKSTN-U1047,explorer.exe,PROCESS_START,31.5,211
EP025767,2026-06-19 12:37:00,U1063,john.nguyen,WKSTN-U1063,chrome.exe,PROCESS_START,7.0,720
EP018551,2026-06-19 12:16:00,U1045,daniel.sanchez90,WKSTN-U1045,Workday,PROCESS_START,4.9,106
EP022570,2026-06-19 12:46:00,U1055,patricia.wilson54,WKSTN-U1055,teams.exe,PROCESS_START,13.5,671
EP019393,2026-06-19 12:33:00,U1047,sandra.lewis,WKSTN-U1047,outlook.exe,PROCESS_START,30.3,222
EP002281,2026-06-19 12:46:00,U1006,george.gonzalez,WKSTN-U1006,explorer.exe,PROCESS_START,7.6,191
EP027734,2026-06-19 12:19:00,U1068,susan.thompson34,WKSTN-U1068,chrome.exe,PROCESS_START,27.0,566
EP024150,2026-06-19 12:19:00,U1059,daniel.perez98,WKSTN-U1059,chrome.exe,PROCESS_START,32.6,547
EP030579,2026-06-19 12:43:00,U1075,steven.lewis,WKSTN-U1075,Word,PROCESS_START,3.1,605
EP037983,2026-06-19 12:47:00,U1092,steven.thomas,WKSTN-U1092,,PROCESS_START,12.7,271
EP003038,2026-06-19 12:17:00,U1008,,WKSTN-U1008,,PROCESS_START,16.6,761
EP026153,2026-06-19 12:46:00,U1064,matthew.wright55,WKSTN-U1064,Outlook,PROCESS_START,11.0,494
EP003812,2026-06-19 12:50:00,U1010,susan.young51,WKSTN-U1010,Outlook,PROCESS_START,22.4,765
EP002285,2026-06-19 12:20:00,U1006,george.gonzalez,WKSTN-U1006,SAP,PROCESS_START,26.7,396
EP002674,2026-06-19 12:23:00,U1007,sarah.robinson82,WKSTN-U1007,QuickBooks,PROCESS_START,33.4,122
EP021349,2026-06-19 12:36:00,U1052,paul.taylor,WKSTN-U1052,teams.exe,PROCESS_START,25.9,732000.0
EP000256,2026-06-19 12:43:00,U1001,linda.johnson95,WKSTN-U1001	,chrome.exe,PROCESS_START,17.2,284
EP025365,2026-06-19 12:48:00,U1062,,WKSTN-U1062,Outlook,PROCESS_START,8.1,311
EP009008,2026-06-19 12:49:00,U1022,sandra.brown,WKSTN-U1022,explorer.exe,PROCESS_START,22.8,516
EP013412,2026-06-19 12:30:00,U1032,paul.wright91,WKSTN-U1032,teams.exe,PROCESS_START,23.6,648
EP018553,2026-06-19 13:03:00,U1045,daniel.sanchez90,WKSTN-U1045,Outlook,PROCESS_START,24.9,551
EP037523,2026-06-19 13:05:00,U1091,linda.robinson,WKSTN-U1091,PuTTY,PROCESS_START,29.8,702
EP029394,2026-06-19 13:08:00,U1072,kenneth.lopez,WKSTN-U1072,explorer.exe,PROCESS_START,16.7,680
EP004184,2026-06-19 13:13:00,U1011,donna.ramirez75,WKSTN-U1011,SAP,PROCESS_START,22.5,829
EP006255,2026-06-19 12:57:00,U1016,patricia.thomas,WKSTN-U1016,teams.exe,PROCESS_START,12.6,181
EP022571,2026-06-19 13:21:00,U1055,patricia.wilson54,WKSTN-U1055,Outlook,PROCESS_START,31.2,271
EP004576,2026-06-19 12:58:00,U1012,linda.martinez,WKSTN-U1012,teams.exe,PROCESS_START,30.2,148
EP020556,2026-06-19 13:10:00,U1050,  michael.ramirez ,WKSTN-U1050,Outlook,PROCESS_START,30.4,483
EP004577,2026-06-19 13:05:00,U1012,linda.martinez,WKSTN-U1012,explorer.exe,PROCESS_START,21.7,238
EP007202,2026-06-19 13:27:00,U1018,betty.white57,WKSTN-U1018,teams.exe,PROCESS_START,20800.0,573
EP001875,2026-06-19 13:16:00,U1005,robert.robinson,WKSTN-U1005,chrome.exe,process_start,17.1,675
EP030964,2026-06-19 13:23:00,U1076,john.torres,WKSTN-U1076,outlook.exe,PROCESS_START,8.9,761
EP028156,2026-06-19 13:21:00,U1069,JESSICA.CLARK,WKSTN-U1069,Outlook,PROCESS_START,26.2,325
EP035700,2026-06-19 13:26:00,U1087,charles.sanchez,WKSTN-U1087,notepad.exe,PROCESS_START,1.9,266
EP023345,2026-06-19 13:03:00,U1057,nancy.sanchez,,Salesforce,PROCESS_START,14.7,879
EP012140,2026-06-19 13:15:00,U1029,michelle.garcia54,WKSTN-U1029,VSCode,PROCESS_START,10.8,299
EP037087,2026-06-19 13:01:00,U1090,mary.hill,WKSTN-U1090,notepad.exe,PROCESS_START,6.1,284
EP016962,2026-06-19 12:53:00,U1041,matthew.allen52,WKSTN-U1041,Workday,PROCESS_START,13.8,439
EP034371,2026-06-19 12:59:00,U1084,joshua.taylor,WKSTN-U1084,explorer.exe,PROCESS_START,33.1,526
EP016170,2026-06-19 13:20:00,U1039,mark.thomas,WKSTN-U1039,explorer.exe,PROCESS_START,28.4,674
EP029769,2026-06-19 12:59:00,U1073,michael.gonzalez,WKSTN-U1073,Word,PROCESS_START,8.5,146
EP016172,2026-06-19 13:29:00,U1039,mark.thomas,WKSTN-U1039,Excel,PROCESS_START,24.5,357
EP028573,2026-06-19 12:59:00,U1070,betty.thomas40,WKSTN-U1070,notepad.exe,PROCESS_START,32.0,284
EP028160,2026-06-19 13:28:00,U1069,,WKSTN-U1069,notepad.exe,PROCESS_START,27.1,409
EP024981,2026-06-19 13:03:00,U1061,jessica.rodriguez,WKSTN-U1061,Excel,,20.8,814
EP024149,2026-06-19 13:31:00,U1059,daniel.perez98,WKSTN-U1059,teams.exe,PROCESS_START,15.6,747
EP033920,2026-06-19 13:38:00,U1083,  sarah.allen70 ,WKSTN-U1083,Slack,PROCESS_START,21.7,181
EP010345,2026-06-19 13:46:00,U1025,betty.brown22,WKSTN-U1025,Slack,PROCESS_START,10.4,737
EP032188,2026-06-19 13:55:00,U1079,emily.jones,WKSTN-U1079	,outlook.exe,PROCESS_START,31.0,541
EP035698,2026-06-19 13:34:00,U1087,charles.sanchez,WKSTN-U1087,Terminal,PROCESS_START,23.2,
EP010792,2026-06-19 13:29:00,U1026,ELIZABETH.GONZALEZ,WKSTN-U1026,Git,PROCESS_START,11.8,196
EP026557,2026-06-19 13:49:00,U1065,michael.ramirez47,WKSTN-U1065,chrome.exe,PROCESS_START,14.1,683
EP014969,2026-06-19 13:56:00,U1036,linda.jones,WKSTN-U1036,Chrome,PROCESS_START,3.0,715
EP017380,2026-06-19 13:34:00,U1042,michael.hill56,WKSTN-U1042,Outlook,process_start,1.3,130
EP034370,2026-06-19 13:33:00,U1084,joshua.taylor,WKSTN-U1084,teams.exe,PROCESS_START,24.2,623
EP019392,2026-06-19 13:44:00,U1047,sandra.lewis,WKSTN-U1047,Outlook,PROCESS_START,6.4,413
EP007197,2026-06-19 13:58:00,U1018,betty.white57	,WKSTN-U1018,slack,PROCESS_START,27.2,802
EP022569,2026-06-19 13:35:00,U1055,patricia.wilson54,WKSTN-U1055,chrome.exe,PROCESS_START,25.5,502
EP016171,2026-06-19 13:39:00,U1039,mark.thomas,WKSTN-U1039,Excel,PROCESS_START,6.4,
EP009006,2026-06-19 13:31:00,U1022,sandra.brown,WKSTN-U1022,Slack,PROCESS_START,23.2,729
EP040088,2026-06-19 13:40:00,U1097,mark.martinez10,WKSTN-U1097,teams.exe,PROCESS_START,32.6,646
EP030173,2026-06-19 13:34:00,U1074,sarah.williams7,WKSTN-U1074,outlook.exe,PROCESS_START,21.5,792
EP040854,2026-06-19 13:34:00,U1099,JOSEPH.GARCIA,WKSTN-U1099,Excel,PROCESS_START,6.6,166
EP018554,2026-06-19 13:43:00,U1045,daniel.sanchez90,WKSTN-U1045,Workday,PROCESS_START,23.8,533
EP030171,2026-06-19 13:44:00,U1074,,WKSTN-U1074,DocuSign,PROCESS_START,26.2,199
EP040470,2026-06-19 13:57:00,U1098,nancy.wright49,WKSTN-U1098,teams.exe,PROCESS_START,30.1,331
EP029770,2026-06-19 13:37:00,U1073,michael.gonzalez,WKSTN-U1073,Outlook,PROCESS_START,4.0,865
EP033461,2026-06-19 13:44:00,U1082,karen.hill96,WKSTN-U1082,PuTTY,PROCESS_START,1.3,878
EP029771,2026-06-19 13:39:00,U1073,michael.gonzalez,WKSTN-U1073,chrome.exe,PROCESS_START,25.2,248
EP005830,2026-06-19 13:42:00,U1015,lisa.hernandez,WKSTN-U1015,outlook.exe,PROCESS_START,24.7,145
EP018984,2026-06-19 14:11:00,U1046,michelle.torres39,WKSTN-U1046,notepad.exe,PROCESS_START,23.8,471
EP040857,2026-06-19 14:06:00,U1099,joseph.garcia,WKSTN-U1099,outlook.exe,PROCESS_START,8.3,427
EP035270,2026-06-19 14:19:00,U1086,steven.thompson53,WKSTN-U1086,outlook.exe,PROCESS_START,32.4,862
EP034374,2026-06-19 14:04:00,U1084,joshua.taylor,WKSTN-U1084,PUTTY,process_start,7.8,841
EP041228,2026-06-19 14:17:00,U1100,daniel.brown38,WKSTN-U1100,outlook.exe,PROCESS_START,28.3,726
EP014181,2026-06-19 14:23:00,U1034,thomas.allen63,WKSTN-U1034,Workday,PROCESS_START,34.9,737
EP010348,2026-06-19 14:21:00,U1025,betty.brown22,WKSTN-U1025,Git,PROCESS_START,29.1,521
EP017381,2026-06-19 14:09:00,U1042,michael.hill56,WKSTN-U1042,,PROCESS_START,9.8,578
EP032187,2026-06-19 14:04:00,U1079,emily.jones,WKSTN-U1079,PuTTY,PROCESS_START,15.6,257
EP039262,2026-06-19 14:27:00,U1095,RICHARD.THOMAS74,WKSTN-U1095,,PROCESS_START,6.4,703
EP010347,2026-06-19 14:25:00,U1025,betty.brown22,  WKSTN-U1025 ,Slack,PROCESS_START,7.3,
EP019391,2026-06-19 14:16:00,U1047,sandra.lewis,WKSTN-U1047	,outlook.exe,PROCESS_START,9.4,152
EP040469,2026-06-19 14:15:00,U1098,nancy.wright49,WKSTN-U1098,Chrome,PROCESS_START,31.9,147
EP031754,2026-06-19 14:12:00,U1078,michelle.miller,WKSTN-U1078,explorer.exe,PROCESS_START,5.7,794
EP030963,2026-06-19 14:25:00,U1076,john.torres,WKSTN-U1076,Outlook,PROCESS_START,20.2,521
EP023750,2026-06-19 14:18:00,U1058,jennifer.ramirez18,WKSTN-U1058,outlook.exe,PROCESS_START,3.9,405
EP009009,2026-06-19 14:17:00,U1022,sandra.brown,WKSTN-U1022,notepad.exe,PROCESS_START,31.9,389
EP026555,2026-06-19 14:18:00,U1065,michael.ramirez47,WKSTN-U1065,,PROCESS_START,11.6,663
EP002280,2026-06-19 14:18:00,U1006,george.gonzalez,WKSTN-U1006,explorer.exe,PROCESS_START,6.6,460
EP026558,2026-06-19 14:17:00,U1065,michael.ramirez47,WKSTN-U1065,chrome.exe,PROCESS_START,17.8,791
EP002673,2026-06-19 14:00:00,U1007,sarah.robinson82,WKSTN-U1007,explorer.exe,PROCESS_START,10.7,473
EP009451,2026-06-19 14:03:00,U1023,richard.wright,WKSTN-U1023,notepad.exe,PROCESS_START,21.0,338
EP033459,2026-06-19 14:15:00,U1082,karen.hill96,WKSTN-U1082,Active Directory Console,PROCESS_START,16.1,257
EP009450,2026-06-19 14:11:00,U1023,richard.wright,WKSTN-U1023,Jenkins,PROCESS_START,26.5,656
EP001087,2026-06-19 14:00:00,U1003,kenneth.clark29,WKSTN-U1003,Chrome,PROCESS_START,30.9,110
EP031356,2026-06-19 15:02:00,U1077,kimberly.harris58,WKSTN-U1077,Word,PROCESS_START,13.1,196
EP037084,2026-06-19 14:29:00,U1090,mary.hill,WKSTN-U1090,explorer.exe,,,166
EP029393,2026-06-19 15:04:00,U1072,kenneth.lopez,WKSTN-U1072,chrome.exe,PROCESS_START,20.4,621
EP028158,2026-06-19 14:38:00,U1069,jessica.clark,WKSTN-U1069,,PROCESS_START,,557
EP004575,2026-06-19 14:49:00,U1012,linda.martinez,WKSTN-U1012,notepad.exe,PROCESS_START,32.2,570
EP034824,2026-06-19 14:41:00,U1085,barbara.walker67,WKSTN-U1085,Terminal,PROCESS_START,11.5,330
EP033462,2026-06-19 15:03:00,U1082,karen.hill96,WKSTN-U1082,chrome.exe,PROCESS_START,2.6,162
EP025364,2026-06-19 14:52:00,U1062,william.martin,WKSTN-U1062,Chrome,PROCESS_START,7.8,223
EP015382,2026-06-19 14:34:00,U1037,robert.martin,WKSTN-U1037,Workday,PROCESS_START,10.4,356
EP007651,2026-06-19 14:34:00,U1019,donna.anderson,WKSTN-U1019,explorer.exe,PROCESS_START,24.2,614
EP029392,2026-06-19 14:30:00,U1072,kenneth.lopez,WKSTN-U1072,notepad.exe,PROCESS_START,6.9,675
EP028575,2026-06-19 15:03:00,U1070,betty.thomas40,WKSTN-U1070,teams.exe,PROCESS_START,30.7,100
EP002283,2026-06-19 14:28:00,U1006,george.gonzalez,WKSTN-U1006,notepad.exe,PROCESS_START,2.0,368
EP028577,2026-06-19 14:42:00,U1070,betty.thomas40	,WKSTN-U1070,notepad.exe,PROCESS_START,26.1,894
EP002672,2026-06-19 14:28:00,U1007,,WKSTN-U1007,outlook.exe,PROCESS_START,31.5,673
EP005831,2026-06-19 14:33:00,U1015,lisa.hernandez,WKSTN-U1015,outlook.exe	,PROCESS_START,27.3,
EP009906,2026-06-19 15:03:00,U1024,emily.miller,WKSTN-U1024,Docker Desktop,PROCESS_START,16.0,434
EP008101,2026-06-19 15:05:00,U1020,andrew.thomas36,WKSTN-U1020,,PROCESS_START,13.1,195
EP006737,2026-06-19 14:41:00,U1017,emily.hernandez34,WKSTN-U1017,chrome.exe,PROCESS_START,16.8,724
EP020960,2026-06-19 14:47:00,U1051,sandra.king72,WKSTN-U1051	,Outlook,PROCESS_START,9.3,
EP028157,2026-06-19 15:00:00,U1069,jessica.clark,WKSTN-U1069,DOCUSIGN,PROCESS_START,27.0,
EP008100,2026-06-19 14:36:00,U1020,andrew.thomas36,WKSTN-U1020,Docker Desktop,PROCESS_START,19.7,425
EP027364,2026-06-19 14:36:00,U1067,paul.thomas97,WKSTN-U1067,Outlook,PROCESS_START,3.9,538
EP039260,2026-06-19 14:58:00,U1095,richard.thomas74,WKSTN-U1095,teams.exe,PROCESS_START,10.1,247
EP019779,2026-06-19 14:28:00,U1048,jennifer.thomas87,WKSTN-U1048,outlook.exe,PROCESS_START,18.7,291
EP030961,2026-06-19 15:19:00,U1076,john.torres,WKSTN-U1076,Word,PROCESS_START,29.0,311
EP008544,2026-06-19 15:22:00,U1021,jessica.walker,WKSTN-U1021,explorer.exe,PROCESS_START,24.9,98
EP014968,2026-06-19 15:31:00,U1036,linda.jones,WKSTN-U1036,chrome.exe,PROCESS_START,28.0,531
EP021743,2026-06-19 15:18:00,U1053,john.jackson31,WKSTN-U1053,notepad.exe,PROCESS_START,2.8,196
EP028992,2026-06-19 15:22:00,U1071,matthew.robinson35,WKSTN-U1071,chrome.exe,PROCESS_START,5.8,133
EP017767,2026-06-19 15:34:00,U1043,thomas.williams91,WKSTN-U1043,outlook.exe,PROCESS_START,7.8,246
EP034372,2026-06-19 15:24:00,U1084,joshua.taylor,  WKSTN-U1084 ,chrome.exe,PROCESS_START,17.9,364
EP008543,2026-06-19 15:09:00,U1021,jessica.walker,WKSTN-U1021,notepad.exe,PROCESS_START,27.4,336
EP031353,2026-06-19 15:10:00,U1077,kimberly.harris58,WKSTN-U1077,notepad.exe,PROCESS_START,15.5,249
EP013409,2026-06-19 15:12:00,U1032,paul.wright91,WKSTN-U1032,Outlook,PROCESS_START,21.4,433
EP021350,2026-06-19 15:13:00,U1052,paul.taylor,WKSTN-U1052,outlook.exe,PROCESS_START,32.4,143
EP013413,2026-06-19 15:07:00,U1032,paul.wright91,,outlook.exe,PROCESS_START,32.9,294
EP022160,2026-06-19 15:20:00,U1054,anthony.martinez,WKSTN-U1054,,PROCESS_START,33.9,400
EP007199,2026-06-19 15:21:00,U1018,BETTY.WHITE57,WKSTN-U1018,Git,PROCESS_START,11.3,863
EP011705,2026-06-19 15:29:00,U1028,john.hill,WKSTN-U1028,Docker Desktop,PROCESS_START,17.3,285
EP018986,2026-06-19 15:15:00,U1046,MICHELLE.TORRES39,WKSTN-U1046,explorer.exe,PROCESS_START,14.0,268
EP019394,2026-06-19 15:18:00,U1047,sandra.lewis,WKSTN-U1047,Outlook,PROCESS_START,18.5,
EP006734,2026-06-19 15:23:00,U1017,emily.hernandez34,WKSTN-U1017,Docker Desktop,PROCESS_START,27.4,716
EP005828,2026-06-19 15:20:00,U1015,lisa.hernandez,,chrome.exe,PROCESS_START,11.2,732
EP006736,2026-06-19 15:23:00,U1017,emily.hernandez34,WKSTN-U1017,Chrome,process_start,13.3,887
EP018159,2026-06-19 15:15:00,U1044,lisa.ramirez9,WKSTN-U1044,Outlook,PROCESS_START,2.9,179
EP041660,2026-06-19 15:16:00,U1031,john.wright28,WKSTN-U1031,psexec.exe,PROCESS_START,55.2,1031
EP026156,2026-06-19 15:14:00,U1064,matthew.wright55,WKSTN-U1064,Outlook,PROCESS_START,17.4,
EP013408,2026-06-19 15:12:00,U1032,paul.wright91,WKSTN-U1032,Excel,PROCESS_START,2.5,384
EP037524,2026-06-19 15:12:00,U1091,linda.robinson,WKSTN-U1091,PuTTY,PROCESS_START,6.5,839
EP005416,2026-06-19 15:54:00,U1014,james.taylor,WKSTN-U1014,notepad.exe,PROCESS_START,31.8,419
EP030962,2026-06-19 15:38:00,U1076,john.torres,WKSTN-U1076,Chrome	,PROCESS_START,13.5,765
EP000257,2026-06-19 15:42:00,U1001,linda.johnson95,WKSTN-U1001	,Chrome,PROCESS_START,11.9,741
EP000670,2026-06-19 15:43:00,U1002,,WKSTN-U1002,Excel,PROCESS_START,17.6,726
EP003435,2026-06-19 15:41:00,U1009,daniel.brown,WKSTN-U1009,SAP,PROCESS_START,22.1,91
EP040856,2026-06-19 15:46:00,U1099,joseph.garcia,WKSTN-U1099,Excel,PROCESS_START,14.7,133
EP020157,2026-06-19 16:08:00,U1049,michelle.jones59,WKSTN-U1049,explorer.exe,PROCESS_START,16.1,725
EP030578,2026-06-19 15:40:00,U1075,steven.lewis,WKSTN-U1075,explorer.exe,PROCESS_START,23.4,802
EP024547,2026-06-19 15:55:00,U1060,matthew.anderson,WKSTN-U1060,Zoom,PROCESS_START,27.8,827
EP013801,2026-06-19 15:45:00,U1033,linda.miller,WKSTN-U1033,outlook.exe,PROCESS_START,30.6,482
EP011256,2026-06-19 15:53:00,U1027,patricia.brown75,WKSTN-U1027,Slack,PROCESS_START,8.4,870
EP038854,2026-06-19 15:48:00,U1094,elizabeth.lewis69,WKSTN-U1094,teams.exe,PROCESS_START,22.6,186
EP020961,2026-06-19 16:05:00,U1051,  sandra.king72 ,WKSTN-U1051,Chrome,PROCESS_START,9.4,
EP036189,2026-06-19 15:36:00,U1088,andrew.smith85,WKSTN-U1088,PUTTY	,PROCESS_START,6.1,578
EP022572,2026-06-19 15:46:00,U1055,patricia.wilson54,WKSTN-U1055,,PROCESS_START,12.3,411
EP041661,2026-06-19 15:49:00,U1031,john.wright28,WKSTN-U1031,7z.exe,PROCESS_START,27.5,1021
EP037979,2026-06-19 15:52:00,U1092,steven.thomas,WKSTN-U1092,outlook.exe,PROCESS_START,15.4,407
EP009007,2026-06-19 16:13:00,U1022,sandra.brown,WKSTN-U1022,teams.exe	,PROCESS_START,23.5,849
EP038852,2026-06-19 15:48:00,U1094,elizabeth.lewis69,WKSTN-U1094,teams.exe,PROCESS_START,1.4,350
EP015381,2026-06-19 15:52:00,U1037,robert.martin,WKSTN-U1037	,Workday,PROCESS_START,-28.7,203
EP014967,2026-06-19 15:38:00,U1036,LINDA.JONES,WKSTN-U1036,Chrome,PROCESS_START,16.0,90
EP033463,2026-06-19 15:38:00,U1082,karen.hill96,WKSTN-U1082,notepad.exe,PROCESS_START,23.8,896
EP018162,2026-06-19 16:14:00,U1044,lisa.ramirez9,WKSTN-U1044,Excel,PROCESS_START,10.4,575
EP018161,2026-06-19 15:55:00,U1044,lisa.ramirez9,WKSTN-U1044,Workday,PROCESS_START,9.1,80
EP012986,2026-06-19 15:38:00,U1031,  john.wright28 ,WKSTN-U1031,Outlook,PROCESS_START,25.6,605
EP031757,2026-06-19 16:32:00,U1078,michelle.miller,WKSTN-U1078,teams.exe,PROCESS_START,33.1,755
EP038853,2026-06-19 16:45:00,U1094,elizabeth.lewis69,WKSTN-U1094,outlook.exe,PROCESS_START,9.5,82
EP022952,2026-06-19 16:22:00,U1056,anthony.clark,WKSTN-U1056,explorer.exe,PROCESS_START,3.5,477
EP038856,2026-06-19 16:24:00,U1094,,WKSTN-U1094,Active Directory Console,PROCESS_START,12.9,385
EP016584,2026-06-19 16:58:00,U1040,matthew.martin,WKSTN-U1040,explorer.exe,PROCESS_START,29.0,349
EP003040,2026-06-19 16:54:00,U1008,joshua.hernandez,WKSTN-U1008,teams.exe,PROCESS_START,6.2,871
EP023343,2026-06-19 16:20:00,U1057,nancy.sanchez,WKSTN-U1057,outlook.exe	,PROCESS_START,5.3,601
EP016961,2026-06-19 16:23:00,U1041,matthew.allen52,WKSTN-U1041,explorer.exe,PROCESS_START,31.4,683
EP018163,2026-06-19 16:53:00,U1044,lisa.ramirez9	,WKSTN-U1044,outlook.exe,,15.2,719
EP037980,2026-06-19 16:23:00,U1092,STEVEN.THOMAS,WKSTN-U1092,terminal,PROCESS_START,20.1,240
EP011254,2026-06-19 16:25:00,U1027,patricia.brown75,WKSTN-U1027,Chrome,PROCESS_START,26.0,462
EP034825,2026-06-19 16:59:00,U1085,barbara.walker67,WKSTN-U1085,Terminal,PROCESS_START,15.8,247
EP028989,2026-06-19 16:40:00,U1071,matthew.robinson35,WKSTN-U1071,Outlook,,34.9,220
EP008099,2026-06-19 16:32:00,U1020,andrew.thomas36,WKSTN-U1020,chrome.exe,PROCESS_START,29.5,224
EP001088,2026-06-19 16:43:00,U1003,kenneth.clark29,WKSTN-U1003,outlook.exe,PROCESS_START,33.3,310
EP003436,2026-06-19 16:29:00,U1009,daniel.brown,WKSTN-U1009,Chrome,PROCESS_START,32.6,390
EP037525,2026-06-19 16:28:00,U1091,linda.robinson,WKSTN-U1091,Active Directory Console,PROCESS_START,8.6,294
EP001487,2026-06-19 16:57:00,U1004,elizabeth.wilson98,WKSTN-U1004,QuickBooks,,14.0,775
EP028988,2026-06-19 16:53:00,U1071,matthew.robinson35,WKSTN-U1071,Word,PROCESS_START,21.2,
EP022953,2026-06-19 16:18:00,U1056,anthony.clark,WKSTN-U1056,notepad.exe,PROCESS_START,10.1,600
EP040087,2026-06-19 16:15:00,U1097,mark.martinez10,WKSTN-U1097,Zoom,PROCESS_START,31.0,832
EP027363,2026-06-19 16:34:00,U1067,paul.thomas97,WKSTN-U1067,Outlook,PROCESS_START,1.5,460
EP008103,2026-06-19 16:53:00,U1020,andrew.thomas36,WKSTN-U1020,notepad.exe,process_start,27.6,N/A
EP032186,2026-06-19 16:24:00,U1079,emily.jones,WKSTN-U1079,teams.exe,PROCESS_START,14.2,103
EP003037,2026-06-19 16:48:00,U1008,joshua.hernandez,WKSTN-U1008,Outlook,PROCESS_START,20.9,866
EP006733,2026-06-19 17:23:00,U1017,emily.hernandez34,WKSTN-U1017,explorer.exe,PROCESS_START,21.3,613
EP030186,2026-06-20 11:32:00,U1074,sarah.williams7,  WKSTN-U1074 ,outlook.exe,PROCESS_START,5.7,713
EP026978,2026-06-19 17:04:00,U1066,  michelle.wright62 ,WKSTN-U1066,Word,PROCESS_START,24.3,537
EP013001,2026-06-20 09:51:00,U1031,john.wright28,WKSTN-U1031,Outlook,PROCESS_START,21.5,564
EP034395,2026-06-20 11:38:00,U1084,joshua.taylor,WKSTN-U1084,chrome.exe,PROCESS_START,24.3,457
EP041231,2026-06-19 17:30:00,U1100,daniel.brown38	,WKSTN-U1100,Zoom,PROCESS_START,34.5,498
EP034394,2026-06-20 11:15:00,U1084,joshua.taylor,WKSTN-U1084,Terminal,PROCESS_START,34.5,804
EP034396,2026-06-20 12:38:00,U1084,joshua.taylor,WKSTN-U1084,Wireshark,PROCESS_START,14.6,361
EP004594,2026-06-21 08:06:00,U1012,linda.martinez	,WKSTN-U1012,outlook.exe,PROCESS_START,4.2,423
EP030185,2026-06-20 13:28:00,U1074,sarah.williams7,WKSTN-U1074,teams.exe,PROCESS_START,5.2,651
EP013000,2026-06-20 07:59:00,U1031,john.wright28,WKSTN-U1031,explorer.exe,PROCESS_START,5.1,557
EP014182,2026-06-19 17:33:00,U1034,thomas.allen63,WKSTN-U1034,notepad.exe	,PROCESS_START,24.5,200
EP016960,2026-06-19 17:20:00,U1041,matthew.allen52,WKSTN-U1041,Excel,PROCESS_START,6.7,299
EP004593,2026-06-21 08:39:00,U1012,linda.martinez,,SAP,PROCESS_START,31.5,857
EP030188,2026-06-20 15:15:00,U1074,sarah.williams7,WKSTN-U1074,outlook.exe,PROCESS_START,6.3,357
EP034393,2026-06-20 15:22:00,U1084,joshua.taylor,WKSTN-U1084,teams.exe,PROCESS_START,24.0,390
EP013003,2026-06-20 07:24:00,U1031,john.wright28	,WKSTN-U1031,explorer.exe,PROCESS_START,18.8,442
EP013002,2026-06-20 12:12:00,U1031,john.wright28,WKSTN-U1031,Excel	,PROCESS_START,31.3,497
EP026977,2026-06-19 17:30:00,U1066,michelle.wright62,WKSTN-U1066,teams.exe,PROCESS_START,24.7,575
EP030187,2026-06-20 15:00:00,U1074,sarah.williams7,WKSTN-U1074,Word,PROCESS_START,17.1,782
EP025363,2026-06-19 18:00:00,U1062,william.martin,WKSTN-U1062,notepad.exe,PROCESS_START,4.6,450
EP034397,2026-06-20 11:34:00,U1084,joshua.taylor,WKSTN-U1084,Active Directory Console,PROCESS_START,30.4,596
EP030580,2026-06-19 17:19:00,U1075,,WKSTN-U1075,explorer.exe,PROCESS_START,22.5,136
EP034392,2026-06-20 09:42:00,U1084,joshua.taylor,WKSTN-U1084	,PuTTY,PROCESS_START,19.9,364
EP004181,2026-06-19 17:36:00,U1011,donna.ramirez75,WKSTN-U1011,SAP,PROCESS_START,20.6,561
EP028196,2026-06-22 07:59:00,U1069,jessica.clark,WKSTN-U1069,Outlook,PROCESS_START,15.8,439
EP033072,2026-06-22 07:00:00,U1081,margaret.davis,WKSTN-U1081,Wireshark,PROCESS_START,2.1,870
EP028179,2026-06-21 11:11:00,U1069,jessica.clark,WKSTN-U1069,Outlook,PROCESS_START,14.8,131
EP030205,2026-06-22 07:49:00,U1074,sarah.williams7,WKSTN-U1074,teams.exe	,PROCESS_START,4.7,-885.0
EP005429,2026-06-22 07:38:00,U1014,james.taylor,WKSTN-U1014,SAP,PROCESS_START,14.1,689
EP028175,2026-06-21 12:24:00,U1069,jessica.clark,WKSTN-U1069,Outlook,PROCESS_START,16.3,406
EP023365,2026-06-22 08:10:00,U1057,nancy.sanchez,WKSTN-U1057,outlook.exe,PROCESS_START,7.0,532
EP009472,2026-06-22 07:44:00,U1023,richard.wright,WKSTN-U1023,chrome.exe,PROCESS_START,13.5,886
EP012157,2026-06-22 08:32:00,U1029,michelle.garcia54,WKSTN-U1029,Git,PROCESS_START,5.5,189
EP005432,2026-06-22 07:55:00,U1014,james.taylor,WKSTN-U1014,teams.exe,PROCESS_START,5.5,485
EP020172,2026-06-22 08:24:00,U1049,  michelle.jones59 ,WKSTN-U1049,Salesforce,PROCESS_START,5.4,120
EP006276,2026-06-22 07:33:00,U1016,patricia.thomas,WKSTN-U1016,notepad.exe,PROCESS_START,23.5,896
EP004595,2026-06-21 14:33:00,U1012,linda.martinez,WKSTN-U1012,SAP,PROCESS_START,14.8,485
EP028176,2026-06-21 11:45:00,U1069,jessica.clark,WKSTN-U1069,explorer.exe,PROCESS_START,19.2,114
EP036209,2026-06-22 08:24:00,U1088,andrew.smith85,WKSTN-U1088,NOTEPAD.EXE,PROCESS_START,22.6,495
EP028178,2026-06-21 15:53:00,U1069,jessica.clark,WKSTN-U1069,teams.exe,PROCESS_START,7.2,298
EP031777,2026-06-22 08:19:00,U1078,michelle.miller,WKSTN-U1078,,PROCESS_START,27.2,671
EP028177,2026-06-21 16:40:00,U1069,jessica.clark,WKSTN-U1069,teams.exe,PROCESS_START,29.6,818
EP040875,2026-06-22 07:30:00,U1099,joseph.garcia,WKSTN-U1099,Excel,PROCESS_START,31.3,365
EP004592,2026-06-21 12:56:00,U1012,linda.martinez,WKSTN-U1012,Excel,PROCESS_START,9.3,815
EP009927,2026-06-22 08:20:00,U1024,emily.miller,WKSTN-U1024,,PROCESS_START,22.0,485
EP037544,2026-06-22 08:27:00,U1091,linda.robinson,WKSTN-U1091,teams.exe,PROCESS_START,15.0,413
EP035723,2026-06-22 08:01:00,U1087,charles.sanchez,WKSTN-U1087,Terminal,process_start,7.9,187
EP041251,2026-06-22 07:14:00,U1100,daniel.brown38,WKSTN-U1100,outlook.exe,PROCESS_START,15.6,533000.0
EP033480,2026-06-22 07:22:00,U1082,karen.hill96,WKSTN-U1082,explorer.exe,,17.5,712
EP021367,2026-06-22 08:56:00,U1052,paul.taylor,WKSTN-U1052,Zoom,PROCESS_START,27.6,422
EP009471,2026-06-22 08:54:00,U1023,richard.wright,  WKSTN-U1023 ,Docker Desktop,PROCESS_START,34.1,854
EP005431,2026-06-22 08:49:00,U1014,james.taylor,  WKSTN-U1014 ,chrome.exe,PROCESS_START,12.6,895
EP027380,2026-06-22 09:17:00,U1067,paul.thomas97,WKSTN-U1067,DocuSign,PROCESS_START,19.1,696
EP040486,2026-06-22 08:46:00,U1098,nancy.wright49,  WKSTN-U1098 ,explorer.exe,PROCESS_START,7.3,
EP005033,2026-06-22 08:46:00,U1013,emily.smith,  WKSTN-U1013 ,teams.exe,PROCESS_START,21.0,679
EP026995,2026-06-22 09:03:00,U1066,michelle.wright62,WKSTN-U1066,Outlook,PROCESS_START,25.3,838
EP006755,2026-06-22 08:49:00,U1017,emily.hernandez34,WKSTN-U1017,,PROCESS_START,,111
EP003060,2026-06-22 08:53:00,U1008,joshua.hernandez,WKSTN-U1008,QuickBooks,PROCESS_START,29.8,261
EP029789,2026-06-22 09:17:00,U1073,michael.gonzalez,WKSTN-U1073,chrome.exe,PROCESS_START,13.3,264
EP030202,2026-06-22 08:45:00,U1074,sarah.williams7,WKSTN-U1074,outlook.exe,PROCESS_START,23.6,364
EP006756,2026-06-22 08:50:00,U1017,emily.hernandez34	,WKSTN-U1017,Chrome,PROCESS_START,9.3,852
EP006278,2026-06-22 09:10:00,U1016,patricia.thomas,WKSTN-U1016,Git,PROCESS_START,24.0,480
EP015396,2026-06-22 08:56:00,U1037,robert.martin,WKSTN-U1037,chrome.exe,PROCESS_START,14.1,707
EP036645,2026-06-22 08:38:00,U1089,paul.brown27,WKSTN-U1089,chrome.exe,PROCESS_START,,191
EP021365,2026-06-22 09:04:00,U1052,paul.taylor,WKSTN-U1052,Excel,PROCESS_START,22.6,263
EP034413,2026-06-22 08:50:00,U1084,joshua.taylor,WKSTN-U1084,Wireshark,PROCESS_START,20.3,550
EP010367,2026-06-22 09:00:00,U1025,betty.brown22,WKSTN-U1025,Git,PROCESS_START,4.4,368
EP008121,2026-06-22 08:50:00,U1020,andrew.thomas36,WKSTN-U1020,chrome.exe,PROCESS_START,21.7,489
EP009024,2026-06-22 09:05:00,U1022,sandra.brown,WKSTN-U1022,explorer.exe,PROCESS_START,19.7,516
EP001105,2026-06-22 09:10:00,U1003,kenneth.clark29,  WKSTN-U1003 ,chrome.exe,process_start,5.6,699
EP008119,2026-06-22 09:05:00,U1020,andrew.thomas36,WKSTN-U1020,Git,PROCESS_START,11.4,111
EP030204,2026-06-22 09:00:00,U1074,sarah.williams7,WKSTN-U1074,chrome.exe,PROCESS_START,6.7,289
EP030201,2026-06-22 08:43:00,U1074,sarah.williams7,WKSTN-U1074,notepad.exe,PROCESS_START,28.6,256
EP033070,2026-06-22 08:32:00,U1081,margaret.davis,WKSTN-U1081,Slack,PROCESS_START,13.8,101
EP035725,2026-06-22 09:49:00,U1087,charles.sanchez,WKSTN-U1087,Wireshark	,PROCESS_START,14.7,553
EP030984,2026-06-22 09:53:00,U1076,,WKSTN-U1076,Word	,PROCESS_START,31.8,91
EP011718,2026-06-22 09:28:00,U1028,john.hill,WKSTN-U1028,outlook.exe,PROCESS_START,4.8,578
EP010808,2026-06-22 09:37:00,U1026,elizabeth.gonzalez,WKSTN-U1026,outlook.exe	,PROCESS_START,3.2,873
EP030596,2026-06-22 09:20:00,U1075,steven.lewis,WKSTN-U1075,teams.exe,PROCESS_START,20.3,86
EP020171,2026-06-22 09:18:00,U1049,michelle.jones59,WKSTN-U1049,outlook.exe,PROCESS_START,20.2,888
EP030206,2026-06-22 09:46:00,U1074,sarah.williams7,WKSTN-U1074,chrome.exe,PROCESS_START,29.6,719
EP020977,2026-06-22 09:41:00,U1051,sandra.king72,WKSTN-U1051,Salesforce,PROCESS_START,24.0,392
EP015395,2026-06-22 09:20:00,U1037,robert.martin,WKSTN-U1037,Excel,PROCESS_START,26.9,257
EP039277,2026-06-22 09:37:00,U1095,richard.thomas74,WKSTN-U1095,notepad.exe,process_start,2.2,245
EP027750,2026-06-22 09:48:00,U1068,susan.thompson34	,WKSTN-U1068,teams.exe,PROCESS_START,7.7,261
EP036208,2026-06-22 09:48:00,U1088,andrew.smith85,WKSTN-U1088,outlook.exe,PROCESS_START,17.0,397
EP007676,2026-06-22 09:25:00,U1019,donna.anderson,WKSTN-U1019,VSCode,PROCESS_START,9.6,365
EP039279,2026-06-22 09:46:00,U1095,richard.thomas74,WKSTN-U1095,Chrome,PROCESS_START,7.8,168
EP020978,2026-06-22 09:51:00,U1051,sandra.king72,WKSTN-U1051,explorer.exe,PROCESS_START,9.9,856
EP000272,2026-06-22 09:53:00,U1001,linda.johnson95,WKSTN-U1001,notepad.exe,PROCESS_START,24.6,143
EP030203,2026-06-22 09:52:00,U1074,sarah.williams7,WKSTN-U1074,Outlook,PROCESS_START,3.7,
EP016601,2026-06-22 09:28:00,U1040,MATTHEW.MARTIN,WKSTN-U1040,notepad.exe,PROCESS_START,20.5,276
EP014197,2026-06-22 09:44:00,U1034,thomas.allen63,WKSTN-U1034,notepad.exe,PROCESS_START,9.9,551
EP004615,2026-06-22 09:29:00,U1012,linda.martinez,WKSTN-U1012,Chrome,PROCESS_START,23.0,465
EP005850,2026-06-22 09:56:00,U1015,lisa.hernandez,WKSTN-U1015,explorer.exe,PROCESS_START,18.8,425
EP029406,2026-06-22 09:20:00,U1072,kenneth.lopez,WKSTN-U1072,teams.exe,PROCESS_START,7.1,743
EP022183,2026-06-22 09:52:00,U1054,anthony.martinez,WKSTN-U1054,explorer.exe,PROCESS_START,3.6,572
EP039278,2026-06-22 09:19:00,U1095,richard.thomas74,WKSTN-U1095,notepad.exe,PROCESS_START,13.2,194
EP041250,2026-06-22 09:40:00,U1100,daniel.brown38,WKSTN-U1100,Outlook,PROCESS_START,19.1,617
EP027747,2026-06-22 10:23:00,U1068,susan.thompson34,WKSTN-U1068,outlook.exe,PROCESS_START,5.0,473
EP040105,2026-06-22 10:24:00,U1097,mark.martinez10,WKSTN-U1097,explorer.exe,PROCESS_START,20.2,309
EP023764,2026-06-22 09:59:00,U1058,jennifer.ramirez18,WKSTN-U1058,outlook.exe,PROCESS_START,26.4,430
EP021763,2026-06-22 10:30:00,U1053,john.jackson31,WKSTN-U1053,Excel,PROCESS_START,18.6,267
EP037100,2026-06-22 10:21:00,U1090,mary.hill,WKSTN-U1090,notepad.exe	,PROCESS_START,18.4,163
EP008563,2026-06-22 10:22:00,U1021,jessica.walker,  WKSTN-U1021 ,Docker Desktop,PROCESS_START,18.0,570
EP014986,2026-06-22 10:17:00,U1036,linda.jones,WKSTN-U1036,explorer.exe,PROCESS_START,14.9,439
EP015802,2026-06-22 10:03:00,U1038,emily.clark,WKSTN-U1038,Outlook,PROCESS_START,15.0,529
EP006753,2026-06-22 09:58:00,U1017,emily.hernandez34,WKSTN-U1017,Chrome,PROCESS_START,6.7,859
EP027378,2026-06-22 10:25:00,U1067,paul.thomas97,WKSTN-U1067,Word,PROCESS_START,12.5,297
EP001104,2026-06-22 10:28:00,U1003,kenneth.clark29,WKSTN-U1003,outlook,,24.4,447
EP016191,2026-06-22 10:24:00,U1039,mark.thomas,WKSTN-U1039,chrome.exe,PROCESS_START,26.4,842
EP026994,2026-06-22 10:04:00,U1066,michelle.wright62,WKSTN-U1066,Word,PROCESS_START,20.6,163
EP039701,2026-06-22 10:16:00,U1096,david.allen76,  WKSTN-U1096 ,notepad.exe,PROCESS_START,14.9,253
EP028592,2026-06-22 09:59:00,U1070,betty.thomas40,WKSTN-U1070,teams.exe,PROCESS_START,21.8,122
EP009470,2026-06-22 10:00:00,U1023,richard.wright,WKSTN-U1023,Git,process_start,16.8,586
EP005030,2026-06-22 10:07:00,U1013,emily.smith,WKSTN-U1013,explorer.exe,PROCESS_START,5.6,699
EP016600,2026-06-22 10:21:00,U1040,matthew.martin,WKSTN-U1040,notepad.exe,PROCESS_START,,93
EP014200,2026-06-22 10:05:00,U1034,thomas.allen63,WKSTN-U1034,Excel,PROCESS_START,17.9,101
EP013018,2026-06-22 10:02:00,U1031,john.wright28,WKSTN-U1031,notepad.exe,PROCESS_START,10.7,616
EP023766,2026-06-22 10:04:00,U1058,jennifer.ramirez18,WKSTN-U1058,teams.exe,PROCESS_START,7.3,867
EP020578,2026-06-22 10:22:00,U1050,michael.ramirez,WKSTN-U1050,notepad.exe,PROCESS_START,8.3,618
EP040104,2026-06-22 10:01:00,U1097,mark.martinez10,  WKSTN-U1097 ,chrome.exe,PROCESS_START,27600.0,515
EP019410,2026-06-22 10:15:00,U1047,sandra.lewis,WKSTN-U1047	,Salesforce,PROCESS_START,28.6,868
EP037102,2026-06-22 10:08:00,U1090,mary.hill,WKSTN-U1090,notepad.exe,PROCESS_START,24.0,375
EP029008,2026-06-22 10:34:00,U1071,matthew.robinson35,WKSTN-U1071,Word,PROCESS_START,12.0,539
EP013429,2026-06-22 10:46:00,U1032,paul.wright91,WKSTN-U1032,Chrome,PROCESS_START,29.2,870
EP032209,2026-06-22 10:52:00,U1079,emily.jones,WKSTN-U1079,Wireshark,PROCESS_START,15.3,834
EP019408,2026-06-22 10:37:00,U1047,sandra.lewis,WKSTN-U1047,Chrome,PROCESS_START,22.6,N/A
EP002301,2026-06-22 10:34:00,U1006,george.gonzalez,WKSTN-U1006,SAP,process_start,5.8,396
EP031373,2026-06-22 10:44:00,U1077,kimberly.harris58,WKSTN-U1077,explorer.exe,PROCESS_START,7.6,340
EP035724,2026-06-22 10:36:00,U1087,charles.sanchez,WKSTN-U1087,Chrome,PROCESS_START,16.7,179
EP020579,2026-06-22 10:36:00,U1050,michael.ramirez,WKSTN-U1050,chrome.exe,PROCESS_START,10.8,311
EP006757,2026-06-22 10:38:00,U1017,emily.hernandez34,WKSTN-U1017,VSCode,,24.7,395
EP040874,2026-06-22 10:52:00,U1099,joseph.garcia,WKSTN-U1099,powerpoint,PROCESS_START,17.5,506
EP030980,2026-06-22 10:42:00,U1076,john.torres,WKSTN-U1076,Word,PROCESS_START,2.5,548
EP026576,2026-06-22 10:32:00,U1065,michael.ramirez47,WKSTN-U1065,notepad.exe,PROCESS_START,15.8,726
EP015798,2026-06-22 10:46:00,U1038,emily.clark,WKSTN-U1038,chrome.exe,PROCESS_START,5.5,503
EP013427,2026-06-22 10:43:00,U1032,paul.wright91,WKSTN-U1032,Workday,PROCESS_START,29.2,658
EP028591,2026-06-22 10:44:00,U1070,betty.thomas40,WKSTN-U1070,notepad.exe,,21.7,127
EP014195,2026-06-22 10:52:00,U1034,thomas.allen63,WKSTN-U1034,Outlook,PROCESS_START,5.9,788
EP032210,2026-06-22 10:55:00,U1079,emily.jones,WKSTN-U1079,OUTLOOK.EXE,PROCESS_START,4.5,746
EP030983,2026-06-22 10:52:00,U1076,john.torres,WKSTN-U1076,Chrome,PROCESS_START,11.9,
EP000692,2026-06-22 10:41:00,U1002,donna.ramirez,WKSTN-U1002,outlook.exe,PROCESS_START,10.2,700
EP031778,2026-06-22 10:49:00,U1078,michelle.miller,WKSTN-U1078,notepad.exe,PROCESS_START,26.3,665
EP030598,2026-06-22 10:55:00,U1075,steven.lewis,WKSTN-U1075,outlook.exe,PROCESS_START,34.6,148
EP022974,2026-06-22 10:41:00,U1056,anthony.clark,WKSTN-U1056,outlook.exe,PROCESS_START,32.5,235
EP013017,2026-06-22 10:55:00,U1031,john.wright28,WKSTN-U1031,Chrome,PROCESS_START,16.8,423
EP020581,2026-06-22 10:35:00,U1050,michael.ramirez,WKSTN-U1050,explorer.exe,PROCESS_START,19.4,851
EP024568,2026-06-22 10:47:00,U1060,matthew.anderson,WKSTN-U1060,teams.exe,PROCESS_START,8.8,329
EP034409,2026-06-22 11:18:00,U1084,joshua.taylor,WKSTN-U1084,chrome.exe,PROCESS_START,18.3,561000.0
EP016982,2026-06-22 11:02:00,U1041,matthew.allen52,WKSTN-U1041,CHROME,PROCESS_START,26.3,100
EP017398,2026-06-22 11:28:00,U1042,michael.hill56,WKSTN-U1042,Outlook,PROCESS_START,21.0,
EP023767,2026-06-22 11:06:00,U1058,jennifer.ramirez18,WKSTN-U1058,Excel,PROCESS_START,24.6,884
EP008123,2026-06-22 10:58:00,U1020,andrew.thomas36,WKSTN-U1020,teams.exe,PROCESS_START,10.2,439
EP028197,2026-06-22 11:33:00,U1069,jessica.clark,WKSTN-U1069,Outlook,PROCESS_START,28.2,726
EP007219,2026-06-22 11:10:00,U1018,betty.white57,WKSTN-U1018,Chrome,PROCESS_START,20.7,510
EP008566,2026-06-22 11:00:00,U1021,jessica.walker,WKSTN-U1021,Chrome,PROCESS_START,31.0,132
EP023364,2026-06-22 11:21:00,U1057,nancy.sanchez,WKSTN-U1057,Salesforce,PROCESS_START,19.9,821
EP000274,2026-06-22 11:07:00,U1001,linda.johnson95,WKSTN-U1001,outlook.exe,PROCESS_START,32.4,800
EP021364,2026-06-22 11:13:00,U1052,paul.taylor,WKSTN-U1052,notepad.exe,PROCESS_START,19.1,701
EP007678,2026-06-22 10:59:00,U1019,donna.anderson,WKSTN-U1019,Git,PROCESS_START,15.8,350
EP023763,2026-06-22 10:57:00,U1058,,WKSTN-U1058,explorer.exe,PROCESS_START,11.4,862
EP025787,2026-06-22 11:30:00,U1063,john.nguyen,WKSTN-U1063,notepad.exe,,14.3,137
EP034841,2026-06-22 11:32:00,U1085,barbara.walker67,WKSTN-U1085,Active Directory Console,PROCESS_START,12.4,115
EP018572,2026-06-22 11:22:00,U1045,daniel.sanchez90,WKSTN-U1045,explorer.exe,PROCESS_START,2.1,432
EP029790,2026-06-22 11:04:00,U1073,  michael.gonzalez ,WKSTN-U1073,chrome.exe,PROCESS_START,26.4,555
EP014982,2026-06-22 11:22:00,U1036,linda.jones,WKSTN-U1036,chrome.exe,PROCESS_START,6.5,560
EP021366,2026-06-22 11:31:00,U1052,paul.taylor,WKSTN-U1052,Zoom,PROCESS_START,7.2,661
EP003057,2026-06-22 11:03:00,U1008,joshua.hernandez,WKSTN-U1008,Outlook,PROCESS_START,,166
EP030597,2026-06-22 11:30:00,U1075,steven.lewis,WKSTN-U1075,chrome.exe,PROCESS_START,30.4,497
EP021759,2026-06-22 11:21:00,U1053,john.jackson31,WKSTN-U1053,teams.exe,process_start,8.8,665
EP031776,2026-06-22 11:21:00,U1078,,WKSTN-U1078,explorer.exe,PROCESS_START,16.4,453
EP030594,2026-06-22 10:57:00,U1075,steven.lewis,WKSTN-U1075,chrome.exe,PROCESS_START,11.0,333
EP026575,2026-06-22 11:01:00,U1065,MICHAEL.RAMIREZ47	,WKSTN-U1065,notepad.exe,PROCESS_START,17.0,150
EP018182,2026-06-22 11:55:00,U1044,lisa.ramirez9,WKSTN-U1044,notepad.exe,PROCESS_START,8.2,312
EP033069,2026-06-22 11:35:00,U1081,margaret.davis,WKSTN-U1081,TERMINAL,PROCESS_START,15.5,602
EP026996,2026-06-22 11:55:00,U1066,michelle.wright62,WKSTN-U1066,teams.exe,PROCESS_START,15.4,735
EP034410,2026-06-22 11:40:00,U1084,joshua.taylor,WKSTN-U1084,teams.exe,PROCESS_START,22.9,833
EP029788,2026-06-22 11:55:00,U1073,MICHAEL.GONZALEZ,WKSTN-U1073,Chrome,PROCESS_START,25.5,103
EP013819,2026-06-22 11:50:00,U1033,linda.miller,WKSTN-U1033,  WORKDAY ,PROCESS_START,1.0,255
EP020583,2026-06-22 11:56:00,U1050,michael.ramirez,WKSTN-U1050,explorer.exe,PROCESS_START,10.9,226
EP026993,2026-06-22 11:53:00,U1066,michelle.wright62,WKSTN-U1066,Outlook,PROCESS_START,24.6,652
EP016979,2026-06-22 12:00:00,U1041,matthew.allen52,WKSTN-U1041,Excel,PROCESS_START,34.2,578
EP024999,2026-06-22 11:49:00,U1061,jessica.rodriguez	,WKSTN-U1061,Chrome,,27.2,93
EP035290,2026-06-22 11:51:00,U1086,steven.thompson53,WKSTN-U1086,teams.exe,PROCESS_START,8.6,610
EP041249,2026-06-22 11:38:00,U1100,daniel.brown38,WKSTN-U1100,Excel,PROCESS_START,10.6,858
EP024567,2026-06-22 11:57:00,U1060,matthew.anderson,WKSTN-U1060,Outlook,PROCESS_START,12.2,639
EP026572,2026-06-22 11:46:00,U1065,michael.ramirez47,WKSTN-U1065,notepad.exe,PROCESS_START,22.7,450
EP005852,2026-06-22 11:59:00,U1015,lisa.hernandez,WKSTN-U1015,SAP,PROCESS_START,13.2,504
EP014984,2026-06-22 11:56:00,U1036,linda.jones,WKSTN-U1036,Excel,PROCESS_START,,597
EP003055,2026-06-22 11:54:00,U1008,joshua.hernandez,WKSTN-U1008,Excel,PROCESS_START,13.1,397
EP004611,2026-06-22 11:51:00,U1012,linda.martinez,WKSTN-U1012,Chrome,PROCESS_START,11.2,117
EP007675,2026-06-22 11:41:00,U1019,donna.anderson,WKSTN-U1019,,PROCESS_START,11.4,334
EP010368,2026-06-22 11:54:00,U1025,betty.brown22,WKSTN-U1025,Chrome,PROCESS_START,15.7,115
EP028593,2026-06-22 11:55:00,U1070,betty.thomas40,WKSTN-U1070,notepad.exe,PROCESS_START,9.8,537
EP010810,2026-06-22 11:33:00,U1026,ELIZABETH.GONZALEZ,WKSTN-U1026,Jenkins,PROCESS_START,27.6,
EP037543,2026-06-22 11:52:00,U1091,linda.robinson,WKSTN-U1091,teams.exe,PROCESS_START,11.8,800
EP029009,2026-06-22 11:50:00,U1071,matthew.robinson35,WKSTN-U1071,teams.exe,PROCESS_START,13.8,549
EP038877,2026-06-22 11:56:00,U1094,elizabeth.lewis69,WKSTN-U1094,explorer.exe	,PROCESS_START,20.5,853
EP019407,2026-06-22 12:01:00,U1047,sandra.lewis,WKSTN-U1047,Salesforce,PROCESS_START,29.6,689
EP009025,2026-06-22 12:04:00,U1022,SANDRA.BROWN,WKSTN-U1022,VSCode,PROCESS_START,17.3,835000.0
EP001504,2026-06-22 12:04:00,U1004,elizabeth.wilson98,WKSTN-U1004,explorer.exe,PROCESS_START,4.3,433
EP016188,2026-06-22 12:14:00,U1039,mark.thomas,WKSTN-U1039,Workday,PROCESS_START,17.7,271
EP020173,2026-06-22 12:03:00,U1049,michelle.jones59,WKSTN-U1049,chrome.exe,PROCESS_START,25.3,113
EP025788,2026-06-22 12:16:00,U1063,john.nguyen,WKSTN-U1063,outlook.exe,PROCESS_START,21.5,498
EP024165,2026-06-22 12:13:00,U1059,daniel.perez98,WKSTN-U1059,Salesforce,,31.3,878
EP033941,2026-06-22 12:05:00,U1083,  sarah.allen70 ,WKSTN-U1083,outlook.exe,PROCESS_START,13.5,739
EP019795,2026-06-22 12:15:00,U1048,jennifer.thomas87,WKSTN-U1048,outlook.exe,PROCESS_START,4.8,859
EP039697,2026-06-22 12:29:00,U1096,david.allen76,WKSTN-U1096,Zoom,PROCESS_START,30.9,781
EP001106,2026-06-22 12:30:00,U1003,kenneth.clark29,WKSTN-U1003,notepad.exe,PROCESS_START,7.3,476
EP033071,2026-06-22 12:28:00,U1081,margaret.davis,WKSTN-U1081,notepad.exe,PROCESS_START,23.8,242
EP040487,2026-06-22 12:19:00,U1098,nancy.wright49,WKSTN-U1098,teams.exe,PROCESS_START,11.9,428
EP004610,2026-06-22 12:30:00,U1012,linda.martinez,WKSTN-U1012,notepad.exe,PROCESS_START,3.1,675
EP014606,2026-06-22 12:13:00,U1035,nancy.rodriguez82,WKSTN-U1035,teams.exe,PROCESS_START,32.1,325
EP001503,2026-06-22 12:08:00,U1004,elizabeth.wilson98,WKSTN-U1004,teams.exe,PROCESS_START,1.9,720
EP031774,2026-06-22 12:13:00,U1078,michelle.miller,,chrome.exe,PROCESS_START,10.5,746
EP018571,2026-06-22 12:05:00,U1045,daniel.sanchez90	,WKSTN-U1045,Chrome,PROCESS_START,27.8,621
EP009929,2026-06-22 12:01:00,U1024,emily.miller,WKSTN-U1024,Jenkins,,33.1,284
EP040485,2026-06-22 12:16:00,U1098,nancy.wright49,WKSTN-U1098,chrome.exe,PROCESS_START,3.8,758
EP026172,2026-06-22 12:21:00,U1064,matthew.wright55,WKSTN-U1064,Word,PROCESS_START,6.0,118
EP029408,2026-06-22 12:24:00,U1072,kenneth.lopez,WKSTN-U1072,Word,PROCESS_START,29.1,254
EP026173,2026-06-22 12:18:00,U1064,matthew.wright55,WKSTN-U1064,docusign,PROCESS_START,,338
EP019001,2026-06-22 12:09:00,U1046,michelle.torres39,WKSTN-U1046,chrome.exe,PROCESS_START,13.4,246
EP035289,2026-06-22 12:15:00,U1086,steven.thompson53,WKSTN-U1086,outlook.exe,PROCESS_START,25.2,94
EP034840,2026-06-22 13:04:00,U1085,barbara.walker67,WKSTN-U1085,Terminal,PROCESS_START,3.2,635
EP022186,2026-06-22 12:52:00,U1054,anthony.martinez,WKSTN-U1054,Chrome,PROCESS_START,29.8,436
EP039699,2026-06-22 12:59:00,U1096,david.allen76,WKSTN-U1096,explorer.exe,PROCESS_START,15.9,694
EP003453,2026-06-22 13:06:00,U1009,daniel.brown,WKSTN-U1009,chrome.exe,PROCESS_START,27.9,812
EP025002,2026-06-22 12:33:00,U1061,jessica.rodriguez,WKSTN-U1061,Zoom,PROCESS_START,25.5,475
EP012159,2026-06-22 12:34:00,U1029,michelle.garcia54,WKSTN-U1029,chrome.exe,PROCESS_START,31.6,755
EP006273,2026-06-22 12:36:00,U1016,,,notepad.exe,PROCESS_START,3.3,107
EP010366,2026-06-22 13:02:00,U1025,betty.brown22,WKSTN-U1025,chrome.exe,PROCESS_START,18.9,432
EP039698,2026-06-22 12:58:00,U1096,david.allen76,WKSTN-U1096,notepad.exe,PROCESS_START,24.9,505
EP035287,2026-06-22 12:48:00,U1086,steven.thompson53,WKSTN-U1086,outlook.exe,PROCESS_START,30.6,701
EP025000,2026-06-22 13:02:00,U1061,jessica.rodriguez,WKSTN-U1061,teams.exe,PROCESS_START,31.4,111
EP020976,2026-06-22 12:53:00,U1051,sandra.king72,WKSTN-U1051,outlook.exe,PROCESS_START,16.7,113
EP017783,2026-06-22 12:52:00,U1043,thomas.williams91,WKSTN-U1043,chrome.exe,PROCESS_START,9.9,522
EP020580,2026-06-22 12:47:00,U1050,michael.ramirez,WKSTN-U1050,Zoom,PROCESS_START,2.8,844
EP025789,2026-06-22 13:07:00,U1063,john.nguyen,WKSTN-U1063,teams.exe,PROCESS_START,18.3,317
EP029405,2026-06-22 12:45:00,U1072,kenneth.lopez,WKSTN-U1072,teams.exe,PROCESS_START,27.7,303
EP011716,2026-06-22 12:32:00,U1028,john.hill,WKSTN-U1028,Docker Desktop,PROCESS_START,4.6,614
EP038875,2026-06-22 12:51:00,U1094,elizabeth.lewis69,WKSTN-U1094,Chrome,PROCESS_START,2.8,760
EP033938,2026-06-22 12:45:00,U1083,sarah.allen70,WKSTN-U1083,notepad.exe,PROCESS_START,29.7,838
EP038876,2026-06-22 12:39:00,U1094,elizabeth.lewis69,WKSTN-U1094,outlook.exe,PROCESS_START,25.8,301
EP016190,2026-06-22 13:04:00,U1039,mark.thomas,WKSTN-U1039,Excel,PROCESS_START,21.4,796
EP014198,2026-06-22 12:42:00,U1034,thomas.allen63,WKSTN-U1034,Chrome,PROCESS_START,1.3,543
EP036207,2026-06-22 12:35:00,U1088,andrew.smith85,WKSTN-U1088,notepad.exe,PROCESS_START,7.0,474
EP001107,2026-06-22 12:41:00,U1003,kenneth.clark29,WKSTN-U1003,chrome.exe,PROCESS_START,5.7,277
EP015399,2026-06-22 12:50:00,U1037,robert.martin,WKSTN-U1037,outlook.exe,PROCESS_START,3.6,374
EP030979,2026-06-22 13:27:00,U1076,john.torres,WKSTN-U1076,explorer.exe,PROCESS_START,20.4,277
EP038000,2026-06-22 13:29:00,U1092,steven.thomas,WKSTN-U1092,Chrome,PROCESS_START,27.2,676
EP039275,2026-06-22 13:32:00,U1095,richard.thomas74,WKSTN-U1095,explorer.exe,PROCESS_START,5.7,542
EP008562,2026-06-22 13:08:00,U1021,jessica.walker,WKSTN-U1021,Docker Desktop,PROCESS_START,23.9,565
EP022593,2026-06-22 13:19:00,U1055,patricia.wilson54,WKSTN-U1055,Chrome,PROCESS_START,,452
EP005031,2026-06-22 13:14:00,U1013,emily.smith,WKSTN-U1013,,PROCESS_START,31.2,724
EP034412,2026-06-22 13:08:00,U1084,joshua.taylor,WKSTN-U1084,Slack,PROCESS_START,9.6,138
EP011275,2026-06-22 13:25:00,U1027,patricia.brown75,WKSTN-U1027,notepad.exe,PROCESS_START,27.6,325
EP028198,2026-06-22 13:18:00,U1069,jessica.clark,WKSTN-U1069,outlook.exe,PROCESS_START,29.1,612
EP009473,2026-06-22 13:23:00,U1023,richard.wright,WKSTN-U1023,explorer.exe,PROCESS_START,14.5,770
EP004612,2026-06-22 13:10:00,U1012,linda.martinez,WKSTN-U1012,explorer.exe,PROCESS_START,14.3,281
EP019797,2026-06-22 13:13:00,U1048,jennifer.thomas87,WKSTN-U1048,explorer.exe,,29.3,861
EP034411,2026-06-22 13:22:00,U1084,joshua.taylor,WKSTN-U1084,teams.exe,PROCESS_START,6.2,198
EP015799,2026-06-22 13:22:00,U1038,emily.clark,WKSTN-U1038,Outlook,PROCESS_START,33.5,631
EP019002,2026-06-22 13:13:00,U1046,michelle.torres39,WKSTN-U1046,Excel,PROCESS_START,19.7,645
EP016192,2026-06-22 13:25:00,U1039,mark.thomas,WKSTN-U1039,teams.exe,PROCESS_START,26.7,153
EP028594,2026-06-22 13:20:00,U1070,betty.thomas40,WKSTN-U1070,explorer.exe,PROCESS_START,24.6,526
EP022590,2026-06-22 13:31:00,U1055,,WKSTN-U1055,teams.exe,PROCESS_START,3.1,543
EP000273,2026-06-22 13:21:00,U1001,linda.johnson95,WKSTN-U1001,Excel,PROCESS_START,16.8,243
EP003829,2026-06-22 13:11:00,U1010,susan.young51,WKSTN-U1010,outlook.exe,PROCESS_START,24.7,107
EP013820,2026-06-22 13:11:00,U1033,linda.miller,WKSTN-U1033,outlook.exe,,20.6,514
EP021369,2026-06-22 13:30:00,U1052,paul.taylor,WKSTN-U1052,ZOOM,PROCESS_START,29.3,410
EP009023,2026-06-22 13:11:00,U1022,sandra.brown,WKSTN-U1022,Slack,PROCESS_START,34.0,721
EP022972,2026-06-22 13:19:00,U1056,anthony.clark,WKSTN-U1056,Outlook,PROCESS_START,33.6,171
EP006277,2026-06-22 13:14:00,U1016,patricia.thomas,WKSTN-U1016,outlook.exe,PROCESS_START,3.0,215
EP001894,2026-06-22 13:52:00,U1005,robert.robinson,WKSTN-U1005,,PROCESS_START,17.0,604
EP038001,2026-06-22 13:40:00,U1092,steven.thomas,WKSTN-U1092,Chrome,PROCESS_START,22.0,476
EP018181,2026-06-22 13:47:00,U1044,lisa.ramirez9,WKSTN-U1044,chrome.exe,PROCESS_START,13.0,130
EP012156,2026-06-22 13:33:00,U1029,michelle.garcia54,WKSTN-U1029,explorer.exe,PROCESS_START,-32.4,
EP035722,2026-06-22 13:46:00,U1087,charles.sanchez,WKSTN-U1087,OUTLOOK.EXE,PROCESS_START,18.1,406
EP033940,2026-06-22 13:55:00,U1083,sarah.allen70,WKSTN-U1083,explorer.exe,PROCESS_START,18.5,564
EP036646,2026-06-22 13:48:00,U1089,paul.brown27,WKSTN-U1089,Chrome,PROCESS_START,34.0,126
EP005851,2026-06-22 13:56:00,U1015,lisa.hernandez,WKSTN-U1015,explorer.exe,PROCESS_START,28.5,215
EP012158,2026-06-22 13:44:00,U1029,michelle.garcia54,WKSTN-U1029,notepad.exe,PROCESS_START,18.6,80
EP034842,2026-06-22 13:34:00,U1085,barbara.walker67,WKSTN-U1085,explorer.exe,PROCESS_START,24.2,452
EP029010,2026-06-22 13:58:00,U1071,matthew.robinson35,WKSTN-U1071,notepad.exe,PROCESS_START,7.4,544
EP023765,2026-06-22 13:37:00,U1058,jennifer.ramirez18,  WKSTN-U1058 ,notepad.exe,PROCESS_START,5.9,428
EP015801,2026-06-22 13:34:00,U1038,emily.clark,WKSTN-U1038,Workday,PROCESS_START,4.1,521
EP006274,2026-06-22 13:46:00,U1016,patricia.thomas,WKSTN-U1016,outlook.exe,PROCESS_START,6.4,168
EP001103,2026-06-22 13:40:00,U1003,,,teams.exe,PROCESS_START,,690
EP016981,2026-06-22 13:56:00,U1041,MATTHEW.ALLEN52,WKSTN-U1041,chrome,PROCESS_START,4.3,598
EP011274,2026-06-22 13:53:00,U1027,patricia.brown75,WKSTN-U1027,explorer.exe,PROCESS_START,22.0,672
EP033479,2026-06-22 13:44:00,U1082,karen.hill96,WKSTN-U1082,PuTTY,PROCESS_START,14.7,320
EP036644,2026-06-22 13:53:00,U1089,paul.brown27,WKSTN-U1089,Active Directory Console,PROCESS_START,23.4,743
EP007673,2026-06-22 13:43:00,U1019,donna.anderson,WKSTN-U1019,notepad.exe,PROCESS_START,8.5,512
EP007221,2026-06-22 13:55:00,U1018,betty.white57,WKSTN-U1018,Chrome,PROCESS_START,34.8,428
EP001892,2026-06-22 13:59:00,U1005,robert.robinson,WKSTN-U1005,Chrome,PROCESS_START,10.6,434
EP016980,2026-06-22 13:58:00,U1041,matthew.allen52,WKSTN-U1041,notepad.exe,PROCESS_START,22.2,512
EP009930,2026-06-22 13:46:00,U1024,emily.miller,WKSTN-U1024,explorer.exe,PROCESS_START,8.6,872
EP005430,2026-06-22 13:41:00,U1014,james.taylor,WKSTN-U1014,Chrome,PROCESS_START,22.8,
EP029407,2026-06-22 14:05:00,U1072,kenneth.lopez,WKSTN-U1072,DocuSign,PROCESS_START,11.2,194
EP011717,2026-06-22 14:00:00,U1028,john.hill,WKSTN-U1028,outlook.exe,PROCESS_START,1.2,841
EP004200,2026-06-22 14:15:00,U1011,donna.ramirez75,WKSTN-U1011,chrome,PROCESS_START,13.8,97
EP003058,2026-06-22 14:03:00,U1008,joshua.hernandez,WKSTN-U1008,explorer.exe,PROCESS_START,30.8,96
EP004199,2026-06-22 14:05:00,U1011,donna.ramirez75,WKSTN-U1011,notepad.exe,PROCESS_START,34.4,233
EP001502,2026-06-22 14:12:00,U1004,elizabeth.wilson98,WKSTN-U1004,SAP,PROCESS_START,5.4,455
EP037099,2026-06-22 14:02:00,U1090,mary.hill,WKSTN-U1090,chrome.exe,PROCESS_START,3.8,487
EP001893,2026-06-22 14:05:00,U1005,robert.robinson,WKSTN-U1005,explorer.exe,PROCESS_START,33.2,673
EP025380,2026-06-22 14:17:00,U1062,william.martin,WKSTN-U1062,chrome.exe,PROCESS_START,11.0,237
EP000694,2026-06-22 14:11:00,U1002,donna.ramirez,WKSTN-U1002,teams.exe,PROCESS_START,5.0,196
EP029786,2026-06-22 14:17:00,U1073,michael.gonzalez,WKSTN-U1073,DocuSign,PROCESS_START,-14.1,479
EP022973,2026-06-22 14:05:00,U1056,anthony.clark,WKSTN-U1056,teams.exe,PROCESS_START,16.7,602
EP009028,2026-06-22 14:15:00,U1022,sandra.brown,WKSTN-U1022,teams.exe,PROCESS_START,8.9,613
EP037999,2026-06-22 14:10:00,U1092,steven.thomas,  WKSTN-U1092 ,Wireshark,PROCESS_START,28.0,696
EP006275,2026-06-22 14:05:00,U1016,patricia.thomas,WKSTN-U1016,teams.exe,PROCESS_START,11.9,640
EP013428,2026-06-22 14:10:00,U1032,paul.wright91,WKSTN-U1032,Chrome,PROCESS_START,7.3,231
EP013016,2026-06-22 14:11:00,U1031,john.wright28,WKSTN-U1031,Chrome,PROCESS_START,13.4,248
EP039280,2026-06-22 14:10:00,U1095,richard.thomas74,WKSTN-U1095,teams.exe,PROCESS_START,-27.9,672
EP013818,2026-06-22 14:00:00,U1033,linda.miller,,outlook.exe,PROCESS_START,1.0,850
EP041248,2026-06-22 14:18:00,U1100,daniel.brown38,WKSTN-U1100,,PROCESS_START,13.7,422
EP017399,2026-06-22 14:11:00,U1042,michael.hill56,WKSTN-U1042,teams.exe,PROCESS_START,12.2,453
EP038437,2026-06-22 14:11:00,U1093,sarah.clark44,WKSTN-U1093,Slack,PROCESS_START,32.3,680
EP019796,2026-06-22 14:05:00,U1048,jennifer.thomas87,WKSTN-U1048,notepad.exe,PROCESS_START,30.5,537
EP020582,2026-06-22 14:13:00,U1050,michael.ramirez,WKSTN-U1050	,Salesforce,PROCESS_START,32.1,N/A
EP024998,2026-06-22 14:06:00,U1061,jessica.rodriguez,WKSTN-U1061,Salesforce,PROCESS_START,7.7,292
EP030595,2026-06-22 14:20:00,U1075,steven.lewis,WKSTN-U1075,  DocuSign ,PROCESS_START,30.0,588
EP002302,2026-06-22 14:25:00,U1006,george.gonzalez,WKSTN-U1006,Excel,PROCESS_START,18.0,545
EP016189,2026-06-22 14:54:00,U1039,mark.thomas,WKSTN-U1039,outlook.exe,PROCESS_START,29.6,840
EP033478,2026-06-22 14:18:00,U1082,karen.hill96,WKSTN-U1082,Terminal,PROCESS_START,13.4,696
EP035292,2026-06-22 14:43:00,U1086,steven.thompson53,WKSTN-U1086,notepad.exe,PROCESS_START,3.0,280
EP018574,2026-06-22 14:19:00,U1045,daniel.sanchez90,WKSTN-U1045,Workday,PROCESS_START,-34.9,562
EP027379,2026-06-22 14:22:00,U1067,paul.thomas97,WKSTN-U1067,DocuSign,PROCESS_START,11.1,150
EP021760,2026-06-22 14:44:00,U1053,john.jackson31,WKSTN-U1053,teams.exe,PROCESS_START,18.6,245
EP035720,2026-06-22 14:36:00,U1087,charles.sanchez,WKSTN-U1087,notepad.exe,PROCESS_START,29.4,786
EP039700,2026-06-22 14:28:00,U1096,david.allen76,WKSTN-U1096,PowerPoint,PROCESS_START,9.7,475
EP023362,2026-06-22 14:28:00,U1057,nancy.sanchez,WKSTN-U1057,,PROCESS_START,7.9,334
EP031775,2026-06-22 14:24:00,U1078,michelle.miller,WKSTN-U1078,DocuSign,PROCESS_START,14.6,310
EP007674,2026-06-22 14:50:00,U1019,donna.anderson,WKSTN-U1019,notepad.exe,PROCESS_START,21.8,651
EP015800,2026-06-22 14:38:00,U1038,emily.clark,WKSTN-U1038,Excel,PROCESS_START,32.6,832
EP022591,2026-06-22 14:19:00,U1055,patricia.wilson54,WKSTN-U1055,outlook.exe,PROCESS_START,2.3,147
EP017400,2026-06-22 14:47:00,U1042,michael.hill56,WKSTN-U1042,Outlook,PROCESS_START,7.5,437
EP037542,2026-06-22 14:29:00,U1091,  linda.robinson ,WKSTN-U1091,outlook.exe,PROCESS_START,28.7,810
EP001891,2026-06-22 14:42:00,U1005,robert.robinson,WKSTN-U1005,outlook.exe,PROCESS_START,32.0,88
EP008122,2026-06-22 14:28:00,U1020,andrew.thomas36,WKSTN-U1020,VSCode,PROCESS_START,27.6,429
EP033068,2026-06-22 14:32:00,U1081,margaret.davis,WKSTN-U1081	,explorer.exe,PROCESS_START,23.8,571
EP030982,2026-06-22 14:29:00,U1076,john.torres,WKSTN-U1076,DocuSign,PROCESS_START,11.3,273
EP002686,2026-06-22 14:32:00,U1007,sarah.robinson82,WKSTN-U1007,Excel,PROCESS_START,33.9,160
EP026573,2026-06-22 14:53:00,U1065,michael.ramirez47,WKSTN-U1065,outlook.exe,PROCESS_START,21.3,608
EP022975,2026-06-22 14:45:00,U1056,anthony.clark,WKSTN-U1056,Salesforce,PROCESS_START,18.7,128
EP029787,2026-06-22 14:33:00,U1073,michael.gonzalez,WKSTN-U1073,explorer.exe,PROCESS_START,8.0,886
EP027748,2026-06-22 14:56:00,U1068,susan.thompson34,WKSTN-U1068,,PROCESS_START,17.0,136
EP024168,2026-06-22 15:08:00,U1059,daniel.perez98,WKSTN-U1059	,teams.exe,PROCESS_START,32.9,249
EP039696,2026-06-22 14:56:00,U1096,david.allen76,WKSTN-U1096,notepad.exe,PROCESS_START,4.4,514
EP012160,2026-06-22 15:11:00,U1029,michelle.garcia54,WKSTN-U1029,explorer.exe,PROCESS_START,35.0,519
EP024566,2026-06-22 14:54:00,U1060,matthew.anderson,WKSTN-U1060,chrome.exe,PROCESS_START,17.6,263
EP021762,2026-06-22 14:58:00,U1053,john.jackson31,WKSTN-U1053,Excel,PROCESS_START,31.3,437
EP000691,2026-06-22 15:12:00,U1002,donna.ramirez,WKSTN-U1002,SAP,PROCESS_START,11.2,757
EP038436,2026-06-22 15:11:00,U1093,sarah.clark44,WKSTN-U1093,teams.exe,PROCESS_START,6.9,156
EP025379,2026-06-22 15:06:00,U1062,william.martin,WKSTN-U1062,Salesforce,PROCESS_START,30.6,705
EP038872,2026-06-22 15:01:00,U1094,elizabeth.lewis69,WKSTN-U1094,Terminal,PROCESS_START,16.1,812
EP027749,2026-06-22 15:10:00,U1068,susan.thompson34,WKSTN-U1068,,PROCESS_START,20.5,436
EP015398,2026-06-22 14:55:00,U1037,robert.martin,WKSTN-U1037,,PROCESS_START,34.2,703
EP033939,2026-06-22 14:56:00,U1083,sarah.allen70,WKSTN-U1083,chrome.exe,PROCESS_START,26.7,608
EP040876,2026-06-22 14:54:00,U1099,joseph.garcia,WKSTN-U1099,outlook.exe,PROCESS_START,16.1,283
EP002687,2026-06-22 15:11:00,U1007,sarah.robinson82,WKSTN-U1007,Outlook,PROCESS_START,25.7,414
EP026174,2026-06-22 15:11:00,U1064,matthew.wright55,WKSTN-U1064,,PROCESS_START,1.2,791
EP017782,2026-06-22 15:07:00,U1043,thomas.williams91,WKSTN-U1043,Workday,PROCESS_START,9.5,182
EP009027,2026-06-22 15:08:00,U1022,sandra.brown,WKSTN-U1022,Slack,PROCESS_START,13.0,547000.0
EP008561,2026-06-22 15:06:00,U1021,jessica.walker,WKSTN-U1021,Git,PROCESS_START,2.2,854
EP005032,2026-06-22 15:06:00,U1013,emily.smith,WKSTN-U1013,explorer.exe,PROCESS_START,9.9,429
EP013817,2026-06-22 14:57:00,U1033,linda.miller,WKSTN-U1033,Outlook	,PROCESS_START,17.8,818
EP019409,2026-06-22 15:04:00,U1047,sandra.lewis,WKSTN-U1047,Chrome,PROCESS_START,27.8,102
EP022592,2026-06-22 15:04:00,U1055,patricia.wilson54,WKSTN-U1055,outlook.exe,PROCESS_START,14.9,518
EP015394,2026-06-22 15:12:00,U1037,robert.martin,WKSTN-U1037,outlook.exe,PROCESS_START,11.6,366
EP014985,2026-06-22 15:04:00,U1036,linda.jones,WKSTN-U1036,Outlook,PROCESS_START,33.6,392
EP009026,2026-06-22 15:30:00,U1022,sandra.brown,WKSTN-U1022,VSCode,PROCESS_START,10.3,746
EP007216,2026-06-22 15:26:00,U1018,betty.white57,WKSTN-U1018,teams.exe,PROCESS_START,23.7,318
EP023363,2026-06-22 15:21:00,U1057,nancy.sanchez,WKSTN-U1057,chrome.exe,PROCESS_START,8.0,258
EP037545,2026-06-22 15:36:00,U1091,linda.robinson,WKSTN-U1091,Slack,PROCESS_START,19.9,132
EP009928,2026-06-22 15:31:00,U1024,emily.miller	,WKSTN-U1024,explorer.exe,PROCESS_START,15.6,305
EP018573,2026-06-22 15:20:00,U1045,daniel.sanchez90,WKSTN-U1045,notepad.exe,PROCESS_START,3.4,891
EP016599,2026-06-22 15:29:00,U1040,  matthew.martin ,WKSTN-U1040,notepad.exe,PROCESS_START,24.5,216
EP025381,2026-06-22 15:13:00,U1062,william.martin,WKSTN-U1062,teams.exe,process_start,31.9,525
EP030599,2026-06-22 15:15:00,U1075,steven.lewis,WKSTN-U1075,chrome.exe,PROCESS_START,34.1,401
EP007677,2026-06-22 15:25:00,U1019,donna.anderson,WKSTN-U1019,Chrome,,3.2,99
EP004614,2026-06-22 15:32:00,U1012,linda.martinez,WKSTN-U1012,Outlook,PROCESS_START,20.3,432
EP037098,2026-06-22 15:36:00,U1090,mary.hill,WKSTN-U1090,notepad.exe,PROCESS_START,1.2,850
EP003828,2026-06-22 15:16:00,U1010,susan.young51,WKSTN-U1010,notepad.exe,PROCESS_START,32.8,851
EP008120,2026-06-22 15:25:00,U1020,andrew.thomas36,WKSTN-U1020,Slack,PROCESS_START,30.8,157
EP021368,2026-06-22 15:33:00,U1052,paul.taylor,WKSTN-U1052,teams.exe,PROCESS_START,14.6,599
EP003454,2026-06-22 15:34:00,U1009,DANIEL.BROWN,WKSTN-U1009,SAP,PROCESS_START,10.7,170
EP018183,2026-06-22 15:20:00,U1044,lisa.ramirez9,WKSTN-U1044,Workday,PROCESS_START,12.7,142
EP016978,2026-06-22 15:22:00,U1041,matthew.allen52,WKSTN-U1041,Chrome,PROCESS_START,26.4,865
EP004613,2026-06-22 15:15:00,U1012,linda.martinez,  WKSTN-U1012 ,Chrome,PROCESS_START,21.6,273
EP003056,2026-06-22 15:38:00,U1008,joshua.hernandez,WKSTN-U1008,Excel,PROCESS_START,15.8,747
EP016598,2026-06-22 15:19:00,U1040,matthew.martin,WKSTN-U1040,excel,PROCESS_START,30.7,370
EP021761,2026-06-22 15:32:00,U1053,john.jackson31,WKSTN-U1053,Chrome,PROCESS_START,7.7,892
EP027751,2026-06-22 15:26:00,U1068,susan.thompson34,WKSTN-U1068,notepad.exe,PROCESS_START,20.4,235
EP030981,2026-06-22 15:27:00,U1076,john.torres	,WKSTN-U1076,teams.exe,PROCESS_START,5.9,718
EP037097,2026-06-22 15:13:00,U1090,mary.hill,WKSTN-U1090,explorer.exe,PROCESS_START,22.8,530
EP000693,2026-06-22 15:48:00,U1002,donna.ramirez,WKSTN-U1002,QuickBooks,PROCESS_START,15.2,187
EP008564,2026-06-22 16:01:00,U1021,jessica.walker,WKSTN-U1021,outlook.exe,PROCESS_START,11.0,297
EP003830,2026-06-22 15:38:00,U1010,susan.young51	,WKSTN-U1010,Excel,PROCESS_START,34.3,665
EP007220,2026-06-22 16:03:00,U1018,betty.white57,WKSTN-U1018,explorer.exe,PROCESS_START,12.3,853
EP035721,2026-06-22 16:10:00,U1087,charles.sanchez,WKSTN-U1087,chrome.exe,PROCESS_START,25.7,393
EP022970,2026-06-22 15:41:00,U1056,anthony.clark,WKSTN-U1056,Salesforce,PROCESS_START,27.0,691
EP014199,2026-06-22 16:00:00,U1034,thomas.allen63,WKSTN-U1034,explorer.exe,PROCESS_START,1.5,489
EP025001,2026-06-22 16:01:00,U1061,jessica.rodriguez,WKSTN-U1061,Chrome,PROCESS_START,11.8,443
EP035288,2026-06-22 15:49:00,U1086,steven.thompson53,WKSTN-U1086,  Wireshark ,PROCESS_START,7.7,605
EP006754,2026-06-22 15:47:00,U1017,emily.hernandez34,WKSTN-U1017,chrome.exe,PROCESS_START,30.7,357
EP008124,2026-06-22 15:50:00,U1020,andrew.thomas36,WKSTN-U1020,Chrome,PROCESS_START,7.0,487
EP011273,2026-06-22 16:04:00,U1027,patricia.brown75,WKSTN-U1027,teams.exe,PROCESS_START,32.6,190
EP029404,2026-06-22 15:39:00,U1072,kenneth.lopez,WKSTN-U1072,Outlook,PROCESS_START,17.4,771
EP022971,2026-06-22 15:56:00,U1056,anthony.clark,WKSTN-U1056,Salesforce,process_start,30.9,549
EP014983,2026-06-22 15:58:00,U1036,linda.jones,WKSTN-U1036,chrome.exe,,32.5,771
EP024167,2026-06-22 15:39:00,U1059,daniel.perez98,WKSTN-U1059,explorer.exe,PROCESS_START,16.8,122
EP026171,2026-06-22 15:54:00,U1064,matthew.wright55,WKSTN-U1064,outlook.exe,PROCESS_START,29.0,114
EP023361,2026-06-22 15:43:00,U1057,nancy.sanchez,WKSTN-U1057,Salesforce,PROCESS_START,25.3,97
EP025786,2026-06-22 15:55:00,U1063,JOHN.NGUYEN,WKSTN-U1063,explorer.exe,PROCESS_START,32.2,499
EP027381,2026-06-22 16:01:00,U1067,paul.thomas97,WKSTN-U1067,Outlook,PROCESS_START,10.8,870
EP028596,2026-06-22 15:57:00,U1070,betty.thomas40,WKSTN-U1070,outlook.exe,PROCESS_START,19.4,171
EP022181,2026-06-22 15:57:00,U1054,anthony.martinez,WKSTN-U1054,teams.exe,PROCESS_START,23.9,184
EP007218,2026-06-22 16:09:00,U1018,betty.white57,WKSTN-U1018,Slack,PROCESS_START,2.5,311
EP003452,2026-06-22 15:47:00,U1009,daniel.brown,WKSTN-U1009,teams.exe,PROCESS_START,29.4,525
EP000690,2026-06-22 15:49:00,U1002,donna.ramirez,WKSTN-U1002,QuickBooks	,PROCESS_START,8.0,782
EP000695,2026-06-22 16:31:00,U1002,donna.ramirez,WKSTN-U1002,Excel,PROCESS_START,17.9,703
EP031374,2026-06-22 16:41:00,U1077,kimberly.harris58,WKSTN-U1077,chrome.exe,PROCESS_START,19.8,824
EP040106,2026-06-22 16:56:00,U1097,mark.martinez10,WKSTN-U1097,Excel,PROCESS_START,5.9,810
EP004201,2026-06-22 16:20:00,U1011,donna.ramirez75,WKSTN-U1011,teams.exe,PROCESS_START,7.6,455
EP015397,2026-06-22 16:21:00,U1037,robert.martin,WKSTN-U1037,explorer.exe,PROCESS_START,6.9,601
EP032207,2026-06-22 16:37:00,U1079,emily.jones,WKSTN-U1079,Terminal,PROCESS_START,5.8,339
EP034414,2026-06-22 16:32:00,U1084,joshua.taylor,WKSTN-U1084,Wireshark,PROCESS_START,28.1,N/A
EP003059,2026-06-22 16:37:00,U1008,joshua.hernandez,WKSTN-U1008,Chrome,PROCESS_START,25.8,411
EP002685,2026-06-22 16:12:00,U1007,SARAH.ROBINSON82,WKSTN-U1007,QuickBooks,,34.8,829
EP022182,2026-06-22 16:56:00,U1054,anthony.martinez,WKSTN-U1054,explorer.exe,PROCESS_START,26.1,549
EP026574,2026-06-22 16:18:00,U1065,michael.ramirez47,WKSTN-U1065,Word,PROCESS_START,23.9,326
EP010809,2026-06-22 16:21:00,U1026,elizabeth.gonzalez,WKSTN-U1026,teams.exe,PROCESS_START,32.6,404
EP031372,2026-06-22 16:30:00,U1077,kimberly.harris58,WKSTN-U1077,DocuSign,PROCESS_START,33.2,107
EP007217,2026-06-22 16:51:00,U1018,betty.white57,WKSTN-U1018,Git,PROCESS_START,22.7,563
EP031371,2026-06-22 16:25:00,U1077,,WKSTN-U1077,notepad.exe	,PROCESS_START,29.5,528
EP037101,2026-06-22 17:01:00,U1090,mary.hill,WKSTN-U1090,Chrome,PROCESS_START,19.0,290
EP014196,2026-06-22 16:28:00,U1034,thomas.allen63,WKSTN-U1034,Outlook,PROCESS_START,12.0,121
EP017785,2026-06-22 16:12:00,U1043,thomas.williams91,WKSTN-U1043,chrome.exe,PROCESS_START,23.6,
EP022184,2026-06-22 17:04:00,U1054,anthony.martinez,WKSTN-U1054,Salesforce,PROCESS_START,4.5,774
EP035291,2026-06-22 16:52:00,U1086,steven.thompson53,WKSTN-U1086,Slack,PROCESS_START,34.4,114
EP019000,2026-06-22 16:33:00,U1046,michelle.torres39,WKSTN-U1046,Outlook,PROCESS_START,,404
EP040488,2026-06-22 16:24:00,U1098,nancy.wright49,WKSTN-U1098,,PROCESS_START,14.0,278
EP013019,2026-06-22 16:30:00,U1031,john.wright28,WKSTN-U1031,Workday,PROCESS_START,14.5,327
EP028595,2026-06-22 16:25:00,U1070,betty.thomas40,WKSTN-U1070,Outlook,PROCESS_START,11.4,583
EP008565,2026-06-22 16:45:00,U1021,jessica.walker,WKSTN-U1021,Slack,PROCESS_START,34.8,500
EP038873,2026-06-22 17:13:00,U1094,elizabeth.lewis69,WKSTN-U1094,notepad.exe,PROCESS_START,13.0,651
EP038456,2026-06-23 07:17:00,U1093,sarah.clark44,WKSTN-U1093,explorer.exe,PROCESS_START,22.1,833
EP038438,2026-06-22 17:31:00,U1093,sarah.clark44,WKSTN-U1093,Active Directory Console,PROCESS_START,19.2,86
EP003827,2026-06-22 17:13:00,U1010,susan.young51,WKSTN-U1010,teams.exe,PROCESS_START,10.4,517
EP014220,2026-06-23 07:36:00,U1034,thomas.allen63,WKSTN-U1034,Chrome,PROCESS_START,19.5,677
EP033496,2026-06-23 07:32:00,U1082,karen.hill96,WKSTN-U1082,teams.exe,PROCESS_START,28.2,889
EP040121,2026-06-23 07:12:00,U1097,mark.martinez10,WKSTN-U1097,outlook.exe,PROCESS_START,10.2,283
EP014608,2026-06-22 17:27:00,U1035,nancy.rodriguez82,WKSTN-U1035,Excel,PROCESS_START,16.0,247
EP025804,2026-06-23 07:26:00,U1063,john.nguyen,WKSTN-U1063,explorer.exe,process_start,30.0,334
EP014607,2026-06-22 17:36:00,U1035,nancy.rodriguez82,WKSTN-U1035,Outlook,PROCESS_START,31.4,852
EP032208,2026-06-22 17:26:00,U1079,emily.jones,WKSTN-U1079,Active Directory Console,PROCESS_START,29.8,745
EP036664,2026-06-23 07:41:00,U1089,paul.brown27,WKSTN-U1089,chrome.exe,PROCESS_START,26.2,115
EP014609,2026-06-22 17:44:00,U1035,nancy.rodriguez82,WKSTN-U1035,outlook.exe,PROCESS_START,29.8,533
EP038459,2026-06-23 07:24:00,U1093,sarah.clark44,WKSTN-U1093,Wireshark,PROCESS_START,8.8,896
EP022185,2026-06-22 17:19:00,U1054,anthony.martinez,WKSTN-U1054,Outlook,PROCESS_START,4.3,802
EP018999,2026-06-22 17:09:00,U1046,michelle.torres39,WKSTN-U1046,Chrome,PROCESS_START,15.9,640
EP034860,2026-06-23 07:46:00,U1085,barbara.walker67,,PuTTY,PROCESS_START,12.4,740
EP002300,2026-06-22 17:55:00,U1006,george.gonzalez,WKSTN-U1006,,PROCESS_START,20.3,589
EP024166,2026-06-22 17:09:00,U1059,daniel.perez98,WKSTN-U1059,Chrome,PROCESS_START,30.3,721
EP017784,2026-06-22 17:14:00,U1043,thomas.williams91,WKSTN-U1043,  teams.exe ,PROCESS_START,1.4,233
EP038874,2026-06-22 17:12:00,U1094,elizabeth.lewis69,WKSTN-U1094,Active Directory Console,PROCESS_START,32.6,820
EP011276,2026-06-22 17:39:00,U1027,patricia.brown75,WKSTN-U1027,teams.exe,PROCESS_START,,211
EP037565,2026-06-23 07:44:00,U1091,linda.robinson,WKSTN-U1091,Active Directory Console,PROCESS_START,29.6,492
EP018570,2026-06-22 17:35:00,U1045,daniel.sanchez90,WKSTN-U1045,explorer.exe,PROCESS_START,28.5,442
EP039276,2026-06-22 17:14:00,U1095,richard.thomas74,WKSTN-U1095,notepad.exe,PROCESS_START,1.8,247
EP015820,2026-06-23 08:33:00,U1038,emily.clark,  WKSTN-U1038 ,notepad.exe,PROCESS_START,16.2,772
EP031389,2026-06-23 08:03:00,U1077,kimberly.harris58,WKSTN-U1077,Outlook,PROCESS_START,6.6,622
EP014216,2026-06-23 07:51:00,U1034,thomas.allen63,WKSTN-U1034,notepad.exe,PROCESS_START,30.1,369
EP011735,2026-06-23 08:05:00,U1028,john.hill,WKSTN-U1028,Jenkins,PROCESS_START,22.4,98
EP033958,2026-06-23 08:27:00,U1083,sarah.allen70,WKSTN-U1083,explorer.exe,PROCESS_START,26.6,279
EP040889,2026-06-23 08:10:00,U1099,joseph.garcia,WKSTN-U1099,notepad.exe,PROCESS_START,30.0,454
EP027766,2026-06-23 07:52:00,U1068,susan.thompson34,WKSTN-U1068,DocuSign,PROCESS_START,14.4,304
EP000711,2026-06-23 08:30:00,U1002,donna.ramirez,WKSTN-U1002,Excel,PROCESS_START,5.5,823
EP038458,2026-06-23 08:31:00,U1093,sarah.clark44,WKSTN-U1093,Terminal,PROCESS_START,9.1,601
EP038896,2026-06-23 08:24:00,U1094,elizabeth.lewis69,WKSTN-U1094,active directory console	,PROCESS_START,3.2,
EP037562,2026-06-23 08:03:00,U1091,linda.robinson,WKSTN-U1091,Wireshark,PROCESS_START,22.6,796
EP033087,2026-06-23 07:48:00,U1081,margaret.davis,WKSTN-U1081,Active Directory Console,PROCESS_START,2.0,733
EP014218,2026-06-23 08:16:00,U1034,thomas.allen63,WKSTN-U1034,notepad.exe,PROCESS_START,26.0,443
EP019431,2026-06-23 08:08:00,U1047,sandra.lewis,WKSTN-U1047	,TEAMS.EXE,PROCESS_START,18.1,476
EP026596,2026-06-23 08:25:00,U1065,  michael.ramirez47 ,WKSTN-U1065,Word,PROCESS_START,16.9,112
EP001914,2026-06-23 08:16:00,U1005,robert.robinson,WKSTN-U1005,outlook.exe,PROCESS_START,15.2,840
EP027763,2026-06-23 08:24:00,U1068,susan.thompson34,WKSTN-U1068,explorer.exe,PROCESS_START,31.7,490
EP031794,2026-06-23 08:17:00,U1078,michelle.miller,WKSTN-U1078,explorer.exe,PROCESS_START,21.0,832
EP007237,2026-06-23 08:37:00,U1018,betty.white57,WKSTN-U1018,Slack,PROCESS_START,20.7,703
EP003840,2026-06-23 08:17:00,U1010,susan.young51,WKSTN-U1010,QuickBooks,PROCESS_START,15.1,525
EP016202,2026-06-23 08:36:00,U1039,mark.thomas,  WKSTN-U1039 ,Outlook,PROCESS_START,25.0,608
EP036228,2026-06-23 08:29:00,U1088,andrew.smith85,WKSTN-U1088,NOTEPAD.EXE,PROCESS_START,8.3,300
EP040122,2026-06-23 08:19:00,U1097,mark.martinez10,WKSTN-U1097,PowerPoint,PROCESS_START,15.0,376
EP036225,2026-06-23 08:36:00,U1088,andrew.smith85,  WKSTN-U1088 ,TEAMS.EXE,process_start,2.7,112
EP035305,2026-06-23 08:00:00,U1086,steven.thompson53,WKSTN-U1086,outlook.exe,PROCESS_START,8.2,387
EP011293,2026-06-23 09:00:00,U1027,patricia.brown75,WKSTN-U1027,Git,PROCESS_START,1.1,599
EP019815,2026-06-23 09:21:00,U1048,jennifer.thomas87,WKSTN-U1048,Chrome,PROCESS_START,13.1,392
EP011297,2026-06-23 09:19:00,U1027,patricia.brown75,WKSTN-U1027,chrome.exe,,23.1,149
EP000708,2026-06-23 08:38:00,U1002,donna.ramirez,WKSTN-U1002,Excel,PROCESS_START,14.6,547
EP025018,2026-06-23 09:13:00,U1061,jessica.rodriguez,WKSTN-U1061,Zoom,PROCESS_START,30.7,659
EP019427,2026-06-23 08:38:00,U1047,sandra.lewis,WKSTN-U1047,teams.exe,PROCESS_START,25.8,336
EP022205,2026-06-23 08:44:00,U1054,anthony.martinez,WKSTN-U1054,chrome.exe,PROCESS_START,20.2,284
EP011737,2026-06-23 09:20:00,U1028,john.hill,WKSTN-U1028,Docker Desktop,PROCESS_START,15.4,340
EP039300,2026-06-23 09:02:00,U1095,richard.thomas74,WKSTN-U1095,chrome.exe,PROCESS_START,1.7,96
EP026193,2026-06-23 09:12:00,U1064,matthew.wright55,WKSTN-U1064,notepad.exe,PROCESS_START,,869
EP001123,2026-06-23 08:42:00,U1003,kenneth.clark29,WKSTN-U1003,QuickBooks,PROCESS_START,27.5,792
EP033957,2026-06-23 08:54:00,U1083,sarah.allen70,WKSTN-U1083,chrome,PROCESS_START,6.9,897
EP010823,2026-06-23 09:00:00,U1026,elizabeth.gonzalez,WKSTN-U1026,teams.exe,PROCESS_START,24.9,708
EP029808,2026-06-23 09:20:00,U1073,michael.gonzalez,WKSTN-U1073,outlook.exe,PROCESS_START,31.7,114
EP002316,2026-06-23 08:45:00,U1006,george.gonzalez,WKSTN-U1006,Excel,PROCESS_START,7.1,190
EP027764,2026-06-23 08:45:00,U1068,susan.thompson34,WKSTN-U1068,Word,PROCESS_START,24.6,680
EP040891,2026-06-23 08:54:00,U1099,joseph.garcia,WKSTN-U1099,outlook.exe,PROCESS_START,34.3,597
EP024585,2026-06-23 08:46:00,U1060,matthew.anderson,WKSTN-U1060,chrome.exe,PROCESS_START,15.8,672
EP040120,2026-06-23 09:07:00,U1097,mark.martinez10,WKSTN-U1097,,PROCESS_START,9.0,762
EP006774,2026-06-23 09:17:00,U1017,emily.hernandez34,WKSTN-U1017,Git,,22.3,634
EP033955,2026-06-23 09:14:00,U1083,sarah.allen70,WKSTN-U1083,notepad.exe,PROCESS_START,34.8,519
EP013835,2026-06-23 08:52:00,U1033,linda.miller,WKSTN-U1033,Excel,PROCESS_START,9.9,508
EP039297,2026-06-23 08:45:00,U1095,richard.thomas74,WKSTN-U1095,explorer.exe,PROCESS_START,7.5,407
EP031795,2026-06-23 08:51:00,U1078,michelle.miller,WKSTN-U1078,outlook.exe,PROCESS_START,18.0,373
EP015817,2026-06-23 09:14:00,U1038,emily.clark,WKSTN-U1038,Workday,PROCESS_START,13.0,782
EP023779,2026-06-23 09:35:00,U1058,jennifer.ramirez18,WKSTN-U1058,Salesforce,PROCESS_START,26.7,484
EP036665,2026-06-23 09:21:00,U1089,paul.brown27,WKSTN-U1089,explorer.exe,PROCESS_START,28.5,753
EP019814,2026-06-23 09:54:00,U1048,jennifer.thomas87,WKSTN-U1048,Excel,PROCESS_START,6.5,762
EP019816,2026-06-23 09:54:00,U1048,jennifer.thomas87,WKSTN-U1048,Chrome,PROCESS_START,24.4,818
EP006297,2026-06-23 09:46:00,U1016,patricia.thomas,WKSTN-U1016,Docker Desktop,PROCESS_START,31.4,616
EP035741,2026-06-23 09:50:00,U1087,charles.sanchez,WKSTN-U1087,Chrome,PROCESS_START,24.7,776
EP013036,2026-06-23 09:40:00,U1031,john.wright28,  WKSTN-U1031 ,chrome.exe,PROCESS_START,23.7,870
EP041265,2026-06-23 09:23:00,U1100,daniel.brown38,WKSTN-U1100,notepad.exe,PROCESS_START,1.4,754
EP040502,2026-06-23 09:23:00,U1098,nancy.wright49,WKSTN-U1098,  Excel ,PROCESS_START,34.6,388
EP033499,2026-06-23 09:30:00,U1082,karen.hill96,WKSTN-U1082,outlook.exe,PROCESS_START,,389
EP000709,2026-06-23 09:24:00,U1002,donna.ramirez,WKSTN-U1002,explorer.exe,PROCESS_START,24.5,569
EP003841,2026-06-23 09:37:00,U1010,susan.young51,WKSTN-U1010,QuickBooks,PROCESS_START,10.0,612
EP001911,2026-06-23 09:39:00,U1005,robert.robinson,WKSTN-U1005,outlook.exe,PROCESS_START,3.4,138
EP023781,2026-06-23 09:37:00,U1058,jennifer.ramirez18,WKSTN-U1058,Outlook,PROCESS_START,29.1,498
EP031796,2026-06-23 09:35:00,U1078,michelle.miller,WKSTN-U1078,teams.exe,PROCESS_START,31.3,838
EP020598,2026-06-23 09:28:00,U1050,michael.ramirez,WKSTN-U1050	,outlook.exe,PROCESS_START,23.0,602
EP030223,2026-06-23 09:39:00,U1074,sarah.williams7,WKSTN-U1074,Word,,9.5,477
EP036227,2026-06-23 09:50:00,U1088,andrew.smith85,WKSTN-U1088,notepad.exe,PROCESS_START,11.3,613
EP017804,2026-06-23 09:46:00,U1043,thomas.williams91	,WKSTN-U1043,explorer.exe,PROCESS_START,28.5,566
EP018588,2026-06-23 09:49:00,U1045,daniel.sanchez90,WKSTN-U1045,teams.exe,PROCESS_START,14.4,760
EP017415,2026-06-23 09:42:00,U1042,michael.hill56,WKSTN-U1042,OUTLOOK,PROCESS_START,1.4,561
EP029026,2026-06-23 09:27:00,U1071,matthew.robinson35,WKSTN-U1071,chrome.exe,PROCESS_START,9.1,666
EP039302,2026-06-23 09:46:00,U1095,richard.thomas74,WKSTN-U1095,Excel,,23.9,412
EP013035,2026-06-23 09:21:00,U1031,john.wright28,WKSTN-U1031,outlook.exe,PROCESS_START,28.8,851
EP010824,2026-06-23 09:26:00,U1026,elizabeth.gonzalez,WKSTN-U1026,Slack,PROCESS_START,10.5,785
EP013037,2026-06-23 10:06:00,U1031,john.wright28,WKSTN-U1031,chrome.exe,PROCESS_START,1.3,
EP026594,2026-06-23 09:59:00,U1065,michael.ramirez47	,WKSTN-U1065,,PROCESS_START,24.4,263
EP025393,2026-06-23 09:56:00,U1062,william.martin,WKSTN-U1062,Excel,PROCESS_START,14.3,116
EP013034,2026-06-23 10:04:00,U1031,john.wright28,WKSTN-U1031,chrome.exe,PROCESS_START,27.5,252
EP038893,2026-06-23 10:04:00,U1094,elizabeth.lewis69,WKSTN-U1094,Active Directory Console,PROCESS_START,32.3,876
EP017000,2026-06-23 09:58:00,U1041,matthew.allen52,WKSTN-U1041,teams.exe,PROCESS_START,28.1,621
EP026595,2026-06-23 10:04:00,U1065,michael.ramirez47,WKSTN-U1065,Word,PROCESS_START,14.2,112
EP030226,2026-06-23 10:13:00,U1074,sarah.williams7,WKSTN-U1074,CHROME,PROCESS_START,8.4,107
EP023381,2026-06-23 10:14:00,U1057,nancy.sanchez,WKSTN-U1057,teams.exe,PROCESS_START,2.8,107
EP016621,2026-06-23 10:08:00,U1040,matthew.martin,WKSTN-U1040,,PROCESS_START,31.9,301
EP022203,2026-06-23 10:17:00,U1054,  anthony.martinez ,WKSTN-U1054,Outlook,PROCESS_START,32.7,635
EP021777,2026-06-23 10:20:00,U1053,john.jackson31,WKSTN-U1053,explorer.exe,PROCESS_START,1.1,289
EP020596,2026-06-23 10:08:00,U1050,michael.ramirez,WKSTN-U1050,Excel,PROCESS_START,23.3,140
EP009048,2026-06-23 10:16:00,U1022,sandra.brown,WKSTN-U1022,Git,PROCESS_START,1.9,500
EP031001,2026-06-23 10:17:00,U1076,john.torres,WKSTN-U1076,Word,PROCESS_START,1.3,781
EP029427,2026-06-23 10:00:00,U1072,kenneth.lopez,WKSTN-U1072,outlook.exe,PROCESS_START,28.1,800
EP004219,2026-06-23 09:57:00,U1011,donna.ramirez75,WKSTN-U1011,teams.exe	,PROCESS_START,3.2,533
EP020191,2026-06-23 10:15:00,U1049,michelle.jones59,WKSTN-U1049,explorer.exe,PROCESS_START,27.6,86
EP022607,2026-06-23 10:00:00,U1055,patricia.wilson54,WKSTN-U1055	,chrome.exe,PROCESS_START,23.6,285
EP009046,2026-06-23 09:54:00,U1022,sandra.brown,WKSTN-U1022,Docker Desktop,PROCESS_START,11.0,675
EP001912,2026-06-23 10:18:00,U1005,robert.robinson,WKSTN-U1005,outlook.exe,PROCESS_START,1.4,414
EP037116,2026-06-23 10:10:00,U1090,mary.hill,WKSTN-U1090,explorer.exe,PROCESS_START,8.0,413
EP015416,2026-06-23 10:05:00,U1037,ROBERT.MARTIN,WKSTN-U1037,Outlook,PROCESS_START,32.6,435
EP018205,2026-06-23 10:01:00,U1044,LISA.RAMIREZ9,WKSTN-U1044,teams.exe,PROCESS_START,27.4,149
EP026597,2026-06-23 10:02:00,U1065,michael.ramirez47,WKSTN-U1065,Outlook,PROCESS_START,24.5,392
EP010392,2026-06-23 10:45:00,U1025,betty.brown22,WKSTN-U1025,chrome.exe,PROCESS_START,32.1,677
EP001523,2026-06-23 10:42:00,U1004,elizabeth.wilson98,  WKSTN-U1004 ,,PROCESS_START,23.2,389
EP010388,2026-06-23 10:33:00,U1025,betty.brown22,WKSTN-U1025,Slack,PROCESS_START,33.4,420
EP036223,2026-06-23 10:32:00,U1088,  andrew.smith85 ,WKSTN-U1088,Active Directory Console,process_start,17.0,263
EP039301,2026-06-23 10:43:00,U1095,richard.thomas74,WKSTN-U1095,Excel,PROCESS_START,25.4,697
EP005872,2026-06-23 10:37:00,U1015,lisa.hernandez,WKSTN-U1015,notepad.exe,process_start,32.1,555
EP007695,2026-06-23 10:39:00,U1019,donna.anderson,WKSTN-U1019,Docker Desktop,PROCESS_START,26.4,772
EP040504,2026-06-23 10:45:00,U1098,nancy.wright49,WKSTN-U1098,teams.exe,PROCESS_START,6.5,568
EP020597,2026-06-23 10:46:00,U1050,MICHAEL.RAMIREZ	,WKSTN-U1050,Excel,PROCESS_START,15.1,583
EP028213,2026-06-23 10:23:00,U1069,jessica.clark,WKSTN-U1069,explorer.exe,PROCESS_START,22.8,439
EP002703,2026-06-23 10:39:00,U1007,sarah.robinson82,WKSTN-U1007,Outlook,PROCESS_START,4.8,853
EP020997,2026-06-23 10:35:00,U1051,sandra.king72,WKSTN-U1051,chrome.exe,PROCESS_START,1.8,679
EP016622,2026-06-23 10:29:00,U1040,matthew.martin,WKSTN-U1040,Workday,PROCESS_START,5.0,168
EP006298,2026-06-23 10:21:00,U1016,patricia.thomas,WKSTN-U1016,VSCode,PROCESS_START,4.2,877
EP037119,2026-06-23 10:27:00,U1090,mary.hill,WKSTN-U1090,teams.exe	,PROCESS_START,32.4,459
EP039716,2026-06-23 10:29:00,U1096,david.allen76,WKSTN-U1096,teams.exe,PROCESS_START,15.6,663
EP017803,2026-06-23 10:36:00,U1043,thomas.williams91,WKSTN-U1043,Outlook,,23.3,731
EP034432,2026-06-23 10:35:00,U1084,joshua.taylor,WKSTN-U1084,Active Directory Console,PROCESS_START,20.4,590
EP015821,2026-06-23 10:28:00,U1038,emily.clark,WKSTN-U1038,outlook.exe,process_start,26.8,861
EP030221,2026-06-23 10:38:00,U1074,sarah.williams7,WKSTN-U1074,notepad.exe,PROCESS_START,15.8,819
EP018204,2026-06-23 10:24:00,U1044,lisa.ramirez9	,WKSTN-U1044,Excel,PROCESS_START,5.6,503
EP012177,2026-06-23 10:31:00,U1029,  michelle.garcia54 ,WKSTN-U1029,Chrome,PROCESS_START,24.0,97
EP019428,2026-06-23 10:25:00,U1047,sandra.lewis,WKSTN-U1047,Zoom,PROCESS_START,29.7,130
EP017805,2026-06-23 10:23:00,U1043,thomas.williams91,WKSTN-U1043,chrome.exe,PROCESS_START,28.0,545
EP037115,2026-06-23 10:39:00,U1090,mary.hill,WKSTN-U1090,Terminal,PROCESS_START,8.9,370
EP015001,2026-06-23 11:11:00,U1036,linda.jones,WKSTN-U1036,teams.exe,PROCESS_START,6.6,804
EP038894,2026-06-23 11:06:00,U1094,elizabeth.lewis69,WKSTN-U1094,Terminal,PROCESS_START,28.3,845
EP014219,2026-06-23 10:51:00,U1034,thomas.allen63,WKSTN-U1034,Outlook,PROCESS_START,34.1,836
EP002707,2026-06-23 10:48:00,U1007,sarah.robinson82,WKSTN-U1007,notepad.exe,PROCESS_START,24.7,801
EP038895,2026-06-23 10:50:00,U1094,elizabeth.lewis69,WKSTN-U1094,PuTTY,PROCESS_START,34.9,231
EP022996,2026-06-23 11:01:00,U1056,anthony.clark,WKSTN-U1056,notepad.exe,PROCESS_START,3.4,605
EP021778,2026-06-23 11:04:00,U1053,john.jackson31,WKSTN-U1053,Chrome,PROCESS_START,28.7,878
EP007696,2026-06-23 10:51:00,U1019,,WKSTN-U1019	,outlook.exe,PROCESS_START,13.4,870
EP039299,2026-06-23 11:13:00,U1095,RICHARD.THOMAS74,WKSTN-U1095,teams.exe,PROCESS_START,32.9,459
EP002318,2026-06-23 11:15:00,U1006,george.gonzalez,WKSTN-U1006,notepad.exe,PROCESS_START,3.2,430
EP007236,2026-06-23 10:56:00,U1018,betty.white57,WKSTN-U1018,chrome.exe,PROCESS_START,12.5,776
EP029027,2026-06-23 11:16:00,U1071,matthew.robinson35,WKSTN-U1071,notepad.exe,PROCESS_START,20.7,851
EP010827,2026-06-23 10:56:00,U1026,elizabeth.gonzalez,WKSTN-U1026,,PROCESS_START,26.9,319
EP030224,2026-06-23 10:51:00,U1074,sarah.williams7,WKSTN-U1074,notepad.exe,PROCESS_START,6.7,233
EP040503,2026-06-23 10:58:00,U1098,nancy.wright49,WKSTN-U1098,chrome.exe,PROCESS_START,14.5,141
EP019020,2026-06-23 11:01:00,U1046,michelle.torres39,WKSTN-U1046,outlook.exe,PROCESS_START,23.9,80
EP009945,2026-06-23 10:49:00,U1024,emily.miller,WKSTN-U1024,outlook.exe,PROCESS_START,28.2,512
EP035742,2026-06-23 10:49:00,U1087,charles.sanchez,WKSTN-U1087,Wireshark,PROCESS_START,29.9,344000.0
EP009492,2026-06-23 10:49:00,U1023,richard.wright,WKSTN-U1023,VSCode,PROCESS_START,4.0,769
EP017417,2026-06-23 11:15:00,U1042,michael.hill56,WKSTN-U1042,teams.exe,PROCESS_START,,587
EP013442,2026-06-23 10:57:00,U1032,paul.wright91,WKSTN-U1032,Outlook,PROCESS_START,4.1,872
EP039298,2026-06-23 11:03:00,U1095,richard.thomas74,WKSTN-U1095,,PROCESS_START,15.8,524
EP034864,2026-06-23 11:11:00,U1085,barbara.walker67,WKSTN-U1085,Wireshark,PROCESS_START,13.9,407
EP038457,2026-06-23 10:52:00,U1093,sarah.clark44,WKSTN-U1093,PuTTY,PROCESS_START,4.6,574
EP022608,2026-06-23 10:46:00,U1055,patricia.wilson54,WKSTN-U1055,teams.exe,PROCESS_START,24.5,412
EP023385,2026-06-23 11:24:00,U1057,nancy.sanchez,,notepad.exe,PROCESS_START,34.3,622
EP020187,2026-06-23 11:16:00,U1049,michelle.jones59,WKSTN-U1049,outlook.exe,PROCESS_START,32.7,844
EP002706,2026-06-23 11:20:00,U1007,sarah.robinson82,  WKSTN-U1007 ,chrome.exe,PROCESS_START,33.5,756
EP035304,2026-06-23 11:22:00,U1086,,WKSTN-U1086,notepad.exe,PROCESS_START,3.4,547
EP006299,2026-06-23 11:30:00,U1016,patricia.thomas,WKSTN-U1016,teams.exe,PROCESS_START,30.6,477
EP033959,2026-06-23 11:31:00,U1083,sarah.allen70	,WKSTN-U1083,outlook.exe,PROCESS_START,9.5,826
EP041267,2026-06-23 11:25:00,U1100,daniel.brown38,WKSTN-U1100,explorer.exe,PROCESS_START,4.5,
EP017003,2026-06-23 11:31:00,U1041,matthew.allen52,  WKSTN-U1041 ,explorer.exe,PROCESS_START,16.7,398
EP011736,2026-06-23 11:18:00,U1028,JOHN.HILL,WKSTN-U1028,outlook.exe,PROCESS_START,12.9,561
EP033497,2026-06-23 11:27:00,U1082,karen.hill96,WKSTN-U1082,Terminal,PROCESS_START,26.9,273
EP017002,2026-06-23 11:28:00,U1041,matthew.allen52,WKSTN-U1041,outlook.exe,PROCESS_START,33.8,557000.0
EP034862,2026-06-23 11:20:00,U1085,,WKSTN-U1085,explorer.exe,PROCESS_START,32.6,163
EP027397,2026-06-23 11:27:00,U1067,paul.thomas97,WKSTN-U1067,Word,PROCESS_START,27.2,239
EP019429,2026-06-23 11:22:00,U1047,sandra.lewis,WKSTN-U1047,notepad.exe,PROCESS_START,11.2,588
EP000286,2026-06-23 11:17:00,U1001,linda.johnson95,WKSTN-U1001,QuickBooks,PROCESS_START,18.5,547
EP038026,2026-06-23 11:19:00,U1092,steven.thomas,WKSTN-U1092,PuTTY,PROCESS_START,1.7,
EP029028,2026-06-23 11:27:00,U1071,matthew.robinson35,WKSTN-U1071,Outlook,PROCESS_START,9.3,81
EP023783,2026-06-23 11:25:00,U1058,jennifer.ramirez18	,WKSTN-U1058,chrome.exe,PROCESS_START,1.3,868
EP010390,2026-06-23 11:28:00,U1025,betty.brown22,WKSTN-U1025,explorer.exe,PROCESS_START,8.3,579
EP030613,2026-06-23 11:32:00,U1075,steven.lewis,WKSTN-U1075,  Chrome ,PROCESS_START,18.4,450
EP004222,2026-06-23 11:25:00,U1011,DONNA.RAMIREZ75,WKSTN-U1011,Excel,PROCESS_START,5.7,337
EP033086,2026-06-23 11:27:00,U1081,margaret.davis,WKSTN-U1081,chrome.exe,PROCESS_START,17.1,235
EP005871,2026-06-23 11:24:00,U1015,lisa.hernandez,WKSTN-U1015,teams.exe,PROCESS_START,10.2,93
EP040892,2026-06-23 11:24:00,U1099,joseph.garcia,WKSTN-U1099,  explorer.exe ,PROCESS_START,34.6,332
EP003071,2026-06-23 11:18:00,U1008,joshua.hernandez,WKSTN-U1008,Outlook,PROCESS_START,4.1,147
EP008587,2026-06-23 11:48:00,U1021,jessica.walker,WKSTN-U1021,Slack,PROCESS_START,16.6,136
EP022610,2026-06-23 11:57:00,U1055,patricia.wilson54,WKSTN-U1055,chrome.exe,PROCESS_START,30.5,812
EP001122,2026-06-23 11:42:00,U1003,kenneth.clark29,WKSTN-U1003	,chrome.exe,PROCESS_START,4.1,592
EP027396,2026-06-23 11:50:00,U1067,paul.thomas97,WKSTN-U1067,Chrome,PROCESS_START,24.5,281
EP011296,2026-06-23 11:45:00,U1027,patricia.brown75,WKSTN-U1027,chrome.exe,PROCESS_START,32.8,782
EP031003,2026-06-23 11:44:00,U1076,john.torres,WKSTN-U1076,outlook.exe,PROCESS_START,28.8,264
EP016205,2026-06-23 11:46:00,U1039,mark.thomas,WKSTN-U1039,Excel,PROCESS_START,20.3,-611.0
EP037564,2026-06-23 11:53:00,U1091,linda.robinson,WKSTN-U1091,notepad.exe,PROCESS_START,,583
EP002320,2026-06-23 11:53:00,U1006,george.gonzalez,WKSTN-U1006,Excel,PROCESS_START,10.5,119
EP003470,2026-06-23 12:01:00,U1009,daniel.brown,WKSTN-U1009,chrome.exe,PROCESS_START,5.0,829
EP023782,2026-06-23 11:55:00,U1058,jennifer.ramirez18,WKSTN-U1058,Zoom,PROCESS_START,23.6,816
EP001120,2026-06-23 11:41:00,U1003,kenneth.clark29,WKSTN-U1003,QuickBooks,PROCESS_START,15.4,707
EP018206,2026-06-23 11:57:00,U1044,lisa.ramirez9,WKSTN-U1044,Workday,PROCESS_START,33.4,192
EP036663,2026-06-23 11:46:00,U1089,paul.brown27,WKSTN-U1089,explorer.exe,PROCESS_START,9.3,260
EP010825,2026-06-23 11:46:00,U1026,elizabeth.gonzalez,WKSTN-U1026,notepad.exe,PROCESS_START,11.8,146
EP008135,2026-06-23 11:48:00,U1020,andrew.thomas36,WKSTN-U1020,Docker Desktop,PROCESS_START,23.4,136
EP039718,2026-06-23 12:04:00,U1096,david.allen76,WKSTN-U1096,PowerPoint,PROCESS_START,10.9,299
EP015816,2026-06-23 11:59:00,U1038,emily.clark,WKSTN-U1038,Chrome,PROCESS_START,12.2,768
EP025803,2026-06-23 11:42:00,U1063,john.nguyen,WKSTN-U1063,chrome.exe,PROCESS_START,31.2,742
EP036226,2026-06-23 12:03:00,U1088,andrew.smith85,WKSTN-U1088,notepad.exe,PROCESS_START,24.7,460
EP014626,2026-06-23 11:57:00,U1035,nancy.rodriguez82,WKSTN-U1035,Excel,PROCESS_START,16.8,583
EP005049,2026-06-23 12:06:00,U1013,emily.smith,WKSTN-U1013,Outlook,PROCESS_START,15.5,858
EP032224,2026-06-23 12:02:00,U1079,emily.jones,WKSTN-U1079,Wireshark,PROCESS_START,2.8,
EP029426,2026-06-23 11:55:00,U1072,  kenneth.lopez ,WKSTN-U1072,explorer.exe,PROCESS_START,16.9,238
EP037117,2026-06-23 11:39:00,U1090,mary.hill,WKSTN-U1090,Chrome,,13.4,146
EP014624,2026-06-23 12:28:00,U1035,nancy.rodriguez82,WKSTN-U1035,Excel,PROCESS_START,4.7,756
EP031391,2026-06-23 12:24:00,U1077,kimberly.harris58,WKSTN-U1077,outlook.exe,PROCESS_START,28.9,757
EP037120,2026-06-23 12:30:00,U1090,mary.hill,WKSTN-U1090,NOTEPAD.EXE,PROCESS_START,31.3,667
EP018591,2026-06-23 12:24:00,U1045,daniel.sanchez90,WKSTN-U1045,explorer.exe,process_start,25.2,756
EP014625,2026-06-23 12:25:00,U1035,nancy.rodriguez82,WKSTN-U1035,teams.exe,PROCESS_START,30.4,159
EP023382,2026-06-23 12:18:00,U1057,nancy.sanchez,WKSTN-U1057,teams.exe,PROCESS_START,31.8,511
EP004220,2026-06-23 12:22:00,U1011,donna.ramirez75,WKSTN-U1011,notepad.exe,PROCESS_START,13.6,515
EP016620,2026-06-23 12:26:00,U1040,matthew.martin,WKSTN-U1040,outlook.exe,PROCESS_START,4.8,480
EP034859,2026-06-23 12:28:00,U1085,barbara.walker67,  WKSTN-U1085 ,Chrome,PROCESS_START,4.1,880
EP040888,2026-06-23 12:16:00,U1099,joseph.garcia,WKSTN-U1099,chrome.exe,PROCESS_START,32.2,476
EP024189,2026-06-23 12:10:00,U1059,daniel.perez98,WKSTN-U1059,Excel,PROCESS_START,19.3,282
EP010393,2026-06-23 12:19:00,U1025,betty.brown22,WKSTN-U1025,Docker Desktop,PROCESS_START,10.9,656
EP020192,2026-06-23 12:13:00,U1049,michelle.jones59,,notepad.exe,PROCESS_START,17.3,601
EP001124,2026-06-23 12:24:00,U1003,kenneth.clark29,WKSTN-U1003,QuickBooks,PROCESS_START,14.4,411
EP009494,2026-06-23 12:25:00,U1023,richard.wright,WKSTN-U1023,Chrome,PROCESS_START,1.9,522
EP008138,2026-06-23 12:14:00,U1020,andrew.thomas36,WKSTN-U1020,Slack,PROCESS_START,9.8,879
EP019015,2026-06-23 12:18:00,U1046,michelle.torres39,WKSTN-U1046,outlook.exe,PROCESS_START,12.7,718
EP013441,2026-06-23 12:12:00,U1032,paul.wright91,WKSTN-U1032,Excel,PROCESS_START,28.7,633
EP028611,2026-06-23 12:30:00,U1070,betty.thomas40,WKSTN-U1070,teams.exe,PROCESS_START,11.4,236
EP002321,2026-06-23 12:29:00,U1006,george.gonzalez,,QuickBooks,PROCESS_START,33.3,229
EP019430,2026-06-23 12:09:00,U1047,sandra.lewis,WKSTN-U1047,Excel,PROCESS_START,21.7,387
EP040890,2026-06-23 12:08:00,U1099,joseph.garcia,WKSTN-U1099,Excel,PROCESS_START,19.3,350
EP000287,2026-06-23 12:13:00,U1001,linda.johnson95,WKSTN-U1001,SAP,PROCESS_START,20.0,768
EP017001,2026-06-23 12:30:00,U1041,matthew.allen52,WKSTN-U1041,teams.exe,PROCESS_START,26.8,404
EP018203,2026-06-23 12:13:00,U1044,lisa.ramirez9,WKSTN-U1044,outlook.exe,PROCESS_START,2.2,484
EP034861,2026-06-23 12:54:00,U1085,barbara.walker67,WKSTN-U1085,explorer.exe,PROCESS_START,18.3,588
EP025015,2026-06-23 12:48:00,U1061,JESSICA.RODRIGUEZ,WKSTN-U1061,teams.exe,PROCESS_START,30.8,881
EP005870,2026-06-23 12:49:00,U1015,lisa.hernandez,WKSTN-U1015,Chrome,PROCESS_START,4.7,451
EP024188,2026-06-23 12:36:00,U1059,daniel.perez98,WKSTN-U1059,Outlook,PROCESS_START,6.2,497
EP026592,2026-06-23 12:49:00,U1065,michael.ramirez47,,outlook.exe,PROCESS_START,31.7,416
EP009491,2026-06-23 12:50:00,U1023,richard.wright,WKSTN-U1023,Jenkins,PROCESS_START,6.7,733
EP037563,2026-06-23 12:41:00,U1091,linda.robinson,WKSTN-U1091,explorer.exe,PROCESS_START,31.2,
EP005452,2026-06-23 12:47:00,U1014,james.taylor,WKSTN-U1014,chrome.exe,PROCESS_START,2.4,584
EP009047,2026-06-23 12:51:00,U1022,sandra.brown,WKSTN-U1022,Slack,PROCESS_START,23.4,442
EP002705,2026-06-23 12:36:00,U1007,sarah.robinson82,WKSTN-U1007,Outlook,PROCESS_START,23.5,198
EP019017,2026-06-23 12:54:00,U1046,michelle.torres39,WKSTN-U1046,Workday,PROCESS_START,9.2,719
EP001521,2026-06-23 12:48:00,U1004,elizabeth.wilson98,WKSTN-U1004,notepad.exe,PROCESS_START,10.3,660
EP008137,2026-06-23 12:38:00,U1020,andrew.thomas36,WKSTN-U1020,explorer.exe,PROCESS_START,1.7,888
EP016203,2026-06-23 12:54:00,U1039,mark.thomas,WKSTN-U1039,Excel,PROCESS_START,8.8,573
EP004218,2026-06-23 12:47:00,U1011,donna.ramirez75	,WKSTN-U1011,chrome.exe,PROCESS_START,13.5,885
EP022207,2026-06-23 12:38:00,U1054,anthony.martinez,WKSTN-U1054,chrome.exe,PROCESS_START,33.8,502
EP014217,2026-06-23 12:34:00,U1034,thomas.allen63,WKSTN-U1034,Outlook,PROCESS_START,30.1,440
EP022206,2026-06-23 12:34:00,U1054,anthony.martinez,WKSTN-U1054,outlook.exe,PROCESS_START,14.7,337
EP003070,2026-06-23 12:48:00,U1008,joshua.hernandez,WKSTN-U1008,QuickBooks,PROCESS_START,6.4,95
EP007238,2026-06-23 12:44:00,U1018,betty.white57	,WKSTN-U1018,Chrome,PROCESS_START,33.5,469
EP016999,2026-06-23 12:46:00,U1041,matthew.allen52,WKSTN-U1041,Chrome,PROCESS_START,13.6,831
EP019016,2026-06-23 12:40:00,U1046,michelle.torres39,WKSTN-U1046,explorer.exe,PROCESS_START,8.1,477
EP033088,2026-06-23 12:42:00,U1081,margaret.davis,WKSTN-U1081,explorer.exe,PROCESS_START,32.2,532
EP029424,2026-06-23 12:33:00,U1072,kenneth.lopez,WKSTN-U1072,Outlook,PROCESS_START,27.6,884
EP026191,2026-06-23 12:34:00,U1064,matthew.wright55,WKSTN-U1064,  Outlook ,PROCESS_START,10.0,293
EP037118,2026-06-23 13:24:00,U1090,mary.hill,WKSTN-U1090,Active Directory Console,PROCESS_START,7.0,826
EP028609,2026-06-23 12:57:00,U1070,betty.thomas40,WKSTN-U1070,Word,PROCESS_START,27.8,339
EP035308,2026-06-23 13:19:00,U1086,steven.thompson53,WKSTN-U1086,Active Directory Console,PROCESS_START,9.4,390
EP025020,2026-06-23 12:55:00,U1061,jessica.rodriguez,WKSTN-U1061,explorer.exe,PROCESS_START,21.0,647
EP027009,2026-06-23 13:01:00,U1066,michelle.wright62,WKSTN-U1066,Word,PROCESS_START,12.1,669
EP011294,2026-06-23 13:28:00,U1027,patricia.brown75,WKSTN-U1027,teams.exe,PROCESS_START,30.8,751
EP007239,2026-06-23 12:55:00,U1018,betty.white57,WKSTN-U1018,Docker Desktop,PROCESS_START,26.2,91
EP020599,2026-06-23 12:57:00,U1050,michael.ramirez,WKSTN-U1050,Salesforce	,PROCESS_START,22.9,866
EP026593,2026-06-23 13:05:00,U1065,michael.ramirez47,WKSTN-U1065,Word,PROCESS_START,32.9,536
EP006295,2026-06-23 13:21:00,U1016,patricia.thomas,WKSTN-U1016,,PROCESS_START,19.8,900
EP023384,2026-06-23 12:57:00,U1057,nancy.sanchez,WKSTN-U1057,Zoom,PROCESS_START,28.8,196
EP027011,2026-06-23 13:27:00,U1066,michelle.wright62,WKSTN-U1066,notepad.exe,PROCESS_START,17.0,376
EP022204,2026-06-23 13:20:00,U1054,anthony.martinez,WKSTN-U1054,Zoom,PROCESS_START,16.4,562
EP018589,2026-06-23 13:12:00,U1045,daniel.sanchez90,WKSTN-U1045,outlook.exe,PROCESS_START,17.0,492
EP041266,2026-06-23 12:59:00,U1100,daniel.brown38,WKSTN-U1100,Chrome,PROCESS_START,15.8,346
EP002319,2026-06-23 12:59:00,U1006,george.gonzalez,WKSTN-U1006,chrome.exe,PROCESS_START,8.2,839
EP024583,2026-06-23 13:17:00,U1060,matthew.anderson	,WKSTN-U1060,Outlook,PROCESS_START,8.1,543
EP015002,2026-06-23 13:19:00,U1036,linda.jones,WKSTN-U1036,outlook.exe,PROCESS_START,10.8,780
EP003069,2026-06-23 12:56:00,U1008,joshua.hernandez,WKSTN-U1008,explorer.exe,PROCESS_START,26.9,819
EP014998,2026-06-23 13:28:00,U1036,,WKSTN-U1036,chrome.exe,PROCESS_START,32.1,686
EP021775,2026-06-23 13:08:00,U1053,john.jackson31,WKSTN-U1053,Salesforce,PROCESS_START,33.3,649
EP015415,2026-06-23 13:20:00,U1037,ROBERT.MARTIN,WKSTN-U1037,explorer.exe,PROCESS_START,1.8,485
EP015000,2026-06-23 13:16:00,U1036,linda.jones,WKSTN-U1036,teams.exe,PROCESS_START,7.8,640
EP030615,2026-06-23 13:17:00,U1075,steven.lewis,WKSTN-U1075,chrome.exe,PROCESS_START,19.5,374
EP009493,2026-06-23 13:21:00,U1023,richard.wright,WKSTN-U1023,,PROCESS_START,20.3,216
EP008586,2026-06-23 13:41:00,U1021,jessica.walker,WKSTN-U1021,Chrome,PROCESS_START,28.6,109
EP006778,2026-06-23 13:53:00,U1017,emily.hernandez34,WKSTN-U1017,Jenkins,PROCESS_START,11.0,467
EP004631,2026-06-23 13:37:00,U1012,linda.martinez,WKSTN-U1012,Outlook,PROCESS_START,8.6,346
EP014623,2026-06-23 14:00:00,U1035,nancy.rodriguez82,WKSTN-U1035,Chrome,PROCESS_START,29.4,869
EP033498,2026-06-23 13:45:00,U1082,karen.hill96,WKSTN-U1082,outlook.exe,,32.0,238
EP026190,2026-06-23 13:28:00,U1064,matthew.wright55,WKSTN-U1064,explorer.exe,PROCESS_START,25.1,611
EP013830,2026-06-23 13:33:00,U1033,linda.miller,WKSTN-U1033,chrome.exe,PROCESS_START,18.0,106
EP023383,2026-06-23 13:58:00,U1057,nancy.sanchez,WKSTN-U1057	,Zoom,PROCESS_START,24.7,694
EP003842,2026-06-23 13:45:00,U1010,susan.young51,WKSTN-U1010,outlook.exe,PROCESS_START,31.1,623
EP027765,2026-06-23 14:02:00,U1068,susan.thompson34,WKSTN-U1068,Word,PROCESS_START,9.2,576
EP034863,2026-06-23 13:56:00,U1085,  barbara.walker67 ,,Chrome,PROCESS_START,20.9,684
EP010391,2026-06-23 13:57:00,U1025,betty.brown22,WKSTN-U1025,notepad.exe,PROCESS_START,5.7,770
EP014999,2026-06-23 13:34:00,U1036,linda.jones,WKSTN-U1036,workday,PROCESS_START,28.9,776
EP018590,2026-06-23 13:59:00,U1045,daniel.sanchez90,WKSTN-U1045,  notepad.exe ,PROCESS_START,5.9,532
EP033090,2026-06-23 13:50:00,U1081,margaret.davis,WKSTN-U1081,PuTTY,PROCESS_START,33.8,698
EP035743,2026-06-23 13:47:00,U1087,charles.sanchez,WKSTN-U1087	,PuTTY,PROCESS_START,25.2,608
EP005449,2026-06-23 14:01:00,U1014,james.taylor,WKSTN-U1014,notepad.exe,PROCESS_START,24.8,632
EP009947,2026-06-23 13:53:00,U1024,emily.miller,WKSTN-U1024,chrome.exe,PROCESS_START,31.4,782
EP013443,2026-06-23 13:59:00,U1032,paul.wright91,WKSTN-U1032,outlook.exe,PROCESS_START,17.8,670
EP038025,2026-06-23 13:53:00,U1092,steven.thomas,WKSTN-U1092,Wireshark,PROCESS_START,10.1,474
EP027010,2026-06-23 13:35:00,U1066,michelle.wright62,WKSTN-U1066,teams.exe,PROCESS_START,3.9,91
EP000710,2026-06-23 13:54:00,U1002,donna.ramirez,WKSTN-U1002,explorer.exe,PROCESS_START,23.1,896
EP031797,2026-06-23 13:40:00,U1078,michelle.miller,WKSTN-U1078,notepad.exe,PROCESS_START,,672
EP003472,2026-06-23 13:37:00,U1009,daniel.brown,,explorer.exe,PROCESS_START,8.4,439
EP040119,2026-06-23 14:01:00,U1097,mark.martinez10,WKSTN-U1097,Outlook,PROCESS_START,28.9,651
EP001913,2026-06-23 14:30:00,U1005,robert.robinson,WKSTN-U1005,explorer.exe,PROCESS_START,14.3,193
EP035306,2026-06-23 14:26:00,U1086,steven.thompson53,WKSTN-U1086,PuTTY,PROCESS_START,1.7,743
EP028215,2026-06-23 14:28:00,U1069,jessica.clark,WKSTN-U1069,notepad.exe,PROCESS_START,20.7,587
EP005453,2026-06-23 14:04:00,U1014,james.taylor,,explorer.exe,PROCESS_START,29.2,283
EP000707,2026-06-23 14:34:00,U1002,donna.ramirez,WKSTN-U1002,Excel,PROCESS_START,13.7,430
EP000288,2026-06-23 14:18:00,U1001,linda.johnson95,WKSTN-U1001,Chrome,PROCESS_START,25.6,485
EP034434,2026-06-23 14:19:00,U1084,joshua.taylor,WKSTN-U1084,Terminal,PROCESS_START,11.9,632
EP025802,2026-06-23 14:33:00,U1063,john.nguyen,WKSTN-U1063,chrome.exe,PROCESS_START,3.5,703
EP028608,2026-06-23 14:07:00,U1070,betty.thomas40,WKSTN-U1070,teams.exe,PROCESS_START,22.3,484
EP033089,2026-06-23 14:07:00,U1081,margaret.davis,WKSTN-U1081,OUTLOOK.EXE,PROCESS_START,,894
EP022993,2026-06-23 14:24:00,U1056,anthony.clark,WKSTN-U1056	,Chrome,process_start,17.6,397
EP031392,2026-06-23 14:25:00,U1077,kimberly.harris58,WKSTN-U1077,  Outlook ,PROCESS_START,9.7,314
EP001522,2026-06-23 14:35:00,U1004,elizabeth.wilson98,WKSTN-U1004,outlook.exe,PROCESS_START,17.2,294
EP031004,2026-06-23 14:38:00,U1076,john.torres,WKSTN-U1076,DocuSign,,8.7,177
EP025394,2026-06-23 14:32:00,U1062,william.martin,WKSTN-U1062,explorer.exe,PROCESS_START,24.5,374
EP005051,2026-06-23 14:17:00,U1013,emily.smith,WKSTN-U1013,Excel,PROCESS_START,3.8,823
EP028214,2026-06-23 14:07:00,U1069,jessica.clark,WKSTN-U1069,Outlook,PROCESS_START,32.1,718
EP022208,2026-06-23 14:31:00,U1054,anthony.martinez,WKSTN-U1054,Chrome,PROCESS_START,19.9,
EP004221,2026-06-23 14:31:00,U1011,donna.ramirez75,WKSTN-U1011,QuickBooks,process_start,33.2,337
EP036224,2026-06-23 14:18:00,U1088,andrew.smith85,WKSTN-U1088,outlook.exe	,PROCESS_START,18.2,878
EP023780,2026-06-23 14:18:00,U1058,jennifer.ramirez18,WKSTN-U1058,explorer.exe,PROCESS_START,9.7,708
EP013831,2026-06-23 14:21:00,U1033,linda.miller,WKSTN-U1033,Chrome,PROCESS_START,17.0,
EP033956,2026-06-23 14:35:00,U1083,sarah.allen70,WKSTN-U1083,PuTTY,PROCESS_START,24.7,300
EP041264,2026-06-23 14:05:00,U1100,daniel.brown38,WKSTN-U1100,Chrome,PROCESS_START,9.7,590
EP017806,2026-06-23 14:08:00,U1043,thomas.williams91,WKSTN-U1043,teams.exe,PROCESS_START,7.6,124
EP013834,2026-06-23 14:45:00,U1033,linda.miller,WKSTN-U1033,chrome.exe,PROCESS_START,31.2,299
EP033960,2026-06-23 15:00:00,U1083,sarah.allen70,WKSTN-U1083,Chrome,PROCESS_START,5.1,305
EP015818,2026-06-23 15:02:00,U1038,emily.clark,WKSTN-U1038,outlook.exe,PROCESS_START,8.2,387
EP021383,2026-06-23 14:43:00,U1052,paul.taylor,WKSTN-U1052,  outlook.exe ,PROCESS_START,5.3,866
EP011295,2026-06-23 14:54:00,U1027,patricia.brown75,WKSTN-U1027,notepad.exe,PROCESS_START,29.5,493000.0
EP006296,2026-06-23 14:59:00,U1016,PATRICIA.THOMAS,WKSTN-U1016,explorer.exe,PROCESS_START,15.0,663
EP015819,2026-06-23 14:54:00,U1038,emily.clark,WKSTN-U1038,chrome.exe,PROCESS_START,18.8,82
EP021385,2026-06-23 15:08:00,U1052,paul.taylor,WKSTN-U1052,outlook.exe,PROCESS_START,8.7,339
EP029806,2026-06-23 14:54:00,U1073,michael.gonzalez,WKSTN-U1073,Outlook,PROCESS_START,11.8,675
EP002702,2026-06-23 14:56:00,U1007,sarah.robinson82,WKSTN-U1007,notepad.exe,PROCESS_START,19.5,382
EP016204,2026-06-23 14:50:00,U1039,mark.thomas,WKSTN-U1039,Chrome,,3.7,682
EP014622,2026-06-23 14:48:00,U1035,nancy.rodriguez82,WKSTN-U1035,Workday,PROCESS_START,3.7,824
EP025017,2026-06-23 14:51:00,U1061,jessica.rodriguez,WKSTN-U1061,notepad.exe,PROCESS_START,31.3,221
EP025019,2026-06-23 14:57:00,U1061,jessica.rodriguez,WKSTN-U1061,notepad.exe,PROCESS_START,21.6,282
EP038892,2026-06-23 14:49:00,U1094,elizabeth.lewis69,WKSTN-U1094,teams.exe,PROCESS_START,34.7,81
EP030222,2026-06-23 15:09:00,U1074,sarah.williams7,WKSTN-U1074,outlook.exe,PROCESS_START,14.4,606
EP029807,2026-06-23 14:55:00,U1073,,WKSTN-U1073,teams.exe,PROCESS_START,,869
EP030614,2026-06-23 14:50:00,U1075,steven.lewis,WKSTN-U1075,Outlook,process_start,28.0,104
EP039717,2026-06-23 15:07:00,U1096,david.allen76,WKSTN-U1096,notepad.exe,PROCESS_START,24.9,456
EP031002,2026-06-23 14:50:00,U1076,john.torres,WKSTN-U1076,,PROCESS_START,19.5,468
EP035307,2026-06-23 14:50:00,U1086,steven.thompson53,,teams.exe,PROCESS_START,29.5,718
EP017416,2026-06-23 14:42:00,U1042,  michael.hill56 ,WKSTN-U1042,Outlook,process_start,17.0,644
EP027398,2026-06-23 14:42:00,U1067,paul.thomas97,WKSTN-U1067,Outlook,PROCESS_START,24.7,721
EP022994,2026-06-23 14:57:00,U1056,anthony.clark,WKSTN-U1056,outlook.exe,,15.6,142
EP025395,2026-06-23 14:59:00,U1062,william.martin,WKSTN-U1062,Excel,PROCESS_START,9.5,643
EP008136,2026-06-23 15:17:00,U1020,andrew.thomas36,WKSTN-U1020,outlook.exe,PROCESS_START,12.0,775
EP038027,2026-06-23 15:11:00,U1092,steven.thomas	,WKSTN-U1092,explorer.exe,PROCESS_START,11.2,280
EP006777,2026-06-23 15:16:00,U1017,emily.hernandez34,WKSTN-U1017,,PROCESS_START,5.3,749
EP036667,2026-06-23 15:20:00,U1089,paul.brown27,WKSTN-U1089,  notepad.exe ,PROCESS_START,19.1,339
EP025016,2026-06-23 15:16:00,U1061,jessica.rodriguez,WKSTN-U1061,Chrome,PROCESS_START,21.9,645
EP020189,2026-06-23 15:24:00,U1049,michelle.jones59,WKSTN-U1049,Excel,PROCESS_START,18.8,168
EP009045,2026-06-23 15:22:00,U1022,sandra.brown,WKSTN-U1022,VSCode,PROCESS_START,,707
EP031390,2026-06-23 15:19:00,U1077,kimberly.harris58,WKSTN-U1077,chrome.exe,PROCESS_START,21.8,863
EP036666,2026-06-23 15:11:00,U1089,paul.brown27,WKSTN-U1089,,PROCESS_START,18.9,
EP014221,2026-06-23 15:20:00,U1034,thomas.allen63,WKSTN-U1034,explorer.exe,PROCESS_START,34.1,233
EP005450,2026-06-23 15:25:00,U1014,james.taylor,WKSTN-U1014,,PROCESS_START,21.1,833
EP010826,2026-06-23 15:22:00,U1026,elizabeth.gonzalez,WKSTN-U1026,explorer.exe,PROCESS_START,10.7,343
EP033085,2026-06-23 15:26:00,U1081,margaret.davis,WKSTN-U1081,chrome.exe,PROCESS_START,20.9,410
EP005869,2026-06-23 15:15:00,U1015,lisa.hernandez,WKSTN-U1015,Chrome,PROCESS_START,12.4,236
EP035309,2026-06-23 15:11:00,U1086,steven.thompson53,WKSTN-U1086,Active Directory Console,PROCESS_START,11.7,847
EP032223,2026-06-23 15:19:00,U1079,emily.jones,WKSTN-U1079,chrome.exe,PROCESS_START,1.2,550
EP028610,2026-06-23 15:25:00,U1070,betty.thomas40,WKSTN-U1070,teams.exe,PROCESS_START,5.0,509
EP006775,2026-06-23 15:10:00,U1017,emily.hernandez34,WKSTN-U1017,Slack,PROCESS_START,21.7,96
EP029024,2026-06-23 15:25:00,U1071,matthew.robinson35,WKSTN-U1071,explorer.exe,PROCESS_START,13.2,201
EP022609,2026-06-23 15:26:00,U1055,patricia.wilson54,WKSTN-U1055,outlook.exe,PROCESS_START,23.8,444
EP038455,2026-06-23 15:19:00,U1093,sarah.clark44,WKSTN-U1093,Active Directory Console,PROCESS_START,28.6,837
EP021776,2026-06-23 15:20:00,U1053,JOHN.JACKSON31,WKSTN-U1053,outlook.exe,,12.5,532
EP011298,2026-06-23 15:20:00,U1027,patricia.brown75,WKSTN-U1027,notepad.exe,PROCESS_START,19.5,667
EP024584,2026-06-23 15:23:00,U1060,matthew.anderson,WKSTN-U1060,chrome.exe,PROCESS_START,8.1,222
EP012176,2026-06-23 15:16:00,U1029,michelle.garcia54,WKSTN-U1029,explorer.exe,PROCESS_START,26.1,110
EP020188,2026-06-23 16:18:00,U1049,MICHELLE.JONES59,WKSTN-U1049,Salesforce,PROCESS_START,18.8,248
EP029425,2026-06-23 15:41:00,U1072,kenneth.lopez,WKSTN-U1072,chrome.exe,PROCESS_START,4.9,182
EP003471,2026-06-23 16:18:00,U1009,daniel.brown,WKSTN-U1009,notepad.exe,PROCESS_START,19.6,484
EP017807,2026-06-23 16:08:00,U1043,thomas.williams91,WKSTN-U1043,Workday,PROCESS_START,5.9,844
EP003469,2026-06-23 15:28:00,U1009,daniel.brown,,Outlook,PROCESS_START,24.3,886
EP006294,2026-06-23 15:36:00,U1016,  patricia.thomas ,WKSTN-U1016,chrome.exe,PROCESS_START,25.3,185
EP008588,2026-06-23 16:00:00,U1021,jessica.walker,WKSTN-U1021,Chrome,PROCESS_START,,81
EP020996,2026-06-23 15:49:00,U1051,sandra.king72,WKSTN-U1051,Salesforce,PROCESS_START,24.5,219
EP003843,2026-06-23 15:46:00,U1010,susan.young51,WKSTN-U1010,teams.exe,PROCESS_START,31.6,679
EP017802,2026-06-23 15:37:00,U1043,thomas.williams91,WKSTN-U1043,explorer.exe,PROCESS_START,8.7,400
EP024190,2026-06-23 15:29:00,U1059,,WKSTN-U1059	,teams.exe,,7.6,880
EP034433,2026-06-23 15:34:00,U1084,joshua.taylor,WKSTN-U1084,Terminal,PROCESS_START,5.1,302
EP029025,2026-06-23 16:13:00,U1071,  matthew.robinson35 ,WKSTN-U1071,DocuSign,PROCESS_START,33.3,177
EP029029,2026-06-23 16:07:00,U1071,matthew.robinson35,WKSTN-U1071,  Word ,PROCESS_START,10.8,696
EP002317,2026-06-23 15:39:00,U1006,george.gonzalez,WKSTN-U1006,explorer.exe,PROCESS_START,27.1,284
EP034435,2026-06-23 15:54:00,U1084,joshua.taylor,WKSTN-U1084,chrome.exe,PROCESS_START,29.9,589
EP005047,2026-06-23 16:14:00,U1013,emily.smith,WKSTN-U1013,teams.exe,PROCESS_START,19.0,348
EP004633,2026-06-23 15:59:00,U1012,linda.martinez,WKSTN-U1012,Outlook,PROCESS_START,3.6,803
EP020998,2026-06-23 15:50:00,U1051,sandra.king72,WKSTN-U1051	,Zoom,PROCESS_START,10.6,410
EP006776,2026-06-23 15:37:00,U1017,emily.hernandez34,WKSTN-U1017,outlook.exe,PROCESS_START,28.0,882
EP004217,2026-06-23 15:29:00,U1011,donna.ramirez75,  WKSTN-U1011 ,chrome.exe,PROCESS_START,20.2,866
EP001121,2026-06-23 15:35:00,U1003,  kenneth.clark29 ,WKSTN-U1003,SAP,PROCESS_START,24.5,225
EP038024,2026-06-23 16:05:00,U1092,steven.thomas,WKSTN-U1092,Wireshark,PROCESS_START,11.3,94
EP013833,2026-06-23 16:09:00,U1033,linda.miller,WKSTN-U1033,notepad.exe,PROCESS_START,12.1,802
EP030225,2026-06-23 15:44:00,U1074,sarah.williams7	,WKSTN-U1074,DocuSign,PROCESS_START,6.5,402
EP009946,2026-06-23 16:49:00,U1024,emily.miller,WKSTN-U1024,,PROCESS_START,5.3,358
EP005048,2026-06-23 17:43:00,U1013,emily.smith,WKSTN-U1013,notepad.exe,PROCESS_START,28.6,888
EP012179,2026-06-23 17:54:00,U1029,,WKSTN-U1029,VSCode,PROCESS_START,24.1,895
EP005050,2026-06-23 17:17:00,U1013,emily.smith,WKSTN-U1013,QuickBooks,PROCESS_START,18.8,480
EP019019,2026-06-23 17:09:00,U1046,michelle.torres39,WKSTN-U1046,Outlook,PROCESS_START,11.1,637
EP021384,2026-06-23 16:55:00,U1052,paul.taylor,WKSTN-U1052,Zoom,PROCESS_START,1.3,224
EP007694,2026-06-23 17:18:00,U1019,donna.anderson,WKSTN-U1019,Chrome,PROCESS_START,17.9,494
EP010389,2026-06-23 17:17:00,U1025,betty.brown22,  WKSTN-U1025 ,,PROCESS_START,2.8,713
EP015417,2026-06-23 17:30:00,U1037,robert.martin,WKSTN-U1037,explorer.exe,PROCESS_START,13.4,179
EP002704,2026-06-23 16:21:00,U1007,sarah.robinson82,WKSTN-U1007,  Chrome ,PROCESS_START,15.3,537
EP004629,2026-06-23 17:09:00,U1012,linda.martinez,WKSTN-U1012,chrome.exe,PROCESS_START,34.1,271
EP026192,2026-06-23 16:41:00,U1064,matthew.wright55,,Word,PROCESS_START,24.4,575
EP004630,2026-06-23 16:40:00,U1012,linda.martinez,WKSTN-U1012,notepad.exe,PROCESS_START,23.7,453
EP015003,2026-06-23 17:46:00,U1036,  linda.jones ,WKSTN-U1036,Workday,PROCESS_START,23.7,692
EP005451,2026-06-23 16:34:00,U1014,james.taylor,WKSTN-U1014,SAP,PROCESS_START,11.3,635
EP013832,2026-06-23 17:06:00,U1033,linda.miller,WKSTN-U1033,outlook.exe,PROCESS_START,19.1,884
EP020190,2026-06-23 17:16:00,U1049,michelle.jones59,WKSTN-U1049	,teams.exe,PROCESS_START,18.9,529
EP022992,2026-06-23 16:49:00,U1056,anthony.clark,WKSTN-U1056,Outlook,PROCESS_START,2.3,451
EP012178,2026-06-23 17:11:00,U1029,michelle.garcia54,WKSTN-U1029,outlook.exe,PROCESS_START,13.0,741
EP004632,2026-06-23 17:11:00,U1012,,WKSTN-U1012,Outlook,PROCESS_START,33.3,115
EP032222,2026-06-23 16:58:00,U1079,emily.jones,WKSTN-U1079,,PROCESS_START,6.7,199
EP020999,2026-06-23 17:19:00,U1051,sandra.king72,WKSTN-U1051,chrome.exe,PROCESS_START,3.4,146
EP003468,2026-06-23 17:08:00,U1009,DANIEL.BROWN,WKSTN-U1009,outlook.exe,PROCESS_START,23.6,248
EP022995,2026-06-23 17:55:00,U1056,anthony.clark,WKSTN-U1056,notepad.exe,,30.7,386
EP019018,2026-06-23 16:24:00,U1046,michelle.torres39,WKSTN-U1046,excel,PROCESS_START,17.4,715
EP019449,2026-06-24 08:00:00,U1047,sandra.lewis,WKSTN-U1047,Chrome,PROCESS_START,34.6,879
EP035333,2026-06-24 07:27:00,U1086,steven.thompson53,WKSTN-U1086,Slack,PROCESS_START,32.7,320
EP012640,2026-06-24 07:04:00,U1030,betty.rodriguez86,WKSTN-U1030,outlook.exe,PROCESS_START,24.3,105
EP016635,2026-06-24 08:05:00,U1040,matthew.martin,WKSTN-U1040,Chrome,PROCESS_START,23.6,235
EP004236,2026-06-24 07:58:00,U1011,donna.ramirez75,WKSTN-U1011,Outlook,PROCESS_START,1.8,658
EP039736,2026-06-24 07:57:00,U1096,david.allen76,WKSTN-U1096,teams.exe,PROCESS_START,14.9,817
EP003488,2026-06-24 07:59:00,U1009,daniel.brown,WKSTN-U1009,chrome.exe,PROCESS_START,26.8,168
EP018612,2026-06-24 08:08:00,U1045,daniel.sanchez90,WKSTN-U1045,Workday,PROCESS_START,,635
EP040140,2026-06-24 07:19:00,U1097,mark.martinez10,WKSTN-U1097,notepad.exe,PROCESS_START,24.5,558
EP018222,2026-06-24 08:11:00,U1044,lisa.ramirez9,WKSTN-U1044,Outlook,PROCESS_START,17.0,157
EP017021,2026-06-24 07:17:00,U1041,matthew.allen52,WKSTN-U1041,Outlook,PROCESS_START,24.1,495
EP000305,2026-06-24 07:43:00,U1001,linda.johnson95,WKSTN-U1001,QuickBooks,,18.1,376
EP034449,2026-06-24 08:16:00,U1084,joshua.taylor,WKSTN-U1084,teams.exe,PROCESS_START,17.9,628
EP038046,2026-06-24 08:01:00,U1092,steven.thomas,WKSTN-U1092,Chrome,PROCESS_START,16.3,353
EP015837,2026-06-24 08:07:00,U1038,emily.clark,WKSTN-U1038,teams.exe,PROCESS_START,1.9,254
EP014240,2026-06-24 08:14:00,U1034,thomas.allen63,WKSTN-U1034,Outlook,PROCESS_START,24.8,326
EP011753,2026-06-24 07:54:00,U1028,john.hill,  WKSTN-U1028 ,notepad.exe,PROCESS_START,9.4,539
EP027787,2026-06-24 08:09:00,U1068,susan.thompson34,WKSTN-U1068,outlook.exe,PROCESS_START,12.7,590
EP003084,2026-06-24 07:22:00,U1008,joshua.hernandez,WKSTN-U1008,QuickBooks,,22.6,893
EP015017,2026-06-24 07:56:00,U1036,linda.jones,WKSTN-U1036,chrome.exe,PROCESS_START,28.6,833
EP010847,2026-06-24 07:39:00,U1026,elizabeth.gonzalez,WKSTN-U1026,Chrome,process_start,34.4,894
EP004650,2026-06-24 07:31:00,U1012,,WKSTN-U1012,Chrome,PROCESS_START,23.1,677
EP008611,2026-06-24 07:26:00,U1021,jessica.walker,WKSTN-U1021,Docker Desktop,PROCESS_START,23.7,866
EP015836,2026-06-24 07:20:00,U1038,  emily.clark ,WKSTN-U1038,Excel,PROCESS_START,19.8,
EP009515,2026-06-24 07:48:00,U1023,richard.wright,WKSTN-U1023,Docker Desktop,PROCESS_START,,385
EP017821,2026-06-24 08:43:00,U1043,thomas.williams91,WKSTN-U1043,notepad.exe,PROCESS_START,5.1,227
EP031410,2026-06-24 08:31:00,U1077,,WKSTN-U1077,,PROCESS_START,10.5,640
EP019830,2026-06-24 08:22:00,U1048,jennifer.thomas87,WKSTN-U1048,notepad.exe,PROCESS_START,22.9,285
EP038913,2026-06-24 08:49:00,U1094,elizabeth.lewis69,  WKSTN-U1094 ,teams.exe,PROCESS_START,6.6,305
EP027783,2026-06-24 08:46:00,U1068,susan.thompson34,WKSTN-U1068,outlook.exe,PROCESS_START,8.8,
EP017437,2026-06-24 08:18:00,U1042,michael.hill56,WKSTN-U1042,,PROCESS_START,25.5,665
EP028627,2026-06-24 08:21:00,U1070,betty.thomas40,WKSTN-U1070,Chrome,PROCESS_START,29.1,841
EP004240,2026-06-24 08:44:00,U1011,donna.ramirez75,WKSTN-U1011,Excel,PROCESS_START,20.1,421
EP000728,2026-06-24 08:48:00,U1002,donna.ramirez,WKSTN-U1002,outlook.exe,PROCESS_START,19.7,173
EP005887,2026-06-24 08:21:00,U1015,lisa.hernandez,WKSTN-U1015,outlook.exe,PROCESS_START,18.7,821
EP037144,2026-06-24 08:35:00,U1090,mary.hill,  WKSTN-U1090 ,Slack,PROCESS_START,2.2,485
EP008613,2026-06-24 08:50:00,U1021,jessica.walker,WKSTN-U1021,explorer.exe,PROCESS_START,2.0,493
EP004651,2026-06-24 08:45:00,U1012,linda.martinez,WKSTN-U1012,Outlook,PROCESS_START,27.9,241
EP009068,2026-06-24 08:28:00,U1022,sandra.brown,WKSTN-U1022,Slack,PROCESS_START,28.7,625
EP017820,2026-06-24 08:29:00,U1043,thomas.williams91,WKSTN-U1043,notepad.exe,PROCESS_START,6.6,745
EP027786,2026-06-24 08:26:00,U1068,susan.thompson34	,WKSTN-U1068,,PROCESS_START,10.9,720
EP040141,2026-06-24 08:24:00,U1097,,WKSTN-U1097,Outlook,PROCESS_START,13.6,465
EP016636,2026-06-24 08:20:00,U1040,matthew.martin,WKSTN-U1040,Chrome	,PROCESS_START,28.3,877
EP010845,2026-06-24 08:34:00,U1026,elizabeth.gonzalez,  WKSTN-U1026 ,Docker Desktop,PROCESS_START,29.4,158
EP034451,2026-06-24 08:22:00,U1084,joshua.taylor,WKSTN-U1084,Chrome,PROCESS_START,3.6,760
EP031023,2026-06-24 08:47:00,U1076,john.torres,WKSTN-U1076,chrome.exe,PROCESS_START,23.8,345
EP025820,2026-06-24 08:50:00,U1063,JOHN.NGUYEN,WKSTN-U1063,DocuSign,PROCESS_START,14.6,195
EP013057,2026-06-24 08:42:00,U1031,john.wright28,WKSTN-U1031,teams.exe,PROCESS_START,33.1,572
EP028229,2026-06-24 08:39:00,U1069,jessica.clark,WKSTN-U1069,explorer.exe,PROCESS_START,6.3,139
EP028230,2026-06-24 08:34:00,U1069,jessica.clark,WKSTN-U1069,DocuSign,PROCESS_START,19.4,554
EP015020,2026-06-24 09:30:00,U1036,linda.jones,,explorer.exe,PROCESS_START,1.5,615
EP003085,2026-06-24 09:16:00,U1008,joshua.hernandez,WKSTN-U1008,QuickBooks,PROCESS_START,14.5,91
EP016220,2026-06-24 09:00:00,U1039,mark.thomas,WKSTN-U1039,notepad.exe,PROCESS_START,9.7,259
EP001535,2026-06-24 09:23:00,U1004,  elizabeth.wilson98 ,WKSTN-U1004,QuickBooks,PROCESS_START,7.5,331
EP025819,2026-06-24 09:12:00,U1063,john.nguyen,WKSTN-U1063,explorer.exe,PROCESS_START,25.1,246
EP003855,2026-06-24 09:12:00,U1010,SUSAN.YOUNG51,WKSTN-U1010	,Chrome,PROCESS_START,12.3,219
EP012639,2026-06-24 09:11:00,U1030,betty.rodriguez86,WKSTN-U1030,Git,PROCESS_START,28.6,494
EP005472,2026-06-24 09:16:00,U1014,  james.taylor ,WKSTN-U1014,Excel,PROCESS_START,29.9,253
EP030241,2026-06-24 09:27:00,U1074,sarah.williams7,WKSTN-U1074,DocuSign,PROCESS_START,12.8,358
EP015430,2026-06-24 09:26:00,U1037,robert.martin,WKSTN-U1037,outlook.exe,PROCESS_START,27.6,209
EP004235,2026-06-24 09:33:00,U1011,donna.ramirez75,WKSTN-U1011,outlook,PROCESS_START,28.2,259
EP031020,2026-06-24 09:28:00,U1076,john.torres,WKSTN-U1076,Outlook,PROCESS_START,14.7,597
EP025412,2026-06-24 09:25:00,U1062,william.martin,WKSTN-U1062,Chrome,PROCESS_START,7.7,486
EP005888,2026-06-24 09:26:00,U1015,lisa.hernandez,WKSTN-U1015,teams.exe,PROCESS_START,11.9,736
EP007263,2026-06-24 08:59:00,U1018,betty.white57,WKSTN-U1018,chrome.exe,PROCESS_START,12.7,573
EP009069,2026-06-24 09:03:00,U1022,sandra.brown,WKSTN-U1022,chrome.exe,PROCESS_START,28.2,329
EP007261,2026-06-24 09:27:00,U1018,betty.white57,WKSTN-U1018,Docker Desktop,PROCESS_START,15.9,481
EP006317,2026-06-24 08:56:00,U1016,patricia.thomas,WKSTN-U1016,outlook.exe,PROCESS_START,16.0,876
EP023402,2026-06-24 09:14:00,U1057,nancy.sanchez,WKSTN-U1057,notepad.exe,PROCESS_START,7.4,516
EP032236,2026-06-24 09:22:00,U1079,emily.jones,WKSTN-U1079,active directory console,PROCESS_START,27.9,848
EP016632,2026-06-24 09:06:00,U1040,matthew.martin,WKSTN-U1040,teams.exe,PROCESS_START,29.3,343
EP023801,2026-06-24 09:25:00,U1058,jennifer.ramirez18,WKSTN-U1058,Outlook,PROCESS_START,2.2,708
EP005890,2026-06-24 09:14:00,U1015,lisa.hernandez,WKSTN-U1015,teams.exe,PROCESS_START,15.3,330
EP027412,2026-06-24 09:02:00,U1067,paul.thomas97,WKSTN-U1067,explorer.exe,PROCESS_START,N/A,771
EP000306,2026-06-24 09:14:00,U1001,linda.johnson95,WKSTN-U1001,teams.exe,PROCESS_START,11.8,692
EP017018,2026-06-24 09:39:00,U1041,matthew.allen52,WKSTN-U1041,Excel,PROCESS_START,3.3,83
EP029825,2026-06-24 09:59:00,U1073,michael.gonzalez,WKSTN-U1073,notepad.exe,PROCESS_START,4.0,290
EP037582,2026-06-24 09:51:00,U1091,linda.robinson,WKSTN-U1091,teams.exe,PROCESS_START,3.7,793
EP013849,2026-06-24 09:34:00,U1033,linda.miller,WKSTN-U1033,Outlook,PROCESS_START,22.4,750
EP001142,2026-06-24 10:05:00,U1003,kenneth.clark29,WKSTN-U1003,QuickBooks,PROCESS_START,6.0,
EP027785,2026-06-24 09:54:00,U1068,susan.thompson34,WKSTN-U1068,WORD,PROCESS_START,11.3,601
EP003490,2026-06-24 09:45:00,U1009,DANIEL.BROWN,WKSTN-U1009,Excel,PROCESS_START,16.5,847
EP035330,2026-06-24 09:45:00,U1086,steven.thompson53,WKSTN-U1086,PUTTY,PROCESS_START,19.3,900
EP005474,2026-06-24 09:54:00,U1014,james.taylor,WKSTN-U1014,Chrome	,PROCESS_START,20.4,259
EP030629,2026-06-24 10:02:00,U1075,steven.lewis,WKSTN-U1075,explorer.exe,PROCESS_START,28.3,158
EP035758,2026-06-24 10:01:00,U1087,charles.sanchez,WKSTN-U1087	,outlook.exe,PROCESS_START,6.7,829
EP031019,2026-06-24 09:42:00,U1076,john.torres,WKSTN-U1076,Word,PROCESS_START,32.6,835
EP021400,2026-06-24 09:59:00,U1052,paul.taylor,WKSTN-U1052,outlook.exe,PROCESS_START,16.3,811
EP037142,2026-06-24 09:44:00,U1090,mary.hill,WKSTN-U1090,outlook.exe,PROCESS_START,9.4,
EP025415,2026-06-24 09:37:00,U1062,william.martin,WKSTN-U1062,,PROCESS_START,34.1,88
EP041281,2026-06-24 09:59:00,U1100,DANIEL.BROWN38,WKSTN-U1100,Chrome,PROCESS_START,30.8,533
EP023804,2026-06-24 09:45:00,U1058,jennifer.ramirez18,  WKSTN-U1058 ,Chrome,PROCESS_START,33.2,574
EP030630,2026-06-24 09:59:00,U1075,steven.lewis	,WKSTN-U1075,DocuSign,PROCESS_START,15.5,386
EP034448,2026-06-24 10:01:00,U1084,joshua.taylor,WKSTN-U1084,Terminal,PROCESS_START,21.1,540
EP029045,2026-06-24 10:04:00,U1071,matthew.robinson35,WKSTN-U1071,Chrome,PROCESS_START,8.8,893
EP015019,2026-06-24 09:47:00,U1036,linda.jones,WKSTN-U1036,Workday,PROCESS_START,6.2,690
EP028628,2026-06-24 09:33:00,U1070,betty.thomas40,WKSTN-U1070,teams.exe,PROCESS_START,19.8,886
EP033523,2026-06-24 09:45:00,U1082,karen.hill96,WKSTN-U1082,Wireshark,PROCESS_START,15.0,413
EP014641,2026-06-24 09:43:00,U1035,nancy.rodriguez82,WKSTN-U1035,teams.exe,PROCESS_START,28.6,514
EP025038,2026-06-24 09:41:00,U1061,jessica.rodriguez,WKSTN-U1061,teams.exe,PROCESS_START,18.9,330
EP016633,2026-06-24 10:19:00,U1040,matthew.martin,WKSTN-U1040,Workday,PROCESS_START,30.4,451
EP040911,2026-06-24 10:08:00,U1099,  joseph.garcia ,WKSTN-U1099,Chrome,PROCESS_START,4.5,268
EP030631,2026-06-24 10:19:00,U1075,steven.lewis,WKSTN-U1075,teams.exe,PROCESS_START,30.8,787
EP022225,2026-06-24 10:13:00,U1054,  anthony.martinez ,WKSTN-U1054,explorer.exe,PROCESS_START,32.8,198
EP035760,2026-06-24 10:19:00,U1087,charles.sanchez,WKSTN-U1087,Terminal,PROCESS_START,9.3,591
EP018613,2026-06-24 10:28:00,U1045,daniel.sanchez90,WKSTN-U1045,explorer.exe	,PROCESS_START,10.2,463
EP015432,2026-06-24 10:11:00,U1037,robert.martin,WKSTN-U1037,  Excel ,PROCESS_START,9.2,116
EP015016,2026-06-24 10:16:00,U1036,,WKSTN-U1036,explorer.exe,PROCESS_START,34.3,246
EP017822,2026-06-24 10:10:00,U1043,thomas.williams91,WKSTN-U1043,teams.exe,PROCESS_START,16.3,900
EP016221,2026-06-24 10:25:00,U1039,mark.thomas,WKSTN-U1039,teams.exe,PROCESS_START,23.2,451
EP019040,2026-06-24 10:20:00,U1046,michelle.torres39,WKSTN-U1046,outlook.exe	,PROCESS_START,2.0,645
EP019039,2026-06-24 10:21:00,U1046,michelle.torres39,WKSTN-U1046,Outlook,PROCESS_START,21.4,406
EP005062,2026-06-24 10:09:00,U1013,emily.smith,WKSTN-U1013,QuickBooks,PROCESS_START,23.9,100
EP028228,2026-06-24 10:27:00,U1069,,WKSTN-U1069,teams.exe,PROCESS_START,29.5,756
EP002719,2026-06-24 10:20:00,U1007,sarah.robinson82,WKSTN-U1007,outlook.exe,PROCESS_START,14.4,815
EP033522,2026-06-24 10:30:00,U1082,karen.hill96,WKSTN-U1082,Wireshark,PROCESS_START,4.1,809
EP007711,2026-06-24 10:19:00,U1019,donna.anderson,WKSTN-U1019,teams.exe,PROCESS_START,7.4,539
EP011318,2026-06-24 10:18:00,U1027,patricia.brown75,WKSTN-U1027,Git,PROCESS_START,,766
EP008154,2026-06-24 10:27:00,U1020,andrew.thomas36,WKSTN-U1020,notepad.exe,PROCESS_START,33.9,840
EP001538,2026-06-24 10:08:00,U1004,elizabeth.wilson98,WKSTN-U1004,QuickBooks,PROCESS_START,10.3,109
EP016634,2026-06-24 10:06:00,U1040,matthew.martin,WKSTN-U1040,chrome.exe,PROCESS_START,32.5,309
EP012195,2026-06-24 10:14:00,U1029,michelle.garcia54,WKSTN-U1029,notepad.exe,PROCESS_START,9.5,525
EP020207,2026-06-24 10:22:00,U1049,michelle.jones59,WKSTN-U1049,Excel,PROCESS_START,4.5,670
EP036684,2026-06-24 10:11:00,U1089,paul.brown27,WKSTN-U1089,PuTTY,PROCESS_START,18.5,710
EP021015,2026-06-24 10:09:00,U1051,sandra.king72,WKSTN-U1051,notepad.exe,PROCESS_START,8.1,101
EP003491,2026-06-24 10:32:00,U1009,DANIEL.BROWN,WKSTN-U1009,Outlook,PROCESS_START,21.5,
EP020615,2026-06-24 10:41:00,U1050,michael.ramirez,WKSTN-U1050,Outlook,PROCESS_START,31.3,187
EP031021,2026-06-24 10:30:00,U1076,john.torres,WKSTN-U1076,Chrome,PROCESS_START,25.9,358
EP026206,2026-06-24 10:36:00,U1064,matthew.wright55,WKSTN-U1064,outlook.exe,PROCESS_START,21.9,393
EP004237,2026-06-24 10:42:00,U1011,donna.ramirez75,WKSTN-U1011,QuickBooks,PROCESS_START,12.9,620
EP012194,2026-06-24 10:44:00,U1029,michelle.garcia54,WKSTN-U1029,Slack,PROCESS_START,10.3,661
EP021404,2026-06-24 10:43:00,U1052,paul.taylor,WKSTN-U1052,  chrome.exe ,PROCESS_START,1.6,883
EP038045,2026-06-24 10:41:00,U1092,steven.thomas,WKSTN-U1092,teams.exe,PROCESS_START,19.7,790
EP003083,2026-06-24 10:32:00,U1008,joshua.hernandez,WKSTN-U1008,SAP,PROCESS_START,28.0,266
EP040906,2026-06-24 10:42:00,U1099,,WKSTN-U1099,teams.exe,PROCESS_START,13.8,644
EP024602,2026-06-24 10:36:00,U1060,matthew.anderson,WKSTN-U1060,Excel,PROCESS_START,3.4,716
EP024206,2026-06-24 10:32:00,U1059,daniel.perez98,WKSTN-U1059,notepad.exe,PROCESS_START,24.1,645
EP007262,2026-06-24 10:35:00,U1018,betty.white57,WKSTN-U1018,Jenkins,PROCESS_START,21.4,172
EP038916,2026-06-24 10:32:00,U1094,elizabeth.lewis69,WKSTN-U1094,Wireshark,process_start,27.0,135
EP006796,2026-06-24 10:34:00,U1017,emily.hernandez34,WKSTN-U1017,explorer.exe,PROCESS_START,14.8,125
EP015840,2026-06-24 10:31:00,U1038,emily.clark,WKSTN-U1038,explorer.exe,PROCESS_START,4.1,795
EP020211,2026-06-24 10:39:00,U1049,michelle.jones59,WKSTN-U1049,outlook.exe,PROCESS_START,8.1,316
EP023010,2026-06-24 10:31:00,U1056,,WKSTN-U1056,Salesforce,PROCESS_START,1.3,180
EP030246,2026-06-24 10:36:00,U1074,sarah.williams7,WKSTN-U1074,Word,PROCESS_START,6.4,590
EP004239,2026-06-24 10:39:00,U1011,donna.ramirez75,WKSTN-U1011,teams.exe,PROCESS_START,9.6,110
EP021017,2026-06-24 10:36:00,U1051,sandra.king72,WKSTN-U1051,explorer.exe,PROCESS_START,33.7,696
EP019036,2026-06-24 10:37:00,U1046,michelle.torres39,,notepad.exe,PROCESS_START,23.2,554
EP019448,2026-06-24 10:31:00,U1047,sandra.lewis,WKSTN-U1047	,Excel,PROCESS_START,6.4,245
EP006318,2026-06-24 10:35:00,U1016,patricia.thomas,WKSTN-U1016,Chrome,PROCESS_START,24.3,355
EP019447,2026-06-24 10:43:00,U1047,sandra.lewis,WKSTN-U1047,outlook.exe,PROCESS_START,1.7,841
EP018609,2026-06-24 11:11:00,U1045,daniel.sanchez90,WKSTN-U1045,EXPLORER.EXE,PROCESS_START,16.3,513
EP002722,2026-06-24 11:07:00,U1007,sarah.robinson82,WKSTN-U1007,SAP,,2.2,100
EP008156,2026-06-24 11:14:00,U1020,andrew.thomas36,WKSTN-U1020,Chrome,PROCESS_START,11.4,673
EP007260,2026-06-24 11:14:00,U1018,betty.white57,WKSTN-U1018,outlook.exe,PROCESS_START,12.7,213
EP035761,2026-06-24 10:57:00,U1087,charles.sanchez,WKSTN-U1087,notepad.exe,PROCESS_START,15.1,118
EP040909,2026-06-24 10:51:00,U1099,joseph.garcia,WKSTN-U1099,notepad.exe,PROCESS_START,27.9,448
EP040524,2026-06-24 10:53:00,U1098,nancy.wright49,WKSTN-U1098,Outlook,PROCESS_START,17.5,190
EP041283,2026-06-24 10:51:00,U1100,daniel.brown38,WKSTN-U1100,explorer.exe,,30.4,419
EP031408,2026-06-24 11:08:00,U1077,kimberly.harris58,WKSTN-U1077,explorer.exe,PROCESS_START,29.6,95
EP030245,2026-06-24 10:51:00,U1074,sarah.williams7,WKSTN-U1074,teams.exe,PROCESS_START,15.7,255
EP041285,2026-06-24 10:44:00,U1100,daniel.brown38,WKSTN-U1100,Zoom,PROCESS_START,6.9,315
EP035332,2026-06-24 10:56:00,U1086,steven.thompson53,WKSTN-U1086,notepad.exe,PROCESS_START,3.3,753
EP033976,2026-06-24 10:55:00,U1083,sarah.allen70,WKSTN-U1083,Active Directory Console,PROCESS_START,29.7,843
EP008153,2026-06-24 10:56:00,U1020,andrew.thomas36,WKSTN-U1020,chrome.exe,PROCESS_START,1.3,92
EP023012,2026-06-24 10:59:00,U1056,anthony.clark,WKSTN-U1056,Outlook,PROCESS_START,32.4,823
EP024600,2026-06-24 10:54:00,U1060,matthew.anderson,WKSTN-U1060,explorer.exe,PROCESS_START,7.8,649
EP022226,2026-06-24 10:44:00,U1054,anthony.martinez	,WKSTN-U1054,Chrome,PROCESS_START,21.2,641
EP038480,2026-06-24 10:47:00,U1093,sarah.clark44,  WKSTN-U1093 ,,PROCESS_START,1.1,106
EP029044,2026-06-24 11:15:00,U1071,matthew.robinson35,WKSTN-U1071,Word,PROCESS_START,10.0,336
EP034450,2026-06-24 11:10:00,U1084,joshua.taylor,WKSTN-U1084,Active Directory Console,PROCESS_START,22.0,446
EP029447,2026-06-24 10:53:00,U1072,kenneth.lopez,WKSTN-U1072,outlook.exe,PROCESS_START,11.4,514
EP002720,2026-06-24 10:57:00,U1007,sarah.robinson82,WKSTN-U1007,Chrome,PROCESS_START,28.2,462
EP039733,2026-06-24 10:52:00,U1096,david.allen76,WKSTN-U1096,explorer.exe,PROCESS_START,12.3,350
EP023806,2026-06-24 10:53:00,U1058,jennifer.ramirez18,WKSTN-U1058,Outlook,PROCESS_START,28.5,458
EP017016,2026-06-24 11:06:00,U1041,matthew.allen52,WKSTN-U1041,explorer.exe,PROCESS_START,26.8,346
EP020209,2026-06-24 11:30:00,U1049,michelle.jones59,WKSTN-U1049,Chrome,PROCESS_START,2.6,760
EP002335,2026-06-24 11:29:00,U1006,george.gonzalez,WKSTN-U1006,OUTLOOK.EXE,PROCESS_START,25.6,541
EP036242,2026-06-24 11:38:00,U1088,andrew.smith85,WKSTN-U1088,  EXPLORER.EXE ,PROCESS_START,26.8,318
EP033108,2026-06-24 11:29:00,U1081,margaret.davis,WKSTN-U1081,,PROCESS_START,,244
EP019828,2026-06-24 11:21:00,U1048,jennifer.thomas87,WKSTN-U1048,notepad.exe,process_start,7.8,429
EP009512,2026-06-24 11:24:00,U1023,richard.wright,WKSTN-U1023,Jenkins,PROCESS_START,7.5,768
EP024208,2026-06-24 11:16:00,U1059,daniel.perez98,WKSTN-U1059,Chrome,PROCESS_START,11.2,416
EP017434,2026-06-24 11:35:00,U1042,michael.hill56,WKSTN-U1042,outlook.exe,PROCESS_START,19.9,213
EP011752,2026-06-24 11:16:00,U1028,john.hill,WKSTN-U1028,Docker Desktop,PROCESS_START,10.0,112
EP026618,2026-06-24 11:52:00,U1065,michael.ramirez47,WKSTN-U1065,teams.exe,PROCESS_START,27.4,470
EP023013,2026-06-24 11:24:00,U1056,anthony.clark,WKSTN-U1056,teams.exe,PROCESS_START,7.0,624
EP023803,2026-06-24 11:36:00,U1058,jennifer.ramirez18,WKSTN-U1058,Outlook,PROCESS_START,27.2,723
EP026620,2026-06-24 11:29:00,U1065,,WKSTN-U1065,Chrome,PROCESS_START,11.7,157
EP017020,2026-06-24 11:40:00,U1041,matthew.allen52,  WKSTN-U1041 ,explorer.exe,PROCESS_START,16.6,807
EP002721,2026-06-24 11:49:00,U1007,sarah.robinson82,WKSTN-U1007,explorer.exe,PROCESS_START,8.3,830
EP003489,2026-06-24 11:43:00,U1009,daniel.brown,WKSTN-U1009,Chrome,PROCESS_START,19.5,164
EP013054,2026-06-24 11:50:00,U1031,john.wright28,WKSTN-U1031,Outlook,PROCESS_START,13.0,729
EP025037,2026-06-24 11:28:00,U1061,jessica.rodriguez,WKSTN-U1061,Salesforce,PROCESS_START,21.2,484
EP000304,2026-06-24 11:51:00,U1001,linda.johnson95,WKSTN-U1001,outlook,process_start,26.6,874
EP024604,2026-06-24 11:30:00,U1060,matthew.anderson,WKSTN-U1060,chrome.exe,PROCESS_START,14.2,91
EP016223,2026-06-24 11:44:00,U1039,mark.thomas,WKSTN-U1039,teams.exe,PROCESS_START,21.6,728
EP038915,2026-06-24 11:19:00,U1094,elizabeth.lewis69,WKSTN-U1094,Chrome,PROCESS_START,14.7,106
EP008610,2026-06-24 11:45:00,U1021,jessica.walker,WKSTN-U1021,outlook.exe,PROCESS_START,8.2,429
EP033520,2026-06-24 11:30:00,U1082,karen.hill96,  WKSTN-U1082 ,Slack,PROCESS_START,32.5,683
EP035331,2026-06-24 11:16:00,U1086,steven.thompson53,WKSTN-U1086,notepad.exe,PROCESS_START,30.8,590
EP027031,2026-06-24 11:54:00,U1066,michelle.wright62	,WKSTN-U1066,notepad.exe,PROCESS_START,26.4,237
EP033973,2026-06-24 11:54:00,U1083,sarah.allen70,WKSTN-U1083,Slack,PROCESS_START,26.4,739
EP014643,2026-06-24 12:01:00,U1035,nancy.rodriguez82,WKSTN-U1035,teams.exe,PROCESS_START,25.9,460
EP023802,2026-06-24 12:02:00,U1058,jennifer.ramirez18,WKSTN-U1058,outlook.exe,PROCESS_START,17.1,353
EP028231,2026-06-24 11:56:00,U1069,jessica.clark,WKSTN-U1069,notepad.exe,PROCESS_START,9.0,503
EP010848,2026-06-24 12:03:00,U1026,elizabeth.gonzalez,WKSTN-U1026,Slack,PROCESS_START,17.1,164
EP019445,2026-06-24 12:11:00,U1047,sandra.lewis,WKSTN-U1047,notepad.exe,PROCESS_START,33.0,777
EP007713,2026-06-24 12:01:00,U1019,donna.anderson,WKSTN-U1019,Docker Desktop,PROCESS_START,16.9,226
EP027411,2026-06-24 12:11:00,U1067,paul.thomas97,WKSTN-U1067,outlook.exe,PROCESS_START,14.0,538
EP001537,2026-06-24 12:08:00,U1004,elizabeth.wilson98,WKSTN-U1004,explorer.exe,PROCESS_START,23.0,117
EP017435,2026-06-24 11:54:00,U1042,michael.hill56,WKSTN-U1042,Chrome,PROCESS_START,31.8,469
EP009960,2026-06-24 11:58:00,U1024,emily.miller,WKSTN-U1024,Slack,PROCESS_START,5.9,285
EP022223,2026-06-24 12:08:00,U1054,anthony.martinez,WKSTN-U1054,Chrome,PROCESS_START,33.4,134
EP015431,2026-06-24 12:04:00,U1037,robert.martin,WKSTN-U1037,outlook.exe,PROCESS_START,13.4,223
EP006795,2026-06-24 12:10:00,U1017,emily.hernandez34,WKSTN-U1017,Docker Desktop,PROCESS_START,8.1,695
EP003082,2026-06-24 12:11:00,U1008,joshua.hernandez,WKSTN-U1008,SAP,PROCESS_START,26.4,898
EP012641,2026-06-24 11:55:00,U1030,betty.rodriguez86,WKSTN-U1030,explorer.exe,PROCESS_START,12.8,801
EP010410,2026-06-24 11:58:00,U1025,betty.brown22,WKSTN-U1025,teams.exe,PROCESS_START,5.4,384
EP026207,2026-06-24 11:54:00,U1064,matthew.wright55,WKSTN-U1064,notepad.exe,PROCESS_START,33.4,310
EP018610,2026-06-24 12:00:00,U1045,daniel.sanchez90,WKSTN-U1045,  teams.exe ,PROCESS_START,21.3,231
EP006797,2026-06-24 11:57:00,U1017,emily.hernandez34,WKSTN-U1017,explorer.exe,PROCESS_START,5.2,642
EP031814,2026-06-24 12:06:00,U1078,michelle.miller,WKSTN-U1078,outlook.exe,PROCESS_START,10.1,859
EP001931,2026-06-24 11:56:00,U1005,robert.robinson,WKSTN-U1005,explorer.exe,PROCESS_START,16.3,338
EP019450,2026-06-24 12:00:00,U1047,sandra.lewis,WKSTN-U1047,  Chrome ,PROCESS_START,28.1,92
EP040521,2026-06-24 12:04:00,U1098,nancy.wright49,WKSTN-U1098,notepad.exe,PROCESS_START,4.3,765
EP018611,2026-06-24 12:32:00,U1045,daniel.sanchez90,WKSTN-U1045	,Chrome,PROCESS_START,3.5,110
EP031409,2026-06-24 12:26:00,U1077,kimberly.harris58,WKSTN-U1077,DocuSign,PROCESS_START,7.9,100
EP031024,2026-06-24 12:23:00,U1076,john.torres,WKSTN-U1076,Outlook,PROCESS_START,11.4,338
EP008612,2026-06-24 12:43:00,U1021,jessica.walker,WKSTN-U1021,teams.exe,PROCESS_START,7.2,112
EP036685,2026-06-24 12:23:00,U1089,paul.brown27,WKSTN-U1089,Active Directory Console,PROCESS_START,30.0,112
EP037583,2026-06-24 12:45:00,U1091,linda.robinson,WKSTN-U1091,Slack,PROCESS_START,5.1,471
EP002340,2026-06-24 12:13:00,U1006,george.gonzalez,WKSTN-U1006,Outlook,PROCESS_START,33.4,775
EP033977,2026-06-24 12:31:00,U1083,sarah.allen70,WKSTN-U1083,Chrome,PROCESS_START,2.5,405
EP012197,2026-06-24 12:45:00,U1029,michelle.garcia54,WKSTN-U1029,explorer.exe	,PROCESS_START,21.9,855
EP013851,2026-06-24 12:28:00,U1033,linda.miller,WKSTN-U1033,OUTLOOK.EXE,PROCESS_START,21.5,753
EP033521,2026-06-24 12:40:00,U1082,karen.hill96,WKSTN-U1082,PuTTY,PROCESS_START,31.4,647
EP001143,2026-06-24 12:38:00,U1003,,WKSTN-U1003,SAP,PROCESS_START,5.9,113
EP001145,2026-06-24 12:29:00,U1003,kenneth.clark29,WKSTN-U1003,Excel,PROCESS_START,2.7,506000.0
EP013850,2026-06-24 12:15:00,U1033,linda.miller,WKSTN-U1033,Chrome,PROCESS_START,21.3,478
EP011754,2026-06-24 12:19:00,U1028,john.hill	,WKSTN-U1028,VSCode,PROCESS_START,12.9,
EP039317,2026-06-24 12:13:00,U1095,richard.thomas74,WKSTN-U1095,PowerPoint,PROCESS_START,,744
EP014239,2026-06-24 12:35:00,U1034,thomas.allen63,WKSTN-U1034,teams.exe,PROCESS_START,22000.0,447
EP032237,2026-06-24 12:28:00,U1079,emily.jones,WKSTN-U1079,PuTTY,PROCESS_START,33.9,609
EP013458,2026-06-24 12:39:00,U1032,paul.wright91,,Excel,PROCESS_START,7.5,278
EP000727,2026-06-24 12:44:00,U1002,donna.ramirez,WKSTN-U1002,sap,PROCESS_START,4.5,502
EP019829,2026-06-24 12:44:00,U1048,JENNIFER.THOMAS87,WKSTN-U1048,outlook.exe,PROCESS_START,13.3,756
EP019037,2026-06-24 12:21:00,U1046,michelle.torres39,WKSTN-U1046,explorer.exe,PROCESS_START,17.5,710
EP009516,2026-06-24 12:31:00,U1023,richard.wright,WKSTN-U1023,notepad.exe,PROCESS_START,4.0,129
EP028626,2026-06-24 12:13:00,U1070,betty.thomas40,  WKSTN-U1070 ,Word,PROCESS_START,14.3,583
EP005066,2026-06-24 12:32:00,U1013,emily.smith,WKSTN-U1013,Chrome,PROCESS_START,5.6,402
EP004238,2026-06-24 12:46:00,U1011,donna.ramirez75,WKSTN-U1011,notepad.exe,PROCESS_START,16.2,
EP020210,2026-06-24 12:46:00,U1049,michelle.jones59,WKSTN-U1049,explorer.exe,PROCESS_START,27.0,457
EP025035,2026-06-24 13:18:00,U1061,jessica.rodriguez,WKSTN-U1061,chrome.exe,PROCESS_START,9.5,286
EP040908,2026-06-24 13:14:00,U1099,joseph.garcia,WKSTN-U1099,notepad.exe,PROCESS_START,19.4,105
EP005470,2026-06-24 12:58:00,U1014,james.taylor,WKSTN-U1014,,PROCESS_START,19.8,273
EP009513,2026-06-24 13:13:00,U1023,richard.wright,WKSTN-U1023,Slack,PROCESS_START,9.6,337
EP011319,2026-06-24 13:03:00,U1027,patricia.brown75,WKSTN-U1027,VSCode,PROCESS_START,15.4,512
EP021405,2026-06-24 13:11:00,U1052,paul.taylor,WKSTN-U1052,explorer.exe,PROCESS_START,10.4,773
EP034880,2026-06-24 13:12:00,U1085,barbara.walker67,WKSTN-U1085,chrome.exe,PROCESS_START,3.2,250
EP005889,2026-06-24 12:46:00,U1015,lisa.hernandez,WKSTN-U1015,explorer.exe,PROCESS_START,24.7,363
EP011322,2026-06-24 12:48:00,U1027,patricia.brown75,WKSTN-U1027,teams.exe,PROCESS_START,24.2,307
EP029443,2026-06-24 12:50:00,U1072,kenneth.lopez,WKSTN-U1072,outlook.exe,PROCESS_START,14.4,742
EP023011,2026-06-24 13:11:00,U1056,anthony.clark,WKSTN-U1056,teams.exe,PROCESS_START,21.6,479
EP004654,2026-06-24 13:12:00,U1012,linda.martinez,WKSTN-U1012,SAP,PROCESS_START,16.4,502
EP023401,2026-06-24 13:19:00,U1057,nancy.sanchez,WKSTN-U1057,teams.exe,PROCESS_START,14.6,149
EP038478,2026-06-24 12:55:00,U1093,sarah.clark44,WKSTN-U1093,notepad.exe,PROCESS_START,26.8,132
EP012196,2026-06-24 13:00:00,U1029,michelle.garcia54,WKSTN-U1029,VSCode,PROCESS_START,24.5,614
EP026622,2026-06-24 13:12:00,U1065,michael.ramirez47,WKSTN-U1065,Word,PROCESS_START,30.7,141
EP040520,2026-06-24 12:46:00,U1098,nancy.wright49,WKSTN-U1098,Excel,PROCESS_START,11.4,302
EP018608,2026-06-24 13:05:00,U1045,daniel.sanchez90,WKSTN-U1045,notepad.exe,PROCESS_START,20.8,329
EP010846,2026-06-24 12:55:00,U1026,elizabeth.gonzalez,WKSTN-U1026,explorer.exe,PROCESS_START,28.1,407
EP014241,2026-06-24 13:00:00,U1034,thomas.allen63,WKSTN-U1034,outlook.exe,PROCESS_START,26.9,560
EP032238,2026-06-24 12:56:00,U1079,emily.jones,WKSTN-U1079,explorer.exe,PROCESS_START,27.6,240
EP015835,2026-06-24 13:01:00,U1038,emily.clark,WKSTN-U1038,Outlook,,15.1,347
EP013056,2026-06-24 12:57:00,U1031,john.wright28,WKSTN-U1031,chrome.exe,PROCESS_START,14.0,610
EP015018,2026-06-24 13:22:00,U1036,linda.jones,WKSTN-U1036,teams.exe	,PROCESS_START,29.6,440
EP033109,2026-06-24 13:46:00,U1081,margaret.davis,WKSTN-U1081	,notepad.exe,PROCESS_START,32.4,556
EP013055,2026-06-24 13:25:00,U1031,john.wright28,WKSTN-U1031,Excel,PROCESS_START,30.0,504
EP037140,2026-06-24 13:44:00,U1090,mary.hill,WKSTN-U1090,Terminal,PROCESS_START,3.5,256
EP038044,2026-06-24 13:37:00,U1092,steven.thomas,WKSTN-U1092,Chrome,PROCESS_START,12.1,387
EP008615,2026-06-24 13:42:00,U1021,jessica.walker,WKSTN-U1021,explorer.exe,PROCESS_START,3.1,167
EP028629,2026-06-24 13:32:00,U1070,betty.thomas40,WKSTN-U1070,notepad.exe,PROCESS_START,27.5,614
EP028227,2026-06-24 13:38:00,U1069,jessica.clark,WKSTN-U1069,chrome.exe,PROCESS_START,13.5,878
EP033112,2026-06-24 13:32:00,U1081,margaret.davis,WKSTN-U1081,Slack,PROCESS_START,16.3,690
EP037585,2026-06-24 13:48:00,U1091,linda.robinson,WKSTN-U1091,teams.exe,PROCESS_START,32.2,705
EP034881,2026-06-24 13:30:00,U1085,barbara.walker67,WKSTN-U1085,PuTTY,PROCESS_START,31.4,515
EP017436,2026-06-24 13:26:00,U1042,michael.hill56,WKSTN-U1042,Excel,PROCESS_START,9.9,150
EP029822,2026-06-24 13:34:00,U1073,michael.gonzalez,WKSTN-U1073,teams.exe,PROCESS_START,12.2,599
EP013853,2026-06-24 13:47:00,U1033,linda.miller,WKSTN-U1033,Chrome,PROCESS_START,9.4,
EP024603,2026-06-24 13:29:00,U1060,matthew.anderson,WKSTN-U1060,notepad.exe,PROCESS_START,33.5,476
EP017017,2026-06-24 13:23:00,U1041,matthew.allen52,WKSTN-U1041,teams.exe,PROCESS_START,10.7,95
EP028232,2026-06-24 13:48:00,U1069,jessica.clark,WKSTN-U1069,notepad.exe,PROCESS_START,25.8,766
EP004653,2026-06-24 13:42:00,U1012,LINDA.MARTINEZ,WKSTN-U1012,notepad.exe,,31.1,298
EP040522,2026-06-24 13:25:00,U1098,nancy.wright49	,WKSTN-U1098,notepad.exe,PROCESS_START,27.9,793
EP024210,2026-06-24 13:25:00,U1059,daniel.perez98,WKSTN-U1059,explorer.exe,PROCESS_START,3.2,400
EP013854,2026-06-24 13:25:00,U1033,LINDA.MILLER,WKSTN-U1033,Chrome,PROCESS_START,18.9,519
EP030244,2026-06-24 13:31:00,U1074,sarah.williams7,WKSTN-U1074,chrome.exe,PROCESS_START,23.2,196
EP031022,2026-06-24 13:36:00,U1076,john.torres,WKSTN-U1076,outlook.exe,PROCESS_START,26.1,333
EP039316,2026-06-24 13:33:00,U1095,richard.thomas74,WKSTN-U1095,Chrome,PROCESS_START,26.9,561
EP021794,2026-06-24 13:27:00,U1053,john.jackson31,WKSTN-U1053,Outlook,PROCESS_START,3.5,675
EP001929,2026-06-24 13:53:00,U1005,robert.robinson,WKSTN-U1005,Excel,PROCESS_START,34.8,158
EP005471,2026-06-24 14:11:00,U1014,james.taylor,,Chrome,PROCESS_START,30.9,741
EP025036,2026-06-24 13:58:00,U1061,jessica.rodriguez,WKSTN-U1061,outlook.exe,process_start,29.1,181
EP006798,2026-06-24 14:12:00,U1017,emily.hernandez34,WKSTN-U1017,Slack,PROCESS_START,1.2,860
EP036686,2026-06-24 13:54:00,U1089,paul.brown27,WKSTN-U1089,outlook.exe,PROCESS_START,7.8,234
EP000307,2026-06-24 13:50:00,U1001,  linda.johnson95 ,WKSTN-U1001,notepad.exe,PROCESS_START,9.1,226
EP040139,2026-06-24 14:04:00,U1097,mark.martinez10,WKSTN-U1097,Chrome,PROCESS_START,3.2,626
EP031812,2026-06-24 14:07:00,U1078,michelle.miller,WKSTN-U1078,explorer.exe,PROCESS_START,29.8,576
EP003856,2026-06-24 14:03:00,U1010,susan.young51,WKSTN-U1010,QuickBooks,PROCESS_START,2.5,582
EP034878,2026-06-24 13:59:00,U1085,barbara.walker67	,WKSTN-U1085,Chrome,,,594
EP015839,2026-06-24 14:10:00,U1038,emily.clark,WKSTN-U1038,chrome.exe,PROCESS_START,15.7,793
EP024209,2026-06-24 13:51:00,U1059,daniel.perez98,WKSTN-U1059,notepad.exe,PROCESS_START,1.2,130
EP021403,2026-06-24 13:52:00,U1052,paul.taylor,WKSTN-U1052,Excel,PROCESS_START,34.2,590
EP010413,2026-06-24 14:00:00,U1025,betty.brown22,WKSTN-U1025,explorer.exe,PROCESS_START,6.3,419
EP016222,2026-06-24 14:00:00,U1039,mark.thomas,WKSTN-U1039,EXPLORER.EXE,PROCESS_START,32.1,89
EP029823,2026-06-24 14:10:00,U1073,michael.gonzalez,WKSTN-U1073,outlook.exe,PROCESS_START,6.7,89
EP039734,2026-06-24 13:53:00,U1096,david.allen76,WKSTN-U1096,Excel,PROCESS_START,5.6,365
EP007259,2026-06-24 13:52:00,U1018,betty.white57,WKSTN-U1018,Slack,PROCESS_START,24.1,82
EP006316,2026-06-24 13:50:00,U1016,patricia.thomas,WKSTN-U1016,Slack,PROCESS_START,26.1,799
EP017432,2026-06-24 13:54:00,U1042,michael.hill56,WKSTN-U1042,notepad.exe,PROCESS_START,2.2,290
EP012638,2026-06-24 13:50:00,U1030,betty.rodriguez86,WKSTN-U1030,VSCode,PROCESS_START,18.1,325
EP033974,2026-06-24 14:02:00,U1083,sarah.allen70,WKSTN-U1083,outlook.exe,PROCESS_START,3.2,488
EP021793,2026-06-24 13:59:00,U1053,john.jackson31,WKSTN-U1053,explorer.exe,PROCESS_START,18.0,561
EP031816,2026-06-24 13:54:00,U1078,michelle.miller,WKSTN-U1078,Outlook,PROCESS_START,7.6,886
EP018221,2026-06-24 14:06:00,U1044,  lisa.ramirez9 ,WKSTN-U1044,chrome.exe,PROCESS_START,19.4,539
EP009066,2026-06-24 14:29:00,U1022,SANDRA.BROWN,WKSTN-U1022,Docker Desktop,PROCESS_START,27.6,675
EP022624,2026-06-24 14:35:00,U1055,patricia.wilson54,WKSTN-U1055,outlook.exe,PROCESS_START,3.4,314
EP026621,2026-06-24 14:43:00,U1065,michael.ramirez47,WKSTN-U1065,Chrome,PROCESS_START,12.0,827
EP030632,2026-06-24 14:32:00,U1075,  steven.lewis ,WKSTN-U1075,DocuSign,PROCESS_START,25.9,844
EP006800,2026-06-24 14:26:00,U1017,emily.hernandez34,WKSTN-U1017,chrome.exe,PROCESS_START,33.3,297
EP008614,2026-06-24 14:35:00,U1021,jessica.walker,WKSTN-U1021,chrome.exe,PROCESS_START,17.0,523
EP034879,2026-06-24 14:25:00,U1085,barbara.walker67,WKSTN-U1085,chrome,PROCESS_START,27.6,796
EP029444,2026-06-24 14:42:00,U1072,kenneth.lopez,WKSTN-U1072,explorer.exe,PROCESS_START,8.2,234
EP009070,2026-06-24 14:15:00,U1022,sandra.brown,WKSTN-U1022,notepad.exe,PROCESS_START,11.1,461
EP037143,2026-06-24 14:26:00,U1090,mary.hill,WKSTN-U1090,chrome.exe,PROCESS_START,26.3,745
EP017823,2026-06-24 14:34:00,U1043,thomas.williams91,WKSTN-U1043,teams.exe,PROCESS_START,17.8,140
EP022625,2026-06-24 14:24:00,U1055,patricia.wilson54,WKSTN-U1055,chrome.exe,PROCESS_START,5.9,866
EP013852,2026-06-24 14:42:00,U1033,linda.miller,,Chrome,PROCESS_START,26.7,707
EP020613,2026-06-24 14:25:00,U1050,michael.ramirez,WKSTN-U1050,Salesforce,PROCESS_START,7.7,636
EP015838,2026-06-24 14:43:00,U1038,emily.clark,WKSTN-U1038,Excel,PROCESS_START,24.1,381
EP029046,2026-06-24 14:38:00,U1071,MATTHEW.ROBINSON35,WKSTN-U1071,Word,PROCESS_START,9.9,900
EP031406,2026-06-24 14:25:00,U1077,kimberly.harris58,WKSTN-U1077,teams.exe,PROCESS_START,16.8,297
EP036687,2026-06-24 14:37:00,U1089,paul.brown27,WKSTN-U1089,chrome.exe,PROCESS_START,29.5,822
EP038477,2026-06-24 14:38:00,U1093,sarah.clark44,WKSTN-U1093,Slack,PROCESS_START,15.7,256
EP025410,2026-06-24 14:23:00,U1062,william.martin,WKSTN-U1062,Outlook,PROCESS_START,5.6,439
EP009071,2026-06-24 14:21:00,U1022,sandra.brown,WKSTN-U1022,Git,PROCESS_START,24.0,125
EP007712,2026-06-24 14:28:00,U1019,donna.anderson,WKSTN-U1019,chrome.exe	,PROCESS_START,,805
EP003857,2026-06-24 14:15:00,U1010,susan.young51,WKSTN-U1010,Outlook,PROCESS_START,5.8,888
EP019038,2026-06-24 14:42:00,U1046,michelle.torres39,WKSTN-U1046,chrome.exe,process_start,8.0,565
EP027410,2026-06-24 14:38:00,U1067,paul.thomas97,WKSTN-U1067,Chrome,PROCESS_START,21.9,758
EP039314,2026-06-24 14:45:00,U1095,richard.thomas74,WKSTN-U1095,Excel,PROCESS_START,1.2,562
EP024211,2026-06-24 14:48:00,U1059,daniel.perez98,WKSTN-U1059,chrome.exe,PROCESS_START,6.1,749
EP038917,2026-06-24 14:46:00,U1094,elizabeth.lewis69,WKSTN-U1094,chrome.exe,PROCESS_START,11.0,326
EP025411,2026-06-24 15:05:00,U1062,william.martin,,chrome.exe,PROCESS_START,20.5,109
EP021014,2026-06-24 15:05:00,U1051,  sandra.king72 ,WKSTN-U1051,EXPLORER.EXE,PROCESS_START,21.3,175
EP022626,2026-06-24 14:47:00,U1055,patricia.wilson54,WKSTN-U1055,,,3.1,751
EP031813,2026-06-24 14:57:00,U1078,michelle.miller,WKSTN-U1078,Chrome,PROCESS_START,21.4,310
EP009514,2026-06-24 14:53:00,U1023,richard.wright,WKSTN-U1023,notepad.exe,PROCESS_START,15.2,187
EP038914,2026-06-24 14:57:00,U1094,elizabeth.lewis69,WKSTN-U1094,Slack,PROCESS_START,22.3,822
EP031815,2026-06-24 14:53:00,U1078,michelle.miller,WKSTN-U1078,chrome.exe,PROCESS_START,9.6,145
EP021402,2026-06-24 15:02:00,U1052,  paul.taylor ,WKSTN-U1052,teams.exe	,PROCESS_START,30.1,825
EP040907,2026-06-24 15:01:00,U1099,joseph.garcia,WKSTN-U1099,PowerPoint,PROCESS_START,29.5,305
EP005063,2026-06-24 14:52:00,U1013,emily.smith,WKSTN-U1013,Excel,PROCESS_START,5.1,326
EP040523,2026-06-24 15:03:00,U1098,nancy.wright49,WKSTN-U1098,Chrome,PROCESS_START,17.0,816
EP036244,2026-06-24 14:44:00,U1088,andrew.smith85,WKSTN-U1088,teams.exe,PROCESS_START,1.0,833
EP006799,2026-06-24 14:48:00,U1017,emily.hernandez34,WKSTN-U1017,outlook.exe,PROCESS_START,12.6,219
EP037141,2026-06-24 14:44:00,U1090,mary.hill,WKSTN-U1090,Active Directory Console,PROCESS_START,2.6,568
EP026203,2026-06-24 14:59:00,U1064,matthew.wright55,WKSTN-U1064,outlook.exe,PROCESS_START,10.5,480
EP021401,2026-06-24 15:00:00,U1052,paul.taylor,WKSTN-U1052,outlook.exe,PROCESS_START,7.3,563
EP004652,2026-06-24 15:06:00,U1012,linda.martinez,WKSTN-U1012,explorer.exe,PROCESS_START,28.8,388
EP020614,2026-06-24 15:01:00,U1050,michael.ramirez,WKSTN-U1050,OUTLOOK.EXE,PROCESS_START,17.4,187
EP031411,2026-06-24 14:57:00,U1077,kimberly.harris58,WKSTN-U1077,Chrome,PROCESS_START,24.8,818
EP019035,2026-06-24 15:03:00,U1046,michelle.torres39,WKSTN-U1046,Workday,PROCESS_START,3.8,685
EP010849,2026-06-24 15:01:00,U1026,elizabeth.gonzalez,WKSTN-U1026,Git,PROCESS_START,18.6,716
EP033110,2026-06-24 14:59:00,U1081,margaret.davis,WKSTN-U1081,chrome.exe,PROCESS_START,25.5,312
EP018224,2026-06-24 15:11:00,U1044,LISA.RAMIREZ9,,notepad.exe,PROCESS_START,23.0,557
EP040910,2026-06-24 15:24:00,U1099,joseph.garcia,WKSTN-U1099,Zoom,PROCESS_START,30.8,339
EP033111,2026-06-24 15:13:00,U1081,margaret.davis,WKSTN-U1081,Active Directory Console,PROCESS_START,19.5,589
EP005064,2026-06-24 15:13:00,U1013,emily.smith	,WKSTN-U1013,teams.exe,PROCESS_START,3.7,334
EP008157,2026-06-24 15:09:00,U1020,andrew.thomas36,WKSTN-U1020,Chrome,PROCESS_START,24.7,406
EP014242,2026-06-24 15:30:00,U1034,thomas.allen63,WKSTN-U1034,Chrome,PROCESS_START,19.4,757
EP009962,2026-06-24 15:27:00,U1024,emily.miller,WKSTN-U1024,teams.exe,PROCESS_START,19.4,339
EP017019,2026-06-24 15:34:00,U1041,matthew.allen52,WKSTN-U1041,outlook.exe	,PROCESS_START,21.1,612
EP001536,2026-06-24 15:13:00,U1004,elizabeth.wilson98,WKSTN-U1004,Chrome,PROCESS_START,16.8,653
EP025821,2026-06-24 15:23:00,U1063,john.nguyen,WKSTN-U1063,notepad.exe,PROCESS_START,24.2,188
EP036243,2026-06-24 15:29:00,U1088,andrew.smith85,WKSTN-U1088,Terminal,PROCESS_START,23.3,526
EP035762,2026-06-24 15:18:00,U1087,charles.sanchez,WKSTN-U1087,Chrome,PROCESS_START,18.7,709
EP013460,2026-06-24 15:07:00,U1032,paul.wright91,WKSTN-U1032,Outlook,PROCESS_START,4.2,690
EP023400,2026-06-24 15:27:00,U1057,nancy.sanchez,WKSTN-U1057,Outlook,PROCESS_START,15.1,539
EP013459,2026-06-24 15:21:00,U1032,paul.wright91,WKSTN-U1032,outlook.exe,PROCESS_START,34.1,418
EP029446,2026-06-24 15:07:00,U1072,,WKSTN-U1072,Outlook,PROCESS_START,8.3,851
EP031407,2026-06-24 15:12:00,U1077,kimberly.harris58,WKSTN-U1077,explorer.exe,PROCESS_START,23.6,114
EP014642,2026-06-24 15:26:00,U1035,nancy.rodriguez82,WKSTN-U1035,chrome.exe,PROCESS_START,,890
EP000729,2026-06-24 15:15:00,U1002,donna.ramirez,WKSTN-U1002,teams.exe,PROCESS_START,33.7,732
EP030633,2026-06-24 15:28:00,U1075,steven.lewis,WKSTN-U1075,Chrome,PROCESS_START,29.5,787
EP011320,2026-06-24 15:07:00,U1027,patricia.brown75,WKSTN-U1027,notepad.exe,PROCESS_START,11.1,407
EP023805,2026-06-24 15:13:00,U1058,jennifer.ramirez18,WKSTN-U1058,Chrome,PROCESS_START,1.4,889
EP001144,2026-06-24 15:21:00,U1003,kenneth.clark29,WKSTN-U1003,teams.exe,PROCESS_START,29.5,385
EP033975,2026-06-24 15:15:00,U1083,sarah.allen70,WKSTN-U1083,teams.exe,PROCESS_START,4.6,871
EP027784,2026-06-24 15:31:00,U1068,susan.thompson34,WKSTN-U1068,teams.exe,PROCESS_START,29.8,427
EP033972,2026-06-24 15:38:00,U1083,sarah.allen70,WKSTN-U1083,chrome.exe,PROCESS_START,13.8,144
EP030243,2026-06-24 16:00:00,U1074,sarah.williams7,WKSTN-U1074,outlook.exe,PROCESS_START,15.5,269
EP027030,2026-06-24 15:55:00,U1066,michelle.wright62,WKSTN-U1066,Chrome,PROCESS_START,31.0,199
EP035757,2026-06-24 16:02:00,U1087,charles.sanchez,,Chrome,PROCESS_START,30.4,724
EP003487,2026-06-24 15:45:00,U1009,daniel.brown,WKSTN-U1009,  chrome.exe ,PROCESS_START,34.8,469
EP002339,2026-06-24 15:51:00,U1006,george.gonzalez,WKSTN-U1006,QuickBooks,PROCESS_START,21.4,301
EP009067,2026-06-24 15:49:00,U1022,sandra.brown,WKSTN-U1022,Chrome,PROCESS_START,23.9,106
EP029821,2026-06-24 15:41:00,U1073,michael.gonzalez,WKSTN-U1073,  teams.exe ,PROCESS_START,27.0,316
EP039735,2026-06-24 16:01:00,U1096,david.allen76,WKSTN-U1096,teams.exe,PROCESS_START,31.1,407
EP019446,2026-06-24 15:38:00,U1047,sandra.lewis,WKSTN-U1047,Outlook,PROCESS_START,30.3,216
EP038479,2026-06-24 16:04:00,U1093,sarah.clark44,WKSTN-U1093,PuTTY,PROCESS_START,26.4,519
EP017819,2026-06-24 15:58:00,U1043,thomas.williams91,WKSTN-U1043,outlook.exe,PROCESS_START,29.6,
EP029824,2026-06-24 15:56:00,U1073,michael.gonzalez,WKSTN-U1073,DocuSign,PROCESS_START,1.5,270
EP018223,2026-06-24 15:56:00,U1044,lisa.ramirez9,WKSTN-U1044,explorer.exe,PROCESS_START,24.6,625
EP014640,2026-06-24 15:43:00,U1035,nancy.rodriguez82,WKSTN-U1035,outlook.exe,PROCESS_START,30.6,770
EP029445,2026-06-24 15:55:00,U1072,kenneth.lopez,WKSTN-U1072,Outlook,PROCESS_START,4.6,829
EP020208,2026-06-24 15:52:00,U1049,michelle.jones59,WKSTN-U1049,Chrome,PROCESS_START,4.6,742
EP038918,2026-06-24 15:44:00,U1094,elizabeth.lewis69,WKSTN-U1094,explorer.exe,PROCESS_START,15.2,419
EP002338,2026-06-24 15:36:00,U1006,george.gonzalez,WKSTN-U1006,Outlook,PROCESS_START,15.3,639
EP005473,2026-06-24 15:55:00,U1014,james.taylor,WKSTN-U1014,QuickBooks,PROCESS_START,9.4,360
EP037584,2026-06-24 15:53:00,U1091,linda.robinson,WKSTN-U1091,Active Directory Console,PROCESS_START,24.9,582
EP017433,2026-06-24 15:36:00,U1042,michael.hill56,WKSTN-U1042,outlook.exe,process_start,10.2,668
EP010411,2026-06-24 15:57:00,U1025,betty.brown22,WKSTN-U1025,chrome.exe,PROCESS_START,7.7,125
EP001930,2026-06-24 15:36:00,U1005,robert.robinson,WKSTN-U1005,Excel,,18.1,878
EP009961,2026-06-24 15:41:00,U1024,emily.miller	,WKSTN-U1024,VSCode,PROCESS_START,12.9,208
EP005065,2026-06-24 16:40:00,U1013,emily.smith,WKSTN-U1013,outlook.exe,PROCESS_START,5.3,667
EP010408,2026-06-24 16:19:00,U1025,betty.brown22,WKSTN-U1025,teams.exe,PROCESS_START,31.6,380
EP022224,2026-06-24 16:52:00,U1054,anthony.martinez,WKSTN-U1054,explorer.exe,PROCESS_START,17.0,383
EP034882,2026-06-24 16:26:00,U1085,barbara.walker67,WKSTN-U1085,Slack,PROCESS_START,5200.0,884
EP010412,2026-06-24 17:06:00,U1025,betty.brown22,WKSTN-U1025,Docker Desktop,PROCESS_START,4.9,207
EP024599,2026-06-24 16:06:00,U1060,matthew.anderson,WKSTN-U1060,Excel,PROCESS_START,18.0,227
EP035759,2026-06-24 16:53:00,U1087,charles.sanchez,WKSTN-U1087,Active Directory Console,PROCESS_START,2.3,260
EP005886,2026-06-24 16:05:00,U1015,,WKSTN-U1015,outlook.exe,PROCESS_START,25.5,286
EP029448,2026-06-24 17:10:00,U1072,kenneth.lopez,WKSTN-U1072,chrome.exe,PROCESS_START,11.3,664
EP006319,2026-06-24 16:08:00,U1016,patricia.thomas,WKSTN-U1016,Jenkins,PROCESS_START,3.5,669
EP010409,2026-06-24 16:28:00,U1025,betty.brown22,WKSTN-U1025,outlook.exe,PROCESS_START,33.6,513
EP027029,2026-06-24 16:21:00,U1066,michelle.wright62,WKSTN-U1066,explorer.exe,PROCESS_START,32.9,154
EP008155,2026-06-24 17:05:00,U1020,andrew.thomas36,WKSTN-U1020	,Git,PROCESS_START,23.0,537
EP026619,2026-06-24 16:10:00,U1065,michael.ramirez47,WKSTN-U1065,Outlook,PROCESS_START,12.2,459
EP038481,2026-06-24 16:25:00,U1093,sarah.clark44,WKSTN-U1093,teams.exe,PROCESS_START,20.9,564
EP041282,2026-06-24 16:37:00,U1100,daniel.brown38,WKSTN-U1100,Outlook	,,15.7,802
EP001928,2026-06-24 16:55:00,U1005,robert.robinson,WKSTN-U1005,chrome.exe,PROCESS_START,15.0,860
EP025414,2026-06-24 16:58:00,U1062,william.martin,WKSTN-U1062,teams.exe,PROCESS_START,1.3,
EP026205,2026-06-24 16:25:00,U1064,matthew.wright55,WKSTN-U1064,chrome.exe,PROCESS_START,33.2,104
EP011317,2026-06-24 16:33:00,U1027,patricia.brown75,WKSTN-U1027,teams.exe,PROCESS_START,5.6,141
EP025413,2026-06-24 17:00:00,U1062,william.martin,WKSTN-U1062,CHROME.EXE,PROCESS_START,25.2,460
EP024601,2026-06-24 17:00:00,U1060,matthew.anderson,WKSTN-U1060,notepad.exe,PROCESS_START,24.9,700
EP024207,2026-06-24 17:03:00,U1059,daniel.perez98,WKSTN-U1059,notepad.exe,PROCESS_START,16.2,627
EP011321,2026-06-24 16:37:00,U1027,patricia.brown75,WKSTN-U1027,teams.exe,PROCESS_START,21.6,671
EP030634,2026-06-24 16:59:00,U1075,steven.lewis,WKSTN-U1075,Chrome,PROCESS_START,6.5,264
EP017840,2026-06-25 07:22:00,U1043,thomas.williams91,WKSTN-U1043,Excel,PROCESS_START,27.9,529
EP041284,2026-06-24 17:15:00,U1100,daniel.brown38,WKSTN-U1100,outlook.exe,PROCESS_START,5.2,197
EP021792,2026-06-24 17:28:00,U1053,john.jackson31,WKSTN-U1053,outlook.exe,PROCESS_START,10.2,543
EP021016,2026-06-24 17:38:00,U1051,sandra.king72,  WKSTN-U1051 ,notepad.exe,,5.9,391
EP023014,2026-06-24 17:20:00,U1056,anthony.clark,WKSTN-U1056,Outlook,PROCESS_START,14.7,166
EP030242,2026-06-24 17:17:00,U1074,sarah.williams7,WKSTN-U1074,DocuSign,PROCESS_START,31.6,454
EP003505,2026-06-25 07:50:00,U1009,daniel.brown,WKSTN-U1009,outlook.exe,PROCESS_START,31.5,457
EP033998,2026-06-25 07:12:00,U1083,sarah.allen70,WKSTN-U1083,outlook.exe,PROCESS_START,14.9,231
EP036245,2026-06-24 17:11:00,U1088,andrew.smith85,,chrome.exe,PROCESS_START,,468
EP002337,2026-06-24 17:31:00,U1006,george.gonzalez,WKSTN-U1006,teams.exe,PROCESS_START,4.3,303
EP019463,2026-06-25 08:00:00,U1047,sandra.lewis,,Outlook,PROCESS_START,13.3,768
EP016240,2026-06-25 07:12:00,U1039,mark.thomas,  WKSTN-U1039 ,Outlook,PROCESS_START,17.3,358
EP040160,2026-06-25 07:51:00,U1097,mark.martinez10,WKSTN-U1097,outlook.exe,PROCESS_START,26.6,359
EP020634,2026-06-25 07:05:00,U1050,michael.ramirez,WKSTN-U1050,Excel,PROCESS_START,10.3,710
EP039315,2026-06-24 17:13:00,U1095,richard.thomas74,WKSTN-U1095,  notepad.exe ,PROCESS_START,20.4,771
EP002336,2026-06-24 17:17:00,U1006,george.gonzalez,WKSTN-U1006,QuickBooks,PROCESS_START,22.6,734
EP015859,2026-06-25 07:53:00,U1038,emily.clark,WKSTN-U1038,Workday,PROCESS_START,7.1,94
EP009086,2026-06-25 07:24:00,U1022,sandra.brown,WKSTN-U1022,explorer.exe,PROCESS_START,26.8,230
EP003507,2026-06-25 07:57:00,U1009,daniel.brown,WKSTN-U1009,Chrome,PROCESS_START,15.8,798
EP026204,2026-06-24 17:18:00,U1064,matthew.wright55,WKSTN-U1064,Word,PROCESS_START,33.1,
EP040159,2026-06-25 07:20:00,U1097,mark.martinez10,WKSTN-U1097,teams.exe,PROCESS_START,4.1,269
EP015860,2026-06-25 07:42:00,U1038,emily.clark,WKSTN-U1038,Chrome,PROCESS_START,24.4,520
EP025437,2026-06-25 07:59:00,U1062,william.martin,WKSTN-U1062,Excel,PROCESS_START,12.9,497
EP008626,2026-06-25 07:58:00,U1021,jessica.walker,WKSTN-U1021,explorer.exe,PROCESS_START,18.9,859
EP021013,2026-06-24 17:17:00,U1051,sandra.king72,WKSTN-U1051,Outlook,PROCESS_START,32.0,513
EP000320,2026-06-25 08:48:00,U1001,linda.johnson95,WKSTN-U1001,Outlook,PROCESS_START,33.7,200
EP015035,2026-06-25 08:24:00,U1036,,WKSTN-U1036,,PROCESS_START,18.3,679
EP032253,2026-06-25 08:06:00,U1079,emily.jones,WKSTN-U1079	,chrome.exe,PROCESS_START,8.6,589
EP033540,2026-06-25 08:11:00,U1082,karen.hill96,WKSTN-U1082,,PROCESS_START,10.8,596
EP021421,2026-06-25 08:50:00,U1052,paul.taylor,WKSTN-U1052,teams.exe,PROCESS_START,15.9,594
EP021032,2026-06-25 08:46:00,U1051,sandra.king72,WKSTN-U1051,,PROCESS_START,34.3,234
EP014657,2026-06-25 08:49:00,U1035,  nancy.rodriguez82 ,WKSTN-U1035,Outlook,PROCESS_START,,83
EP020635,2026-06-25 08:50:00,U1050,michael.ramirez,WKSTN-U1050,notepad.exe,PROCESS_START,2.1,802
EP035349,2026-06-25 08:42:00,U1086,steven.thompson53,WKSTN-U1086,PuTTY,PROCESS_START,29.3,484
EP034000,2026-06-25 08:24:00,U1083,sarah.allen70,WKSTN-U1083,Active Directory Console,process_start,16.1,600
EP007735,2026-06-25 08:49:00,U1019,donna.anderson,WKSTN-U1019,teams.exe,PROCESS_START,1.1,322
EP003874,2026-06-25 08:46:00,U1010,susan.young51,,Chrome,PROCESS_START,31.1,466
EP026642,2026-06-25 08:15:00,U1065,michael.ramirez47,WKSTN-U1065,Outlook,PROCESS_START,30.7,323
EP025837,2026-06-25 08:21:00,U1063,john.nguyen,WKSTN-U1063,teams.exe,PROCESS_START,2.1,365
EP001945,2026-06-25 08:34:00,U1005,robert.robinson,WKSTN-U1005,explorer.exe,PROCESS_START,27.1,335
EP015863,2026-06-25 08:42:00,U1038,emily.clark,WKSTN-U1038,Workday,PROCESS_START,21.5,183
EP020637,2026-06-25 08:44:00,U1050,michael.ramirez,,Chrome,process_start,27.3,591
EP012217,2026-06-25 08:23:00,U1029,michelle.garcia54,WKSTN-U1029,notepad.exe,PROCESS_START,21.2,148
EP040162,2026-06-25 08:34:00,U1097,MARK.MARTINEZ10,WKSTN-U1097,teams.exe,PROCESS_START,4.1,496
EP012215,2026-06-25 08:31:00,U1029,michelle.garcia54,WKSTN-U1029,  Chrome ,PROCESS_START,14.6,705
EP002735,2026-06-25 08:23:00,U1007,sarah.robinson82,WKSTN-U1007,chrome.exe,,25.7,461
EP015862,2026-06-25 08:39:00,U1038,emily.clark,WKSTN-U1038,Chrome,,12.7,265
EP029842,2026-06-25 08:27:00,U1073,michael.gonzalez,WKSTN-U1073,Word,PROCESS_START,30600.0,760
EP027435,2026-06-25 08:12:00,U1067,paul.thomas97,WKSTN-U1067,Chrome,PROCESS_START,15.8,537
EP040161,2026-06-25 08:38:00,U1097,mark.martinez10,WKSTN-U1097,chrome.exe,PROCESS_START,22.8,589
EP010869,2026-06-25 08:52:00,U1026,elizabeth.gonzalez,WKSTN-U1026,Slack,PROCESS_START,33.5,269
EP016650,2026-06-25 09:27:00,U1040,matthew.martin,WKSTN-U1040,explorer.exe,PROCESS_START,33.6,347
EP016238,2026-06-25 09:32:00,U1039,mark.thomas,WKSTN-U1039,Excel,PROCESS_START,9.1,105
EP027436,2026-06-25 09:02:00,U1067,paul.thomas97,WKSTN-U1067,notepad.exe,process_start,18.7,112
EP037601,2026-06-25 09:15:00,U1091,linda.robinson,WKSTN-U1091,outlook.exe,PROCESS_START,25.7,564
EP040541,2026-06-25 09:36:00,U1098,nancy.wright49,WKSTN-U1098,zoom,PROCESS_START,13.9,747
EP040925,2026-06-25 09:17:00,U1099,joseph.garcia,WKSTN-U1099,teams.exe,PROCESS_START,19.4,170
EP023033,2026-06-25 09:37:00,U1056,anthony.clark,WKSTN-U1056,outlook.exe,PROCESS_START,34.6,867
EP021806,2026-06-25 09:06:00,U1053,,WKSTN-U1053,notepad.exe,PROCESS_START,31.2,711
EP028647,2026-06-25 08:50:00,U1070,betty.thomas40,WKSTN-U1070,Chrome,PROCESS_START,13.5,726
EP036706,2026-06-25 09:44:00,U1089,paul.brown27,WKSTN-U1089,Terminal,PROCESS_START,5.7,133
EP027048,2026-06-25 09:34:00,U1066,michelle.wright62,WKSTN-U1066,notepad.exe,PROCESS_START,29.8,585
EP030264,2026-06-25 09:20:00,U1074,sarah.williams7,WKSTN-U1074,Chrome,PROCESS_START,,241
EP030650,2026-06-25 09:14:00,U1075,steven.lewis,WKSTN-U1075,outlook.exe,PROCESS_START,,735
EP040923,2026-06-25 09:33:00,U1099,joseph.garcia,WKSTN-U1099,explorer.exe,PROCESS_START,25.2,525
EP031835,2026-06-25 09:21:00,U1078,michelle.miller,WKSTN-U1078,explorer.exe	,PROCESS_START,23.8,
EP004671,2026-06-25 09:18:00,U1012,linda.martinez,WKSTN-U1012,SAP,PROCESS_START,32.3,575
EP009531,2026-06-25 09:44:00,U1023,richard.wright	,WKSTN-U1023,notepad.exe,PROCESS_START,8.3,593
EP033543,2026-06-25 09:46:00,U1082,karen.hill96,WKSTN-U1082,Wireshark,PROCESS_START,8.8,449
EP018239,2026-06-25 09:28:00,U1044,lisa.ramirez9,WKSTN-U1044,chrome.exe,PROCESS_START,2.4,431
EP039333,2026-06-25 09:17:00,U1095,richard.thomas74,WKSTN-U1095,teams.exe,PROCESS_START,23.5,434
EP034001,2026-06-25 09:30:00,U1083,sarah.allen70,WKSTN-U1083,Active Directory Console,PROCESS_START,,404
EP033539,2026-06-25 09:00:00,U1082,karen.hill96,WKSTN-U1082,Chrome,PROCESS_START,34.5,552
EP030260,2026-06-25 09:04:00,U1074,sarah.williams7	,WKSTN-U1074,chrome.exe,PROCESS_START,27.4,212
EP015036,2026-06-25 08:51:00,U1036,linda.jones,WKSTN-U1036,  explorer.exe ,PROCESS_START,27.3,105
EP027433,2026-06-25 10:02:00,U1067,paul.thomas97,WKSTN-U1067,  chrome.exe ,PROCESS_START,7.7,820
EP025839,2026-06-25 09:53:00,U1063,john.nguyen,,CHROME.EXE,PROCESS_START,30.0,372
EP028249,2026-06-25 10:05:00,U1069,jessica.clark,WKSTN-U1069,Outlook,PROCESS_START,25.0,221
EP006332,2026-06-25 09:52:00,U1016,patricia.thomas,WKSTN-U1016,VSCode,PROCESS_START,4.8,221
EP031423,2026-06-25 10:16:00,U1077,kimberly.harris58,WKSTN-U1077,Word,PROCESS_START,22.2,816
EP039748,2026-06-25 10:08:00,U1096,david.allen76,WKSTN-U1096,explorer.exe,PROCESS_START,5.7,207
EP003104,2026-06-25 10:16:00,U1008,joshua.hernandez,WKSTN-U1008,explorer.exe,PROCESS_START,31.6,511
EP003878,2026-06-25 10:01:00,U1010,susan.young51,WKSTN-U1010,Chrome,PROCESS_START,18.4,409
EP027046,2026-06-25 09:46:00,U1066,michelle.wright62,WKSTN-U1066,teams.exe,PROCESS_START,19.1,792
EP009980,2026-06-25 09:54:00,U1024,emily.miller,WKSTN-U1024,Jenkins,PROCESS_START,14.1,471
EP015861,2026-06-25 10:07:00,U1038,emily.clark,WKSTN-U1038,excel,PROCESS_START,8.4,250
EP027800,2026-06-25 10:18:00,U1068,susan.thompson34,WKSTN-U1068,Outlook,PROCESS_START,4.1,203
EP025838,2026-06-25 10:00:00,U1063,  john.nguyen ,WKSTN-U1063,teams.exe,PROCESS_START,14.4,418
EP035346,2026-06-25 09:58:00,U1086,steven.thompson53,WKSTN-U1086,notepad.exe,PROCESS_START,5.0,300
EP000748,2026-06-25 10:10:00,U1002,donna.ramirez,WKSTN-U1002,explorer.exe,PROCESS_START,33.8,381
EP016237,2026-06-25 09:59:00,U1039,mark.thomas,WKSTN-U1039,outlook,PROCESS_START,21.4,465
EP031037,2026-06-25 09:59:00,U1076,john.torres,  WKSTN-U1076 ,Word,PROCESS_START,33.4,174
EP002737,2026-06-25 10:09:00,U1007,sarah.robinson82,WKSTN-U1007,teams.exe,PROCESS_START,34.2,486
EP033544,2026-06-25 09:53:00,U1082,karen.hill96,WKSTN-U1082,chrome.exe,PROCESS_START,19.8,831
EP010870,2026-06-25 09:53:00,U1026,elizabeth.gonzalez,WKSTN-U1026,  notepad.exe ,PROCESS_START,17.5,220
EP018240,2026-06-25 10:17:00,U1044,lisa.ramirez9,WKSTN-U1044,teams.exe,PROCESS_START,33.3,443
EP010871,2026-06-25 10:02:00,U1026,elizabeth.gonzalez,WKSTN-U1026,VSCode,PROCESS_START,29.0,805
EP006337,2026-06-25 09:58:00,U1016,patricia.thomas,WKSTN-U1016,notepad.exe,PROCESS_START,29.9,771
EP037602,2026-06-25 10:04:00,U1091,linda.robinson,WKSTN-U1091,Slack,PROCESS_START,14.3,247
EP026221,2026-06-25 10:13:00,U1064,matthew.wright55,WKSTN-U1064,Word,PROCESS_START,14.1,161
EP005090,2026-06-25 10:25:00,U1013,emily.smith,WKSTN-U1013,explorer.exe,PROCESS_START,3.6,187
EP018632,2026-06-25 10:25:00,U1045,daniel.sanchez90,WKSTN-U1045,notepad.exe,PROCESS_START,20.1,86
EP036260,2026-06-25 10:23:00,U1088,andrew.smith85,WKSTN-U1088,teams.exe,PROCESS_START,13.5,159
EP012658,2026-06-25 10:45:00,U1030,betty.rodriguez86,WKSTN-U1030,  Docker Desktop ,PROCESS_START,7.5,701
EP013071,2026-06-25 10:54:00,U1031,john.wright28,WKSTN-U1031,teams.exe,PROCESS_START,,N/A
EP016239,2026-06-25 10:19:00,U1039,mark.thomas,WKSTN-U1039,chrome.exe,PROCESS_START,3.2,711
EP025433,2026-06-25 10:22:00,U1062,  william.martin ,  WKSTN-U1062 ,teams.exe,PROCESS_START,22.0,182
EP012660,2026-06-25 10:24:00,U1030,betty.rodriguez86,WKSTN-U1030,chrome.exe,PROCESS_START,11.0,531
EP034468,2026-06-25 10:20:00,U1084,,WKSTN-U1084,outlook.exe,PROCESS_START,17.8,510
EP015448,2026-06-25 10:35:00,U1037,robert.martin,WKSTN-U1037,outlook.exe,PROCESS_START,4.7,649
EP012216,2026-06-25 10:50:00,U1029,michelle.garcia54,WKSTN-U1029,chrome.exe,PROCESS_START,28.1,860
EP021808,2026-06-25 10:55:00,U1053,JOHN.JACKSON31,  WKSTN-U1053 ,outlook.exe,PROCESS_START,12.4,494
EP030263,2026-06-25 10:45:00,U1074,sarah.williams7,WKSTN-U1074,DocuSign,PROCESS_START,7.1,310
EP022639,2026-06-25 10:19:00,U1055,patricia.wilson54,WKSTN-U1055,,PROCESS_START,3.4,155
EP028646,2026-06-25 10:20:00,U1070,betty.thomas40,WKSTN-U1070,notepad.exe,PROCESS_START,6.2,323
EP019845,2026-06-25 10:22:00,U1048,jennifer.thomas87,WKSTN-U1048,outlook.exe,PROCESS_START,7.1,633
EP013070,2026-06-25 10:37:00,U1031,JOHN.WRIGHT28,,notepad.exe,PROCESS_START,2.0,562
EP002734,2026-06-25 10:40:00,U1007,sarah.robinson82,WKSTN-U1007,outlook.exe,PROCESS_START,18.2,471
EP010428,2026-06-25 10:33:00,U1025,betty.brown22,WKSTN-U1025,Slack,PROCESS_START,13.5,513
EP011341,2026-06-25 10:31:00,U1027,patricia.brown75,WKSTN-U1027,Git,PROCESS_START,21.4,794
EP040539,2026-06-25 10:45:00,U1098,nancy.wright49,WKSTN-U1098,chrome.exe,PROCESS_START,,684
EP005089,2026-06-25 10:32:00,U1013,emily.smith,WKSTN-U1013,explorer.exe,PROCESS_START,28.4,342
EP005902,2026-06-25 10:37:00,U1015,lisa.hernandez,,QuickBooks,PROCESS_START,8.8,775
EP019844,2026-06-25 10:36:00,U1048,jennifer.thomas87,WKSTN-U1048,Zoom,PROCESS_START,22.0,394
EP018633,2026-06-25 10:23:00,U1045,daniel.sanchez90,WKSTN-U1045,,PROCESS_START,31.8,459
EP040922,2026-06-25 11:16:00,U1099,joseph.garcia,WKSTN-U1099,chrome.exe,PROCESS_START,25.7,127
EP008173,2026-06-25 11:23:00,U1020,andrew.thomas36,WKSTN-U1020,Chrome,PROCESS_START,22.7,808
EP031830,2026-06-25 11:22:00,U1078,michelle.miller,WKSTN-U1078,outlook.exe,PROCESS_START,20.6,463
EP029464,2026-06-25 11:18:00,U1072,kenneth.lopez,WKSTN-U1072,outlook.exe	,PROCESS_START,9.4,103
EP023032,2026-06-25 11:03:00,U1056,anthony.clark,WKSTN-U1056,Outlook,PROCESS_START,4.7,421
EP018241,2026-06-25 11:19:00,U1044,lisa.ramirez9,WKSTN-U1044,teams.exe,PROCESS_START,18.0,665
EP025051,2026-06-25 11:03:00,U1061,jessica.rodriguez,WKSTN-U1061,outlook.exe,PROCESS_START,33.1,417
EP036262,2026-06-25 11:12:00,U1088,andrew.smith85,WKSTN-U1088,explorer.exe,PROCESS_START,21.9,344
EP009089,2026-06-25 10:57:00,U1022,sandra.brown,WKSTN-U1022,Jenkins,PROCESS_START,23.3,580
EP026643,2026-06-25 11:14:00,U1065,michael.ramirez47,WKSTN-U1065,Chrome,PROCESS_START,31.3,348
EP001554,2026-06-25 11:21:00,U1004,elizabeth.wilson98,WKSTN-U1004,Chrome,PROCESS_START,30.9,228
EP036704,2026-06-25 11:15:00,U1089,paul.brown27,WKSTN-U1089,PuTTY,PROCESS_START,25.4,746
EP020225,2026-06-25 11:24:00,U1049,michelle.jones59,WKSTN-U1049,notepad.exe,PROCESS_START,19.5,564
EP012214,2026-06-25 11:02:00,U1029,michelle.garcia54,WKSTN-U1029,docker desktop,PROCESS_START,25.3,867
EP013472,2026-06-25 10:58:00,U1032,paul.wright91,WKSTN-U1032,chrome.exe,PROCESS_START,16.4,473
EP013474,2026-06-25 11:21:00,U1032,PAUL.WRIGHT91,WKSTN-U1032,,PROCESS_START,3.5,391
EP002352,2026-06-25 10:59:00,U1006,george.gonzalez,WKSTN-U1006,chrome.exe,PROCESS_START,,197
EP033132,2026-06-25 11:08:00,U1081,margaret.davis,WKSTN-U1081,,PROCESS_START,5.3,648
EP007738,2026-06-25 11:06:00,U1019,donna.anderson	,WKSTN-U1019,  Docker Desktop ,PROCESS_START,16.7,737
EP030262,2026-06-25 11:06:00,U1074,sarah.williams7,WKSTN-U1074,chrome.exe,PROCESS_START,4.8,287
EP003508,2026-06-25 11:16:00,U1009,daniel.brown,WKSTN-U1009,EXCEL,PROCESS_START,3.2,349
EP030649,2026-06-25 10:56:00,U1075,steven.lewis,WKSTN-U1075,chrome.exe,PROCESS_START,19.4,135
EP031039,2026-06-25 11:25:00,U1076,john.torres,WKSTN-U1076,WORD,PROCESS_START,7.9,221
EP036264,2026-06-25 11:10:00,U1088,andrew.smith85,WKSTN-U1088,Active Directory Console,PROCESS_START,30.7,752
EP001946,2026-06-25 11:21:00,U1005,robert.robinson,WKSTN-U1005,Outlook,PROCESS_START,7.8,
EP035779,2026-06-25 11:25:00,U1087,charles.sanchez,WKSTN-U1087,Terminal,PROCESS_START,32.1,506
EP000749,2026-06-25 11:41:00,U1002,,WKSTN-U1002,QuickBooks,PROCESS_START,5.7,
EP039332,2026-06-25 11:55:00,U1095,richard.thomas74,WKSTN-U1095,Excel,PROCESS_START,27.5,772
EP009981,2026-06-25 11:54:00,U1024,emily.miller,WKSTN-U1024,chrome.exe,PROCESS_START,6.7,84
EP038501,2026-06-25 11:57:00,U1093,sarah.clark44,WKSTN-U1093,chrome.exe,PROCESS_START,10.2,369
EP004673,2026-06-25 11:38:00,U1012,linda.martinez,WKSTN-U1012,QuickBooks,PROCESS_START,11.9,758
EP019061,2026-06-25 11:47:00,U1046,michelle.torres39,WKSTN-U1046,Workday,PROCESS_START,9.1,452
EP003875,2026-06-25 11:41:00,U1010,susan.young51,WKSTN-U1010,notepad.exe,PROCESS_START,4.0,821
EP038504,2026-06-25 11:51:00,U1093,sarah.clark44,WKSTN-U1093,outlook.exe,PROCESS_START,32.4,858
EP040540,2026-06-25 11:44:00,U1098,  nancy.wright49 ,WKSTN-U1098,notepad.exe,PROCESS_START,14.8,767
EP015858,2026-06-25 11:30:00,U1038,emily.clark,WKSTN-U1038,chrome.exe,PROCESS_START,14.0,764
EP023420,2026-06-25 11:26:00,U1057,nancy.sanchez,  WKSTN-U1057 ,Outlook,PROCESS_START,18.8,823
EP021422,2026-06-25 11:56:00,U1052,paul.taylor,WKSTN-U1052,Excel,PROCESS_START,34.8,334
EP026639,2026-06-25 11:50:00,U1065,michael.ramirez47,WKSTN-U1065,Word,PROCESS_START,19.3,84
EP029840,2026-06-25 11:37:00,U1073,michael.gonzalez,WKSTN-U1073,Outlook,PROCESS_START,31.6,217
EP039750,2026-06-25 11:27:00,U1096,david.allen76,WKSTN-U1096,PowerPoint,PROCESS_START,23.5,89
EP015446,2026-06-25 11:28:00,U1037,robert.martin,WKSTN-U1037,Workday,PROCESS_START,32.7,364
EP041301,2026-06-25 11:50:00,U1100,daniel.brown38,WKSTN-U1100,Excel,PROCESS_START,29.0,876
EP038064,2026-06-25 11:45:00,U1092,steven.thomas,WKSTN-U1092,wireshark,PROCESS_START,17.8,856
EP017044,2026-06-25 11:50:00,U1041,matthew.allen52,WKSTN-U1041,outlook.exe,PROCESS_START,30.4,262
EP028247,2026-06-25 11:53:00,U1069,jessica.clark,  WKSTN-U1069 ,DocuSign,PROCESS_START,22.1,821
EP022249,2026-06-25 11:43:00,U1054,anthony.martinez,WKSTN-U1054,chrome.exe,PROCESS_START,35.0,141
EP001947,2026-06-25 11:45:00,U1005,robert.robinson,WKSTN-U1005,SAP,PROCESS_START,34.6,425
EP013869,2026-06-25 11:43:00,U1033,linda.miller,WKSTN-U1033,outlook.exe,PROCESS_START,28.4,
EP012218,2026-06-25 11:29:00,U1029,michelle.garcia54,WKSTN-U1029,Docker Desktop,PROCESS_START,3.5,186
EP031038,2026-06-25 11:57:00,U1076,john.torres,WKSTN-U1076,chrome.exe,PROCESS_START,18.6,563
EP040542,2026-06-25 12:15:00,U1098,nancy.wright49,WKSTN-U1098,teams.exe,PROCESS_START,19.8,530
EP031833,2026-06-25 11:59:00,U1078,michelle.miller,WKSTN-U1078,Chrome,PROCESS_START,29.0,488
EP035348,2026-06-25 12:00:00,U1086,steven.thompson53,WKSTN-U1086,notepad.exe,process_start,14.8,491
EP010427,2026-06-25 12:00:00,U1025,betty.brown22,WKSTN-U1025,Git,PROCESS_START,26.5,254
EP008627,2026-06-25 12:15:00,U1021,jessica.walker,WKSTN-U1021,teams.exe,PROCESS_START,22.9,531
EP010429,2026-06-25 12:21:00,U1025,BETTY.BROWN22,WKSTN-U1025,teams.exe,PROCESS_START,28.5,881
EP038935,2026-06-25 12:07:00,U1094,elizabeth.lewis69,WKSTN-U1094,teams.exe,PROCESS_START,21.2,672
EP009088,2026-06-25 12:05:00,U1022,sandra.brown,WKSTN-U1022,Docker Desktop,PROCESS_START,15.4,789
EP036263,2026-06-25 12:22:00,U1088,andrew.smith85,WKSTN-U1088,explorer.exe,PROCESS_START,8.2,879
EP003877,2026-06-25 11:58:00,U1010,SUSAN.YOUNG51,WKSTN-U1010,teams.exe,PROCESS_START,5.2,502
EP011343,2026-06-25 12:15:00,U1027,patricia.brown75,WKSTN-U1027,teams.exe,PROCESS_START,5.3,431
EP000322,2026-06-25 12:09:00,U1001,linda.johnson95,WKSTN-U1001,Outlook,PROCESS_START,14.5,325
EP038502,2026-06-25 12:02:00,U1093,sarah.clark44,WKSTN-U1093,teams.exe,PROCESS_START,22.9,192
EP017841,2026-06-25 12:12:00,U1043,thomas.williams91,WKSTN-U1043,teams.exe,PROCESS_START,31.0,506
EP035777,2026-06-25 12:24:00,U1087,charles.sanchez,WKSTN-U1087,PuTTY,PROCESS_START,23.1,765
EP001553,2026-06-25 11:57:00,U1004,elizabeth.wilson98,WKSTN-U1004,outlook.exe,PROCESS_START,15.4,779
EP033129,2026-06-25 12:09:00,U1081,margaret.davis,WKSTN-U1081,PuTTY,PROCESS_START,26.6,616
EP029465,2026-06-25 12:01:00,U1072,kenneth.lopez,WKSTN-U1072,outlook.exe,PROCESS_START,3.3,358
EP020224,2026-06-25 12:14:00,U1049,michelle.jones59,WKSTN-U1049,explorer.exe,PROCESS_START,3.8,817
EP007734,2026-06-25 12:07:00,U1019,donna.anderson,WKSTN-U1019,Slack,,2.7,662
EP017454,2026-06-25 11:57:00,U1042,michael.hill56,WKSTN-U1042,outlook.exe,PROCESS_START,33.9,121
EP008628,2026-06-25 12:11:00,U1021,jessica.walker,WKSTN-U1021,Chrome,PROCESS_START,18.4,280
EP008174,2026-06-25 12:11:00,U1020,andrew.thomas36	,WKSTN-U1020,Git,PROCESS_START,29.1,429
EP019062,2026-06-25 11:59:00,U1046,michelle.torres39,WKSTN-U1046,teams.exe,PROCESS_START,4.5,636
EP009087,2026-06-25 12:50:00,U1022,sandra.brown,WKSTN-U1022,teams.exe,PROCESS_START,5.3,317
EP038503,2026-06-25 12:43:00,U1093,sarah.clark44,WKSTN-U1093,chrome.exe,PROCESS_START,12.9,711
EP008175,2026-06-25 12:35:00,U1020,andrew.thomas36,WKSTN-U1020,chrome.exe,PROCESS_START,5.4,826
EP033996,2026-06-25 12:46:00,U1083,sarah.allen70,WKSTN-U1083,outlook.exe,PROCESS_START,13.0,623
EP033541,2026-06-25 12:38:00,U1082,karen.hill96,WKSTN-U1082,Chrome,PROCESS_START,6.1,362
EP017839,2026-06-25 12:34:00,U1043,thomas.williams91,WKSTN-U1043,chrome.exe	,PROCESS_START,3.9,712
EP006819,2026-06-25 12:58:00,U1017,emily.hernandez34,WKSTN-U1017,  DOCKER DESKTOP ,PROCESS_START,11.6,218
EP029844,2026-06-25 12:38:00,U1073,michael.gonzalez,WKSTN-U1073,teams.exe,PROCESS_START,33.4,542
EP026218,2026-06-25 12:30:00,U1064,,WKSTN-U1064,outlook.exe,PROCESS_START,29.3,97
EP000751,2026-06-25 12:30:00,U1002,donna.ramirez,,notepad.exe,PROCESS_START,25.2,646
EP020226,2026-06-25 12:53:00,U1049,michelle.jones59,WKSTN-U1049,Chrome,PROCESS_START,10.9,111
EP013475,2026-06-25 12:44:00,U1032,paul.wright91,WKSTN-U1032,outlook.exe,PROCESS_START,21.0,364
EP021809,2026-06-25 12:56:00,U1053,john.jackson31,WKSTN-U1053,notepad.exe,PROCESS_START,19.4,562
EP003873,2026-06-25 12:44:00,U1010,SUSAN.YOUNG51,WKSTN-U1010,SAP,PROCESS_START,2.5,130
EP023419,2026-06-25 12:28:00,U1057,nancy.sanchez,WKSTN-U1057,Zoom,PROCESS_START,13.2,327
EP027802,2026-06-25 12:31:00,U1068,  susan.thompson34 ,WKSTN-U1068,DocuSign,PROCESS_START,22.5,566
EP033128,2026-06-25 12:28:00,U1081,margaret.davis,WKSTN-U1081,Chrome,PROCESS_START,13.0,166
EP029467,2026-06-25 12:54:00,U1072,kenneth.lopez,WKSTN-U1072,Chrome,PROCESS_START,28.6,849
EP022246,2026-06-25 12:48:00,U1054,anthony.martinez,WKSTN-U1054,teams.exe,PROCESS_START,6.7,816
EP026220,2026-06-25 12:45:00,U1064,matthew.wright55,WKSTN-U1064,chrome.exe,PROCESS_START,7.1,190
EP007283,2026-06-25 12:54:00,U1018,betty.white57,WKSTN-U1018,Jenkins,PROCESS_START,20.6,195
EP016651,2026-06-25 12:36:00,U1040,matthew.martin,WKSTN-U1040,Chrome	,PROCESS_START,18.2,
EP040538,2026-06-25 12:28:00,U1098,nancy.wright49,WKSTN-U1098,Zoom,PROCESS_START,9.4,743
EP030648,2026-06-25 12:29:00,U1075,steven.lewis,WKSTN-U1075,DocuSign,PROCESS_START,28.3,330
EP019843,2026-06-25 12:58:00,U1048,jennifer.thomas87,WKSTN-U1048,explorer.exe,PROCESS_START,10.5,889
EP026640,2026-06-25 13:17:00,U1065,michael.ramirez47,WKSTN-U1065,explorer.exe,PROCESS_START,16.3,620
EP028648,2026-06-25 13:03:00,U1070,betty.thomas40,WKSTN-U1070,Word,PROCESS_START,16.2,N/A
EP002739,2026-06-25 13:03:00,U1007,sarah.robinson82,WKSTN-U1007,Excel,PROCESS_START,22.9,420
EP014660,2026-06-25 13:01:00,U1035,nancy.rodriguez82,WKSTN-U1035,teams.exe,process_start,18.9,95
EP019060,2026-06-25 13:19:00,U1046,michelle.torres39,WKSTN-U1046,chrome.exe,PROCESS_START,13.0,163
EP023035,2026-06-25 13:04:00,U1056,anthony.clark,,Outlook,PROCESS_START,22.6,384
EP021034,2026-06-25 13:12:00,U1051,SANDRA.KING72,WKSTN-U1051,Chrome,PROCESS_START,23.1,357
EP025050,2026-06-25 13:05:00,U1061,jessica.rodriguez,WKSTN-U1061,Excel,PROCESS_START,21.4,288
EP006822,2026-06-25 13:24:00,U1017,emily.hernandez34,WKSTN-U1017,outlook.exe,PROCESS_START,6.7,419
EP001552,2026-06-25 13:26:00,U1004,elizabeth.wilson98,WKSTN-U1004,OUTLOOK.EXE,PROCESS_START,13.7,195
EP001161,2026-06-25 13:11:00,U1003,kenneth.clark29,WKSTN-U1003,SAP,PROCESS_START,12.3,653
EP018242,2026-06-25 13:21:00,U1044,lisa.ramirez9,WKSTN-U1044,Outlook,PROCESS_START,26.0,731
EP007736,2026-06-25 12:59:00,U1019,donna.anderson,WKSTN-U1019,outlook.exe,PROCESS_START,,676
EP000321,2026-06-25 13:22:00,U1001,linda.johnson95,WKSTN-U1001,chrome.exe,PROCESS_START,32.1,792
EP005486,2026-06-25 13:22:00,U1014,james.taylor,WKSTN-U1014,SAP,PROCESS_START,11.9,367
EP017453,2026-06-25 13:10:00,U1042,michael.hill56,WKSTN-U1042,Excel,PROCESS_START,18.7,-320.0
EP014658,2026-06-25 13:06:00,U1035,nancy.rodriguez82,WKSTN-U1035,explorer.exe,PROCESS_START,18.5,529
EP029841,2026-06-25 13:01:00,U1073,michael.gonzalez,  WKSTN-U1073 ,notepad.exe,PROCESS_START,10.6,223
EP003506,2026-06-25 13:05:00,U1009,daniel.brown,WKSTN-U1009,outlook.exe,PROCESS_START,4.6,565
EP035778,2026-06-25 13:15:00,U1087,CHARLES.SANCHEZ,WKSTN-U1087,notepad.exe,PROCESS_START,11.6,349
EP003876,2026-06-25 13:09:00,U1010,susan.young51,WKSTN-U1010,Chrome	,PROCESS_START,19.0,494
EP029062,2026-06-25 13:01:00,U1071,matthew.robinson35,WKSTN-U1071,CHROME,PROCESS_START,13.4,133
EP031424,2026-06-25 13:12:00,U1077,,WKSTN-U1077,teams.exe,PROCESS_START,15.9,820
EP019465,2026-06-25 13:05:00,U1047,sandra.lewis,WKSTN-U1047,Excel,PROCESS_START,32.7,594
EP022248,2026-06-25 13:06:00,U1054,anthony.martinez,WKSTN-U1054,Salesforce,PROCESS_START,31.5,214
EP000750,2026-06-25 13:48:00,U1002,donna.ramirez,WKSTN-U1002,outlook.exe,PROCESS_START,11.2,798
EP011342,2026-06-25 13:28:00,U1027,patricia.brown75,WKSTN-U1027,chrome.exe,PROCESS_START,23.5,517
EP016654,2026-06-25 13:27:00,U1040,matthew.martin,WKSTN-U1040,Workday,PROCESS_START,32.4,84
EP017455,2026-06-25 13:43:00,U1042,michael.hill56,,outlook.exe,PROCESS_START,9.6,187
EP005484,2026-06-25 13:40:00,U1014,james.taylor,WKSTN-U1014,SAP,PROCESS_START,15.3,101
EP025435,2026-06-25 13:40:00,U1062,  william.martin ,WKSTN-U1062,Salesforce,PROCESS_START,3.2,227
EP024615,2026-06-25 13:46:00,U1060,matthew.anderson,WKSTN-U1060,Excel,PROCESS_START,2.7,327
EP031040,2026-06-25 13:28:00,U1076,john.torres,WKSTN-U1076,Outlook,PROCESS_START,5.5,273
EP014659,2026-06-25 13:28:00,U1035,nancy.rodriguez82,WKSTN-U1035,teams.exe,PROCESS_START,20.8,898
EP038933,2026-06-25 13:53:00,U1094,elizabeth.lewis69,WKSTN-U1094,,PROCESS_START,30.1,632
EP011775,2026-06-25 13:38:00,U1028,john.hill,WKSTN-U1028,Docker Desktop,PROCESS_START,7.3,290
EP013473,2026-06-25 13:36:00,U1032,paul.wright91,WKSTN-U1032,Excel,PROCESS_START,6.7,794
EP035347,2026-06-25 13:30:00,U1086,steven.thompson53,WKSTN-U1086,PuTTY,PROCESS_START,23.6,757
EP003106,2026-06-25 13:54:00,U1008,joshua.hernandez,WKSTN-U1008,Chrome,PROCESS_START,1.0,337
EP006821,2026-06-25 13:37:00,U1017,emily.hernandez34,,notepad.exe,PROCESS_START,3.5,799
EP026638,2026-06-25 13:49:00,U1065,michael.ramirez47,WKSTN-U1065,teams.exe,PROCESS_START,13.9,693
EP016241,2026-06-25 13:45:00,U1039,,WKSTN-U1039,teams.exe,PROCESS_START,33.6,380
EP019464,2026-06-25 13:45:00,U1047,sandra.lewis,WKSTN-U1047,explorer.exe,process_start,17.6,N/A
EP033999,2026-06-25 13:27:00,U1083,sarah.allen70,WKSTN-U1083,PuTTY,PROCESS_START,26.7,584
EP023820,2026-06-25 13:35:00,U1058,jennifer.ramirez18,WKSTN-U1058,Zoom,PROCESS_START,3.1,762
EP027434,2026-06-25 13:49:00,U1067,paul.thomas97,WKSTN-U1067,notepad.exe,PROCESS_START,25.2,268
EP035775,2026-06-25 13:51:00,U1087,charles.sanchez,WKSTN-U1087,outlook.exe,PROCESS_START,12.2,849
EP016649,2026-06-25 13:54:00,U1040,matthew.martin,WKSTN-U1040,explorer.exe,PROCESS_START,14.1,628
EP003107,2026-06-25 13:47:00,U1008,joshua.hernandez,WKSTN-U1008,outlook.exe,PROCESS_START,23.7,293
EP011776,2026-06-25 13:54:00,U1028,john.hill,WKSTN-U1028,outlook.exe,PROCESS_START,27.2,123
EP007737,2026-06-25 13:58:00,U1019,donna.anderson,WKSTN-U1019,teams.exe,PROCESS_START,29.0,880
EP037166,2026-06-25 14:14:00,U1090,mary.hill,WKSTN-U1090,Wireshark,PROCESS_START,32.9,496
EP027804,2026-06-25 14:10:00,U1068,susan.thompson34,WKSTN-U1068,chrome.exe,PROCESS_START,18.4,N/A
EP021423,2026-06-25 14:05:00,U1052,paul.taylor,WKSTN-U1052,notepad.exe,PROCESS_START,29.9,363
EP038067,2026-06-25 14:18:00,U1092,steven.thomas,WKSTN-U1092,chrome.exe,PROCESS_START,8.7,374
EP007739,2026-06-25 14:22:00,U1019,donna.anderson,WKSTN-U1019,Chrome,PROCESS_START,30.6,397
EP013476,2026-06-25 14:07:00,U1032,paul.wright91,WKSTN-U1032,explorer.exe,PROCESS_START,34.8,423
EP011345,2026-06-25 14:07:00,U1027,patricia.brown75,WKSTN-U1027,notepad.exe,PROCESS_START,14.7,258
EP010872,2026-06-25 14:11:00,U1026,elizabeth.gonzalez,WKSTN-U1026,slack,PROCESS_START,18.6,432
EP015447,2026-06-25 14:19:00,U1037,robert.martin,WKSTN-U1037,Workday,PROCESS_START,,501
EP025436,2026-06-25 14:00:00,U1062,william.martin,WKSTN-U1062,outlook.exe,PROCESS_START,8.3,530
EP014257,2026-06-25 14:01:00,U1034,thomas.allen63,WKSTN-U1034,teams.exe,PROCESS_START,5.0,157
EP038500,2026-06-25 14:13:00,U1093,sarah.clark44,WKSTN-U1093,PuTTY,PROCESS_START,6.6,344
EP027801,2026-06-25 14:08:00,U1068,susan.thompson34,WKSTN-U1068	,notepad.exe,PROCESS_START,2.8,292
EP026641,2026-06-25 13:55:00,U1065,michael.ramirez47,WKSTN-U1065,Outlook,PROCESS_START,27.4,899
EP022247,2026-06-25 14:08:00,U1054,anthony.martinez,WKSTN-U1054,chrome.exe,PROCESS_START,30.7,-311.0
EP036707,2026-06-25 14:14:00,U1089,paul.brown27,WKSTN-U1089,Slack,PROCESS_START,16.3,845
EP008176,2026-06-25 14:23:00,U1020,andrew.thomas36,WKSTN-U1020,Git,PROCESS_START,29.4,559
EP020223,2026-06-25 14:12:00,U1049,michelle.jones59,WKSTN-U1049,explorer.exe,PROCESS_START,8.9,
EP015037,2026-06-25 14:19:00,U1036,linda.jones,WKSTN-U1036,explorer.exe,,30.4,254
EP037168,2026-06-25 13:57:00,U1090,mary.hill,WKSTN-U1090,PUTTY,PROCESS_START,18.5,374
EP024226,2026-06-25 14:16:00,U1059,daniel.perez98,WKSTN-U1059,Zoom,PROCESS_START,13.8,840
EP020636,2026-06-25 13:55:00,U1050,michael.ramirez,WKSTN-U1050,Salesforce,PROCESS_START,13.6,259
EP037165,2026-06-25 14:04:00,U1090,mary.hill,WKSTN-U1090,Terminal,PROCESS_START,,743
EP011777,2026-06-25 14:15:00,U1028,john.hill,WKSTN-U1028,Docker Desktop,PROCESS_START,7.6,523
EP009533,2026-06-25 14:26:00,U1023,richard.wright,WKSTN-U1023,Jenkins,PROCESS_START,9.2,181
EP025434,2026-06-25 14:28:00,U1062,WILLIAM.MARTIN,WKSTN-U1062,Salesforce,PROCESS_START,29.0,812
EP021807,2026-06-25 14:39:00,U1053,john.jackson31,WKSTN-U1053,,PROCESS_START,14.8,563
EP024228,2026-06-25 14:39:00,U1059,daniel.perez98,WKSTN-U1059,outlook.exe,PROCESS_START,3.3,378
EP035776,2026-06-25 14:33:00,U1087,charles.sanchez,  WKSTN-U1087 ,notepad.exe,,16.7,242
EP021424,2026-06-25 14:31:00,U1052,paul.taylor,WKSTN-U1052,Excel,PROCESS_START,6.1,308
EP032252,2026-06-25 14:28:00,U1079,,WKSTN-U1079,chrome.exe,PROCESS_START,31.3,448
EP011346,2026-06-25 14:32:00,U1027,patricia.brown75,WKSTN-U1027,Jenkins,PROCESS_START,20.5,
EP017046,2026-06-25 14:27:00,U1041,matthew.allen52,,notepad.exe,PROCESS_START,29.1,881
EP021810,2026-06-25 14:28:00,U1053,JOHN.JACKSON31,WKSTN-U1053,Chrome,PROCESS_START,23.3,454
EP019063,2026-06-25 14:36:00,U1046,michelle.torres39,WKSTN-U1046,Workday,PROCESS_START,23.9,781
EP016652,2026-06-25 14:36:00,U1040,,WKSTN-U1040,chrome.exe,PROCESS_START,4.0,283
EP002350,2026-06-25 14:29:00,U1006,george.gonzalez,WKSTN-U1006,CHROME.EXE,PROCESS_START,18.1,113
EP019466,2026-06-25 14:28:00,U1047,sandra.lewis,WKSTN-U1047,explorer.exe,PROCESS_START,13.2,215
EP027803,2026-06-25 14:30:00,U1068,susan.thompson34,WKSTN-U1068,chrome.exe,PROCESS_START,25.9,528
EP008629,2026-06-25 14:32:00,U1021,jessica.walker,WKSTN-U1021,VSCode,PROCESS_START,8.8,609
EP019064,2026-06-25 14:34:00,U1046,michelle.torres39,WKSTN-U1046,Workday,,15.1,750
EP027044,2026-06-25 14:27:00,U1066,michelle.wright62,WKSTN-U1066,explorer.exe	,PROCESS_START,2.3,392
EP034897,2026-06-25 14:44:00,U1085,barbara.walker67,WKSTN-U1085,Wireshark,PROCESS_START,17.7,538
EP034469,2026-06-25 14:24:00,U1084,joshua.taylor,WKSTN-U1084,Slack,PROCESS_START,25.6,219
EP023418,2026-06-25 14:26:00,U1057,nancy.sanchez,WKSTN-U1057,explorer.exe,PROCESS_START,2.3,629
EP021033,2026-06-25 14:29:00,U1051,sandra.king72,WKSTN-U1051,Excel,PROCESS_START,7.7,867
EP029064,2026-06-25 14:42:00,U1071,matthew.robinson35,WKSTN-U1071,DocuSign,PROCESS_START,29.5,
EP029843,2026-06-25 14:44:00,U1073,michael.gonzalez,WKSTN-U1073,DocuSign,PROCESS_START,24.8,722
EP006336,2026-06-25 14:45:00,U1016,patricia.thomas,WKSTN-U1016,chrome.exe,PROCESS_START,7.9,850
EP013073,2026-06-25 14:47:00,U1031,john.wright28,WKSTN-U1031,chrome.exe,PROCESS_START,32.3,760
EP037167,2026-06-25 14:49:00,U1090,mary.hill,WKSTN-U1090,notepad.exe,PROCESS_START,8.5,179
EP014258,2026-06-25 15:03:00,U1034,thomas.allen63,WKSTN-U1034,outlook.exe,PROCESS_START,21.1,335
EP002736,2026-06-25 14:45:00,U1007,sarah.robinson82,WKSTN-U1007,OUTLOOK.EXE,process_start,25.3,543
EP018631,2026-06-25 14:47:00,U1045,,WKSTN-U1045,Excel,PROCESS_START,14.9,394
EP041300,2026-06-25 15:04:00,U1100,daniel.brown38,WKSTN-U1100,PowerPoint,PROCESS_START,21.5,395
EP023821,2026-06-25 14:50:00,U1058,jennifer.ramirez18,WKSTN-U1058,,PROCESS_START,21.7,350
EP034467,2026-06-25 15:02:00,U1084,joshua.taylor,WKSTN-U1084,Terminal,PROCESS_START,24.5,833
EP041302,2026-06-25 14:48:00,U1100,daniel.brown38,WKSTN-U1100,teams.exe,PROCESS_START,9.9,387
EP034895,2026-06-25 14:51:00,U1085,barbara.walker67,WKSTN-U1085,PuTTY,,12.4,380
EP022641,2026-06-25 15:02:00,U1055,patricia.wilson54,WKSTN-U1055,Salesforce,PROCESS_START,12.9,266
EP008630,2026-06-25 14:50:00,U1021,jessica.walker,WKSTN-U1021,docker desktop,PROCESS_START,16.7,523
EP031831,2026-06-25 14:57:00,U1078,michelle.miller,WKSTN-U1078,outlook.exe,PROCESS_START,27.6,623
EP033997,2026-06-25 14:54:00,U1083,sarah.allen70,WKSTN-U1083,Slack,PROCESS_START,31.2,326
EP018630,2026-06-25 15:03:00,U1045,daniel.sanchez90	,WKSTN-U1045,  notepad.exe ,PROCESS_START,5.8,853
EP039747,2026-06-25 15:01:00,U1096,david.allen76,WKSTN-U1096,Zoom,PROCESS_START,6.0,553
EP011344,2026-06-25 14:59:00,U1027,patricia.brown75,WKSTN-U1027,Chrome,PROCESS_START,6.1,422
EP040924,2026-06-25 14:49:00,U1099,joseph.garcia,WKSTN-U1099,notepad.exe,PROCESS_START,21.0,364
EP002738,2026-06-25 14:49:00,U1007,sarah.robinson82,WKSTN-U1007,Outlook,PROCESS_START,16.2,568
EP028248,2026-06-25 14:46:00,U1069,jessica.clark,WKSTN-U1069,chrome.exe,PROCESS_START,30.0,433
EP034896,2026-06-25 15:04:00,U1085,barbara.walker67,WKSTN-U1085,notepad.exe,PROCESS_START,1.4,100
EP002351,2026-06-25 14:46:00,U1006,george.gonzalez,WKSTN-U1006,Chrome,PROCESS_START,30.0,296
EP017452,2026-06-25 15:01:00,U1042,michael.hill56,WKSTN-U1042,Chrome,PROCESS_START,24.4,683
EP030652,2026-06-25 14:56:00,U1075,steven.lewis,WKSTN-U1075,Outlook,PROCESS_START,29.5,616
EP023819,2026-06-25 14:48:00,U1058,jennifer.ramirez18,WKSTN-U1058,explorer.exe,PROCESS_START,32.4,531
EP013868,2026-06-25 15:29:00,U1033,linda.miller,WKSTN-U1033,Workday,PROCESS_START,16.3,530
EP003509,2026-06-25 15:09:00,U1009,daniel.brown,WKSTN-U1009,notepad.exe,PROCESS_START,17.1,599
EP030647,2026-06-25 15:21:00,U1075,steven.lewis,WKSTN-U1075,chrome.exe,PROCESS_START,5.6,139
EP017043,2026-06-25 15:22:00,U1041,matthew.allen52,WKSTN-U1041,teams.exe,,3.0,205
EP021805,2026-06-25 15:08:00,U1053,john.jackson31,WKSTN-U1053,teams.exe,PROCESS_START,27.2,289
EP005092,2026-06-25 15:14:00,U1013,emily.smith	,WKSTN-U1013,Outlook,PROCESS_START,12.4,730
EP028649,2026-06-25 15:29:00,U1070,betty.thomas40,WKSTN-U1070,chrome.exe,PROCESS_START,2.2,433
EP005091,2026-06-25 15:09:00,U1013,,WKSTN-U1013,chrome.exe,PROCESS_START,33.6,411
EP025049,2026-06-25 15:07:00,U1061,jessica.rodriguez,WKSTN-U1061,Excel,PROCESS_START,11.5,479
EP003510,2026-06-25 15:30:00,U1009,daniel.brown,WKSTN-U1009,Outlook,PROCESS_START,31.8,220
EP037605,2026-06-25 15:13:00,U1091,linda.robinson,WKSTN-U1091,notepad.exe,PROCESS_START,21.8,130
EP041299,2026-06-25 15:22:00,U1100,daniel.brown38,WKSTN-U1100,notepad.exe,PROCESS_START,13.4,690
EP030261,2026-06-25 15:25:00,U1074,sarah.williams7,WKSTN-U1074,chrome.exe,PROCESS_START,24.6,505
EP008631,2026-06-25 15:36:00,U1021,jessica.walker,WKSTN-U1021,Docker Desktop,PROCESS_START,23.4,786
EP003105,2026-06-25 15:22:00,U1008,joshua.hernandez,WKSTN-U1008,chrome.exe,PROCESS_START,16.9,219
EP013870,2026-06-25 15:06:00,U1033,linda.miller,WKSTN-U1033,chrome.exe,PROCESS_START,33.7,766
EP015449,2026-06-25 15:33:00,U1037,robert.martin,,chrome.exe,PROCESS_START,24.5,725
EP009532,2026-06-25 15:36:00,U1023,richard.wright,WKSTN-U1023,DOCKER DESKTOP,PROCESS_START,7.1,86
EP003103,2026-06-25 15:04:00,U1008,joshua.hernandez,WKSTN-U1008,Outlook,PROCESS_START,10.5,490
EP007281,2026-06-25 15:23:00,U1018,betty.white57,WKSTN-U1018,Git,PROCESS_START,9.6,241
EP029466,2026-06-25 15:17:00,U1072,KENNETH.LOPEZ,WKSTN-U1072,Outlook,PROCESS_START,31.6,448
EP009979,2026-06-25 15:09:00,U1024,emily.miller,WKSTN-U1024,teams.exe	,PROCESS_START,28.8,802
EP026219,2026-06-25 15:15:00,U1064,matthew.wright55,WKSTN-U1064,outlook.exe,PROCESS_START,14.4,420
EP038934,2026-06-25 15:08:00,U1094,elizabeth.lewis69,WKSTN-U1094,PuTTY,PROCESS_START,2.3,601
EP017045,2026-06-25 15:22:00,U1041,matthew.allen52,WKSTN-U1041,notepad.exe,PROCESS_START,21.7,628
EP001160,2026-06-25 15:57:00,U1003,kenneth.clark29,WKSTN-U1003,Outlook,PROCESS_START,28.2,504
EP003108,2026-06-25 15:37:00,U1008,JOSHUA.HERNANDEZ,WKSTN-U1008,teams.exe,PROCESS_START,21.2,148
EP032251,2026-06-25 15:38:00,U1079,emily.jones,WKSTN-U1079,Wireshark,PROCESS_START,30.4,334
EP036261,2026-06-25 15:46:00,U1088,andrew.smith85,WKSTN-U1088,Wireshark,PROCESS_START,32.1,375
EP006333,2026-06-25 15:42:00,U1016,patricia.thomas,WKSTN-U1016,Jenkins,PROCESS_START,1.9,130
EP039749,2026-06-25 15:59:00,U1096,david.allen76,WKSTN-U1096,chrome.exe,PROCESS_START,N/A,250
EP025836,2026-06-25 15:40:00,U1063,john.nguyen,WKSTN-U1063,chrome.exe,PROCESS_START,14.6,358
EP006820,2026-06-25 15:52:00,U1017,emily.hernandez34,WKSTN-U1017,Chrome,PROCESS_START,31.6,894
EP038932,2026-06-25 15:52:00,U1094,elizabeth.lewis69,WKSTN-U1094,teams.exe,PROCESS_START,5.5,547
EP016653,2026-06-25 15:51:00,U1040,matthew.martin,WKSTN-U1040,explorer.exe,PROCESS_START,27.1,578
EP025438,2026-06-25 15:47:00,U1062,william.martin,WKSTN-U1062,Excel,PROCESS_START,2.1,795
EP038063,2026-06-25 15:40:00,U1092,steven.thomas,WKSTN-U1092,explorer.exe,PROCESS_START,5.8,496
EP037604,2026-06-25 15:57:00,U1091,linda.robinson,  WKSTN-U1091 ,notepad.exe,PROCESS_START,1.6,144
EP027432,2026-06-25 15:55:00,U1067,paul.thomas97,WKSTN-U1067,DocuSign,PROCESS_START,14.8,572
EP009978,2026-06-25 15:43:00,U1024,emily.miller,WKSTN-U1024,outlook.exe,PROCESS_START,23.6,728
EP039334,2026-06-25 15:58:00,U1095,RICHARD.THOMAS74,WKSTN-U1095,outlook.exe,PROCESS_START,10.6,464
EP006335,2026-06-25 16:00:00,U1016,patricia.thomas,WKSTN-U1016,Chrome,PROCESS_START,5.3,339
EP006334,2026-06-25 15:46:00,U1016,patricia.thomas,WKSTN-U1016,teams.exe,PROCESS_START,18.6,595
EP040543,2026-06-25 15:40:00,U1098,nancy.wright49,WKSTN-U1098,Outlook,PROCESS_START,27.9,806
EP040921,2026-06-25 15:43:00,U1099,joseph.garcia,WKSTN-U1099,Chrome,,30.2,818
EP036705,2026-06-25 15:55:00,U1089,  paul.brown27 ,WKSTN-U1089,Wireshark,PROCESS_START,31.1,376
EP030651,2026-06-25 15:40:00,U1075,steven.lewis	,WKSTN-U1075,chrome.exe,PROCESS_START,10.5,667
EP005485,2026-06-25 15:42:00,U1014,james.taylor,WKSTN-U1014,outlook.exe,PROCESS_START,5.9,577
EP012657,2026-06-25 15:40:00,U1030,betty.rodriguez86,WKSTN-U1030,Slack,PROCESS_START,23.7,540
EP012213,2026-06-25 15:44:00,U1029,michelle.garcia54,WKSTN-U1029,Chrome,PROCESS_START,9.9,
EP004255,2026-06-25 16:01:00,U1011,donna.ramirez75,WKSTN-U1011,TEAMS.EXE,PROCESS_START,19.0,584
EP004254,2026-06-25 16:20:00,U1011,donna.ramirez75,WKSTN-U1011,chrome.exe,PROCESS_START,32.6,484
EP022250,2026-06-25 16:29:00,U1054,anthony.martinez,,Outlook,PROCESS_START,2.6,309
EP001162,2026-06-25 16:32:00,U1003,kenneth.clark29,WKSTN-U1003,Outlook,PROCESS_START,1.4,286
EP012659,2026-06-25 16:38:00,U1030,betty.rodriguez86,WKSTN-U1030,Git	,,19.1,260
EP033542,2026-06-25 16:04:00,U1082,karen.hill96,WKSTN-U1082,Wireshark,PROCESS_START,11.5,754
EP033131,2026-06-25 16:28:00,U1081,margaret.davis,WKSTN-U1081,chrome.exe,PROCESS_START,34.4,747
EP024617,2026-06-25 16:46:00,U1060,matthew.anderson,WKSTN-U1060,Outlook,PROCESS_START,19.0,372
EP027043,2026-06-25 16:46:00,U1066,michelle.wright62,WKSTN-U1066,notepad.exe,PROCESS_START,10.0,561
EP005904,2026-06-25 16:16:00,U1015,lisa.hernandez,WKSTN-U1015,explorer.exe,PROCESS_START,11.8,359
EP005903,2026-06-25 16:23:00,U1015,lisa.hernandez,WKSTN-U1015,teams.exe,PROCESS_START,2.9,805
EP019842,2026-06-25 16:15:00,U1048,jennifer.thomas87,WKSTN-U1048,Salesforce,PROCESS_START,2.2,398
EP004672,2026-06-25 16:18:00,U1012,linda.martinez,WKSTN-U1012,QuickBooks,PROCESS_START,25.8,147
EP037164,2026-06-25 16:46:00,U1090,mary.hill,WKSTN-U1090,TERMINAL,PROCESS_START,13.5,766
EP004253,2026-06-25 16:13:00,U1011,donna.ramirez75,WKSTN-U1011,teams.exe,PROCESS_START,11.1,692
EP027047,2026-06-25 16:30:00,U1066,michelle.wright62,WKSTN-U1066,outlook.exe,PROCESS_START,21.8,730
EP018238,2026-06-25 16:06:00,U1044,lisa.ramirez9,WKSTN-U1044,notepad.exe,PROCESS_START,25.7,494
EP038065,2026-06-25 16:11:00,U1092,,WKSTN-U1092,explorer.exe,PROCESS_START,2.2,762
EP014259,2026-06-25 16:42:00,U1034,thomas.allen63,  WKSTN-U1034 ,Chrome,PROCESS_START,1.7,425
EP007282,2026-06-25 16:17:00,U1018,betty.white57,WKSTN-U1018,Chrome,PROCESS_START,20.3,896
EP005087,2026-06-25 16:22:00,U1013,emily.smith,WKSTN-U1013,explorer.exe,PROCESS_START,14.9,431
EP024616,2026-06-25 16:28:00,U1060,matthew.anderson,WKSTN-U1060,notepad.exe,PROCESS_START,16.3,371
EP013072,2026-06-25 16:29:00,U1031,john.wright28,WKSTN-U1031,explorer.exe,PROCESS_START,21.8,187
EP031422,2026-06-25 16:47:00,U1077,kimberly.harris58,WKSTN-U1077,chrome.exe,PROCESS_START,23.3,520000.0
EP008177,2026-06-25 16:21:00,U1020,ANDREW.THOMAS36,WKSTN-U1020,VSCode,process_start,24.0,614
EP017042,2026-06-25 17:00:00,U1041,matthew.allen52,WKSTN-U1041,notepad.exe,PROCESS_START,7.5,595
EP023034,2026-06-25 17:12:00,U1056,anthony.clark,WKSTN-U1056,Zoom,PROCESS_START,24.1,602
EP038066,2026-06-25 17:32:00,U1092,steven.thomas,WKSTN-U1092,Slack,PROCESS_START,26.8,878
EP038936,2026-06-25 17:07:00,U1094,elizabeth.lewis69,WKSTN-U1094,outlook.exe,PROCESS_START,8.8,267
EP037603,2026-06-25 16:53:00,U1091,  linda.robinson ,WKSTN-U1091,notepad.exe,PROCESS_START,18.7,218
EP023051,2026-06-26 07:24:00,U1056,ANTHONY.CLARK,WKSTN-U1056,chrome.exe,PROCESS_START,23.7,126
EP024619,2026-06-25 17:19:00,U1060,matthew.anderson,WKSTN-U1060,notepad.exe,PROCESS_START,24.1,126
EP017041,2026-06-25 17:08:00,U1041,matthew.allen52,WKSTN-U1041,Outlook,PROCESS_START,33.9,259
EP038931,2026-06-25 17:08:00,U1094,elizabeth.lewis69	,WKSTN-U1094,outlook.exe,PROCESS_START,12.3,218
EP019856,2026-06-26 07:12:00,U1048,jennifer.thomas87,WKSTN-U1048,teams.exe,PROCESS_START,17.6,285
EP028670,2026-06-26 07:33:00,U1070,betty.thomas40	,WKSTN-U1070,Word,PROCESS_START,25.7,495
EP024618,2026-06-25 17:01:00,U1060,matthew.anderson,WKSTN-U1060,explorer.exe,PROCESS_START,30.8,758
EP031832,2026-06-25 17:01:00,U1078,michelle.miller,WKSTN-U1078,  teams.exe ,PROCESS_START,24.6,226
EP032705,2026-06-26 07:30:00,U1080,joseph.jackson91,WKSTN-U1080,explorer.exe,PROCESS_START,11.8,731
EP033130,2026-06-25 17:37:00,U1081,margaret.davis,WKSTN-U1081,teams.exe,PROCESS_START,9.2,526
EP036708,2026-06-25 16:56:00,U1089,paul.brown27,WKSTN-U1089,notepad.exe,PROCESS_START,3.2,692
EP022640,2026-06-25 17:54:00,U1055,patricia.wilson54,WKSTN-U1055	,Salesforce,PROCESS_START,6.4,207
EP027045,2026-06-25 17:09:00,U1066,michelle.wright62,WKSTN-U1066,teams.exe,PROCESS_START,7.3,851
EP007280,2026-06-25 17:15:00,U1018,betty.white57	,WKSTN-U1018,chrome.exe,PROCESS_START,17.9,896
EP029063,2026-06-25 17:10:00,U1071,matthew.robinson35,WKSTN-U1071,Word	,PROCESS_START,15.7,492
EP024225,2026-06-25 17:20:00,U1059,daniel.perez98,WKSTN-U1059,Zoom,PROCESS_START,28.5,149
EP029061,2026-06-25 17:19:00,U1071,matthew.robinson35,WKSTN-U1071,explorer.exe,PROCESS_START,9.9,238
EP024227,2026-06-25 17:26:00,U1059,daniel.perez98,WKSTN-U1059,chrome.exe,process_start,,716
EP031834,2026-06-25 17:05:00,U1078,michelle.miller,WKSTN-U1078,Chrome,PROCESS_START,6.9,655
EP005088,2026-06-25 17:38:00,U1013,emily.smith,WKSTN-U1013,Outlook	,PROCESS_START,11.0,613
EP025854,2026-06-26 08:31:00,U1063,john.nguyen,WKSTN-U1063,notepad.exe,PROCESS_START,19.6,259
EP000342,2026-06-26 07:38:00,U1001,linda.johnson95,WKSTN-U1001,outlook.exe,PROCESS_START,28.6,770
EP036725,2026-06-26 08:01:00,U1089,paul.brown27,WKSTN-U1089,teams.exe,PROCESS_START,15.7,458
EP026661,2026-06-26 08:40:00,U1065,michael.ramirez47,  WKSTN-U1065 ,  Chrome ,PROCESS_START,13.0,718
EP034919,2026-06-26 08:37:00,U1085,barbara.walker67,WKSTN-U1085,  notepad.exe ,PROCESS_START,11.9,467
EP040562,2026-06-26 08:10:00,U1098,,WKSTN-U1098,zoom,PROCESS_START,12.1,N/A
EP002752,2026-06-26 08:44:00,U1007,sarah.robinson82,WKSTN-U1007,explorer.exe,PROCESS_START,17.8,721
EP036723,2026-06-26 07:58:00,U1089,paul.brown27,WKSTN-U1089,Terminal,PROCESS_START,33.9,728
EP025454,2026-06-26 08:23:00,U1062,william.martin,WKSTN-U1062,Excel,PROCESS_START,32.3,205
EP012235,2026-06-26 07:36:00,U1029,michelle.garcia54,WKSTN-U1029,teams.exe,PROCESS_START,4.4,769
EP009110,2026-06-26 08:16:00,U1022,sandra.brown,WKSTN-U1022,Docker Desktop,PROCESS_START,31.6,393
EP032269,2026-06-26 08:23:00,U1079,,WKSTN-U1079,PUTTY,PROCESS_START,8.6,235
EP029074,2026-06-26 08:48:00,U1071,matthew.robinson35,WKSTN-U1071,explorer.exe,PROCESS_START,11.8,727
EP027451,2026-06-26 08:13:00,U1067,paul.thomas97,WKSTN-U1067,teams.exe,PROCESS_START,28.4,461
EP014274,2026-06-26 08:20:00,U1034,thomas.allen63,WKSTN-U1034,explorer.exe,PROCESS_START,32.7,895
EP025064,2026-06-26 08:14:00,U1061,jessica.rodriguez,WKSTN-U1061,teams.exe,PROCESS_START,24.2,731
EP023053,2026-06-26 07:35:00,U1056,anthony.clark,WKSTN-U1056,teams.exe,PROCESS_START,22.7,392
EP004276,2026-06-26 08:01:00,U1011,donna.ramirez75,,chrome.exe,PROCESS_START,33.2,444
EP029077,2026-06-26 08:14:00,U1071,matthew.robinson35,,outlook.exe	,PROCESS_START,32.0,738
EP013887,2026-06-26 08:44:00,U1033,linda.miller,WKSTN-U1033,Workday,process_start,20.7,
EP018256,2026-06-26 08:49:00,U1044,lisa.ramirez9,WKSTN-U1044,teams.exe,PROCESS_START,32.7,498
EP030280,2026-06-26 08:38:00,U1074,sarah.williams7,WKSTN-U1074,Word,,22.4,173
EP021830,2026-06-26 08:26:00,U1053,,WKSTN-U1053,Outlook,PROCESS_START,8.9,619
EP027452,2026-06-26 07:59:00,U1067,paul.thomas97,WKSTN-U1067,chrome.exe,PROCESS_START,13.9,774
EP040173,2026-06-26 08:48:00,U1097,mark.martinez10,WKSTN-U1097,outlook.exe,PROCESS_START,16.2,430
EP003522,2026-06-26 08:54:00,U1009,daniel.brown,WKSTN-U1009,QuickBooks,process_start,30.2,228
EP005507,2026-06-26 09:01:00,U1014,james.taylor	,WKSTN-U1014,QuickBooks,PROCESS_START,10.8,304
EP028669,2026-06-26 09:07:00,U1070,betty.thomas40,WKSTN-U1070,outlook.exe,,9.3,708
EP021831,2026-06-26 08:51:00,U1053,john.jackson31,WKSTN-U1053,teams.exe,PROCESS_START,30.5,864
EP018258,2026-06-26 08:59:00,U1044,lisa.ramirez9,WKSTN-U1044,explorer.exe,PROCESS_START,29.8,717
EP031054,2026-06-26 09:18:00,U1076,john.torres,WKSTN-U1076,notepad.exe,PROCESS_START,6.5,380
EP037625,2026-06-26 09:03:00,U1091,linda.robinson,WKSTN-U1091,PuTTY,PROCESS_START,5.0,405
EP007298,2026-06-26 08:55:00,U1018,betty.white57,WKSTN-U1018,Docker Desktop,PROCESS_START,6.8,777
EP017472,2026-06-26 09:11:00,U1042,michael.hill56,WKSTN-U1042,chrome.exe,PROCESS_START,11.7,881
EP017860,2026-06-26 08:56:00,U1043,thomas.williams91,,explorer.exe,PROCESS_START,15.9,143
EP010444,2026-06-26 08:51:00,U1025,betty.brown22,WKSTN-U1025,teams.exe,PROCESS_START,14.4,479
EP038955,2026-06-26 09:01:00,U1094,elizabeth.lewis69,WKSTN-U1094,explorer.exe,PROCESS_START,29.7,357
EP006358,2026-06-26 09:00:00,U1016,patricia.thomas,WKSTN-U1016,  VSCode ,PROCESS_START,22.2,92
EP027453,2026-06-26 09:00:00,U1067,paul.thomas97,WKSTN-U1067,notepad.exe,PROCESS_START,23.5,449
EP038951,2026-06-26 08:56:00,U1094,elizabeth.lewis69,WKSTN-U1094,outlook.exe,PROCESS_START,24.6,
EP011363,2026-06-26 09:02:00,U1027,  patricia.brown75 ,WKSTN-U1027,teams.exe,PROCESS_START,14.6,133
EP021826,2026-06-26 09:01:00,U1053,,WKSTN-U1053,teams.exe,PROCESS_START,28.0,429
EP030283,2026-06-26 09:14:00,U1074,sarah.williams7	,WKSTN-U1074,outlook.exe,PROCESS_START,16.9,277
EP013884,2026-06-26 08:57:00,U1033,linda.miller,WKSTN-U1033,Workday,PROCESS_START,16.8,646
EP019076,2026-06-26 09:00:00,U1046,michelle.torres39,WKSTN-U1046,notepad.exe,PROCESS_START,29.1,268
EP023052,2026-06-26 09:18:00,U1056,anthony.clark,WKSTN-U1056,chrome.exe,PROCESS_START,12.3,821
EP031855,2026-06-26 09:05:00,U1078,michelle.miller,WKSTN-U1078	,DocuSign,PROCESS_START,16.2,314
EP031053,2026-06-26 09:12:00,U1076,john.torres,WKSTN-U1076,DocuSign	,PROCESS_START,31.1,169
EP038952,2026-06-26 08:59:00,U1094,elizabeth.lewis69,WKSTN-U1094,Terminal,PROCESS_START,15.4,
EP035798,2026-06-26 08:50:00,U1087,charles.sanchez,WKSTN-U1087,Slack,PROCESS_START,16.5,120
EP012677,2026-06-26 09:27:00,U1030,betty.rodriguez86,WKSTN-U1030,Git,PROCESS_START,1.7,517
EP004275,2026-06-26 09:35:00,U1011,donna.ramirez75,WKSTN-U1011,outlook.exe,PROCESS_START,5.7,856
EP015466,2026-06-26 09:36:00,U1037,robert.martin,WKSTN-U1037,notepad.exe,PROCESS_START,11.0,
EP010445,2026-06-26 09:34:00,U1025,betty.brown22,WKSTN-U1025,Git,PROCESS_START,27.9,135
EP019077,2026-06-26 09:37:00,U1046,michelle.torres39,WKSTN-U1046,explorer.exe,PROCESS_START,7.8,563
EP011367,2026-06-26 09:38:00,U1027,patricia.brown75,WKSTN-U1027,Chrome,PROCESS_START,21.6,117
EP037626,2026-06-26 09:31:00,U1091,linda.robinson,WKSTN-U1091,PuTTY,PROCESS_START,24.1,610
EP018652,2026-06-26 09:41:00,U1045,daniel.sanchez90,WKSTN-U1045,Excel,PROCESS_START,33.8,85
EP005504,2026-06-26 09:31:00,U1014,james.taylor,WKSTN-U1014,outlook.exe,PROCESS_START,19.7,100
EP020655,2026-06-26 09:20:00,U1050,michael.ramirez,WKSTN-U1050,explorer.exe,PROCESS_START,27.4,841
EP009112,2026-06-26 09:33:00,U1022,sandra.brown,WKSTN-U1022,explorer.exe,PROCESS_START,3.8,657
EP040935,2026-06-26 09:26:00,U1099,joseph.garcia,WKSTN-U1099,Outlook,PROCESS_START,24.6,328
EP002368,2026-06-26 09:19:00,U1006,george.gonzalez,WKSTN-U1006,teams.exe,PROCESS_START,25.1,160
EP024244,2026-06-26 09:36:00,U1059,daniel.perez98,WKSTN-U1059,explorer.exe,PROCESS_START,32.6,750
EP005505,2026-06-26 09:24:00,U1014,james.taylor,WKSTN-U1014,chrome.exe,PROCESS_START,22.1,658
EP004686,2026-06-26 09:40:00,U1012,linda.martinez,WKSTN-U1012,Chrome,PROCESS_START,13.4,565
EP038953,2026-06-26 09:20:00,U1094,elizabeth.lewis69,WKSTN-U1094,explorer.exe,PROCESS_START,25.8,622
EP000765,2026-06-26 09:33:00,U1002,donna.ramirez,WKSTN-U1002,Outlook,PROCESS_START,22.1,879
EP013084,2026-06-26 09:19:00,U1031,JOHN.WRIGHT28,WKSTN-U1031,explorer.exe,PROCESS_START,4.3,801
EP029481,2026-06-26 09:23:00,U1072,kenneth.lopez,WKSTN-U1072,DocuSign,PROCESS_START,29.7,794
EP027064,2026-06-26 09:21:00,U1066,michelle.wright62,WKSTN-U1066,Word,PROCESS_START,16.4,321
EP019854,2026-06-26 09:41:00,U1048,jennifer.thomas87,WKSTN-U1048,Salesforce,PROCESS_START,26.5,293
EP005921,2026-06-26 09:24:00,U1015,lisa.hernandez,WKSTN-U1015,teams.exe,PROCESS_START,23.0,632
EP007300,2026-06-26 09:32:00,U1018,betty.white57,WKSTN-U1018,VSCode,PROCESS_START,8.8,818
EP024638,2026-06-26 09:38:00,U1060,matthew.anderson,WKSTN-U1060,explorer.exe,PROCESS_START,23.1,621
EP025853,2026-06-26 09:49:00,U1063,john.nguyen,WKSTN-U1063,explorer.exe,PROCESS_START,25.3,152
EP028668,2026-06-26 10:06:00,U1070,betty.thomas40,WKSTN-U1070,chrome.exe,PROCESS_START,7.5,810
EP014273,2026-06-26 10:06:00,U1034,,WKSTN-U1034,notepad.exe,PROCESS_START,5.2,414
EP027454,2026-06-26 10:07:00,U1067,paul.thomas97,WKSTN-U1067,notepad.exe,PROCESS_START,7.6,
EP040563,2026-06-26 10:06:00,U1098,nancy.wright49,WKSTN-U1098,Zoom,PROCESS_START,26.4,793
EP031859,2026-06-26 10:00:00,U1078,michelle.miller,WKSTN-U1078,Word,PROCESS_START,19.8,240
EP038081,2026-06-26 10:03:00,U1092,steven.thomas,WKSTN-U1092,Chrome,PROCESS_START,28.4,798
EP009551,2026-06-26 09:48:00,U1023,richard.wright,WKSTN-U1023,Docker Desktop,PROCESS_START,32.0,400
EP002750,2026-06-26 09:47:00,U1007,  sarah.robinson82 ,WKSTN-U1007,outlook.exe,PROCESS_START,26.4,250
EP022656,2026-06-26 09:59:00,U1055,patricia.wilson54,  WKSTN-U1055 ,Zoom,PROCESS_START,3.7,618
EP024636,2026-06-26 09:47:00,U1060,matthew.anderson,WKSTN-U1060,explorer.exe,PROCESS_START,22.2,414
EP002751,2026-06-26 10:06:00,U1007,sarah.robinson82,WKSTN-U1007,chrome.exe,PROCESS_START,30.6,196
EP035797,2026-06-26 09:52:00,U1087,charles.sanchez,WKSTN-U1087,Active Directory Console,PROCESS_START,2.7,592
EP041317,2026-06-26 09:51:00,U1100,daniel.brown38,WKSTN-U1100,notepad.exe,PROCESS_START,19.4,
EP008651,2026-06-26 09:45:00,U1021,  jessica.walker ,WKSTN-U1021,VSCode,PROCESS_START,,779
EP009109,2026-06-26 10:02:00,U1022,sandra.brown,WKSTN-U1022,TEAMS.EXE,PROCESS_START,14.3,223
EP020657,2026-06-26 10:03:00,U1050,michael.ramirez,WKSTN-U1050,SALESFORCE,PROCESS_START,20.0,877
EP003896,2026-06-26 10:08:00,U1010,susan.young51,WKSTN-U1010,Chrome,PROCESS_START,3.8,121
EP032706,2026-06-26 09:56:00,U1080,joseph.jackson91,WKSTN-U1080,PuTTY,PROCESS_START,24.6,284
EP019855,2026-06-26 09:49:00,U1048,jennifer.thomas87,WKSTN-U1048,Outlook,PROCESS_START,31.2,507
EP019481,2026-06-26 09:41:00,U1047,sandra.lewis,WKSTN-U1047,chrome.exe,PROCESS_START,17.6,833
EP022658,2026-06-26 10:01:00,U1055,patricia.wilson54,WKSTN-U1055,notepad.exe,PROCESS_START,25.5,892
EP020654,2026-06-26 09:59:00,U1050,michael.ramirez,WKSTN-U1050,outlook.exe,PROCESS_START,7.2,101
EP014678,2026-06-26 10:07:00,U1035,nancy.rodriguez82,WKSTN-U1035,Chrome	,PROCESS_START,5.9,183
EP016670,2026-06-26 09:45:00,U1040,matthew.martin,WKSTN-U1040,  Chrome ,PROCESS_START,12.5,615
EP021441,2026-06-26 10:40:00,U1052,PAUL.TAYLOR,WKSTN-U1052	,  outlook.exe ,PROCESS_START,29.6,413
EP031854,2026-06-26 10:20:00,U1078,michelle.miller,WKSTN-U1078,Word,PROCESS_START,,644
EP005506,2026-06-26 10:16:00,U1014,james.taylor,WKSTN-U1014,QuickBooks,PROCESS_START,11.2,267
EP038525,2026-06-26 10:27:00,U1093,sarah.clark44,WKSTN-U1093,Wireshark,PROCESS_START,9.4,820
EP024245,2026-06-26 10:28:00,U1059,daniel.perez98,WKSTN-U1059,Chrome,PROCESS_START,26.1,578
EP017064,2026-06-26 10:32:00,U1041,matthew.allen52,WKSTN-U1041,,PROCESS_START,2.9,204
EP031443,2026-06-26 10:37:00,U1077,kimberly.harris58,WKSTN-U1077,outlook.exe,PROCESS_START,10.0,726
EP025066,2026-06-26 10:16:00,U1061,jessica.rodriguez,WKSTN-U1061,teams.exe,PROCESS_START,15.1,132
EP034489,2026-06-26 10:30:00,U1084,joshua.taylor,WKSTN-U1084,explorer.exe,PROCESS_START,3.7,390
EP015877,2026-06-26 10:21:00,U1038,emily.clark,WKSTN-U1038,Excel,PROCESS_START,18.3,454
EP003895,2026-06-26 10:38:00,U1010,susan.young51,WKSTN-U1010,outlook.exe,PROCESS_START,15.7,186
EP031858,2026-06-26 10:35:00,U1078,michelle.miller,WKSTN-U1078,Outlook,PROCESS_START,29.9,211
EP010003,2026-06-26 10:21:00,U1024,emily.miller,WKSTN-U1024,notepad.exe	,PROCESS_START,23.3,698
EP002370,2026-06-26 10:11:00,U1006,  george.gonzalez ,WKSTN-U1006,chrome.exe,PROCESS_START,22.6,876
EP022659,2026-06-26 10:22:00,U1055,patricia.wilson54,WKSTN-U1055,outlook.exe,PROCESS_START,4.8,879
EP040937,2026-06-26 10:37:00,U1099,joseph.garcia,WKSTN-U1099,PowerPoint,PROCESS_START,6.4,770
EP001182,2026-06-26 10:18:00,U1003,kenneth.clark29,WKSTN-U1003,Outlook,PROCESS_START,12.6,575
EP023835,2026-06-26 10:36:00,U1058,jennifer.ramirez18,WKSTN-U1058,Zoom,PROCESS_START,11.8,368
EP001179,2026-06-26 10:29:00,U1003,kenneth.clark29,WKSTN-U1003,Excel,PROCESS_START,13.7,118
EP029859,2026-06-26 10:37:00,U1073,michael.gonzalez,WKSTN-U1073,teams.exe,PROCESS_START,10.0,334
EP001575,2026-06-26 10:18:00,U1004,elizabeth.wilson98,WKSTN-U1004,Chrome,PROCESS_START,6.9,687
EP027063,2026-06-26 10:08:00,U1066,MICHELLE.WRIGHT62,WKSTN-U1066,outlook.exe,PROCESS_START,9.2,97
EP024640,2026-06-26 10:19:00,U1060,matthew.anderson,WKSTN-U1060,Excel,PROCESS_START,14.9,154
EP015051,2026-06-26 10:35:00,U1036,linda.jones,WKSTN-U1036,teams.exe,PROCESS_START,11.3,558
EP036724,2026-06-26 10:27:00,U1089,,WKSTN-U1089,outlook.exe,PROCESS_START,31.1,463
EP017063,2026-06-26 11:06:00,U1041,matthew.allen52,WKSTN-U1041,Outlook,PROCESS_START,1.0,459
EP012682,2026-06-26 10:56:00,U1030,betty.rodriguez86,WKSTN-U1030,chrome.exe,PROCESS_START,28.8,336
EP025457,2026-06-26 10:41:00,U1062,william.martin,WKSTN-U1062,,PROCESS_START,3.3,491
EP008646,2026-06-26 10:40:00,U1021,jessica.walker,WKSTN-U1021,Slack,,8.4,694
EP001964,2026-06-26 11:09:00,U1005,robert.robinson,WKSTN-U1005,SAP,PROCESS_START,22.0,207
EP015471,2026-06-26 10:42:00,U1037,robert.martin,WKSTN-U1037,Chrome,PROCESS_START,24.4,659
EP027824,2026-06-26 10:45:00,U1068,susan.thompson34,WKSTN-U1068,explorer.exe,PROCESS_START,N/A,301
EP009113,2026-06-26 10:41:00,U1022,sandra.brown,WKSTN-U1022,chrome,PROCESS_START,2.1,500
EP005107,2026-06-26 10:59:00,U1013,emily.smith,WKSTN-U1013,chrome.exe,PROCESS_START,5.2,352
EP017861,2026-06-26 11:06:00,U1043,thomas.williams91,WKSTN-U1043,Workday,PROCESS_START,6.3,711
EP016256,2026-06-26 10:57:00,U1039,mark.thomas,WKSTN-U1039,outlook.exe,PROCESS_START,29.8,835
EP000343,2026-06-26 11:10:00,U1001,linda.johnson95,,QuickBooks,PROCESS_START,4.6,178
EP028265,2026-06-26 11:05:00,U1069,jessica.clark,WKSTN-U1069,Outlook,PROCESS_START,1.1,202
EP005105,2026-06-26 10:47:00,U1013,emily.smith,WKSTN-U1013,Outlook,PROCESS_START,29.3,865
EP007297,2026-06-26 10:48:00,U1018,betty.white57,WKSTN-U1018,teams.exe,PROCESS_START,26.2,878
EP011799,2026-06-26 10:59:00,U1028,john.hill,WKSTN-U1028,notepad.exe,PROCESS_START,27.0,779
EP017471,2026-06-26 10:42:00,U1042,michael.hill56,WKSTN-U1042,Outlook,PROCESS_START,22.4,245
EP039766,2026-06-26 11:04:00,U1096,david.allen76,WKSTN-U1096,outlook.exe,PROCESS_START,20.7,624
EP003898,2026-06-26 10:49:00,U1010,susan.young51,WKSTN-U1010,QuickBooks,PROCESS_START,13.1,848
EP031442,2026-06-26 10:46:00,U1077,kimberly.harris58,WKSTN-U1077,NOTEPAD.EXE	,PROCESS_START,34.2,230
EP040560,2026-06-26 10:49:00,U1098,nancy.wright49,WKSTN-U1098,chrome.exe,PROCESS_START,20.3,
EP023837,2026-06-26 11:02:00,U1058,jennifer.ramirez18,WKSTN-U1058,teams.exe,PROCESS_START,13.8,485
EP014677,2026-06-26 10:48:00,U1035,nancy.rodriguez82,WKSTN-U1035,teams.exe,PROCESS_START,23.6,
EP028665,2026-06-26 10:46:00,U1070,betty.thomas40,  WKSTN-U1070 ,outlook.exe,PROCESS_START,12.9,456
EP007302,2026-06-26 10:59:00,U1018,betty.white57,WKSTN-U1018,Chrome,PROCESS_START,26.0,273
EP039351,2026-06-26 11:14:00,U1095,richard.thomas74,WKSTN-U1095,Zoom,PROCESS_START,25.9,888
EP023836,2026-06-26 11:30:00,U1058,jennifer.ramirez18,WKSTN-U1058	,Outlook,PROCESS_START,29.4,438
EP026659,2026-06-26 11:29:00,U1065,michael.ramirez47,WKSTN-U1065,explorer.exe	,PROCESS_START,34.8,795
EP033559,2026-06-26 11:14:00,U1082,karen.hill96,WKSTN-U1082,Active Directory Console,PROCESS_START,28.6,651
EP023055,2026-06-26 11:18:00,U1056,anthony.clark,WKSTN-U1056,Zoom,PROCESS_START,31.4,111
EP007301,2026-06-26 11:28:00,U1018,betty.white57,WKSTN-U1018,VSCode,PROCESS_START,17.4,865
EP004272,2026-06-26 11:17:00,U1011,donna.ramirez75,WKSTN-U1011,teams.exe,PROCESS_START,33.8,757
EP019075,2026-06-26 11:34:00,U1046,michelle.torres39,WKSTN-U1046,Outlook,PROCESS_START,15.2,122
EP037188,2026-06-26 11:21:00,U1090,mary.hill,WKSTN-U1090,Wireshark,PROCESS_START,14.8,294
EP010446,2026-06-26 11:23:00,U1025,betty.brown22,WKSTN-U1025,teams.exe,PROCESS_START,3.6,345
EP004685,2026-06-26 11:17:00,U1012,linda.martinez,WKSTN-U1012,outlook.exe,PROCESS_START,21.5,258
EP019079,2026-06-26 11:34:00,U1046,michelle.torres39,WKSTN-U1046,teams.exe,PROCESS_START,16.3,162
EP025068,2026-06-26 11:29:00,U1061,jessica.rodriguez,WKSTN-U1061,,PROCESS_START,1.6,732
EP041319,2026-06-26 11:16:00,U1100,daniel.brown38,WKSTN-U1100,outlook.exe,PROCESS_START,22.2,405
EP004273,2026-06-26 11:20:00,U1011,donna.ramirez75,WKSTN-U1011,SAP,PROCESS_START,28.7,152
EP023436,2026-06-26 11:22:00,U1057,nancy.sanchez,  WKSTN-U1057 ,outlook.exe,PROCESS_START,12.1,235
EP028264,2026-06-26 11:19:00,U1069,jessica.clark,WKSTN-U1069,,PROCESS_START,23.4,894
EP031857,2026-06-26 11:28:00,U1078,michelle.miller,WKSTN-U1078,notepad.exe,,22.4,127
EP021440,2026-06-26 11:12:00,U1052,paul.taylor,WKSTN-U1052,Zoom,PROCESS_START,33.1,99
EP036281,2026-06-26 11:12:00,U1088,andrew.smith85,WKSTN-U1088,Slack,PROCESS_START,4.9,99
EP028666,2026-06-26 11:15:00,U1070,betty.thomas40,WKSTN-U1070,outlook.exe,PROCESS_START,1.0,618
EP040936,2026-06-26 11:33:00,U1099,joseph.garcia,WKSTN-U1099,PowerPoint,process_start,17.7,407
EP001966,2026-06-26 11:14:00,U1005,robert.robinson,WKSTN-U1005,teams.exe,PROCESS_START,3.7,220
EP031856,2026-06-26 11:24:00,U1078,michelle.miller,WKSTN-U1078,,PROCESS_START,16.8,459
EP006357,2026-06-26 11:14:00,U1016,patricia.thomas,WKSTN-U1016,Docker Desktop,PROCESS_START,13.0,131
EP006356,2026-06-26 11:43:00,U1016,patricia.thomas,WKSTN-U1016,teams.exe,PROCESS_START,8.4,397
EP015467,2026-06-26 12:00:00,U1037,robert.martin,WKSTN-U1037,Outlook,PROCESS_START,1.7,766
EP006355,2026-06-26 11:47:00,U1016,patricia.thomas,WKSTN-U1016,teams.exe,PROCESS_START,23.3,361
EP001965,2026-06-26 11:48:00,U1005,robert.robinson,WKSTN-U1005,Outlook,PROCESS_START,26.1,855
EP012680,2026-06-26 11:43:00,U1030,betty.rodriguez86,WKSTN-U1030,Jenkins,PROCESS_START,26.0,511
EP025453,2026-06-26 12:03:00,U1062,william.martin,WKSTN-U1062,Zoom,PROCESS_START,25.4,415
EP021827,2026-06-26 12:05:00,U1053,john.jackson31,WKSTN-U1053,teams.exe,PROCESS_START,22.4,237
EP006841,2026-06-26 11:52:00,U1017,emily.hernandez34,WKSTN-U1017,notepad.exe,PROCESS_START,18.3,692
EP000344,2026-06-26 11:58:00,U1001,linda.johnson95,WKSTN-U1001,  QuickBooks ,PROCESS_START,9.2,714
EP019484,2026-06-26 12:04:00,U1047,sandra.lewis,WKSTN-U1047,chrome.exe,PROCESS_START,10.7,896
EP019483,2026-06-26 11:39:00,U1047,sandra.lewis,WKSTN-U1047,Outlook,PROCESS_START,12.7,466
EP033558,2026-06-26 11:56:00,U1082,karen.hill96,WKSTN-U1082,teams.exe,PROCESS_START,15.9,230
EP022266,2026-06-26 11:42:00,U1054,anthony.martinez,,teams.exe,PROCESS_START,18.6,567
EP014277,2026-06-26 11:39:00,U1034,thomas.allen63,WKSTN-U1034,OUTLOOK,PROCESS_START,34.8,201
EP014676,2026-06-26 11:41:00,U1035,nancy.rodriguez82,WKSTN-U1035,Workday,PROCESS_START,18.2,468
EP034020,2026-06-26 11:53:00,U1083,sarah.allen70,  WKSTN-U1083 ,Active Directory Console,PROCESS_START,29.1,692
EP030673,2026-06-26 11:54:00,U1075,steven.lewis,WKSTN-U1075	,DocuSign,PROCESS_START,,547
EP010001,2026-06-26 11:43:00,U1024,emily.miller,WKSTN-U1024,Chrome,PROCESS_START,24.0,610
EP035363,2026-06-26 12:05:00,U1086,steven.thompson53,WKSTN-U1086,PuTTY,PROCESS_START,28.5,298
EP018257,2026-06-26 11:50:00,U1044,lisa.ramirez9,WKSTN-U1044,explorer.exe,PROCESS_START,18.6,751
EP037186,2026-06-26 11:46:00,U1090,mary.hill,WKSTN-U1090,teams.exe,PROCESS_START,23.7,760
EP034918,2026-06-26 11:53:00,U1085,barbara.walker67,WKSTN-U1085,,PROCESS_START,17.3,165
EP014275,2026-06-26 11:48:00,U1034,thomas.allen63,WKSTN-U1034,Chrome,PROCESS_START,18.9,165
EP040561,2026-06-26 11:45:00,U1098,nancy.wright49,WKSTN-U1098,chrome.exe,PROCESS_START,1.6,436
EP029857,2026-06-26 11:58:00,U1073,michael.gonzalez,WKSTN-U1073,explorer.exe,PROCESS_START,27.3,715
EP031056,2026-06-26 12:24:00,U1076,john.torres,WKSTN-U1076,chrome.exe,PROCESS_START,25.3,753
EP005508,2026-06-26 12:27:00,U1014,james.taylor,WKSTN-U1014,Chrome,PROCESS_START,,353
EP011798,2026-06-26 12:22:00,U1028,john.hill,WKSTN-U1028,teams.exe,PROCESS_START,34.6,414
EP017473,2026-06-26 12:14:00,U1042,michael.hill56,WKSTN-U1042,Outlook,PROCESS_START,24.8,532
EP034920,2026-06-26 12:16:00,U1085,barbara.walker67,WKSTN-U1085,Chrome,PROCESS_START,19.7,353
EP036722,2026-06-26 12:07:00,U1089,paul.brown27,WKSTN-U1089,teams.exe,PROCESS_START,22.3,884
EP024247,2026-06-26 12:25:00,U1059,daniel.perez98,WKSTN-U1059,teams.exe,PROCESS_START,31.0,423
EP012681,2026-06-26 12:09:00,U1030,betty.rodriguez86,WKSTN-U1030,chrome.exe,PROCESS_START,5.4,670
EP026660,2026-06-26 12:25:00,U1065,michael.ramirez47,WKSTN-U1065,Word,PROCESS_START,19.4,194
EP035799,2026-06-26 12:10:00,U1087,charles.sanchez,WKSTN-U1087,Slack,PROCESS_START,33.1,285
EP031055,2026-06-26 12:15:00,U1076,john.torres,WKSTN-U1076,chrome.exe,PROCESS_START,35.0,821
EP018651,2026-06-26 12:28:00,U1045,daniel.sanchez90,WKSTN-U1045,,PROCESS_START,31.6,517
EP021442,2026-06-26 12:16:00,U1052,paul.taylor,WKSTN-U1052,explorer.exe,PROCESS_START,9.5,453
EP003524,2026-06-26 12:29:00,U1009,daniel.brown,WKSTN-U1009,,PROCESS_START,9.4,851
EP025065,2026-06-26 12:11:00,U1061,jessica.rodriguez,WKSTN-U1061,Excel,PROCESS_START,14.1,570
EP002371,2026-06-26 12:08:00,U1006,george.gonzalez,WKSTN-U1006,QuickBooks,PROCESS_START,9.2,307
EP023050,2026-06-26 12:29:00,U1056,anthony.clark,WKSTN-U1056	,teams.exe,PROCESS_START,31.0,317
EP026239,2026-06-26 12:13:00,U1064,matthew.wright55,WKSTN-U1064	,notepad.exe,process_start,29.5,451
EP026238,2026-06-26 12:07:00,U1064,matthew.wright55,WKSTN-U1064,explorer.exe,PROCESS_START,12.4,506
EP021050,2026-06-26 12:07:00,U1051,sandra.king72,WKSTN-U1051,teams.exe,PROCESS_START,7.0,647
EP000340,2026-06-26 12:12:00,U1001,linda.johnson95,WKSTN-U1001,  EXPLORER.EXE ,PROCESS_START,1.4,622
EP028266,2026-06-26 12:12:00,U1069,jessica.clark,WKSTN-U1069,Outlook,PROCESS_START,34.6,495
EP015468,2026-06-26 12:15:00,U1037,robert.martin,WKSTN-U1037,notepad.exe,PROCESS_START,6.7,535
EP025856,2026-06-26 12:08:00,U1063,john.nguyen,WKSTN-U1063,NOTEPAD.EXE,PROCESS_START,12.8,523
EP010000,2026-06-26 12:12:00,U1024,emily.miller,WKSTN-U1024,Jenkins,process_start,,816
EP014679,2026-06-26 12:35:00,U1035,nancy.rodriguez82	,WKSTN-U1035,chrome.exe,,15.4,143
EP035364,2026-06-26 12:35:00,U1086,steven.thompson53,WKSTN-U1086,notepad.exe,,34.8,870
EP012679,2026-06-26 12:53:00,U1030,betty.rodriguez86,WKSTN-U1030,chrome.exe,PROCESS_START,24.0,802
EP034484,2026-06-26 12:48:00,U1084,joshua.taylor,WKSTN-U1084,Active Directory Console,PROCESS_START,18.5,153
EP039765,2026-06-26 12:32:00,U1096,david.allen76,WKSTN-U1096,chrome.exe,PROCESS_START,29.9,337
EP017857,2026-06-26 12:37:00,U1043,  thomas.williams91 ,WKSTN-U1043,Outlook,PROCESS_START,15.9,790
EP005922,2026-06-26 12:32:00,U1015,lisa.hernandez,WKSTN-U1015,explorer.exe,process_start,29.8,882
EP013491,2026-06-26 12:38:00,U1032,paul.wright91,WKSTN-U1032,notepad.exe,PROCESS_START,11.9,728
EP032268,2026-06-26 12:46:00,U1079,emily.jones,WKSTN-U1079,Chrome,PROCESS_START,8.6,802
EP013493,2026-06-26 12:49:00,U1032,paul.wright91,WKSTN-U1032,outlook.exe,PROCESS_START,9.8,437
EP025456,2026-06-26 12:47:00,U1062,WILLIAM.MARTIN,WKSTN-U1062,explorer.exe,PROCESS_START,3.4,324
EP038526,2026-06-26 12:53:00,U1093,sarah.clark44,WKSTN-U1093,Terminal,PROCESS_START,14.6,424
EP012237,2026-06-26 12:48:00,U1029,,WKSTN-U1029,teams.exe,PROCESS_START,,161
EP034916,2026-06-26 12:50:00,U1085,barbara.walker67,WKSTN-U1085,Chrome,PROCESS_START,31.8,251
EP008199,2026-06-26 12:35:00,U1020,andrew.thomas36,WKSTN-U1020,Git,PROCESS_START,14.9,492
EP017065,2026-06-26 12:46:00,U1041,matthew.allen52,WKSTN-U1041,Chrome,PROCESS_START,14.9,81
EP011365,2026-06-26 12:31:00,U1027,patricia.brown75,WKSTN-U1027,Chrome,PROCESS_START,30.1,731
EP028667,2026-06-26 12:41:00,U1070,betty.thomas40,WKSTN-U1070,Chrome,PROCESS_START,31.9,176
EP024637,2026-06-26 12:45:00,U1060,matthew.anderson,WKSTN-U1060,chrome.exe,PROCESS_START,15.2,211
EP018648,2026-06-26 12:37:00,U1045,daniel.sanchez90,WKSTN-U1045,outlook.exe,PROCESS_START,29.4,469
EP005106,2026-06-26 12:38:00,U1013,  emily.smith ,WKSTN-U1013,outlook.exe,PROCESS_START,N/A,544
EP006842,2026-06-26 12:53:00,U1017,emily.hernandez34	,WKSTN-U1017,Slack,,8.9,630
EP013085,2026-06-26 12:50:00,U1031,john.wright28,WKSTN-U1031,chrome.exe,PROCESS_START,12.5,799
EP010889,2026-06-26 12:32:00,U1026,elizabeth.gonzalez,WKSTN-U1026,Chrome,PROCESS_START,23.8,266
EP019080,2026-06-26 12:53:00,U1046,michelle.torres39,WKSTN-U1046,Workday,PROCESS_START,31.6,90
EP016257,2026-06-26 12:57:00,U1039,MARK.THOMAS,WKSTN-U1039,chrome.exe,PROCESS_START,11.8,368
EP000767,2026-06-26 13:25:00,U1002,donna.ramirez,WKSTN-U1002,notepad.exe,PROCESS_START,26.7,639
EP034486,2026-06-26 13:05:00,U1084,joshua.taylor,WKSTN-U1084,teams.exe	,PROCESS_START,24.7,767
EP023054,2026-06-26 12:55:00,U1056,anthony.clark,WKSTN-U1056,Outlook,PROCESS_START,9.9,207
EP010890,2026-06-26 13:20:00,U1026,elizabeth.gonzalez,WKSTN-U1026,Slack,PROCESS_START,16.7,436
EP010891,2026-06-26 13:02:00,U1026,elizabeth.gonzalez,WKSTN-U1026,Jenkins,PROCESS_START,8.6,818
EP001181,2026-06-26 13:19:00,U1003,kenneth.clark29,WKSTN-U1003,SAP,PROCESS_START,28.2,592
EP008650,2026-06-26 12:54:00,U1021,jessica.walker,WKSTN-U1021,outlook.exe,PROCESS_START,5.0,441
EP030674,2026-06-26 12:56:00,U1075,steven.lewis,WKSTN-U1075,chrome,PROCESS_START,14.7,477
EP003118,2026-06-26 12:55:00,U1008,joshua.hernandez,WKSTN-U1008,Chrome,PROCESS_START,4.8,557
EP032707,2026-06-26 13:02:00,U1080,joseph.jackson91,WKSTN-U1080,Wireshark,PROCESS_START,31.5,626
EP009998,2026-06-26 13:14:00,U1024,emily.miller	,WKSTN-U1024,Chrome,PROCESS_START,24.7,177
EP035796,2026-06-26 13:03:00,U1087,charles.sanchez,WKSTN-U1087,teams.exe,PROCESS_START,31.5,541
EP034019,2026-06-26 13:08:00,U1083,sarah.allen70,,Wireshark,PROCESS_START,28.3,471
EP029485,2026-06-26 13:16:00,U1072,kenneth.lopez,WKSTN-U1072,Word,PROCESS_START,3.3,290
EP009111,2026-06-26 13:07:00,U1022,sandra.brown,WKSTN-U1022,Slack,PROCESS_START,27.1,677
EP032266,2026-06-26 13:07:00,U1079,emily.jones,WKSTN-U1079,Active Directory Console,PROCESS_START,14.6,209
EP009549,2026-06-26 13:21:00,U1023,richard.wright,WKSTN-U1023,Slack,PROCESS_START,9.7,303
EP003119,2026-06-26 13:18:00,U1008,joshua.hernandez,WKSTN-U1008,teams.exe,PROCESS_START,6.7,806
EP038082,2026-06-26 13:07:00,U1092,steven.thomas,WKSTN-U1092,PuTTY,PROCESS_START,16.0,880
EP029858,2026-06-26 13:25:00,U1073,  michael.gonzalez ,WKSTN-U1073,explorer.exe,PROCESS_START,11.0,395
EP041318,2026-06-26 13:10:00,U1100,daniel.brown38,WKSTN-U1100,outlook.exe,PROCESS_START,32.0,866
EP032270,2026-06-26 13:16:00,U1079,emily.jones,WKSTN-U1079,chrome.exe,,5.5,339
EP029075,2026-06-26 13:13:00,U1071,matthew.robinson35,WKSTN-U1071,Chrome,PROCESS_START,1.9,159
EP000339,2026-06-26 13:07:00,U1001,linda.johnson95,WKSTN-U1001,chrome.exe,PROCESS_START,1.5,624
EP040559,2026-06-26 13:44:00,U1098,nancy.wright49,WKSTN-U1098,outlook.exe,PROCESS_START,34.4,356
EP024246,2026-06-26 13:34:00,U1059,daniel.perez98,WKSTN-U1059,Excel,PROCESS_START,26.2,258
EP025458,2026-06-26 13:26:00,U1062,william.martin,WKSTN-U1062,Outlook,PROCESS_START,23.4,543
EP034488,2026-06-26 13:30:00,U1084,joshua.taylor,WKSTN-U1084,Wireshark,PROCESS_START,N/A,376
EP012236,2026-06-26 13:57:00,U1029,michelle.garcia54,WKSTN-U1029,explorer.exe,PROCESS_START,30.4,661
EP033144,2026-06-26 13:42:00,U1081,margaret.davis,WKSTN-U1081,Slack,PROCESS_START,8.3,594
EP007759,2026-06-26 13:26:00,U1019,donna.anderson,WKSTN-U1019,chrome.exe,PROCESS_START,19.2,477
EP002369,2026-06-26 13:57:00,U1006,GEORGE.GONZALEZ,WKSTN-U1006,explorer.exe,PROCESS_START,1.9,831
EP000768,2026-06-26 13:43:00,U1002,donna.ramirez,WKSTN-U1002,teams.exe,PROCESS_START,7.7,822
EP020243,2026-06-26 13:53:00,U1049,,WKSTN-U1049,teams.exe,PROCESS_START,2.4,135
EP013083,2026-06-26 13:47:00,U1031,john.wright28,WKSTN-U1031,Excel,PROCESS_START,20.3,533
EP007299,2026-06-26 13:53:00,U1018,betty.white57,WKSTN-U1018,outlook.exe,PROCESS_START,16.2,362
EP013492,2026-06-26 13:47:00,U1032,paul.wright91,WKSTN-U1032,outlook.exe,PROCESS_START,13.7,707
EP021828,2026-06-26 13:51:00,U1053,john.jackson31,WKSTN-U1053,chrome.exe,PROCESS_START,26.5,127
EP013086,2026-06-26 13:49:00,U1031,john.wright28,WKSTN-U1031	,Outlook,PROCESS_START,15.4,639
EP030281,2026-06-26 13:39:00,U1074,sarah.williams7,WKSTN-U1074,Chrome,PROCESS_START,32.9,
EP031444,2026-06-26 13:35:00,U1077,kimberly.harris58,WKSTN-U1077,chrome.exe,PROCESS_START,24.5,108
EP010002,2026-06-26 13:42:00,U1024,emily.miller,WKSTN-U1024,Jenkins,PROCESS_START,34.4,410
EP001963,2026-06-26 13:27:00,U1005,robert.robinson,WKSTN-U1005,teams.exe,PROCESS_START,25.0,93
EP031052,2026-06-26 13:52:00,U1076,john.torres,  WKSTN-U1076 ,chrome.exe,,32.8,235
EP000341,2026-06-26 13:39:00,U1001,linda.johnson95,WKSTN-U1001,Chrome,PROCESS_START,19.2,373
EP027826,2026-06-26 13:35:00,U1068,SUSAN.THOMPSON34,WKSTN-U1068,Word,PROCESS_START,21.3,490
EP034487,2026-06-26 13:26:00,U1084,joshua.taylor,WKSTN-U1084,teams.exe,PROCESS_START,10.0,144
EP017062,2026-06-26 13:38:00,U1041,,WKSTN-U1041	,Outlook	,PROCESS_START,8.5,723
EP036282,2026-06-26 13:28:00,U1088,ANDREW.SMITH85,WKSTN-U1088,Slack,PROCESS_START,34.0,645
EP011800,2026-06-26 14:22:00,U1028,john.hill,WKSTN-U1028,Git,PROCESS_START,32.4,351
EP023435,2026-06-26 14:34:00,U1057,nancy.sanchez,,outlook.exe,PROCESS_START,17.4,631
EP020244,2026-06-26 14:18:00,U1049,michelle.jones59,WKSTN-U1049,Zoom,PROCESS_START,6.5,233
EP015875,2026-06-26 14:24:00,U1038,emily.clark,WKSTN-U1038,Outlook,PROCESS_START,10.7,281
EP038954,2026-06-26 14:26:00,U1094,elizabeth.lewis69,WKSTN-U1094,outlook.exe,PROCESS_START,13.7,608
EP029076,2026-06-26 14:39:00,U1071,matthew.robinson35	,WKSTN-U1071,teams.exe,PROCESS_START,14.1,875
EP030282,2026-06-26 14:17:00,U1074,sarah.williams7,WKSTN-U1074,Chrome,PROCESS_START,5.1,777
EP018650,2026-06-26 14:37:00,U1045,daniel.sanchez90,WKSTN-U1045,chrome.exe,PROCESS_START,14.9,333
EP013886,2026-06-26 14:11:00,U1033,linda.miller,WKSTN-U1033,explorer.exe,PROCESS_START,18.8,891
EP031057,2026-06-26 14:19:00,U1076,john.torres,WKSTN-U1076,Word,PROCESS_START,10.7,297
EP039352,2026-06-26 14:24:00,U1095,richard.thomas74,WKSTN-U1095,  EXPLORER.EXE ,PROCESS_START,20.8,264
EP040172,2026-06-26 14:24:00,U1097,mark.martinez10,WKSTN-U1097,explorer.exe,PROCESS_START,8.6,822
EP007760,2026-06-26 14:13:00,U1019,donna.anderson,,Jenkins,PROCESS_START,6.1,282
EP021443,2026-06-26 14:14:00,U1052,  paul.taylor ,WKSTN-U1052,Excel,PROCESS_START,28.6,148
EP017859,2026-06-26 14:00:00,U1043,thomas.williams91,WKSTN-U1043,teams.exe,,34.2,181
EP003897,2026-06-26 14:30:00,U1010,susan.young51,WKSTN-U1010,explorer.exe,PROCESS_START,10.9,726
EP008647,2026-06-26 14:26:00,U1021,jessica.walker,,Jenkins,PROCESS_START,31.9,446
EP032267,2026-06-26 14:20:00,U1079,emily.jones,WKSTN-U1079,chrome.exe,PROCESS_START,33.7,685
EP040175,2026-06-26 14:31:00,U1097,mark.martinez10,WKSTN-U1097,explorer.exe,PROCESS_START,29.5,144
EP014276,2026-06-26 14:05:00,U1034,thomas.allen63,WKSTN-U1034,chrome.exe,PROCESS_START,9.0,584
EP023834,2026-06-26 14:20:00,U1058,jennifer.ramirez18,WKSTN-U1058,Chrome,PROCESS_START,27.5,583
EP016255,2026-06-26 14:02:00,U1039,mark.thomas,WKSTN-U1039,teams.exe,PROCESS_START,19.7,359
EP033146,2026-06-26 14:28:00,U1081,margaret.davis,WKSTN-U1081,Slack,PROCESS_START,28.7,553
EP005923,2026-06-26 14:35:00,U1015,LISA.HERNANDEZ,WKSTN-U1015,Excel,PROCESS_START,18.4,217
EP010892,2026-06-26 14:30:00,U1026,elizabeth.gonzalez,WKSTN-U1026,Git,PROCESS_START,15.4,777
EP017066,2026-06-26 14:44:00,U1041,matthew.allen52,WKSTN-U1041,chrome.exe,PROCESS_START,10.3,180
EP008200,2026-06-26 15:08:00,U1020,andrew.thomas36,WKSTN-U1020,teams.exe,PROCESS_START,19.0,191
EP000766,2026-06-26 14:45:00,U1002,donna.ramirez,WKSTN-U1002,chrome.exe,PROCESS_START,29.2,728
EP017470,2026-06-26 14:51:00,U1042,michael.hill56,WKSTN-U1042,teams.exe,PROCESS_START,,156
EP025855,2026-06-26 14:43:00,U1063,john.nguyen,WKSTN-U1063,teams.exe,PROCESS_START,2.8,765
EP030672,2026-06-26 15:07:00,U1075,steven.lewis,WKSTN-U1075,notepad.exe,,7.3,529
EP029486,2026-06-26 15:08:00,U1072,kenneth.lopez,WKSTN-U1072,explorer.exe,PROCESS_START,7.4,349
EP015470,2026-06-26 14:45:00,U1037,robert.martin,WKSTN-U1037,Chrome,PROCESS_START,16.6,324
EP029482,2026-06-26 15:05:00,U1072,kenneth.lopez,WKSTN-U1072,Chrome,PROCESS_START,27.2,663
EP034018,2026-06-26 15:08:00,U1083,sarah.allen70,WKSTN-U1083,Wireshark,PROCESS_START,5.5,838
EP008648,2026-06-26 14:40:00,U1021,JESSICA.WALKER,WKSTN-U1021,notepad.exe,PROCESS_START,13.0,83
EP035361,2026-06-26 14:44:00,U1086,steven.thompson53,WKSTN-U1086,  outlook.exe ,PROCESS_START,17.9,216
EP037187,2026-06-26 15:00:00,U1090,mary.hill,WKSTN-U1090,Wireshark,PROCESS_START,13.1,743
EP018649,2026-06-26 15:02:00,U1045,daniel.sanchez90,WKSTN-U1045,Excel,PROCESS_START,8.9,803
EP016672,2026-06-26 14:46:00,U1040,matthew.martin,WKSTN-U1040,Excel,PROCESS_START,10.1,843
EP003523,2026-06-26 15:00:00,U1009,daniel.brown,WKSTN-U1009,Excel,,17.2,154
EP034485,2026-06-26 14:44:00,U1084,joshua.taylor,WKSTN-U1084	,Active Directory Console,PROCESS_START,20.5,759
EP027455,2026-06-26 14:53:00,U1067,paul.thomas97,WKSTN-U1067,notepad.exe,PROCESS_START,3.4,852
EP009999,2026-06-26 15:05:00,U1024,emily.miller,WKSTN-U1024,Chrome,PROCESS_START,,543
EP023437,2026-06-26 14:57:00,U1057,nancy.sanchez,WKSTN-U1057,outlook.exe,PROCESS_START,34.8,
EP027823,2026-06-26 14:50:00,U1068,susan.thompson34,WKSTN-U1068,Chrome,PROCESS_START,24.3,331
EP035362,2026-06-26 14:44:00,U1086,steven.thompson53,WKSTN-U1086,Chrome,PROCESS_START,21.2,828
EP027827,2026-06-26 15:04:00,U1068,susan.thompson34,WKSTN-U1068,explorer.exe,PROCESS_START,24.0,389
EP021829,2026-06-26 14:51:00,U1053,john.jackson31,WKSTN-U1053,chrome,PROCESS_START,8.7,701
EP004684,2026-06-26 15:07:00,U1012,linda.martinez,WKSTN-U1012,,PROCESS_START,8.7,710
EP027825,2026-06-26 15:33:00,U1068,,WKSTN-U1068,  Chrome ,PROCESS_START,21.4,769
EP011364,2026-06-26 15:13:00,U1027,patricia.brown75,WKSTN-U1027,Git,PROCESS_START,6.1,518
EP014272,2026-06-26 15:09:00,U1034,thomas.allen63,WKSTN-U1034,Excel,,7.0,826
EP006840,2026-06-26 15:28:00,U1017,emily.hernandez34,WKSTN-U1017,Chrome,PROCESS_START,8.2,689
EP019482,2026-06-26 15:19:00,U1047,sandra.lewis,,Zoom,PROCESS_START,34.8,344
EP024639,2026-06-26 15:18:00,U1060,MATTHEW.ANDERSON,WKSTN-U1060,Zoom,PROCESS_START,3.0,848
EP007761,2026-06-26 15:21:00,U1019,donna.anderson,WKSTN-U1019,chrome.exe,PROCESS_START,11.9,93
EP009550,2026-06-26 15:31:00,U1023,richard.wright,WKSTN-U1023,chrome.exe,PROCESS_START,31.9,572
EP015469,2026-06-26 15:18:00,U1037,robert.martin,WKSTN-U1037,explorer.exe,PROCESS_START,34.9,269
EP037624,2026-06-26 15:17:00,U1091,linda.robinson,WKSTN-U1091,  teams.exe ,PROCESS_START,22.1,119
EP033143,2026-06-26 15:10:00,U1081,margaret.davis,WKSTN-U1081,Terminal,PROCESS_START,6.5,782
EP039767,2026-06-26 15:24:00,U1096,david.allen76,WKSTN-U1096,explorer.exe,PROCESS_START,10.8,409
EP024641,2026-06-26 15:09:00,U1060,matthew.anderson,WKSTN-U1060,EXCEL,PROCESS_START,2.9,92
EP028263,2026-06-26 15:31:00,U1069,jessica.clark,WKSTN-U1069	,explorer.exe,PROCESS_START,27.6,198
EP040174,2026-06-26 15:10:00,U1097,mark.martinez10,WKSTN-U1097,Excel,PROCESS_START,8.2,508
EP008201,2026-06-26 15:13:00,U1020,andrew.thomas36,WKSTN-U1020,VSCode,PROCESS_START,29.2,273
EP014675,2026-06-26 15:20:00,U1035,nancy.rodriguez82,WKSTN-U1035	,chrome.exe,PROCESS_START,33.8,262
EP001183,2026-06-26 15:15:00,U1003,kenneth.clark29,WKSTN-U1003,outlook.exe,PROCESS_START,11.6,415
EP039353,2026-06-26 15:10:00,U1095,richard.thomas74,WKSTN-U1095,Outlook,PROCESS_START,32.1,97
EP022657,2026-06-26 15:30:00,U1055,patricia.wilson54,WKSTN-U1055,Zoom,process_start,5.3,354
EP013494,2026-06-26 15:15:00,U1032,paul.wright91,WKSTN-U1032,notepad.exe,PROCESS_START,32.3,727
EP004271,2026-06-26 15:12:00,U1011,donna.ramirez75,WKSTN-U1011,SAP,PROCESS_START,25.9,630
EP025067,2026-06-26 15:11:00,U1061,jessica.rodriguez,WKSTN-U1061,Chrome,PROCESS_START,1.4,895
EP017858,2026-06-26 15:18:00,U1043,  THOMAS.WILLIAMS91 ,WKSTN-U1043,Workday,PROCESS_START,15.4,765
EP004274,2026-06-26 15:16:00,U1011,donna.ramirez75,WKSTN-U1011,outlook.exe,PROCESS_START,32.6,346
EP006839,2026-06-26 16:02:00,U1017,emily.hernandez34,WKSTN-U1017,notepad.exe,PROCESS_START,8.3,391
EP029073,2026-06-26 15:45:00,U1071,matthew.robinson35,WKSTN-U1071,explorer.exe,PROCESS_START,23.1,287
EP031445,2026-06-26 15:55:00,U1077,kimberly.harris58,WKSTN-U1077,teams.exe,PROCESS_START,3.3,803
EP039768,2026-06-26 15:47:00,U1096,david.allen76,WKSTN-U1096,Excel,PROCESS_START,30.7,630
EP008649,2026-06-26 15:45:00,U1021,jessica.walker,WKSTN-U1021,Slack,PROCESS_START,2.0,691
EP019480,2026-06-26 15:58:00,U1047,sandra.lewis,WKSTN-U1047,EXPLORER.EXE,PROCESS_START,15.9,238
EP008198,2026-06-26 15:44:00,U1020,andrew.thomas36,WKSTN-U1020,outlook.exe,PROCESS_START,23.0,449
EP025455,2026-06-26 16:09:00,U1062,william.martin,WKSTN-U1062,notepad.exe,PROCESS_START,18.7,190
EP020245,2026-06-26 15:37:00,U1049,michelle.jones59,WKSTN-U1049,explorer.exe,,26.0,503
EP004687,2026-06-26 15:33:00,U1012,linda.martinez,,Outlook,PROCESS_START,27.6,310
EP005503,2026-06-26 15:34:00,U1014,james.taylor,WKSTN-U1014,Excel,PROCESS_START,17.1,428
EP038527,2026-06-26 16:06:00,U1093,sarah.clark44,WKSTN-U1093,explorer.exe,PROCESS_START,21.6,719
EP001180,2026-06-26 15:38:00,U1003,KENNETH.CLARK29,WKSTN-U1003,Outlook,PROCESS_START,32.1,534
EP029484,2026-06-26 15:44:00,U1072,kenneth.lopez,WKSTN-U1072,Outlook,PROCESS_START,23400.0,249
EP033145,2026-06-26 15:36:00,U1081,margaret.davis,WKSTN-U1081,  outlook.exe ,PROCESS_START,29.8,616
EP009548,2026-06-26 15:50:00,U1023,richard.wright,WKSTN-U1023,Jenkins,PROCESS_START,32.9,396
EP015876,2026-06-26 15:37:00,U1038,emily.clark,WKSTN-U1038,Workday,PROCESS_START,14.8,386
EP028267,2026-06-26 15:55:00,U1069,jessica.clark,WKSTN-U1069,teams.exe,PROCESS_START,27.2,409
EP022268,2026-06-26 15:48:00,U1054,anthony.martinez,WKSTN-U1054,Excel,PROCESS_START,25.8,523
EP032708,2026-06-26 15:44:00,U1080,joseph.jackson91,WKSTN-U1080,,PROCESS_START,8.3,831
EP030671,2026-06-26 15:41:00,U1075,STEVEN.LEWIS,WKSTN-U1075,outlook.exe,PROCESS_START,19.8,666
EP003120,2026-06-26 15:34:00,U1008,joshua.hernandez,WKSTN-U1008,chrome.exe,PROCESS_START,26.8,310
EP038084,2026-06-26 15:47:00,U1092,steven.thomas,WKSTN-U1092,teams.exe,PROCESS_START,29.7,257
EP011366,2026-06-26 16:03:00,U1027,patricia.brown75,WKSTN-U1027,VSCode,process_start,20.9,524
EP000764,2026-06-26 15:39:00,U1002,donna.ramirez,WKSTN-U1002,outlook.exe,PROCESS_START,2.8,841
EP001573,2026-06-26 16:23:00,U1004,elizabeth.wilson98,WKSTN-U1004,teams.exe,PROCESS_START,24.3,891
EP020656,2026-06-26 16:41:00,U1050,michael.ramirez,WKSTN-U1050,Excel,PROCESS_START,15.6,511
EP040558,2026-06-26 16:16:00,U1098,,WKSTN-U1098,teams.exe,PROCESS_START,2.9,372
EP025852,2026-06-26 16:28:00,U1063,john.nguyen,WKSTN-U1063,chrome.exe,PROCESS_START,1.8,484
EP015050,2026-06-26 16:42:00,U1036,linda.jones	,WKSTN-U1036,explorer.exe,PROCESS_START,23.3,670
EP038080,2026-06-26 16:25:00,U1092,steven.thomas,WKSTN-U1092,chrome.exe,PROCESS_START,24.4,344
EP034021,2026-06-26 16:40:00,U1083,sarah.allen70,WKSTN-U1083,Terminal,PROCESS_START,10.3,707
EP034917,2026-06-26 16:11:00,U1085,barbara.walker67,WKSTN-U1085	,notepad.exe,PROCESS_START,7.3,583
EP013885,2026-06-26 16:35:00,U1033,linda.miller,WKSTN-U1033,NOTEPAD.EXE,PROCESS_START,29.7,600
EP016671,2026-06-26 16:19:00,U1040,matthew.martin,WKSTN-U1040,Excel,PROCESS_START,22.0,683
EP035365,2026-06-26 16:21:00,U1086,steven.thompson53,WKSTN-U1086,chrome.exe,PROCESS_START,26.2,586
EP039764,2026-06-26 16:23:00,U1096,david.allen76,WKSTN-U1096,PowerPoint,PROCESS_START,34.6,198
EP019485,2026-06-26 16:31:00,U1047,sandra.lewis,WKSTN-U1047,chrome.exe,PROCESS_START,31.3,423
EP030670,2026-06-26 16:24:00,U1075,steven.lewis,WKSTN-U1075,DocuSign,PROCESS_START,10.5,288
EP012678,2026-06-26 16:32:00,U1030,betty.rodriguez86,WKSTN-U1030,Docker Desktop,PROCESS_START,18.2,716
EP013888,2026-06-26 16:27:00,U1033,linda.miller,WKSTN-U1033,teams.exe,PROCESS_START,15.6,783
EP031441,2026-06-26 16:38:00,U1077,kimberly.harris58,WKSTN-U1077,chrome.exe,PROCESS_START,33.9,500
EP015878,2026-06-26 16:21:00,U1038,emily.clark,WKSTN-U1038,teams.exe,PROCESS_START,20.6,376
EP021049,2026-06-26 16:14:00,U1051,sandra.king72,WKSTN-U1051,Outlook,PROCESS_START,26.5,709
EP022660,2026-06-26 16:26:00,U1055,patricia.wilson54,WKSTN-U1055,Zoom,PROCESS_START,19.5,317
EP022267,2026-06-26 16:27:00,U1054,anthony.martinez,WKSTN-U1054,Outlook,PROCESS_START,1.9,837
EP029483,2026-06-26 16:27:00,U1072,kenneth.lopez,WKSTN-U1072,explorer.exe,PROCESS_START,22.4,545
EP015052,2026-06-26 16:30:00,U1036,linda.jones,WKSTN-U1036,chrome.exe,PROCESS_START,17.7,547
EP019078,2026-06-26 16:20:00,U1046,michelle.torres39,WKSTN-U1046,Workday,PROCESS_START,1.7,292
EP001576,2026-06-26 16:13:00,U1004,elizabeth.wilson98,WKSTN-U1004,notepad.exe,PROCESS_START,28.2,283
EP021052,2026-06-26 17:06:00,U1051,sandra.king72,WKSTN-U1051,Chrome,PROCESS_START,7.1,420
EP023838,2026-06-26 16:57:00,U1058,jennifer.ramirez18,WKSTN-U1058,Salesforce,PROCESS_START,18.9,499
EP033557,2026-06-26 17:15:00,U1082,karen.hill96,WKSTN-U1082,teams.exe,PROCESS_START,26.9,628
EP021051,2026-06-26 17:29:00,U1051,sandra.king72,WKSTN-U1051,Chrome,PROCESS_START,31.2,833
EP015069,2026-06-27 12:01:00,U1036,linda.jones,WKSTN-U1036,notepad.exe,PROCESS_START,31.1,273
EP005121,2026-06-27 14:44:00,U1013,  EMILY.SMITH ,WKSTN-U1013,notepad.exe,PROCESS_START,16.3,217
EP005122,2026-06-27 09:13:00,U1013,emily.smith,WKSTN-U1013,Chrome,PROCESS_START,26.8,147
EP038083,2026-06-26 17:26:00,U1092,steven.thomas,WKSTN-U1092,Wireshark,PROCESS_START,11.0,137
EP001574,2026-06-26 17:10:00,U1004,elizabeth.wilson98,WKSTN-U1004,notepad.exe,PROCESS_START,16.4,832
EP026683,2026-06-27 14:00:00,U1065,michael.ramirez47,WKSTN-U1065,notepad.exe,PROCESS_START,8.0,884
EP026679,2026-06-27 16:34:00,U1065,michael.ramirez47,WKSTN-U1065,Outlook,PROCESS_START,13.4,253
EP026680,2026-06-27 12:29:00,U1065,michael.ramirez47,WKSTN-U1065,explorer.exe,PROCESS_START,6.4,759
EP026682,2026-06-27 12:06:00,U1065,michael.ramirez47,WKSTN-U1065,Word,PROCESS_START,26.0,293
EP038079,2026-06-26 16:45:00,U1092,steven.thomas,WKSTN-U1092,Slack,PROCESS_START,29.2,713
EP027062,2026-06-26 17:30:00,U1066,michelle.wright62,WKSTN-U1066,teams.exe,PROCESS_START,3.8,262
EP026237,2026-06-26 17:55:00,U1064,matthew.wright55,WKSTN-U1064,notepad.exe,PROCESS_START,4.0,147
EP014674,2026-06-26 17:22:00,U1035,nancy.rodriguez82,WKSTN-U1035,excel,PROCESS_START,22.5,878
EP036280,2026-06-26 17:30:00,U1088,andrew.smith85,WKSTN-U1088,WIRESHARK,PROCESS_START,15.9,224
EP015068,2026-06-27 09:40:00,U1036,linda.jones,WKSTN-U1036,outlook.exe,PROCESS_START,20.3,178
EP015067,2026-06-27 10:59:00,U1036,linda.jones,WKSTN-U1036,notepad.exe,PROCESS_START,24.8,175
EP005109,2026-06-26 16:42:00,U1013,,WKSTN-U1013,outlook.exe,PROCESS_START,33.6,202
EP026681,2026-06-27 14:37:00,U1065,,WKSTN-U1065,Outlook	,PROCESS_START,24.5,525
EP015066,2026-06-27 07:23:00,U1036,linda.jones,WKSTN-U1036,outlook,PROCESS_START,23.0,392
EP005108,2026-06-26 17:24:00,U1013,emily.smith,WKSTN-U1013,Outlook,PROCESS_START,1.7,515
EP005123,2026-06-27 09:20:00,U1013,emily.smith,WKSTN-U1013,SAP,PROCESS_START,25.0,586
EP029874,2026-06-28 12:33:00,U1073,michael.gonzalez,WKSTN-U1073,chrome.exe,PROCESS_START,29.1,374
EP006859,2026-06-28 08:21:00,U1017,emily.hernandez34,WKSTN-U1017,Chrome,PROCESS_START,21.3,439
EP033578,2026-06-28 15:29:00,U1082,karen.hill96,WKSTN-U1082,PuTTY,PROCESS_START,6.1,668
EP021847,2026-06-28 13:19:00,U1053,john.jackson31,WKSTN-U1053,teams.exe,PROCESS_START,17.3,509
EP007319,2026-06-28 09:29:00,U1018,betty.white57,WKSTN-U1018,notepad.exe,PROCESS_START,N/A,698
EP006861,2026-06-28 14:06:00,U1017,emily.hernandez34,WKSTN-U1017,explorer.exe,,27.1,747
EP006860,2026-06-28 09:22:00,U1017,emily.hernandez34,WKSTN-U1017,Chrome	,PROCESS_START,4.0,404
EP029878,2026-06-28 10:45:00,U1073,michael.gonzalez,WKSTN-U1073,outlook.exe,PROCESS_START,1.1,217
EP033579,2026-06-28 08:58:00,U1082,karen.hill96,WKSTN-U1082,Wireshark,process_start,32.7,792
EP041334,2026-06-28 07:48:00,U1100,DANIEL.BROWN38,WKSTN-U1100,,PROCESS_START,5.8,365
EP021846,2026-06-28 12:14:00,U1053,john.jackson31,WKSTN-U1053	,chrome.exe,PROCESS_START,11.4,387
EP007320,2026-06-28 14:20:00,U1018,betty.white57	,WKSTN-U1018,explorer.exe,PROCESS_START,3.8,695
EP033577,2026-06-28 08:31:00,U1082,karen.hill96,WKSTN-U1082,PuTTY,PROCESS_START,17.8,520
EP029876,2026-06-28 13:02:00,U1073,michael.gonzalez,WKSTN-U1073,teams.exe,,7.6,868
EP026678,2026-06-27 17:18:00,U1065,MICHAEL.RAMIREZ47,WKSTN-U1065,chrome.exe,PROCESS_START,20.5,187
EP041335,2026-06-28 13:31:00,U1100,daniel.brown38,WKSTN-U1100,Outlook,PROCESS_START,28.2,158
EP005120,2026-06-27 16:47:00,U1013,emily.smith,WKSTN-U1013,  EXCEL ,PROCESS_START,21.8,821
EP029877,2026-06-28 08:58:00,U1073,michael.gonzalez,WKSTN-U1073,explorer.exe,PROCESS_START,11.0,305
EP021845,2026-06-28 11:43:00,U1053,john.jackson31,,notepad.exe,PROCESS_START,9.3,732
EP007321,2026-06-28 10:14:00,U1018,betty.white57,WKSTN-U1018,VSCode,PROCESS_START,31.7,557
EP029875,2026-06-28 09:44:00,U1073,michael.gonzalez,WKSTN-U1073,teams.exe,PROCESS_START,8.3,630
EP006863,2026-06-28 08:09:00,U1017,emily.hernandez34,WKSTN-U1017,VSCode,PROCESS_START,22.9,127
EP041339,2026-06-28 15:33:00,U1100,daniel.brown38,WKSTN-U1100,notepad.exe,PROCESS_START,8.2,230
EP041336,2026-06-28 08:47:00,U1100,daniel.brown38,WKSTN-U1100,outlook.exe,PROCESS_START,25.0,209
EP006862,2026-06-28 14:17:00,U1017,emily.hernandez34,WKSTN-U1017,Slack,PROCESS_START,3.0,682
EP011816,2026-06-29 08:06:00,U1028,JOHN.HILL,WKSTN-U1028,Chrome,PROCESS_START,29.0,411
EP021844,2026-06-28 17:01:00,U1053,john.jackson31,WKSTN-U1053,Chrome,PROCESS_START,14.6,439
EP039368,2026-06-29 07:51:00,U1095,richard.thomas74,WKSTN-U1095,PowerPoint,PROCESS_START,15.4,763
EP013100,2026-06-29 08:01:00,U1031,john.wright28	,WKSTN-U1031,Excel,PROCESS_START,5.7,467
EP004707,2026-06-29 07:48:00,U1012,linda.martinez,WKSTN-U1012,chrome.exe,PROCESS_START,23.7,314
EP035820,2026-06-29 07:51:00,U1087,charles.sanchez,WKSTN-U1087,chrome.exe,PROCESS_START,9.0,621
EP004705,2026-06-29 08:19:00,U1012,linda.martinez,WKSTN-U1012,Excel,PROCESS_START,19.1,358
EP012256,2026-06-29 08:04:00,U1029,michelle.garcia54,WKSTN-U1029,Docker Desktop,PROCESS_START,20.7,106
EP034939,2026-06-29 07:40:00,U1085,barbara.walker67,WKSTN-U1085,PuTTY,PROCESS_START,27.8,488
EP028688,2026-06-29 08:11:00,U1070,betty.thomas40,WKSTN-U1070,notepad.exe,PROCESS_START,11.9,509
EP034040,2026-06-29 08:06:00,U1083,sarah.allen70,WKSTN-U1083,Wireshark,PROCESS_START,21.6,528
EP041338,2026-06-28 15:56:00,U1100,daniel.brown38,WKSTN-U1100	,Chrome,PROCESS_START,28.5,823
EP015084,2026-06-29 07:55:00,U1036,linda.jones,WKSTN-U1036,Chrome,PROCESS_START,33.4,816
EP018668,2026-06-29 08:23:00,U1045,daniel.sanchez90,WKSTN-U1045,Outlook,PROCESS_START,3.5,675
EP014689,2026-06-29 08:03:00,U1035,nancy.rodriguez82,WKSTN-U1035,Excel,PROCESS_START,33.6,291
EP041337,2026-06-28 15:54:00,U1100,daniel.brown38,WKSTN-U1100,outlook.exe,PROCESS_START,6.9,460
EP001589,2026-06-29 08:03:00,U1004,elizabeth.wilson98,WKSTN-U1004,SAP	,PROCESS_START,16.9,411
EP026259,2026-06-29 07:44:00,U1064,matthew.wright55,WKSTN-U1064,explorer.exe,PROCESS_START,7.8,287
EP025875,2026-06-29 07:47:00,U1063,john.nguyen,WKSTN-U1063,chrome.exe,PROCESS_START,28.5,195
EP040952,2026-06-29 07:49:00,U1099,joseph.garcia,WKSTN-U1099,,process_start,14.5,656
EP011819,2026-06-29 07:37:00,U1028,john.hill,WKSTN-U1028,teams.exe,,4.3,485
EP040955,2026-06-29 07:09:00,U1099,joseph.garcia,WKSTN-U1099,Zoom,PROCESS_START,32.6,482
EP013905,2026-06-29 07:55:00,U1033,linda.miller,WKSTN-U1033,notepad.exe,PROCESS_START,13.2,647
EP028691,2026-06-29 08:14:00,U1070,betty.thomas40,WKSTN-U1070,Chrome	,PROCESS_START,1.3,619
EP026699,2026-06-29 08:13:00,U1065,michael.ramirez47,WKSTN-U1065,outlook.exe,PROCESS_START,13.7,753
EP017488,2026-06-29 08:39:00,U1042,michael.hill56,WKSTN-U1042,TEAMS.EXE,PROCESS_START,28.3,
EP019091,2026-06-29 08:29:00,U1046,michelle.torres39,WKSTN-U1046,Excel,,34.4,512
EP029092,2026-06-29 08:54:00,U1071,matthew.robinson35	,WKSTN-U1071,Word,PROCESS_START,29.2,410
EP002388,2026-06-29 09:08:00,U1006,george.gonzalez,WKSTN-U1006,Outlook,PROCESS_START,2.0,221
EP010020,2026-06-29 08:57:00,U1024,emily.miller,WKSTN-U1024,Docker Desktop,PROCESS_START,3.6,425
EP026700,2026-06-29 09:05:00,U1065,michael.ramirez47,WKSTN-U1065,Word,,17.4,637
EP034042,2026-06-29 08:53:00,U1083,sarah.allen70,,teams.exe,PROCESS_START,6.9,416
EP023452,2026-06-29 08:44:00,U1057,nancy.sanchez,WKSTN-U1057,Salesforce,PROCESS_START,16.1,111
EP022678,2026-06-29 08:28:00,U1055,patricia.wilson54,WKSTN-U1055,,PROCESS_START,33.3,574
EP018669,2026-06-29 08:27:00,U1045,daniel.sanchez90,,chrome.exe,PROCESS_START,17.8,578
EP025081,2026-06-29 09:02:00,U1061,jessica.rodriguez,WKSTN-U1061,Outlook,PROCESS_START,,149
EP018273,2026-06-29 08:46:00,U1044,lisa.ramirez9,WKSTN-U1044,,PROCESS_START,17.3,775
EP018667,2026-06-29 08:56:00,U1045,daniel.sanchez90,WKSTN-U1045,notepad.exe,PROCESS_START,28.8,260
EP036742,2026-06-29 08:45:00,U1089,paul.brown27,WKSTN-U1089,Wireshark,PROCESS_START,20.2,853
EP017486,2026-06-29 08:42:00,U1042,michael.hill56,WKSTN-U1042,Outlook,PROCESS_START,3.3,723
EP005144,2026-06-29 08:30:00,U1013,emily.smith,WKSTN-U1013,SAP,PROCESS_START,4.3,329
EP010907,2026-06-29 09:11:00,U1026,elizabeth.gonzalez,WKSTN-U1026,Git,PROCESS_START,8.7,194
EP024655,2026-06-29 08:37:00,U1060,matthew.anderson,WKSTN-U1060,Zoom,PROCESS_START,27.3,614
EP010464,2026-06-29 08:37:00,U1025,betty.brown22,WKSTN-U1025,,PROCESS_START,15.8,638
EP029499,2026-06-29 08:39:00,U1072,kenneth.lopez,WKSTN-U1072,teams.exe,PROCESS_START,22.3,271
EP020674,2026-06-29 08:58:00,U1050,michael.ramirez,WKSTN-U1050	,,PROCESS_START,13.4,265
EP028284,2026-06-29 09:00:00,U1069,jessica.clark,WKSTN-U1069,notepad.exe,PROCESS_START,19.9,587
EP029091,2026-06-29 08:52:00,U1071,,WKSTN-U1071,notepad.exe,PROCESS_START,10.7,320
EP033600,2026-06-29 08:58:00,U1082,karen.hill96,WKSTN-U1082,chrome.exe,PROCESS_START,4.1,349
EP031462,2026-06-29 09:00:00,U1077,kimberly.harris58,WKSTN-U1077,DocuSign,PROCESS_START,5.7,539
EP003912,2026-06-29 09:46:00,U1010,susan.young51,WKSTN-U1010,Excel,PROCESS_START,25.2,545
EP005943,2026-06-29 09:32:00,U1015,lisa.hernandez,WKSTN-U1015,QuickBooks	,PROCESS_START,32.8,743
EP015897,2026-06-29 09:32:00,U1038,emily.clark,WKSTN-U1038,teams.exe,PROCESS_START,34.3,453
EP005145,2026-06-29 09:24:00,U1013,emily.smith,,notepad.exe,PROCESS_START,33.5,656
EP004703,2026-06-29 09:33:00,U1012,linda.martinez,WKSTN-U1012,notepad.exe,PROCESS_START,23.3,
EP004702,2026-06-29 09:18:00,U1012,linda.martinez,WKSTN-U1012,teams.exe,PROCESS_START,34.8,425
EP031460,2026-06-29 09:36:00,U1077,kimberly.harris58,WKSTN-U1077,DocuSign,PROCESS_START,10.7,195
EP023072,2026-06-29 09:46:00,U1056,anthony.clark,WKSTN-U1056,Outlook,PROCESS_START,16.7,700
EP009572,2026-06-29 09:18:00,U1023,richard.wright,WKSTN-U1023,Jenkins,PROCESS_START,11.9,421
EP024653,2026-06-29 09:23:00,U1060,matthew.anderson,WKSTN-U1060,explorer.exe,PROCESS_START,17.9,720
EP035381,2026-06-29 09:14:00,U1086,steven.thompson53,WKSTN-U1086,teams.exe,PROCESS_START,26.5,427
EP013103,2026-06-29 09:30:00,U1031,john.wright28,WKSTN-U1031,outlook.exe,PROCESS_START,23.7,835
EP030303,2026-06-29 09:37:00,U1074,sarah.williams7,WKSTN-U1074,teams.exe,PROCESS_START,16.9,471
EP026701,2026-06-29 09:24:00,U1065,michael.ramirez47,WKSTN-U1065,Outlook,PROCESS_START,5.1,668
EP025082,2026-06-29 09:22:00,U1061,jessica.rodriguez,WKSTN-U1061,Zoom,PROCESS_START,7.9,733
EP022285,2026-06-29 09:36:00,U1054,anthony.martinez,WKSTN-U1054,Outlook,PROCESS_START,9.5,222
EP030688,2026-06-29 09:24:00,U1075,steven.lewis,WKSTN-U1075,Chrome,PROCESS_START,,731
EP018275,2026-06-29 09:34:00,U1044,lisa.ramirez9,WKSTN-U1044,Outlook,PROCESS_START,17.8,422
EP037207,2026-06-29 09:45:00,U1090,mary.hill,WKSTN-U1090,Active Directory Console,PROCESS_START,18.9,187
EP010019,2026-06-29 09:40:00,U1024,emily.miller,WKSTN-U1024,Chrome,PROCESS_START,27.2,542
EP029498,2026-06-29 09:36:00,U1072,kenneth.lopez,WKSTN-U1072,chrome.exe,,34.0,331
EP005522,2026-06-29 09:43:00,U1014,james.taylor,WKSTN-U1014,chrome.exe,PROCESS_START,18.2,615
EP001587,2026-06-29 09:20:00,U1004,elizabeth.wilson98,WKSTN-U1004,TEAMS.EXE,PROCESS_START,16.3,334
EP022680,2026-06-29 09:12:00,U1055,patricia.wilson54,WKSTN-U1055,notepad.exe,PROCESS_START,19.0,636
EP030687,2026-06-29 09:39:00,U1075,  steven.lewis ,WKSTN-U1075,teams.exe,PROCESS_START,5.4,616
EP034507,2026-06-29 09:51:00,U1084,joshua.taylor,WKSTN-U1084,  notepad.exe ,PROCESS_START,16.0,202
EP013906,2026-06-29 10:13:00,U1033,linda.miller,WKSTN-U1033,Workday,PROCESS_START,5.0,525
EP010461,2026-06-29 09:56:00,U1025,betty.brown22,WKSTN-U1025,Git,PROCESS_START,8.2,211
EP036301,2026-06-29 10:05:00,U1088,andrew.smith85,WKSTN-U1088,Active Directory Console,PROCESS_START,13.0,338
EP003135,2026-06-29 09:50:00,U1008,joshua.hernandez,WKSTN-U1008,Chrome,PROCESS_START,32.3,
EP030304,2026-06-29 10:05:00,U1074,sarah.williams7,,outlook.exe,PROCESS_START,20.7,892
EP021867,2026-06-29 10:04:00,U1053,john.jackson31,WKSTN-U1053,teams.exe,PROCESS_START,14.4,568
EP002774,2026-06-29 10:00:00,U1007,sarah.robinson82,WKSTN-U1007,QuickBooks,PROCESS_START,6.6,80
EP022284,2026-06-29 10:12:00,U1054,anthony.martinez,WKSTN-U1054,chrome.exe,PROCESS_START,8.2,521
EP030300,2026-06-29 10:16:00,U1074,sarah.williams7,WKSTN-U1074,notepad.exe,PROCESS_START,10.3,837
EP013104,2026-06-29 09:47:00,U1031,john.wright28,WKSTN-U1031,Chrome,PROCESS_START,31.2,337
EP019094,2026-06-29 09:52:00,U1046,michelle.torres39,WKSTN-U1046,outlook.exe,PROCESS_START,31.6,315
EP021865,2026-06-29 10:15:00,U1053,,WKSTN-U1053,explorer.exe,PROCESS_START,12.5,595
EP005523,2026-06-29 10:04:00,U1014,james.taylor,WKSTN-U1014,Chrome,PROCESS_START,8.2,132
EP014296,2026-06-29 09:51:00,U1034,thomas.allen63,WKSTN-U1034,notepad.exe,PROCESS_START,17.1,81
EP018670,2026-06-29 10:12:00,U1045,daniel.sanchez90,WKSTN-U1045,chrome.exe,PROCESS_START,19.5,259
EP006883,2026-06-29 09:50:00,U1017,emily.hernandez34,WKSTN-U1017,Chrome,PROCESS_START,,830
EP027466,2026-06-29 10:15:00,U1067,paul.thomas97,WKSTN-U1067,chrome.exe,PROCESS_START,17.9,869
EP008221,2026-06-29 10:16:00,U1020,andrew.thomas36,WKSTN-U1020,Jenkins,PROCESS_START,33.4,460
EP013510,2026-06-29 10:11:00,U1032,paul.wright91	,WKSTN-U1032,Chrome,PROCESS_START,13.8,306
EP002389,2026-06-29 10:02:00,U1006,george.gonzalez,WKSTN-U1006,Excel,PROCESS_START,25.7,209
EP013101,2026-06-29 09:50:00,U1031,john.wright28,WKSTN-U1031,notepad.exe,PROCESS_START,20.5,667
EP040192,2026-06-29 10:12:00,U1097,mark.martinez10,WKSTN-U1097,outlook.exe	,PROCESS_START,,366
EP004704,2026-06-29 09:49:00,U1012,linda.martinez,WKSTN-U1012,chrome.exe,PROCESS_START,30.4,330
EP023071,2026-06-29 10:10:00,U1056,anthony.clark,WKSTN-U1056,Chrome,PROCESS_START,28.5,766
EP018274,2026-06-29 10:19:00,U1044,lisa.ramirez9,WKSTN-U1044,teams.exe,PROCESS_START,11.9,711
EP033601,2026-06-29 10:22:00,U1082,karen.hill96,WKSTN-U1082,explorer.exe,PROCESS_START,9.2,897
EP026702,2026-06-29 10:24:00,U1065,michael.ramirez47,WKSTN-U1065,Word,PROCESS_START,9.4,453
EP014692,2026-06-29 10:18:00,U1035,nancy.rodriguez82,,chrome.exe,PROCESS_START,14.8,104
EP029892,2026-06-29 10:22:00,U1073,michael.gonzalez,WKSTN-U1073,DocuSign,PROCESS_START,6.5,709
EP002772,2026-06-29 10:32:00,U1007,sarah.robinson82,WKSTN-U1007	,QuickBooks,PROCESS_START,1.1,317
EP006377,2026-06-29 10:51:00,U1016,patricia.thomas,WKSTN-U1016,outlook.exe,PROCESS_START,23.3,868
EP015085,2026-06-29 10:29:00,U1036,linda.jones	,WKSTN-U1036,chrome.exe,PROCESS_START,24.8,689
EP034506,2026-06-29 10:34:00,U1084,joshua.taylor,WKSTN-U1084,Chrome,PROCESS_START,20.6,580
EP004287,2026-06-29 10:27:00,U1011,donna.ramirez75,WKSTN-U1011	,,PROCESS_START,15.5,586
EP026256,2026-06-29 10:37:00,U1064,matthew.wright55,WKSTN-U1064,,PROCESS_START,23.5,581
EP023850,2026-06-29 10:36:00,U1058,jennifer.ramirez18,WKSTN-U1058,explorer.exe,PROCESS_START,26.7,576
EP014299,2026-06-29 10:25:00,U1034,thomas.allen63,WKSTN-U1034	,notepad.exe,PROCESS_START,29.5,256
EP009127,2026-06-29 10:48:00,U1022,sandra.brown,WKSTN-U1022,Jenkins,PROCESS_START,11.0,188
EP015488,2026-06-29 10:28:00,U1037,robert.martin,WKSTN-U1037,explorer.exe,PROCESS_START,18.3,828
EP009573,2026-06-29 10:51:00,U1023,richard.wright,WKSTN-U1023,chrome.exe,PROCESS_START,14.5,342
EP014688,2026-06-29 10:48:00,U1035,nancy.rodriguez82,WKSTN-U1035,explorer.exe,PROCESS_START,13.4,415
EP007778,2026-06-29 10:20:00,U1019,donna.anderson,WKSTN-U1019,Git,PROCESS_START,27.0,190
EP031463,2026-06-29 10:24:00,U1077,kimberly.harris58,WKSTN-U1077,teams.exe,PROCESS_START,22.4,713
EP016688,2026-06-29 10:32:00,U1040,matthew.martin,WKSTN-U1040,notepad.exe,PROCESS_START,4.8,820
EP025872,2026-06-29 10:33:00,U1063,,WKSTN-U1063,chrome.exe,PROCESS_START,3.7,697
EP028285,2026-06-29 10:30:00,U1069,jessica.clark,WKSTN-U1069,outlook.exe,PROCESS_START,23.5,524
EP002773,2026-06-29 10:35:00,U1007,sarah.robinson82,WKSTN-U1007,Excel,PROCESS_START,32.6,709
EP001588,2026-06-29 10:29:00,U1004,elizabeth.wilson98,WKSTN-U1004,teams.exe,PROCESS_START,24.3,549
EP001591,2026-06-29 10:36:00,U1004,elizabeth.wilson98,WKSTN-U1004,explorer.exe,,26.0,342
EP001985,2026-06-29 11:06:00,U1005,robert.robinson,WKSTN-U1005,outlook.exe,PROCESS_START,21.7,523
EP014691,2026-06-29 10:52:00,U1035,nancy.rodriguez82,WKSTN-U1035,notepad.exe,PROCESS_START,26.4,169
EP014298,2026-06-29 11:09:00,U1034,thomas.allen63,WKSTN-U1034,outlook,process_start,8.3,801
EP015899,2026-06-29 10:52:00,U1038,emily.clark,WKSTN-U1038,Chrome,process_start,9.8,577
EP005524,2026-06-29 11:12:00,U1014,james.taylor,WKSTN-U1014,explorer.exe,PROCESS_START,3.8,850
EP023069,2026-06-29 10:54:00,U1056,anthony.clark,WKSTN-U1056,explorer.exe,PROCESS_START,7.1,710
EP027465,2026-06-29 11:17:00,U1067,paul.thomas97,WKSTN-U1067,explorer.exe,PROCESS_START,10.7,147
EP001197,2026-06-29 10:56:00,U1003,kenneth.clark29,WKSTN-U1003,teams.exe,PROCESS_START,31.3,724
EP019874,2026-06-29 11:04:00,U1048,jennifer.thomas87,WKSTN-U1048,Excel,PROCESS_START,18.3,362
EP031072,2026-06-29 11:12:00,U1076,john.torres,WKSTN-U1076,Chrome,PROCESS_START,6.4,415
EP005143,2026-06-29 11:08:00,U1013,emily.smith,WKSTN-U1013,chrome.exe,,17.2,400
EP007781,2026-06-29 11:04:00,U1019,donna.anderson,WKSTN-U1019,teams.exe,PROCESS_START,25.9,884
EP004706,2026-06-29 11:08:00,U1012,,WKSTN-U1012,chrome.exe,PROCESS_START,10.4,321
EP028689,2026-06-29 11:09:00,U1070,betty.thomas40,WKSTN-U1070,Word,PROCESS_START,9.8,338
EP019501,2026-06-29 10:59:00,U1047,sandra.lewis,WKSTN-U1047	,chrome.exe,PROCESS_START,2.1,
EP013908,2026-06-29 11:14:00,U1033,linda.miller,WKSTN-U1033,explorer.exe,PROCESS_START,30.7,135
EP041358,2026-06-29 11:17:00,U1100,daniel.brown38,WKSTN-U1100	,notepad.exe,PROCESS_START,18.1,
EP035378,2026-06-29 10:55:00,U1086,,WKSTN-U1086,Slack,PROCESS_START,10.1,329
EP019875,2026-06-29 10:57:00,U1048,jennifer.thomas87,WKSTN-U1048,Salesforce,PROCESS_START,5.8,195
EP005939,2026-06-29 10:54:00,U1015,lisa.hernandez,WKSTN-U1015,SAP,PROCESS_START,11.6,601
EP038543,2026-06-29 11:07:00,U1093,sarah.clark44,WKSTN-U1093,Slack,PROCESS_START,32.7,352
EP001984,2026-06-29 10:53:00,U1005,robert.robinson,WKSTN-U1005,explorer.exe,PROCESS_START,6.7,531
EP010018,2026-06-29 11:03:00,U1024,emily.miller,WKSTN-U1024,outlook.exe,PROCESS_START,34.0,448
EP038541,2026-06-29 11:16:00,U1093,sarah.clark44,WKSTN-U1093,notepad.exe,PROCESS_START,11.0,466
EP036303,2026-06-29 11:08:00,U1088,andrew.smith85,,chrome.exe,PROCESS_START,23.9,406
EP016689,2026-06-29 11:26:00,U1040,matthew.martin,WKSTN-U1040,chrome.exe,PROCESS_START,11.1,775
EP031875,2026-06-29 11:30:00,U1078,michelle.miller,WKSTN-U1078,outlook.exe,PROCESS_START,23.2,287
EP033163,2026-06-29 11:38:00,U1081,margaret.davis,WKSTN-U1081,WIRESHARK,PROCESS_START,25.9,131
EP017081,2026-06-29 11:40:00,U1041,matthew.allen52,WKSTN-U1041,Outlook,PROCESS_START,17.5,327
EP034043,2026-06-29 11:20:00,U1083,sarah.allen70,WKSTN-U1083,teams.exe,PROCESS_START,29.9,160
EP001987,2026-06-29 11:36:00,U1005,robert.robinson,WKSTN-U1005,SAP,PROCESS_START,26.9,517
EP013907,2026-06-29 11:24:00,U1033,linda.miller,WKSTN-U1033,Outlook,PROCESS_START,6.3,118
EP037206,2026-06-29 11:19:00,U1090,MARY.HILL,WKSTN-U1090,PuTTY,PROCESS_START,24.9,793
EP011820,2026-06-29 11:27:00,U1028,john.hill,WKSTN-U1028,chrome.exe,PROCESS_START,12.1,260
EP033165,2026-06-29 11:19:00,U1081,margaret.davis,WKSTN-U1081,Wireshark,PROCESS_START,7.0,689
EP020677,2026-06-29 11:26:00,U1050,michael.ramirez,WKSTN-U1050,,PROCESS_START,28.9,663
EP041355,2026-06-29 11:27:00,U1100,daniel.brown38,WKSTN-U1100,Chrome,PROCESS_START,27.5,439
EP000785,2026-06-29 11:30:00,U1002,donna.ramirez,WKSTN-U1002,Excel,PROCESS_START,14.1,633
EP039785,2026-06-29 11:20:00,U1096,david.allen76,WKSTN-U1096,Excel,PROCESS_START,20.4,248
EP037646,2026-06-29 11:18:00,U1091,linda.robinson,WKSTN-U1091,notepad.exe,,34.8,235
EP010462,2026-06-29 11:25:00,U1025,betty.brown22,WKSTN-U1025,chrome.exe	,PROCESS_START,20.4,562
EP003138,2026-06-29 11:21:00,U1008,joshua.hernandez,WKSTN-U1008,chrome.exe,PROCESS_START,27.6,412
EP020266,2026-06-29 11:36:00,U1049,michelle.jones59,WKSTN-U1049,notepad.exe,PROCESS_START,30.7,94
EP010016,2026-06-29 11:42:00,U1024,emily.miller,WKSTN-U1024,Slack,PROCESS_START,24.4,291
EP002769,2026-06-29 11:34:00,U1007,sarah.robinson82,WKSTN-U1007,teams.exe,PROCESS_START,,686
EP005525,2026-06-29 11:41:00,U1014,james.taylor,,notepad.exe,PROCESS_START,30.9,342
EP035380,2026-06-29 11:26:00,U1086,steven.thompson53,WKSTN-U1086,PuTTY,PROCESS_START,15.7,329
EP012255,2026-06-29 11:31:00,U1029,michelle.garcia54,WKSTN-U1029,VSCode,PROCESS_START,34.6,647
EP005941,2026-06-29 11:19:00,U1015,lisa.hernandez,WKSTN-U1015,Excel,PROCESS_START,11.5,574
EP017878,2026-06-29 11:36:00,U1043,thomas.williams91,WKSTN-U1043,chrome.exe,PROCESS_START,8.9,424
EP020675,2026-06-29 11:43:00,U1050,michael.ramirez,WKSTN-U1050,notepad.exe,PROCESS_START,11.3,411
EP032289,2026-06-29 11:51:00,U1079,emily.jones,WKSTN-U1079,notepad.exe,PROCESS_START,20.9,772
EP027849,2026-06-29 11:48:00,U1068,susan.thompson34,WKSTN-U1068,outlook.exe,PROCESS_START,31.3,553
EP004286,2026-06-29 11:42:00,U1011,donna.ramirez75,WKSTN-U1011,Excel,PROCESS_START,27.9,513
EP006379,2026-06-29 12:03:00,U1016,patricia.thomas,WKSTN-U1016,notepad.exe,PROCESS_START,23.4,176
EP032291,2026-06-29 11:46:00,U1079,emily.jones,WKSTN-U1079	,Terminal,PROCESS_START,1.2,124
EP021868,2026-06-29 11:43:00,U1053,john.jackson31,WKSTN-U1053,chrome.exe,PROCESS_START,30.2,544
EP011383,2026-06-29 11:48:00,U1027,PATRICIA.BROWN75,WKSTN-U1027,Jenkins,PROCESS_START,6.0,549
EP036743,2026-06-29 11:49:00,U1089,paul.brown27,WKSTN-U1089,Wireshark,PROCESS_START,19.6,251
EP040953,2026-06-29 11:47:00,U1099,joseph.garcia,WKSTN-U1099,Chrome,PROCESS_START,33.4,405
EP039366,2026-06-29 11:59:00,U1095,richard.thomas74,WKSTN-U1095,notepad.exe,PROCESS_START,24.0,773
EP007779,2026-06-29 11:42:00,U1019,donna.anderson,WKSTN-U1019,outlook.exe,PROCESS_START,9.5,758
EP032288,2026-06-29 11:55:00,U1079,emily.jones,WKSTN-U1079,Terminal,PROCESS_START,18.4,410
EP020265,2026-06-29 11:53:00,U1049,michelle.jones59,  WKSTN-U1049 ,Salesforce,PROCESS_START,32.2,730
EP015490,2026-06-29 11:55:00,U1037,robert.martin,WKSTN-U1037,outlook.exe,PROCESS_START,19.4,408
EP040954,2026-06-29 11:42:00,U1099,joseph.garcia,WKSTN-U1099,outlook.exe,PROCESS_START,8.8,614
EP038973,2026-06-29 11:57:00,U1094,elizabeth.lewis69,WKSTN-U1094,,PROCESS_START,1.3,454
EP018276,2026-06-29 11:58:00,U1044,lisa.ramirez9,WKSTN-U1044,outlook.exe,PROCESS_START,18.2,757
EP026258,2026-06-29 11:53:00,U1064,matthew.wright55,WKSTN-U1064,teams.exe	,PROCESS_START,12.1,599
EP003539,2026-06-29 11:58:00,U1009,daniel.brown,WKSTN-U1009,Chrome,PROCESS_START,32.8,375
EP038100,2026-06-29 11:54:00,U1092,steven.thomas	,,chrome.exe,,17.2,
EP023849,2026-06-29 11:53:00,U1058,jennifer.ramirez18,WKSTN-U1058,Chrome,PROCESS_START,16.5,564
EP003137,2026-06-29 12:03:00,U1008,joshua.hernandez,WKSTN-U1008,notepad.exe,PROCESS_START,13000.0,334
EP012697,2026-06-29 11:49:00,U1030,betty.rodriguez86,WKSTN-U1030,Git	,PROCESS_START,18.3,284
EP007777,2026-06-29 11:48:00,U1019,donna.anderson,WKSTN-U1019,Chrome,PROCESS_START,28.2,898
EP007780,2026-06-29 12:05:00,U1019,donna.anderson,WKSTN-U1019,Git,PROCESS_START,33.5,231
EP007342,2026-06-29 12:17:00,U1018,betty.white57,WKSTN-U1018,notepad.exe,PROCESS_START,24.6,790
EP034038,2026-06-29 12:14:00,U1083,sarah.allen70,WKSTN-U1083,chrome.exe,PROCESS_START,23.1,318
EP034041,2026-06-29 12:21:00,U1083,sarah.allen70,,notepad.exe,PROCESS_START,17.8,319
EP038103,2026-06-29 12:20:00,U1092,steven.thomas,WKSTN-U1092,teams.exe,PROCESS_START,6.9,129
EP008672,2026-06-29 12:14:00,U1021,jessica.walker,WKSTN-U1021,teams.exe,PROCESS_START,25.6,424
EP025874,2026-06-29 12:06:00,U1063,john.nguyen,WKSTN-U1063,Chrome,PROCESS_START,27.4,94
EP033602,2026-06-29 12:19:00,U1082,karen.hill96,WKSTN-U1082,Chrome,PROCESS_START,19.2,311
EP015489,2026-06-29 12:18:00,U1037,robert.martin,WKSTN-U1037,notepad.exe,PROCESS_START,22.0,700
EP001199,2026-06-29 12:15:00,U1003,kenneth.clark29,,Outlook,PROCESS_START,25.2,766
EP030301,2026-06-29 12:18:00,U1074,sarah.williams7,WKSTN-U1074,Word,PROCESS_START,33.3,726
EP024270,2026-06-29 12:12:00,U1059,daniel.perez98,WKSTN-U1059	,Salesforce,PROCESS_START,1.7,469
EP035379,2026-06-29 12:08:00,U1086,  steven.thompson53 ,WKSTN-U1086,Wireshark,PROCESS_START,25.0,703
EP024654,2026-06-29 12:14:00,U1060,  matthew.anderson ,WKSTN-U1060,Salesforce,PROCESS_START,16.0,354
EP039786,2026-06-29 12:09:00,U1096,david.allen76,WKSTN-U1096,explorer.exe,PROCESS_START,6.2,667
EP025473,2026-06-29 12:18:00,U1062,william.martin,WKSTN-U1062,outlook.exe,PROCESS_START,1.1,594
EP012699,2026-06-29 12:05:00,U1030,  betty.rodriguez86 ,WKSTN-U1030,teams.exe,PROCESS_START,17.7,805
EP036304,2026-06-29 12:03:00,U1088,andrew.smith85,WKSTN-U1088,Slack,PROCESS_START,,134
EP000360,2026-06-29 12:09:00,U1001,linda.johnson95	,WKSTN-U1001,teams.exe,PROCESS_START,27.1,689
EP003911,2026-06-29 12:22:00,U1010,susan.young51,WKSTN-U1010,OUTLOOK,PROCESS_START,28.4,184
EP010905,2026-06-29 12:14:00,U1026,elizabeth.gonzalez,WKSTN-U1026,Docker Desktop,PROCESS_START,20.1,530
EP025083,2026-06-29 12:07:00,U1061,jessica.rodriguez,WKSTN-U1061,Outlook,PROCESS_START,7.4,91
EP027844,2026-06-29 12:14:00,U1068,susan.thompson34,,Outlook,PROCESS_START,13.7,747
EP007341,2026-06-29 12:22:00,U1018,betty.white57,WKSTN-U1018,Jenkins,PROCESS_START,10.8,251
EP007345,2026-06-29 12:21:00,U1018,betty.white57,WKSTN-U1018,outlook.exe,PROCESS_START,8.9,
EP012253,2026-06-29 12:28:00,U1029,michelle.garcia54,WKSTN-U1029,VSCode,PROCESS_START,32.6,323
EP027846,2026-06-29 12:23:00,U1068,susan.thompson34,WKSTN-U1068,DocuSign,PROCESS_START,20.7,729
EP021070,2026-06-29 12:24:00,U1051,sandra.king72,WKSTN-U1051,explorer.exe,PROCESS_START,15.3,
EP024269,2026-06-29 12:36:00,U1059,daniel.perez98,  WKSTN-U1059 ,teams.exe,PROCESS_START,6.7,752
EP029894,2026-06-29 12:38:00,U1073,michael.gonzalez,WKSTN-U1073,DocuSign,PROCESS_START,30.4,567
EP029895,2026-06-29 12:40:00,U1073,michael.gonzalez,WKSTN-U1073,explorer.exe,PROCESS_START,24.9,417
EP014300,2026-06-29 12:24:00,U1034,thomas.allen63,WKSTN-U1034,Outlook,PROCESS_START,29.3,388
EP024265,2026-06-29 12:34:00,U1059,daniel.perez98,WKSTN-U1059,explorer.exe,PROCESS_START,2.0,564
EP006880,2026-06-29 12:29:00,U1017,emily.hernandez34,WKSTN-U1017,chrome,PROCESS_START,17.0,515
EP019877,2026-06-29 12:25:00,U1048,jennifer.thomas87,WKSTN-U1048,explorer.exe,PROCESS_START,30.1,291
EP008223,2026-06-29 12:33:00,U1020,andrew.thomas36,WKSTN-U1020,VSCode,PROCESS_START,35.0,552
EP036302,2026-06-29 12:28:00,U1088,andrew.smith85,WKSTN-U1088,notepad.exe,PROCESS_START,27.8,661
EP027845,2026-06-29 12:27:00,U1068,susan.thompson34,WKSTN-U1068,teams.exe,PROCESS_START,21.2,333
EP015083,2026-06-29 12:26:00,U1036,linda.jones,WKSTN-U1036,Excel,PROCESS_START,20.4,749
EP021068,2026-06-29 12:41:00,U1051,sandra.king72,WKSTN-U1051,Excel,,21.2,162
EP021864,2026-06-29 12:37:00,U1053,john.jackson31,WKSTN-U1053,Outlook,PROCESS_START,2.5,
EP002387,2026-06-29 12:32:00,U1006,george.gonzalez,WKSTN-U1006,QuickBooks,PROCESS_START,8.4,453
EP017080,2026-06-29 12:24:00,U1041,matthew.allen52,WKSTN-U1041	,outlook.exe,PROCESS_START,33.1,887
EP040191,2026-06-29 12:38:00,U1097,,WKSTN-U1097,Outlook,PROCESS_START,29.8,514
EP030302,2026-06-29 12:23:00,U1074,sarah.williams7,WKSTN-U1074,explorer.exe,PROCESS_START,22.3,803
EP025477,2026-06-29 12:23:00,U1062,william.martin,WKSTN-U1062,Chrome,PROCESS_START,19.7,539
EP032290,2026-06-29 12:31:00,U1079,emily.jones,WKSTN-U1079,Chrome,PROCESS_START,25.8,290
EP000361,2026-06-29 12:38:00,U1001,linda.johnson95,WKSTN-U1001,notepad.exe,PROCESS_START,2.0,359
EP011386,2026-06-29 12:23:00,U1027,patricia.brown75,WKSTN-U1027,Jenkins,PROCESS_START,32.2,769
EP002385,2026-06-29 12:37:00,U1006,george.gonzalez,WKSTN-U1006,Chrome,PROCESS_START,32.5,277
EP030299,2026-06-29 13:01:00,U1074,sarah.williams7,WKSTN-U1074,chrome.exe,PROCESS_START,11.0,
EP041354,2026-06-29 12:46:00,U1100,daniel.brown38,WKSTN-U1100,explorer.exe,PROCESS_START,34.1,615
EP035817,2026-06-29 12:55:00,U1087,charles.sanchez,WKSTN-U1087,outlook.exe,PROCESS_START,25.5,109
EP037202,2026-06-29 13:12:00,U1090,mary.hill,WKSTN-U1090,teams.exe	,PROCESS_START,33.7,369
EP027464,2026-06-29 12:51:00,U1067,paul.thomas97,WKSTN-U1067,Outlook,PROCESS_START,1.3,241
EP017079,2026-06-29 13:09:00,U1041,matthew.allen52,WKSTN-U1041,notepad.exe,PROCESS_START,24.4,205
EP039369,2026-06-29 13:10:00,U1095,richard.thomas74,WKSTN-U1095,Chrome,PROCESS_START,7.0,83
EP019498,2026-06-29 12:56:00,U1047,sandra.lewis,  WKSTN-U1047 ,notepad.exe,PROCESS_START,4.4,854
EP019093,2026-06-29 13:04:00,U1046,michelle.torres39,WKSTN-U1046,outlook.exe,PROCESS_START,33.2,349
EP011384,2026-06-29 13:05:00,U1027,patricia.brown75,WKSTN-U1027,  Chrome ,PROCESS_START,9.3,669
EP040951,2026-06-29 12:52:00,U1099,joseph.garcia,WKSTN-U1099,Excel,PROCESS_START,16.2,326
EP040190,2026-06-29 13:16:00,U1097,mark.martinez10,WKSTN-U1097,chrome.exe,PROCESS_START,33.3,151
EP027083,2026-06-29 13:12:00,U1066,michelle.wright62,WKSTN-U1066,Word,PROCESS_START,4.0,267
EP005940,2026-06-29 13:15:00,U1015,lisa.hernandez,WKSTN-U1015,Outlook,PROCESS_START,4.6,158
EP038102,2026-06-29 13:01:00,U1092,steven.thomas,WKSTN-U1092,Chrome,PROCESS_START,7.1,749
EP012254,2026-06-29 12:41:00,U1029,michelle.garcia54,WKSTN-U1029,notepad.exe,PROCESS_START,11.9,262
EP040579,2026-06-29 12:51:00,U1098,nancy.wright49,WKSTN-U1098,Zoom,PROCESS_START,16.8,453
EP039788,2026-06-29 12:57:00,U1096,david.allen76,WKSTN-U1096,Outlook,PROCESS_START,9.5,643
EP026257,2026-06-29 13:15:00,U1064,matthew.wright55,WKSTN-U1064	,chrome.exe,PROCESS_START,11.6,311
EP003139,2026-06-29 12:54:00,U1008,joshua.hernandez,WKSTN-U1008,Chrome,PROCESS_START,27.1,244
EP023851,2026-06-29 13:11:00,U1058,jennifer.ramirez18,WKSTN-U1058,teams.exe,PROCESS_START,23.7,651
EP002386,2026-06-29 13:20:00,U1006,george.gonzalez,WKSTN-U1006,SAP,PROCESS_START,19.2,610
EP031073,2026-06-29 12:53:00,U1076,john.torres,WKSTN-U1076,DocuSign,PROCESS_START,23.2,889
EP035819,2026-06-29 12:57:00,U1087,charles.sanchez,WKSTN-U1087,Wireshark,PROCESS_START,5.9,145
EP016690,2026-06-29 13:18:00,U1040,,WKSTN-U1040,outlook.exe,PROCESS_START,6.5,178
EP021863,2026-06-29 13:41:00,U1053,john.jackson31,WKSTN-U1053,outlook.exe,PROCESS_START,34.3,215
EP034938,2026-06-29 13:45:00,U1085,barbara.walker67,WKSTN-U1085,PuTTY,PROCESS_START,6.0,195
EP019092,2026-06-29 13:35:00,U1046,michelle.torres39,WKSTN-U1046,Workday,PROCESS_START,31.3,744
EP025080,2026-06-29 13:48:00,U1061,,WKSTN-U1061,,PROCESS_START,19.9,505
EP013509,2026-06-29 13:41:00,U1032,paul.wright91,WKSTN-U1032,Workday,PROCESS_START,13.5,265
EP038101,2026-06-29 13:38:00,U1092,steven.thomas,WKSTN-U1092,notepad.exe,PROCESS_START,21.4,242
EP002384,2026-06-29 13:24:00,U1006,george.gonzalez,WKSTN-U1006,teams.exe,PROCESS_START,19.6,242
EP031074,2026-06-29 13:48:00,U1076,john.torres,WKSTN-U1076,explorer.exe,PROCESS_START,8.0,392
EP033603,2026-06-29 13:25:00,U1082,karen.hill96,WKSTN-U1082,Active Directory Console,PROCESS_START,15.7,301
EP030686,2026-06-29 13:49:00,U1075,steven.lewis	,,Outlook,PROCESS_START,8.4,858
EP027082,2026-06-29 13:32:00,U1066,michelle.wright62,WKSTN-U1066,Chrome,PROCESS_START,11.6,561
EP022677,2026-06-29 13:48:00,U1055,patricia.wilson54,WKSTN-U1055,teams.exe,PROCESS_START,12.7,631
EP025476,2026-06-29 13:43:00,U1062,william.martin,WKSTN-U1062,teams.exe,PROCESS_START,28.5,479
EP038542,2026-06-29 13:46:00,U1093,sarah.clark44,WKSTN-U1093,,PROCESS_START,14.6,405
EP033604,2026-06-29 13:26:00,U1082,karen.hill96,WKSTN-U1082,Terminal,PROCESS_START,3.5,150
EP021069,2026-06-29 13:35:00,U1051,sandra.king72,WKSTN-U1051,chrome.exe,PROCESS_START,19.1,865
EP026703,2026-06-29 13:45:00,U1065,michael.ramirez47,WKSTN-U1065	,Chrome,process_start,20.2,751
EP003913,2026-06-29 13:29:00,U1010,susan.young51,WKSTN-U1010,chrome.exe,PROCESS_START,25.5,886
EP022283,2026-06-29 13:24:00,U1054,anthony.martinez,WKSTN-U1054,chrome.exe,PROCESS_START,9.9,883
EP008671,2026-06-29 13:36:00,U1021,jessica.walker,WKSTN-U1021,notepad.exe	,PROCESS_START,27.3,882
EP013903,2026-06-29 13:31:00,U1033,linda.miller,WKSTN-U1033,chrome.exe,PROCESS_START,24.6,329
EP025475,2026-06-29 13:29:00,U1062,WILLIAM.MARTIN,WKSTN-U1062,teams.exe,PROCESS_START,8.5,424
EP022682,2026-06-29 13:25:00,U1055,patricia.wilson54,WKSTN-U1055,Chrome,PROCESS_START,13.3,226
EP006376,2026-06-29 13:24:00,U1016,patricia.thomas	,WKSTN-U1016,Docker Desktop,PROCESS_START,9.4,325
EP038540,2026-06-29 13:22:00,U1093,sarah.clark44,WKSTN-U1093,outlook.exe,PROCESS_START,N/A,567
EP002770,2026-06-29 13:54:00,U1007,sarah.robinson82,WKSTN-U1007,  Chrome ,PROCESS_START,33.9,834
EP039787,2026-06-29 13:49:00,U1096,david.allen76,WKSTN-U1096,explorer.exe,PROCESS_START,,612
EP013102,2026-06-29 14:16:00,U1031,john.wright28,WKSTN-U1031,explorer.exe,PROCESS_START,24.3,376
EP016686,2026-06-29 13:56:00,U1040,matthew.martin,WKSTN-U1040,Excel,PROCESS_START,16.7,207
EP033599,2026-06-29 13:50:00,U1082,karen.hill96,WKSTN-U1082,Chrome,PROCESS_START,7.1,729
EP034039,2026-06-29 14:02:00,U1083,sarah.allen70,  WKSTN-U1083 ,Terminal,PROCESS_START,16.6,771
EP015898,2026-06-29 13:54:00,U1038,emily.clark,WKSTN-U1038,chrome.exe,PROCESS_START,6.9,790
EP025873,2026-06-29 13:55:00,U1063,john.nguyen,WKSTN-U1063,DocuSign,PROCESS_START,15.7,736
EP001986,2026-06-29 13:59:00,U1005,robert.robinson,WKSTN-U1005,QuickBooks,PROCESS_START,28.9,892
EP034936,2026-06-29 14:04:00,U1085,barbara.walker67,WKSTN-U1085,  outlook.exe ,PROCESS_START,7.2,439
EP018671,2026-06-29 14:01:00,U1045,daniel.sanchez90,WKSTN-U1045,Chrome,PROCESS_START,16.5,867
EP019500,2026-06-29 14:18:00,U1047,sandra.lewis,WKSTN-U1047,Excel,PROCESS_START,14.8,309
EP022282,2026-06-29 14:12:00,U1054,anthony.martinez,WKSTN-U1054,teams.exe,,25.9,621
EP036744,2026-06-29 14:18:00,U1089,paul.brown27,WKSTN-U1089,  explorer.exe ,PROCESS_START,29.6,242
EP019499,2026-06-29 14:20:00,U1047,sandra.lewis,WKSTN-U1047,Zoom,PROCESS_START,16.3,666
EP015491,2026-06-29 14:16:00,U1037,robert.martin,WKSTN-U1037,Outlook,PROCESS_START,29.5,806
EP021866,2026-06-29 14:09:00,U1053,john.jackson31,  WKSTN-U1053 ,chrome.exe,PROCESS_START,20.0,158
EP007344,2026-06-29 13:54:00,U1018,betty.white57,WKSTN-U1018,Jenkins,PROCESS_START,32.4,306
EP009571,2026-06-29 13:49:00,U1023,richard.wright,  WKSTN-U1023 ,notepad.exe,PROCESS_START,26.1,692
EP001586,2026-06-29 14:05:00,U1004,elizabeth.wilson98,WKSTN-U1004,QuickBooks,PROCESS_START,2.0,348
EP035818,2026-06-29 13:59:00,U1087,charles.sanchez,WKSTN-U1087,Active Directory Console,PROCESS_START,4.6,884
EP031874,2026-06-29 14:07:00,U1078,michelle.miller,WKSTN-U1078,teams.exe,PROCESS_START,12.3,220
EP016687,2026-06-29 14:19:00,U1040,matthew.martin,  WKSTN-U1040 ,explorer.exe,PROCESS_START,21.5,729
EP013904,2026-06-29 14:18:00,U1033,linda.miller,,teams.exe,,24.5,406
EP041353,2026-06-29 14:17:00,U1100,daniel.brown38,WKSTN-U1100,teams.exe,PROCESS_START,32.1,567
EP001988,2026-06-29 14:47:00,U1005,robert.robinson,WKSTN-U1005,Excel,PROCESS_START,26.8,387
EP016272,2026-06-29 14:22:00,U1039,MARK.THOMAS,WKSTN-U1039,Outlook	,PROCESS_START,31.1,329
EP021461,2026-06-29 14:46:00,U1052,paul.taylor,WKSTN-U1052	,outlook.exe,PROCESS_START,4.5,581
EP025474,2026-06-29 14:37:00,U1062,william.martin,WKSTN-U1062,Zoom,PROCESS_START,2.9,215
EP023070,2026-06-29 14:52:00,U1056,anthony.clark,WKSTN-U1056,Excel,PROCESS_START,10.1,444
EP041357,2026-06-29 14:44:00,U1100,daniel.brown38,WKSTN-U1100,notepad.exe,PROCESS_START,23.4,666
EP039783,2026-06-29 14:47:00,U1096,david.allen76,WKSTN-U1096,Excel,PROCESS_START,24.9,123
EP022679,2026-06-29 14:37:00,U1055,patricia.wilson54,WKSTN-U1055,  chrome.exe ,process_start,3.3,616
EP012696,2026-06-29 14:38:00,U1030,betty.rodriguez86,WKSTN-U1030,teams.exe,PROCESS_START,26.3,435
EP003538,2026-06-29 14:22:00,U1009,daniel.brown,WKSTN-U1009,outlook.exe,PROCESS_START,22.0,144
EP000786,2026-06-29 14:25:00,U1002,donna.ramirez,WKSTN-U1002,Chrome,PROCESS_START,1.8,609
EP003540,2026-06-29 14:54:00,U1009,daniel.brown,WKSTN-U1009,outlook.exe,PROCESS_START,8.7,411
EP017487,2026-06-29 14:35:00,U1042,michael.hill56,WKSTN-U1042,outlook.exe,PROCESS_START,5.0,596
EP006884,2026-06-29 14:48:00,U1017,emily.hernandez34,WKSTN-U1017,notepad.exe,PROCESS_START,,746
EP022681,2026-06-29 14:27:00,U1055,patricia.wilson54,WKSTN-U1055,Excel,PROCESS_START,6.0,550
EP027081,2026-06-29 14:50:00,U1066,michelle.wright62,WKSTN-U1066	,Outlook,PROCESS_START,18.8,866
EP040193,2026-06-29 14:41:00,U1097,mark.martinez10,WKSTN-U1097,outlook.exe,PROCESS_START,18.3,115
EP011818,2026-06-29 14:30:00,U1028,john.hill,WKSTN-U1028,Chrome,PROCESS_START,16.4,278
EP024267,2026-06-29 14:29:00,U1059,daniel.perez98,WKSTN-U1059,explorer.exe,PROCESS_START,,205
EP011815,2026-06-29 14:38:00,U1028,john.hill,WKSTN-U1028,Slack,PROCESS_START,25.9,399
EP028286,2026-06-29 14:24:00,U1069,,WKSTN-U1069,notepad.exe,PROCESS_START,31.9,866
EP039784,2026-06-29 14:53:00,U1096,david.allen76,WKSTN-U1096,Excel,PROCESS_START,12.6,567
EP037647,2026-06-29 14:48:00,U1091,linda.robinson,WKSTN-U1091,,PROCESS_START,2.6,668
EP034937,2026-06-29 14:39:00,U1085,BARBARA.WALKER67,WKSTN-U1085,CHROME.EXE,PROCESS_START,26.3,250
EP008220,2026-06-29 14:32:00,U1020,andrew.thomas36,WKSTN-U1020,notepad.exe,process_start,23.6,341
EP008670,2026-06-29 15:10:00,U1021,jessica.walker,WKSTN-U1021,Docker Desktop,PROCESS_START,13.4,558
EP014297,2026-06-29 15:06:00,U1034,thomas.allen63,WKSTN-U1034,teams.exe	,PROCESS_START,2.0,609
EP009126,2026-06-29 15:01:00,U1022,sandra.brown,WKSTN-U1022,Chrome,PROCESS_START,17.8,149
EP029500,2026-06-29 15:01:00,U1072,kenneth.lopez,WKSTN-U1072,word,PROCESS_START,9.1,689
EP035816,2026-06-29 15:10:00,U1087,charles.sanchez,WKSTN-U1087,chrome.exe,PROCESS_START,24.6,482
EP033164,2026-06-29 15:09:00,U1081,margaret.davis,WKSTN-U1081,Wireshark,process_start,16.6,255
EP003136,2026-06-29 15:13:00,U1008,joshua.hernandez,WKSTN-U1008,,PROCESS_START,29.9,339
EP011817,2026-06-29 15:02:00,U1028,john.hill,WKSTN-U1028,Docker Desktop,PROCESS_START,28.0,507
EP023852,2026-06-29 15:12:00,U1058,jennifer.ramirez18,WKSTN-U1058,Salesforce,PROCESS_START,32.7,679
EP039367,2026-06-29 15:15:00,U1095,richard.thomas74,WKSTN-U1095,Excel,PROCESS_START,19.9,677
EP034505,2026-06-29 14:58:00,U1084,joshua.taylor,WKSTN-U1084,outlook.exe,PROCESS_START,21.8,453
EP011385,2026-06-29 15:00:00,U1027,patricia.brown75,WKSTN-U1027,Chrome,PROCESS_START,26.9,503
EP024268,2026-06-29 15:00:00,U1059,daniel.perez98,WKSTN-U1059,Chrome,PROCESS_START,13.5,871
EP000787,2026-06-29 15:15:00,U1002,donna.ramirez,WKSTN-U1002,notepad.exe,PROCESS_START,18.5,600
EP014690,2026-06-29 15:18:00,U1035,nancy.rodriguez82,WKSTN-U1035,explorer.exe,PROCESS_START,13.4,156
EP017879,2026-06-29 15:11:00,U1043,thomas.williams91,WKSTN-U1043,teams.exe,PROCESS_START,33.7,123
EP010017,2026-06-29 15:08:00,U1024,emily.miller,WKSTN-U1024,chrome.exe,PROCESS_START,20.7,330
EP010463,2026-06-29 15:02:00,U1025,betty.brown22,WKSTN-U1025,Chrome,PROCESS_START,15.3,240
EP021459,2026-06-29 15:14:00,U1052,paul.taylor,WKSTN-U1052,Outlook,PROCESS_START,10.0,109
EP016274,2026-06-29 15:18:00,U1039,mark.thomas,WKSTN-U1039,chrome.exe,,21.1,633
EP008669,2026-06-29 15:09:00,U1021,jessica.walker,WKSTN-U1021,Git,PROCESS_START,18.2,269
EP028690,2026-06-29 15:19:00,U1070,,WKSTN-U1070,chrome.exe,PROCESS_START,2.8,492
EP006378,2026-06-29 15:14:00,U1016,patricia.thomas,WKSTN-U1016,chrome.exe,PROCESS_START,6.5,243
EP031071,2026-06-29 15:03:00,U1076,john.torres,WKSTN-U1076,explorer.exe,PROCESS_START,13.1,853
EP023073,2026-06-29 15:06:00,U1056,anthony.clark,WKSTN-U1056,chrome.exe,PROCESS_START,4.5,733
EP037204,2026-06-29 15:47:00,U1090,mary.hill,WKSTN-U1090,Terminal,PROCESS_START,30.8,509
EP005526,2026-06-29 15:28:00,U1014,james.taylor,WKSTN-U1014,explorer.exe,PROCESS_START,29.9,214
EP026255,2026-06-29 15:41:00,U1064,matthew.wright55,WKSTN-U1064,DocuSign,PROCESS_START,27.3,802
EP001590,2026-06-29 15:38:00,U1004,elizabeth.wilson98,WKSTN-U1004,EXPLORER.EXE,process_start,24.4,810
EP008222,2026-06-29 15:27:00,U1020,andrew.thomas36,WKSTN-U1020,explorer.exe,,8.6,90
EP009574,2026-06-29 15:41:00,U1023,richard.wright,WKSTN-U1023,Jenkins,PROCESS_START,15.7,319
EP006882,2026-06-29 15:21:00,U1017,emily.hernandez34,WKSTN-U1017,notepad.exe,PROCESS_START,18.4,764
EP038972,2026-06-29 15:36:00,U1094,elizabeth.lewis69,WKSTN-U1094,Active Directory Console,PROCESS_START,9.4,882
EP007346,2026-06-29 15:19:00,U1018,betty.white57,WKSTN-U1018,Git,PROCESS_START,25.4,354
EP038099,2026-06-29 15:25:00,U1092,,WKSTN-U1092,,PROCESS_START,7.1,437
EP033162,2026-06-29 15:29:00,U1081,margaret.davis,WKSTN-U1081,Slack,PROCESS_START,14.7,837
EP013511,2026-06-29 15:40:00,U1032,paul.wright91,WKSTN-U1032,Workday,PROCESS_START,3.2,399
EP035382,2026-06-29 15:25:00,U1086,  steven.thompson53 ,WKSTN-U1086,outlook.exe,PROCESS_START,5.6,897
EP037203,2026-06-29 15:29:00,U1090,mary.hill,WKSTN-U1090,outlook.exe,PROCESS_START,2.4,N/A
EP008673,2026-06-29 15:28:00,U1021,jessica.walker,WKSTN-U1021,Docker Desktop,PROCESS_START,21.1,329
EP021067,2026-06-29 15:34:00,U1051,sandra.king72,WKSTN-U1051,chrome.exe,PROCESS_START,31.1,621
EP038974,2026-06-29 15:21:00,U1094,elizabeth.lewis69,WKSTN-U1094,Active Directory Console,PROCESS_START,25.0,541
EP040578,2026-06-29 15:34:00,U1098,nancy.wright49	,WKSTN-U1098,chrome.exe,PROCESS_START,9.8,653
EP023451,2026-06-29 15:32:00,U1057,nancy.sanchez,WKSTN-U1057,explorer.exe,PROCESS_START,,785
EP017880,2026-06-29 15:41:00,U1043,thomas.williams91,WKSTN-U1043,Excel,PROCESS_START,32.7,
EP021460,2026-06-29 15:29:00,U1052,paul.taylor,WKSTN-U1052,teams.exe,PROCESS_START,3.9,400
EP021066,2026-06-29 15:38:00,U1051,sandra.king72	,WKSTN-U1051,,PROCESS_START,21.8,607
EP011387,2026-06-29 15:21:00,U1027,patricia.brown75,WKSTN-U1027,Docker Desktop,PROCESS_START,3.1,407
EP032728,2026-06-29 15:30:00,U1080,joseph.jackson91,  WKSTN-U1080 ,explorer.exe,PROCESS_START,4.5,370
EP023074,2026-06-29 15:23:00,U1056,ANTHONY.CLARK,WKSTN-U1056,explorer.exe,PROCESS_START,9.8,211
EP025478,2026-06-29 16:17:00,U1062,william.martin,WKSTN-U1062,Chrome,PROCESS_START,8.1,806
EP010906,2026-06-29 15:55:00,U1026,elizabeth.gonzalez,WKSTN-U1026,chrome.exe,PROCESS_START,8.0,712
EP032727,2026-06-29 15:56:00,U1080,joseph.jackson91,WKSTN-U1080,notepad.exe,PROCESS_START,14.2,831
EP001201,2026-06-29 15:56:00,U1003,kenneth.clark29,WKSTN-U1003,chrome.exe,PROCESS_START,20.3,175
EP014295,2026-06-29 16:07:00,U1034,thomas.allen63,WKSTN-U1034,Workday,PROCESS_START,12.8,170
EP040580,2026-06-29 16:03:00,U1098,nancy.wright49,WKSTN-U1098,Excel,PROCESS_START,11.6,881
EP028687,2026-06-29 15:50:00,U1070,betty.thomas40,WKSTN-U1070,chrome.exe,PROCESS_START,4.3,556
EP009575,2026-06-29 15:54:00,U1023,richard.wright,WKSTN-U1023,VSCode,PROCESS_START,6.8,121
EP024266,2026-06-29 16:06:00,U1059,daniel.perez98,WKSTN-U1059,outlook.exe,PROCESS_START,10.2,681
EP029094,2026-06-29 16:08:00,U1071,matthew.robinson35,WKSTN-U1071,Outlook,PROCESS_START,11.6,90
EP001200,2026-06-29 16:19:00,U1003,kenneth.clark29,WKSTN-U1003,outlook.exe,PROCESS_START,3.7,853
EP007343,2026-06-29 15:56:00,U1018,betty.white57,WKSTN-U1018,Jenkins,PROCESS_START,5.3,347
EP020676,2026-06-29 15:56:00,U1050,michael.ramirez,WKSTN-U1050,outlook.exe,PROCESS_START,,835
EP012698,2026-06-29 16:08:00,U1030,betty.rodriguez86,WKSTN-U1030,explorer.exe,process_start,20.0,190
EP027848,2026-06-29 16:03:00,U1068,susan.thompson34,WKSTN-U1068,Outlook,PROCESS_START,4.6,887
EP031075,2026-06-29 16:06:00,U1076,john.torres,WKSTN-U1076,Word,PROCESS_START,11.0,826
EP013105,2026-06-29 15:48:00,U1031,john.wright28,WKSTN-U1031,Excel,PROCESS_START,11.1,186
EP002771,2026-06-29 16:11:00,U1007,sarah.robinson82,WKSTN-U1007,,PROCESS_START,23.7,564
EP037649,2026-06-29 16:17:00,U1091,linda.robinson,WKSTN-U1091,Chrome,PROCESS_START,2.0,630
EP000362,2026-06-29 15:56:00,U1001,linda.johnson95,,chrome.exe,PROCESS_START,17.7,444
EP001202,2026-06-29 16:21:00,U1003,kenneth.clark29,WKSTN-U1003,chrome.exe,PROCESS_START,4.3,397
EP023450,2026-06-29 16:03:00,U1057,nancy.sanchez,WKSTN-U1057,,PROCESS_START,29.5,498
EP028692,2026-06-29 15:55:00,U1070,betty.thomas40	,WKSTN-U1070,Word,PROCESS_START,4.0,277
EP037644,2026-06-29 16:10:00,U1091,linda.robinson,WKSTN-U1091,Slack,PROCESS_START,15.2,312
EP032729,2026-06-29 16:19:00,U1080,joseph.jackson91,WKSTN-U1080,PuTTY,PROCESS_START,9.5,518
EP003541,2026-06-29 17:34:00,U1009,daniel.brown,WKSTN-U1009,Outlook,PROCESS_START,20.2,436
EP004288,2026-06-29 17:10:00,U1011,donna.ramirez75,WKSTN-U1011,outlook.exe,PROCESS_START,22.8,261
EP031873,2026-06-29 16:30:00,U1078,michelle.miller,WKSTN-U1078,  Chrome ,PROCESS_START,17.1,758
EP041356,2026-06-29 17:08:00,U1100,daniel.brown38,WKSTN-U1100,notepad.exe,PROCESS_START,29.0,840
EP029893,2026-06-29 16:23:00,U1073,michael.gonzalez,WKSTN-U1073	,teams.exe,PROCESS_START,21.6,898
EP035383,2026-06-29 16:40:00,U1086,steven.thompson53,WKSTN-U1086,explorer.exe,PROCESS_START,1.9,698
EP029093,2026-06-29 16:47:00,U1071,matthew.robinson35,WKSTN-U1071,explorer.exe,PROCESS_START,21.5,220
EP009570,2026-06-29 17:07:00,U1023,richard.wright,WKSTN-U1023,explorer.exe,PROCESS_START,28.0,839
EP001198,2026-06-29 16:33:00,U1003,kenneth.clark29,WKSTN-U1003,chrome.exe,PROCESS_START,22.0,399
EP023853,2026-06-29 16:39:00,U1058,jennifer.ramirez18,WKSTN-U1058,explorer.exe,PROCESS_START,32.0,256
EP027847,2026-06-29 17:13:00,U1068,susan.thompson34,WKSTN-U1068,Chrome,PROCESS_START,21.9,854
EP006879,2026-06-29 16:33:00,U1017,emily.hernandez34,WKSTN-U1017,Chrome,PROCESS_START,14.7,158
EP031461,2026-06-29 16:21:00,U1077,kimberly.harris58,WKSTN-U1077,notepad.exe,PROCESS_START,,703
EP016273,2026-06-29 17:27:00,U1039,mark.thomas,WKSTN-U1039,chrome.exe,PROCESS_START,24.0,140
EP013508,2026-06-29 16:40:00,U1032,paul.wright91,WKSTN-U1032,teams.exe,PROCESS_START,29.8,439
EP040577,2026-06-29 16:45:00,U1098,nancy.wright49,WKSTN-U1098,,PROCESS_START,30.6,539
EP019876,2026-06-29 16:25:00,U1048,jennifer.thomas87,WKSTN-U1048,Chrome,PROCESS_START,8.2,235
EP017881,2026-06-29 17:28:00,U1043,thomas.williams91,WKSTN-U1043,Excel,PROCESS_START,21.8,537
EP037648,2026-06-29 17:06:00,U1091,linda.robinson,WKSTN-U1091,notepad.exe,PROCESS_START,29.0,846
EP000784,2026-06-29 16:25:00,U1002,donna.ramirez,WKSTN-U1002,SAP	,PROCESS_START,24.2,408
EP017877,2026-06-29 17:00:00,U1043,thomas.williams91,WKSTN-U1043,  teams.exe ,PROCESS_START,1.7,361
EP005942,2026-06-29 16:46:00,U1015,lisa.hernandez,WKSTN-U1015,SAP,PROCESS_START,23.1,798
EP037645,2026-06-29 16:22:00,U1091,linda.robinson,WKSTN-U1091,chrome.exe,PROCESS_START,22.3,438
EP013507,2026-06-29 17:14:00,U1032,paul.wright91,WKSTN-U1032,chrome.exe,PROCESS_START,7.5,155
EP020264,2026-06-29 16:34:00,U1049,michelle.jones59,WKSTN-U1049,Zoom,PROCESS_START,23.7,454
EP003155,2026-06-30 08:08:00,U1008,  joshua.hernandez ,WKSTN-U1008,Chrome,PROCESS_START,21.9,164
EP000379,2026-06-30 08:14:00,U1001,linda.johnson95,WKSTN-U1001,Chrome,PROCESS_START,1.2,485
EP034958,2026-06-30 07:32:00,U1085,barbara.walker67,WKSTN-U1085	,explorer.exe,PROCESS_START,34.1,877
EP011407,2026-06-30 08:12:00,U1027,patricia.brown75,WKSTN-U1027,outlook.exe,PROCESS_START,28.0,499
EP028308,2026-06-30 08:07:00,U1069,,WKSTN-U1069,Chrome,PROCESS_START,30.0,853
EP032744,2026-06-30 08:15:00,U1080,joseph.jackson91,WKSTN-U1080,outlook.exe,PROCESS_START,15.3,791
EP022694,2026-06-30 07:41:00,U1055,patricia.wilson54,WKSTN-U1055,Zoom,PROCESS_START,30.1,629
EP003542,2026-06-29 18:07:00,U1009,daniel.brown,WKSTN-U1009,,PROCESS_START,7.5,423
EP028304,2026-06-30 07:56:00,U1069,jessica.clark,WKSTN-U1069,teams.exe,PROCESS_START,27.4,335
EP034527,2026-06-30 08:00:00,U1084,joshua.taylor,WKSTN-U1084,Wireshark,PROCESS_START,18.0,253
EP037205,2026-06-29 17:41:00,U1090,mary.hill,  WKSTN-U1090 ,Slack,PROCESS_START,20.8,698
EP011388,2026-06-29 17:48:00,U1027,patricia.brown75,WKSTN-U1027,Slack,process_start,10.7,582
EP028306,2026-06-30 07:54:00,U1069,jessica.clark,WKSTN-U1069,notepad.exe,PROCESS_START,28.0,705
EP003158,2026-06-30 07:28:00,U1008,joshua.hernandez,WKSTN-U1008,chrome.exe,PROCESS_START,8.6,791
EP038562,2026-06-30 08:04:00,U1093,sarah.clark44,WKSTN-U1093,Terminal,PROCESS_START,5.5,84
EP006881,2026-06-29 17:42:00,U1017,emily.hernandez34,WKSTN-U1017,Git,PROCESS_START,18.4,862
EP009125,2026-06-29 17:38:00,U1022,sandra.brown,WKSTN-U1022,Chrome,PROCESS_START,1.7,854
EP026720,2026-06-30 07:56:00,U1065,michael.ramirez47,WKSTN-U1065,Word,PROCESS_START,5.0,376
EP025887,2026-06-30 07:43:00,U1063,john.nguyen,WKSTN-U1063,teams.exe,PROCESS_START,8.9,549
EP010486,2026-06-30 08:07:00,U1025,betty.brown22,WKSTN-U1025,VSCode,PROCESS_START,,205
EP025494,2026-06-30 07:30:00,U1062,WILLIAM.MARTIN,WKSTN-U1062,outlook.exe,PROCESS_START,21.6,356
EP038990,2026-06-30 07:54:00,U1094,elizabeth.lewis69,WKSTN-U1094,outlook.exe,PROCESS_START,6.0,131
EP024283,2026-06-30 08:01:00,U1059,daniel.perez98,WKSTN-U1059,Chrome,PROCESS_START,20.0,511
EP010042,2026-06-30 07:48:00,U1024,,WKSTN-U1024,Chrome,PROCESS_START,27.0,132
EP026278,2026-06-30 08:11:00,U1064,matthew.wright55,WKSTN-U1064,notepad.exe,PROCESS_START,9.2,237
EP003927,2026-06-30 08:56:00,U1010,susan.young51,WKSTN-U1010,Excel,PROCESS_START,30.6,734
EP011411,2026-06-30 08:48:00,U1027,patricia.brown75,WKSTN-U1027	,outlook.exe,PROCESS_START,18.3,672
EP015100,2026-06-30 08:31:00,U1036,linda.jones,WKSTN-U1036,Excel,PROCESS_START,33.4,203
EP014706,2026-06-30 08:53:00,U1035,NANCY.RODRIGUEZ82,WKSTN-U1035,notepad.exe,PROCESS_START,7.7,439
EP021089,2026-06-30 08:43:00,U1051,sandra.king72,WKSTN-U1051,Zoom	,PROCESS_START,16.3,380
EP007364,2026-06-30 08:38:00,U1018,betty.white57,WKSTN-U1018,outlook.exe,PROCESS_START,2.3,731
EP039385,2026-06-30 08:36:00,U1095,richard.thomas74,WKSTN-U1095,teams.exe,PROCESS_START,29.5,105
EP032746,2026-06-30 08:56:00,U1080,joseph.jackson91,WKSTN-U1080,Slack,process_start,3.6,444
EP014708,2026-06-30 09:05:00,U1035,nancy.rodriguez82,WKSTN-U1035,,PROCESS_START,32.9,692
EP018696,2026-06-30 08:47:00,U1045,daniel.sanchez90,WKSTN-U1045,teams.exe,PROCESS_START,1.7,655
EP009593,2026-06-30 08:33:00,U1023,richard.wright,WKSTN-U1023,Git,PROCESS_START,29.8,
EP020276,2026-06-30 09:04:00,U1049,michelle.jones59,WKSTN-U1049,explorer.exe,PROCESS_START,13.2,679
EP033181,2026-06-30 08:48:00,U1081,margaret.davis,,explorer.exe,PROCESS_START,21.7,237
EP005157,2026-06-30 09:07:00,U1013,emily.smith,WKSTN-U1013,explorer.exe,PROCESS_START,1.5,430
EP010037,2026-06-30 08:39:00,U1024,emily.miller,WKSTN-U1024,Docker Desktop,PROCESS_START,9.2,673
EP023872,2026-06-30 08:33:00,U1058,jennifer.ramirez18,WKSTN-U1058,outlook.exe,PROCESS_START,34.1,897
EP006402,2026-06-30 08:57:00,U1016,patricia.thomas,WKSTN-U1016,,PROCESS_START,11.0,377
EP033180,2026-06-30 09:06:00,U1081,margaret.davis,WKSTN-U1081,teams.exe,PROCESS_START,19.0,663
EP017900,2026-06-30 08:41:00,U1043,thomas.williams91,WKSTN-U1043,outlook.exe,PROCESS_START,10.9,162
EP023092,2026-06-30 09:00:00,U1056,anthony.clark,WKSTN-U1056,Excel,PROCESS_START,3.3,728
EP017500,2026-06-30 08:22:00,U1042,michael.hill56,WKSTN-U1042,Workday,PROCESS_START,20.2,648
EP015101,2026-06-30 08:20:00,U1036,linda.jones,WKSTN-U1036,teams.exe,PROCESS_START,19.6,488
EP026718,2026-06-30 09:04:00,U1065,michael.ramirez47,WKSTN-U1065,outlook.exe,PROCESS_START,4.7,305
EP020692,2026-06-30 08:38:00,U1050,michael.ramirez,WKSTN-U1050,notepad.exe,PROCESS_START,20.9,809
EP020694,2026-06-30 08:36:00,U1050,michael.ramirez,WKSTN-U1050,explorer.exe,PROCESS_START,20.5,427
EP013120,2026-06-30 09:12:00,U1031,john.wright28,WKSTN-U1031,Chrome,PROCESS_START,26.8,347
EP009595,2026-06-30 09:15:00,U1023,richard.wright,WKSTN-U1023,Git,PROCESS_START,26.5,144
EP040968,2026-06-30 09:41:00,U1099,joseph.garcia,WKSTN-U1099,Excel,PROCESS_START,3.5,599
EP003157,2026-06-30 09:20:00,U1008,joshua.hernandez,WKSTN-U1008,outlook.exe,PROCESS_START,6.3,360
EP034526,2026-06-30 09:16:00,U1084,joshua.taylor,WKSTN-U1084,Active Directory Console,PROCESS_START,,353
EP030319,2026-06-30 09:36:00,U1074,  sarah.williams7 ,WKSTN-U1074,chrome.exe,PROCESS_START,12.4,334
EP003560,2026-06-30 09:10:00,U1009,daniel.brown,WKSTN-U1009,Excel,PROCESS_START,32.5,783
EP019109,2026-06-30 09:41:00,U1046,michelle.torres39,WKSTN-U1046,outlook.exe,PROCESS_START,29.4,271
EP034060,2026-06-30 09:13:00,U1083,sarah.allen70,WKSTN-U1083,explorer.exe,PROCESS_START,13.1,219
EP029911,2026-06-30 09:10:00,U1073,michael.gonzalez,WKSTN-U1073,DocuSign,PROCESS_START,13.5,183
EP034957,2026-06-30 09:08:00,U1085,barbara.walker67,WKSTN-U1085,chrome.exe,PROCESS_START,33.4,359
EP031895,2026-06-30 09:29:00,U1078,michelle.miller,WKSTN-U1078,teams.exe,PROCESS_START,4.2,289
EP002788,2026-06-30 09:27:00,U1007,sarah.robinson82,WKSTN-U1007,teams.exe,PROCESS_START,11.6,176
EP031089,2026-06-30 09:13:00,U1076,john.torres,WKSTN-U1076,Outlook,PROCESS_START,31.8,822
EP023469,2026-06-30 09:14:00,U1057,NANCY.SANCHEZ,WKSTN-U1057,notepad.exe,PROCESS_START,19.9,338
EP018295,2026-06-30 09:42:00,U1044,lisa.ramirez9,WKSTN-U1044,teams.exe,PROCESS_START,20.7,618
EP024670,2026-06-30 09:15:00,U1060,matthew.anderson,WKSTN-U1060,  Excel ,PROCESS_START,32.8,387
EP012718,2026-06-30 09:20:00,U1030,betty.rodriguez86,WKSTN-U1030,Git	,PROCESS_START,17.7,341
EP007799,2026-06-30 09:28:00,U1019,donna.anderson,WKSTN-U1019,Jenkins,PROCESS_START,33.2,268
EP027481,2026-06-30 09:30:00,U1067,paul.thomas97,WKSTN-U1067,outlook.exe,PROCESS_START,23.7,567
EP010038,2026-06-30 09:13:00,U1024,emily.miller,WKSTN-U1024,Git,PROCESS_START,32.0,449
EP017096,2026-06-30 09:19:00,U1041,matthew.allen52,WKSTN-U1041,Outlook,PROCESS_START,,436
EP022304,2026-06-30 09:42:00,U1054,anthony.martinez,WKSTN-U1054,Salesforce	,PROCESS_START,10.5,483
EP010039,2026-06-30 09:25:00,U1024,emily.miller,WKSTN-U1024,Docker Desktop,PROCESS_START,13.5,145
EP041373,2026-06-30 09:35:00,U1100,daniel.brown38,WKSTN-U1100,Chrome,PROCESS_START,4.9,887
EP022697,2026-06-30 09:49:00,U1055,patricia.wilson54,WKSTN-U1055,Zoom,PROCESS_START,17.4,751
EP034525,2026-06-30 09:58:00,U1084,joshua.taylor,WKSTN-U1084,PuTTY,PROCESS_START,16.0,791
EP003156,2026-06-30 10:00:00,U1008,joshua.hernandez,WKSTN-U1008,Outlook,PROCESS_START,16.0,121
EP038994,2026-06-30 09:47:00,U1094,elizabeth.lewis69,WKSTN-U1094,chrome.exe,PROCESS_START,33.1,129
EP028305,2026-06-30 09:59:00,U1069,jessica.clark,WKSTN-U1069,outlook.exe,PROCESS_START,2.4,620
EP011838,2026-06-30 09:47:00,U1028,JOHN.HILL,WKSTN-U1028,outlook.exe,PROCESS_START,26.1,612
EP040593,2026-06-30 10:00:00,U1098,nancy.wright49,WKSTN-U1098,PowerPoint,PROCESS_START,20.6,90
EP004304,2026-06-30 09:53:00,U1011,donna.ramirez75,WKSTN-U1011,Excel,PROCESS_START,8.3,195
EP037225,2026-06-30 09:49:00,U1090,mary.hill,WKSTN-U1090	,teams.exe,PROCESS_START,32.7,464
EP021885,2026-06-30 09:46:00,U1053,john.jackson31,WKSTN-U1053,outlook.exe,PROCESS_START,12.1,362
EP000380,2026-06-30 09:55:00,U1001,linda.johnson95,,teams.exe,PROCESS_START,13.9,417
EP027099,2026-06-30 09:48:00,U1066,michelle.wright62,WKSTN-U1066,  chrome.exe ,PROCESS_START,6.5,292
EP002404,2026-06-30 09:49:00,U1006,george.gonzalez,WKSTN-U1006,notepad.exe,PROCESS_START,24.4,814
EP028709,2026-06-30 09:55:00,U1070,BETTY.THOMAS40,WKSTN-U1070	,Chrome,PROCESS_START,6.5,443
EP028710,2026-06-30 10:00:00,U1070,betty.thomas40,WKSTN-U1070,notepad.exe,PROCESS_START,13.4,806
EP010483,2026-06-30 09:53:00,U1025,betty.brown22,WKSTN-U1025,explorer.exe,PROCESS_START,10.0,363
EP040206,2026-06-30 09:50:00,U1097,mark.martinez10,WKSTN-U1097,notepad.exe,PROCESS_START,3.9,541
EP013124,2026-06-30 10:00:00,U1031,john.wright28,WKSTN-U1031,notepad.exe,PROCESS_START,4.7,900
EP005158,2026-06-30 09:52:00,U1013,emily.smith,WKSTN-U1013,Outlook,PROCESS_START,32.0,356
EP013531,2026-06-30 09:43:00,U1032,paul.wright91,WKSTN-U1032,outlook.exe,PROCESS_START,3.1,101
EP017501,2026-06-30 09:46:00,U1042,michael.hill56,WKSTN-U1042,notepad.exe,PROCESS_START,19.3,325
EP015099,2026-06-30 09:55:00,U1036,linda.jones,WKSTN-U1036,Chrome,PROCESS_START,1.2,230
EP016288,2026-06-30 09:55:00,U1039,mark.thomas,WKSTN-U1039,chrome.exe,PROCESS_START,5.8,302
EP021084,2026-06-30 09:58:00,U1051,sandra.king72,WKSTN-U1051,Excel,PROCESS_START,12.1,189
EP034523,2026-06-30 09:51:00,U1084,joshua.taylor,WKSTN-U1084,teams.exe,PROCESS_START,19.4,793
EP009148,2026-06-30 10:02:00,U1022,sandra.brown,WKSTN-U1022,Git,PROCESS_START,32.6,
EP029517,2026-06-30 10:22:00,U1072,kenneth.lopez,WKSTN-U1072,,PROCESS_START,5.6,163
EP004723,2026-06-30 10:25:00,U1012,linda.martinez,WKSTN-U1012,QuickBooks,PROCESS_START,11.5,286
EP011837,2026-06-30 10:07:00,U1028,john.hill,WKSTN-U1028,explorer.exe,PROCESS_START,,861
EP023468,2026-06-30 10:14:00,U1057,nancy.sanchez	,WKSTN-U1057,Chrome,PROCESS_START,28.7,157
EP027098,2026-06-30 10:06:00,U1066,michelle.wright62,WKSTN-U1066,outlook.exe,PROCESS_START,16.7,320
EP038561,2026-06-30 10:25:00,U1093,sarah.clark44,WKSTN-U1093,teams.exe,PROCESS_START,15.1,318
EP034524,2026-06-30 10:06:00,U1084,joshua.taylor,WKSTN-U1084,Terminal,PROCESS_START,11.3,424
EP023471,2026-06-30 10:24:00,U1057,nancy.sanchez,WKSTN-U1057	,,PROCESS_START,34.5,568
EP030317,2026-06-30 10:02:00,U1074,sarah.williams7	,,teams.exe,PROCESS_START,17.4,99
EP024286,2026-06-30 10:10:00,U1059,daniel.perez98,WKSTN-U1059,teams.exe,PROCESS_START,1.3,556
EP016704,2026-06-30 10:03:00,U1040,matthew.martin,WKSTN-U1040,outlook.exe,PROCESS_START,27.0,751
EP029112,2026-06-30 10:04:00,U1071,matthew.robinson35,WKSTN-U1071,Chrome,PROCESS_START,5.8,248
EP029519,2026-06-30 10:19:00,U1072,kenneth.lopez,,teams.exe,PROCESS_START,9.7,410
EP016286,2026-06-30 10:05:00,U1039,mark.thomas,WKSTN-U1039,teams.exe,PROCESS_START,,550
EP023869,2026-06-30 10:01:00,U1058,jennifer.ramirez18,WKSTN-U1058,  teams.exe ,PROCESS_START,6.4,826
EP039388,2026-06-30 10:12:00,U1095,richard.thomas74,WKSTN-U1095,explorer.exe	,PROCESS_START,26.5,393
EP040969,2026-06-30 10:03:00,U1099,,WKSTN-U1099,Chrome,PROCESS_START,25.2,788
EP007802,2026-06-30 10:13:00,U1019,donna.anderson,WKSTN-U1019,explorer.exe,PROCESS_START,27.3,118
EP014709,2026-06-30 10:03:00,U1035,nancy.rodriguez82,WKSTN-U1035,notepad.exe,PROCESS_START,22.7,493
EP023470,2026-06-30 10:04:00,U1057,nancy.sanchez,WKSTN-U1057,Salesforce,PROCESS_START,4.9,144
EP032313,2026-06-30 10:04:00,U1079,emily.jones,WKSTN-U1079,PuTTY,PROCESS_START,8.9,648
EP008693,2026-06-30 10:14:00,U1021,jessica.walker,WKSTN-U1021,Slack,PROCESS_START,18.5,231
EP035843,2026-06-30 10:05:00,U1087,charles.sanchez,WKSTN-U1087,teams.exe,PROCESS_START,29.5,854
EP032311,2026-06-30 10:13:00,U1079,emily.jones,WKSTN-U1079,Wireshark,PROCESS_START,30.5,760
EP015913,2026-06-30 10:33:00,U1038,emily.clark,WKSTN-U1038,outlook.exe,process_start,6.3,295
EP013529,2026-06-30 10:28:00,U1032,paul.wright91,WKSTN-U1032,Workday,PROCESS_START,18.9,426
EP014705,2026-06-30 10:35:00,U1035,nancy.rodriguez82,WKSTN-U1035,explorer.exe,PROCESS_START,32.2,664
EP039803,2026-06-30 10:48:00,U1096,DAVID.ALLEN76,WKSTN-U1096,Outlook,PROCESS_START,11.2,692
EP001610,2026-06-30 10:37:00,U1004,elizabeth.wilson98,WKSTN-U1004,QuickBooks,PROCESS_START,5.2,175
EP006404,2026-06-30 10:43:00,U1016,PATRICIA.THOMAS,,teams.exe,PROCESS_START,17.4,788
EP014319,2026-06-30 10:38:00,U1034,thomas.allen63,WKSTN-U1034,chrome.exe,PROCESS_START,30.0,745
EP007800,2026-06-30 10:36:00,U1019,donna.anderson,WKSTN-U1019,VSCode,PROCESS_START,20.2,463
EP005547,2026-06-30 10:44:00,U1014,james.taylor,WKSTN-U1014,Chrome,PROCESS_START,24.1,253
EP009149,2026-06-30 10:38:00,U1022,sandra.brown,WKSTN-U1022,VSCode,PROCESS_START,4.2,516
EP013125,2026-06-30 10:45:00,U1031,john.wright28,WKSTN-U1031,teams.exe,PROCESS_START,20.4,
EP013532,2026-06-30 10:31:00,U1032,paul.wright91,WKSTN-U1032,Workday,PROCESS_START,32.3,848
EP018695,2026-06-30 10:41:00,U1045,daniel.sanchez90,WKSTN-U1045,teams.exe,PROCESS_START,16.6,181
EP026721,2026-06-30 10:44:00,U1065,michael.ramirez47,WKSTN-U1065,Chrome,PROCESS_START,4.6,457
EP021086,2026-06-30 10:34:00,U1051,sandra.king72,WKSTN-U1051,Chrome,PROCESS_START,1.8,108
EP035404,2026-06-30 10:31:00,U1086,steven.thompson53,WKSTN-U1086,Wireshark,PROCESS_START,19.1,488
EP001608,2026-06-30 10:39:00,U1004,elizabeth.wilson98,WKSTN-U1004,chrome.exe,PROCESS_START,2.4,445
EP008244,2026-06-30 10:47:00,U1020,andrew.thomas36,WKSTN-U1020,chrome.exe,PROCESS_START,10.6,488
EP031891,2026-06-30 10:46:00,U1078,michelle.miller,WKSTN-U1078,DocuSign,PROCESS_START,19.9,303
EP034059,2026-06-30 10:26:00,U1083,sarah.allen70,WKSTN-U1083,PuTTY,PROCESS_START,4.1,810
EP007362,2026-06-30 10:30:00,U1018,BETTY.WHITE57,WKSTN-U1018,notepad.exe,PROCESS_START,12.0,123
EP018693,2026-06-30 10:34:00,U1045,daniel.sanchez90,WKSTN-U1045,,PROCESS_START,32.7,489
EP012274,2026-06-30 10:47:00,U1029,michelle.garcia54,WKSTN-U1029,chrome.exe,PROCESS_START,20.8,732
EP038122,2026-06-30 10:36:00,U1092,steven.thomas,WKSTN-U1092,Chrome,PROCESS_START,18.3,857
EP017896,2026-06-30 10:45:00,U1043,thomas.williams91,WKSTN-U1043,Excel,PROCESS_START,31.8,363
EP014704,2026-06-30 11:05:00,U1035,nancy.rodriguez82,WKSTN-U1035,Outlook,PROCESS_START,24.3,403
EP013121,2026-06-30 11:03:00,U1031,john.wright28,WKSTN-U1031,Outlook,PROCESS_START,24.9,346
EP033623,2026-06-30 10:53:00,U1082,karen.hill96,WKSTN-U1082,notepad.exe,PROCESS_START,32.2,375
EP032747,2026-06-30 10:55:00,U1080,joseph.jackson91	,  WKSTN-U1080 ,Terminal,,9.8,587
EP012272,2026-06-30 10:55:00,U1029,michelle.garcia54,WKSTN-U1029,Docker Desktop,PROCESS_START,19.3,323
EP013533,2026-06-30 10:51:00,U1032,paul.wright91,WKSTN-U1032,Excel,PROCESS_START,25.6,
EP001218,2026-06-30 11:00:00,U1003,kenneth.clark29,WKSTN-U1003,Chrome,PROCESS_START,33.5,151
EP013922,2026-06-30 10:59:00,U1033,linda.miller,WKSTN-U1033,WORKDAY	,PROCESS_START,25.0,594
EP021087,2026-06-30 10:49:00,U1051,sandra.king72,WKSTN-U1051,notepad.exe	,,8.5,114
EP025496,2026-06-30 11:01:00,U1062,,WKSTN-U1062,Excel,PROCESS_START,28.8,601
EP019516,2026-06-30 10:58:00,U1047,sandra.lewis,WKSTN-U1047,  explorer.exe ,PROCESS_START,3.2,786
EP031483,2026-06-30 10:52:00,U1077,kimberly.harris58,WKSTN-U1077,explorer.exe,PROCESS_START,9.4,142
EP031484,2026-06-30 10:50:00,U1077,kimberly.harris58,WKSTN-U1077,Chrome,PROCESS_START,9.9,672
EP015509,2026-06-30 10:53:00,U1037,robert.martin,WKSTN-U1037,notepad.exe,PROCESS_START,23.7,413
EP006908,2026-06-30 11:06:00,U1017,emily.hernandez34,WKSTN-U1017,chrome.exe,PROCESS_START,13.7,353
EP040595,2026-06-30 10:54:00,U1098,nancy.wright49,WKSTN-U1098,PowerPoint,PROCESS_START,1.8,686
EP019514,2026-06-30 11:03:00,U1047,sandra.lewis,WKSTN-U1047,outlook.exe,PROCESS_START,9.6,849
EP000381,2026-06-30 10:50:00,U1001,linda.johnson95,WKSTN-U1001,notepad.exe,PROCESS_START,15.6,746
EP040594,2026-06-30 10:53:00,U1098,nancy.wright49,WKSTN-U1098,teams.exe,PROCESS_START,12.5,103
EP017098,2026-06-30 10:53:00,U1041,matthew.allen52,WKSTN-U1041,Chrome,PROCESS_START,23.1,249
EP003929,2026-06-30 10:49:00,U1010,susan.young51,WKSTN-U1010,Outlook,PROCESS_START,8.9,622
EP039387,2026-06-30 10:56:00,U1095,richard.thomas74,WKSTN-U1095,PowerPoint,PROCESS_START,,116
EP014316,2026-06-30 10:55:00,U1034,THOMAS.ALLEN63,WKSTN-U1034,notepad.exe,,2.9,458
EP001215,2026-06-30 10:58:00,U1003,kenneth.clark29,WKSTN-U1003,Excel,PROCESS_START,26.1,808
EP040967,2026-06-30 10:56:00,U1099,joseph.garcia,WKSTN-U1099,Zoom,PROCESS_START,25.4,467
EP026274,2026-06-30 11:35:00,U1064,matthew.wright55,WKSTN-U1064,Chrome,PROCESS_START,25.6,519
EP027864,2026-06-30 11:34:00,U1068,susan.thompson34,WKSTN-U1068,DocuSign,PROCESS_START,32.3,99
EP005552,2026-06-30 11:34:00,U1014,james.taylor,WKSTN-U1014,teams.exe,PROCESS_START,5.7,200
EP024671,2026-06-30 11:25:00,U1060,matthew.anderson,WKSTN-U1060,Chrome,PROCESS_START,29.0,684
EP009146,2026-06-30 11:13:00,U1022,sandra.brown,WKSTN-U1022,notepad.exe,PROCESS_START,29.6,244
EP030704,2026-06-30 11:07:00,U1075,steven.lewis,WKSTN-U1075,Chrome,PROCESS_START,24.4,528
EP023871,2026-06-30 11:19:00,U1058,jennifer.ramirez18,WKSTN-U1058,teams.exe,PROCESS_START,2.2,-358.0
EP029518,2026-06-30 11:27:00,U1072,kenneth.lopez,WKSTN-U1072,outlook.exe,PROCESS_START,31.5,124
EP037671,2026-06-30 11:27:00,U1091,linda.robinson,WKSTN-U1091,explorer.exe,PROCESS_START,26.8,882
EP038120,2026-06-30 11:07:00,U1092,steven.thomas,WKSTN-U1092,outlook.exe,PROCESS_START,28.7,364
EP024284,2026-06-30 11:15:00,U1059,,WKSTN-U1059,Zoom,PROCESS_START,4.2,530
EP001611,2026-06-30 11:24:00,U1004,elizabeth.wilson98,WKSTN-U1004,Chrome,PROCESS_START,7.1,252
EP022696,2026-06-30 11:15:00,U1055,patricia.wilson54,  WKSTN-U1055 ,chrome.exe,PROCESS_START,7.0,548
EP021085,2026-06-30 11:21:00,U1051,sandra.king72,WKSTN-U1051,Chrome,PROCESS_START,4.1,806
EP034061,2026-06-30 11:24:00,U1083,sarah.allen70,WKSTN-U1083,Active Directory Console,PROCESS_START,4.9,264
EP031892,2026-06-30 11:34:00,U1078,michelle.miller,WKSTN-U1078,  chrome.exe ,PROCESS_START,16.1,477
EP009147,2026-06-30 11:25:00,U1022,sandra.brown,WKSTN-U1022,explorer.exe,PROCESS_START,1.8,620
EP018697,2026-06-30 11:34:00,U1045,daniel.sanchez90,WKSTN-U1045,Workday,PROCESS_START,7.5,182
EP039386,2026-06-30 11:31:00,U1095,richard.thomas74,WKSTN-U1095,Outlook	,PROCESS_START,7.3,271
EP011408,2026-06-30 11:10:00,U1027,patricia.brown75,WKSTN-U1027,teams.exe,PROCESS_START,31.5,754
EP035845,2026-06-30 11:09:00,U1087,charles.sanchez,WKSTN-U1087,explorer.exe,PROCESS_START,9.7,95
EP010482,2026-06-30 11:23:00,U1025,betty.brown22,WKSTN-U1025,Jenkins	,PROCESS_START,15.0,760
EP038992,2026-06-30 11:35:00,U1094,elizabeth.lewis69,WKSTN-U1094,teams.exe,PROCESS_START,21.1,730
EP036320,2026-06-30 11:16:00,U1088,andrew.smith85,WKSTN-U1088,teams.exe,PROCESS_START,27.2,680
EP029913,2026-06-30 11:10:00,U1073,michael.gonzalez,WKSTN-U1073,teams.exe,PROCESS_START,16.0,883
EP040592,2026-06-30 11:45:00,U1098,nancy.wright49,WKSTN-U1098,explorer.exe,PROCESS_START,16.4,553
EP034956,2026-06-30 11:55:00,U1085,barbara.walker67,WKSTN-U1085,Slack,PROCESS_START,3.8,527
EP018694,2026-06-30 11:55:00,U1045,daniel.sanchez90,WKSTN-U1045,Workday,PROCESS_START,1.4,566
EP005551,2026-06-30 11:45:00,U1014,james.taylor,WKSTN-U1014,SAP,PROCESS_START,29.7,732
EP036759,2026-06-30 12:02:00,U1089,paul.brown27,WKSTN-U1089,outlook.exe,PROCESS_START,6.6,219
EP038991,2026-06-30 11:55:00,U1094,elizabeth.lewis69,WKSTN-U1094,chrome.exe,PROCESS_START,14.8,603
EP018294,2026-06-30 11:36:00,U1044,lisa.ramirez9,WKSTN-U1044,chrome.exe,PROCESS_START,18.5,819
EP010041,2026-06-30 11:40:00,U1024,emily.miller,WKSTN-U1024,chrome.exe,PROCESS_START,31.2,324
EP030318,2026-06-30 11:37:00,U1074,  sarah.williams7 ,WKSTN-U1074,Chrome,PROCESS_START,1.2,831
EP032743,2026-06-30 11:47:00,U1080,  joseph.jackson91 ,WKSTN-U1080,Terminal,PROCESS_START,6.0,
EP015914,2026-06-30 11:48:00,U1038,emily.clark	,WKSTN-U1038,Workday,PROCESS_START,14.3,582
EP003154,2026-06-30 11:47:00,U1008,joshua.hernandez,WKSTN-U1008,notepad.exe,PROCESS_START,14.5,474
EP017897,2026-06-30 11:37:00,U1043,thomas.williams91,WKSTN-U1043,Outlook,PROCESS_START,32.6,691
EP012273,2026-06-30 11:41:00,U1029,michelle.garcia54,WKSTN-U1029,  outlook.exe ,PROCESS_START,6.7,479
EP035403,2026-06-30 11:44:00,U1086,steven.thompson53,,notepad.exe,PROCESS_START,13.1,550
EP032742,2026-06-30 12:06:00,U1080,joseph.jackson91,WKSTN-U1080,Active Directory Console,PROCESS_START,4.2,275
EP006403,2026-06-30 11:55:00,U1016,patricia.thomas,WKSTN-U1016,Slack,PROCESS_START,31.2,133
EP039801,2026-06-30 11:56:00,U1096,david.allen76,WKSTN-U1096,Zoom,PROCESS_START,,789
EP021888,2026-06-30 11:40:00,U1053,john.jackson31,WKSTN-U1053,chrome.exe,PROCESS_START,11.4,N/A
EP003564,2026-06-30 11:45:00,U1009,daniel.brown,WKSTN-U1009,Outlook,PROCESS_START,8.8,713
EP038564,2026-06-30 12:01:00,U1093,sarah.clark44,  WKSTN-U1093 ,chrome.exe,PROCESS_START,31.7,105
EP005961,2026-06-30 11:36:00,U1015,lisa.hernandez,WKSTN-U1015,QuickBooks,PROCESS_START,11.2,464
EP020690,2026-06-30 11:45:00,U1050,michael.ramirez,WKSTN-U1050,Salesforce,PROCESS_START,15.8,235
EP027483,2026-06-30 11:52:00,U1067,paul.thomas97,WKSTN-U1067,notepad.exe,PROCESS_START,27.4,283
EP003561,2026-06-30 11:41:00,U1009,daniel.brown,WKSTN-U1009,Outlook,PROCESS_START,2.4,756
EP000805,2026-06-30 12:21:00,U1002,donna.ramirez,WKSTN-U1002,QuickBooks,PROCESS_START,11.1,894
EP029912,2026-06-30 12:07:00,U1073,michael.gonzalez,WKSTN-U1073,Outlook,PROCESS_START,18.8,467
EP011410,2026-06-30 12:13:00,U1027,patricia.brown75,WKSTN-U1027,explorer.exe,PROCESS_START,20.0,378
EP027863,2026-06-30 12:11:00,U1068,susan.thompson34,WKSTN-U1068,notepad.exe,PROCESS_START,4.6,N/A
EP008692,2026-06-30 12:19:00,U1021,jessica.walker,WKSTN-U1021,Chrome,PROCESS_START,30.9,200
EP026719,2026-06-30 12:29:00,U1065,michael.ramirez47,WKSTN-U1065,outlook.exe,PROCESS_START,23.5,426
EP004306,2026-06-30 12:27:00,U1011,donna.ramirez75,WKSTN-U1011,QuickBooks,PROCESS_START,35.0,289
EP018290,2026-06-30 12:19:00,U1044,lisa.ramirez9,WKSTN-U1044,  notepad.exe ,PROCESS_START,3.5,631
EP006905,2026-06-30 12:10:00,U1017,emily.hernandez34,WKSTN-U1017,Chrome,PROCESS_START,4.2,172
EP012717,2026-06-30 12:23:00,U1030,BETTY.RODRIGUEZ86,WKSTN-U1030,Git,PROCESS_START,9.9,480
EP022695,2026-06-30 12:13:00,U1055,patricia.wilson54,WKSTN-U1055,Salesforce,PROCESS_START,7.1,171
EP023090,2026-06-30 12:07:00,U1056,anthony.clark,WKSTN-U1056	,chrome.exe,PROCESS_START,31.8,614
EP004305,2026-06-30 12:20:00,U1011,donna.ramirez75,WKSTN-U1011,outlook,PROCESS_START,13.2,853
EP002407,2026-06-30 12:10:00,U1006,george.gonzalez,WKSTN-U1006,teams.exe,PROCESS_START,8.2,302
EP000378,2026-06-30 12:09:00,U1001,linda.johnson95,WKSTN-U1001,teams.exe,PROCESS_START,7.6,189
EP037226,2026-06-30 12:25:00,U1090,mary.hill,WKSTN-U1090,Wireshark,PROCESS_START,7.8,725
EP028307,2026-06-30 12:26:00,U1069,jessica.clark,WKSTN-U1069,chrome.exe,PROCESS_START,32.8,266
EP002406,2026-06-30 12:29:00,U1006,george.gonzalez,WKSTN-U1006,Outlook,PROCESS_START,20.1,474
EP021477,2026-06-30 12:11:00,U1052,paul.taylor,WKSTN-U1052,teams.exe,PROCESS_START,22.5,801
EP037224,2026-06-30 12:13:00,U1090,mary.hill,WKSTN-U1090,teams.exe,PROCESS_START,24.2,637
EP006907,2026-06-30 12:23:00,U1017,emily.hernandez34,WKSTN-U1017,teams.exe	,PROCESS_START,7.4,224
EP014317,2026-06-30 12:30:00,U1034,thomas.allen63,WKSTN-U1034,Excel,PROCESS_START,29.9,396
EP000383,2026-06-30 12:13:00,U1001,linda.johnson95,WKSTN-U1001,Outlook,PROCESS_START,17.3,261
EP031890,2026-06-30 12:15:00,U1078,michelle.miller,WKSTN-U1078,Chrome,PROCESS_START,19.9,402
EP026276,2026-06-30 12:28:00,U1064,matthew.wright55,WKSTN-U1064,CHROME,,12.6,639
EP013123,2026-06-30 12:39:00,U1031,john.wright28,WKSTN-U1031,teams.exe,PROCESS_START,33.1,250
EP025099,2026-06-30 12:34:00,U1061,  jessica.rodriguez ,WKSTN-U1061	,chrome.exe,PROCESS_START,14.4,270
EP031894,2026-06-30 12:55:00,U1078,michelle.miller,WKSTN-U1078,Chrome,PROCESS_START,28.6,670
EP026273,2026-06-30 12:36:00,U1064,matthew.wright55,WKSTN-U1064,DocuSign,PROCESS_START,2.5,233
EP029111,2026-06-30 12:46:00,U1071,,WKSTN-U1071,Outlook,PROCESS_START,28.7,573
EP037228,2026-06-30 13:00:00,U1090,mary.hill,WKSTN-U1090,Terminal,,18.6,521
EP021475,2026-06-30 12:36:00,U1052,paul.taylor,WKSTN-U1052,Chrome,PROCESS_START,30.5,453
EP019515,2026-06-30 12:59:00,U1047,sandra.lewis,WKSTN-U1047,outlook.exe,PROCESS_START,11.8,684
EP020691,2026-06-30 12:49:00,U1050,michael.ramirez,WKSTN-U1050,chrome.exe,PROCESS_START,22.1,650
EP013528,2026-06-30 12:55:00,U1032,paul.wright91,WKSTN-U1032,Outlook,PROCESS_START,19.5,466
EP031481,2026-06-30 12:54:00,U1077,,WKSTN-U1077,notepad.exe,PROCESS_START,5.5,718
EP034959,2026-06-30 12:43:00,U1085,barbara.walker67,WKSTN-U1085,PuTTY,PROCESS_START,34.4,792
EP002403,2026-06-30 12:55:00,U1006,george.gonzalez,WKSTN-U1006,quickbooks,PROCESS_START,27.5,205
EP003562,2026-06-30 12:55:00,U1009,daniel.brown,WKSTN-U1009,SAP,PROCESS_START,1.3,425
EP002008,2026-06-30 12:31:00,U1005,robert.robinson,WKSTN-U1005,outlook.exe,PROCESS_START,23.4,471
EP015510,2026-06-30 12:36:00,U1037,robert.martin,WKSTN-U1037,explorer.exe,,4.7,789
EP002006,2026-06-30 12:40:00,U1005,robert.robinson,WKSTN-U1005,Outlook,PROCESS_START,30.8,249
EP027484,2026-06-30 13:01:00,U1067,paul.thomas97,WKSTN-U1067,DocuSign,PROCESS_START,22.9,147
EP010484,2026-06-30 13:01:00,U1025,betty.brown22,WKSTN-U1025	,Docker Desktop,PROCESS_START,11.9,545
EP015098,2026-06-30 12:35:00,U1036,linda.jones,WKSTN-U1036,notepad.exe,PROCESS_START,15.3,726
EP039384,2026-06-30 12:38:00,U1095,richard.thomas74,WKSTN-U1095,,PROCESS_START,21.9,82
EP039802,2026-06-30 12:35:00,U1096,david.allen76,WKSTN-U1096,Outlook,PROCESS_START,32.8,102
EP002405,2026-06-30 12:33:00,U1006,george.gonzalez,WKSTN-U1006,Outlook,PROCESS_START,16.8,894
EP014318,2026-06-30 13:00:00,U1034,thomas.allen63,WKSTN-U1034,outlook.exe,PROCESS_START,6.8,889
EP029114,2026-06-30 12:58:00,U1071,matthew.robinson35,WKSTN-U1071,teams.exe,PROCESS_START,19.5,455
EP008695,2026-06-30 13:17:00,U1021,jessica.walker,WKSTN-U1021,outlook.exe,PROCESS_START,17.0,119
EP035841,2026-06-30 13:18:00,U1087,charles.sanchez,WKSTN-U1087,Active Directory Console,PROCESS_START,-14.0,508
EP038123,2026-06-30 13:09:00,U1092,steven.thomas,WKSTN-U1092,PuTTY,PROCESS_START,34.1,669
EP036756,2026-06-30 13:02:00,U1089,paul.brown27,WKSTN-U1089,active directory console,PROCESS_START,5.0,667
EP038993,2026-06-30 13:06:00,U1094,elizabeth.lewis69,WKSTN-U1094,Active Directory Console,,8.0,
EP012716,2026-06-30 13:18:00,U1030,betty.rodriguez86,WKSTN-U1030,explorer.exe,PROCESS_START,7.9,860
EP037669,2026-06-30 13:30:00,U1091,linda.robinson,WKSTN-U1091	,Terminal,PROCESS_START,28.4,276
EP036755,2026-06-30 13:23:00,U1089,paul.brown27,WKSTN-U1089,Terminal,PROCESS_START,2.8,154
EP010485,2026-06-30 13:05:00,U1025,betty.brown22,WKSTN-U1025,Jenkins,PROCESS_START,31.5,331
EP001217,2026-06-30 13:27:00,U1003,kenneth.clark29,WKSTN-U1003,notepad.exe,PROCESS_START,19.9,535
EP036321,2026-06-30 13:32:00,U1088,andrew.smith85,WKSTN-U1088,teams.exe,PROCESS_START,,379
EP030703,2026-06-30 13:10:00,U1075,steven.lewis,WKSTN-U1075,explorer.exe,PROCESS_START,19.6,627
EP030316,2026-06-30 13:27:00,U1074,sarah.williams7,WKSTN-U1074,DocuSign,PROCESS_START,5.7,-604.0
EP031893,2026-06-30 13:06:00,U1078,michelle.miller,WKSTN-U1078,notepad.exe,PROCESS_START,3.2,291
EP023873,2026-06-30 13:13:00,U1058,,WKSTN-U1058,Chrome,PROCESS_START,15.0,227
EP034058,2026-06-30 13:33:00,U1083,sarah.allen70,,PuTTY,PROCESS_START,32.1,692
EP027096,2026-06-30 13:19:00,U1066,michelle.wright62,WKSTN-U1066,Chrome,PROCESS_START,15.5,878
EP017095,2026-06-30 13:07:00,U1041,matthew.allen52,WKSTN-U1041,notepad.exe,PROCESS_START,28.3,802
EP028707,2026-06-30 13:06:00,U1070,betty.thomas40,WKSTN-U1070,chrome.exe,PROCESS_START,1.5,193
EP006405,2026-06-30 13:24:00,U1016,patricia.thomas,WKSTN-U1016,explorer.exe,PROCESS_START,34.5,176
EP015511,2026-06-30 13:32:00,U1037,robert.martin,WKSTN-U1037,Excel,PROCESS_START,6.3,298
EP005964,2026-06-30 13:21:00,U1015,lisa.hernandez,WKSTN-U1015,explorer.exe,PROCESS_START,1.8,557
EP019111,2026-06-30 13:26:00,U1046,michelle.torres39,WKSTN-U1046,Excel,PROCESS_START,33.1,541
EP017899,2026-06-30 13:07:00,U1043,thomas.williams91,WKSTN-U1043,teams.exe,PROCESS_START,10.2,158
EP031090,2026-06-30 13:15:00,U1076,john.torres,WKSTN-U1076,Word,PROCESS_START,22.9,219
EP030320,2026-06-30 14:07:00,U1074,sarah.williams7,WKSTN-U1074,chrome,PROCESS_START,23.6,855
EP041374,2026-06-30 13:58:00,U1100,DANIEL.BROWN38,WKSTN-U1100,outlook.exe,PROCESS_START,27.9,114
EP010930,2026-06-30 14:08:00,U1026,ELIZABETH.GONZALEZ,WKSTN-U1026,explorer.exe,process_start,26.0,304
EP010040,2026-06-30 14:16:00,U1024,emily.miller,WKSTN-U1024,chrome.exe,PROCESS_START,21.8,405
EP019894,2026-06-30 14:19:00,U1048,jennifer.thomas87,WKSTN-U1048,outlook.exe,PROCESS_START,27.3,391
EP013923,2026-06-30 14:01:00,U1033,linda.miller,WKSTN-U1033,Outlook,PROCESS_START,3.2,275
EP022698,2026-06-30 13:43:00,U1055,patricia.wilson54,WKSTN-U1055,Excel,PROCESS_START,17.1,751
EP000803,2026-06-30 13:52:00,U1002,donna.ramirez,WKSTN-U1002,,PROCESS_START,19.1,219
EP034960,2026-06-30 13:46:00,U1085,barbara.walker67,WKSTN-U1085,teams.exe,PROCESS_START,20.6,505
EP028303,2026-06-30 13:50:00,U1069,jessica.clark,WKSTN-U1069,Word,PROCESS_START,32.7,664
EP020277,2026-06-30 13:50:00,U1049,michelle.jones59,WKSTN-U1049,notepad.exe,PROCESS_START,,367
EP026277,2026-06-30 13:56:00,U1064,matthew.wright55,WKSTN-U1064,notepad.exe,PROCESS_START,31.6,775
EP010927,2026-06-30 14:09:00,U1026,elizabeth.gonzalez,WKSTN-U1026,Docker Desktop,PROCESS_START,3.0,219
EP004722,2026-06-30 13:54:00,U1012,linda.martinez,WKSTN-U1012,Excel,PROCESS_START,5.6,757
EP037227,2026-06-30 14:17:00,U1090,mary.hill,WKSTN-U1090,PuTTY,PROCESS_START,9.5,434
EP009591,2026-06-30 13:48:00,U1023,richard.wright,WKSTN-U1023,outlook.exe,PROCESS_START,34.4,328
EP030702,2026-06-30 14:10:00,U1075,steven.lewis,WKSTN-U1075,outlook.exe,PROCESS_START,30.8,537
EP033622,2026-06-30 13:43:00,U1082,karen.hill96,WKSTN-U1082	,slack,PROCESS_START,25.4,893
EP014315,2026-06-30 13:54:00,U1034,thomas.allen63,WKSTN-U1034,Excel,PROCESS_START,8.7,367
EP016705,2026-06-30 14:17:00,U1040,matthew.martin	,WKSTN-U1040,Excel,PROCESS_START,13.3,465
EP035846,2026-06-30 14:13:00,U1087,charles.sanchez,WKSTN-U1087,explorer.exe,PROCESS_START,20.7,112
EP036757,2026-06-30 14:03:00,U1089,paul.brown27,WKSTN-U1089,explorer.exe,PROCESS_START,6.3,238
EP025886,2026-06-30 14:07:00,U1063,john.nguyen,WKSTN-U1063,Word,PROCESS_START,29.2,541
EP027097,2026-06-30 13:53:00,U1066,michelle.wright62,WKSTN-U1066,Chrome,PROCESS_START,24.0,878
EP027862,2026-06-30 13:55:00,U1068,  susan.thompson34 ,WKSTN-U1068,,PROCESS_START,5.2,510
EP003153,2026-06-30 14:31:00,U1008,joshua.hernandez,WKSTN-U1008,Chrome,PROCESS_START,6.0,428
EP026275,2026-06-30 14:29:00,U1064,matthew.wright55,WKSTN-U1064,Chrome,PROCESS_START,27.7,730
EP036319,2026-06-30 14:23:00,U1088,andrew.smith85,WKSTN-U1088,Wireshark,PROCESS_START,28.4,622
EP024285,2026-06-30 14:29:00,U1059,daniel.perez98,WKSTN-U1059,Outlook,PROCESS_START,9.6,607
EP038563,2026-06-30 14:39:00,U1093,sarah.clark44,WKSTN-U1093,PuTTY,PROCESS_START,20.1,606
EP001216,2026-06-30 14:23:00,U1003,kenneth.clark29,WKSTN-U1003,chrome.exe,PROCESS_START,4.9,690
EP023870,2026-06-30 14:46:00,U1058,jennifer.ramirez18,WKSTN-U1058,outlook,PROCESS_START,1.2,669
EP005159,2026-06-30 14:46:00,U1013,emily.smith,WKSTN-U1013,Excel,PROCESS_START,5.8,830
EP008245,2026-06-30 14:24:00,U1020,andrew.thomas36,WKSTN-U1020,Git,PROCESS_START,5.3,741
EP008243,2026-06-30 14:20:00,U1020,andrew.thomas36,WKSTN-U1020,chrome.exe,PROCESS_START,31.2,606
EP011409,2026-06-30 14:45:00,U1027,patricia.brown75,WKSTN-U1027,Git,PROCESS_START,1.7,690
EP040207,2026-06-30 14:20:00,U1097,mark.martinez10,WKSTN-U1097,outlook.exe,PROCESS_START,24.9,809
EP004724,2026-06-30 14:32:00,U1012,linda.martinez,WKSTN-U1012,Outlook,PROCESS_START,26.6,520
EP035401,2026-06-30 14:31:00,U1086,steven.thompson53,WKSTN-U1086,Active Directory Console,PROCESS_START,18.4,448
EP017499,2026-06-30 14:33:00,U1042,michael.hill56,WKSTN-U1042,outlook.exe,PROCESS_START,11.8,499
EP001219,2026-06-30 14:36:00,U1003,kenneth.clark29,WKSTN-U1003,Excel,PROCESS_START,24.3,690
EP022302,2026-06-30 14:35:00,U1054,anthony.martinez,WKSTN-U1054,outlook.exe,PROCESS_START,32.2,774
EP025098,2026-06-30 14:33:00,U1061,jessica.rodriguez,WKSTN-U1061,chrome.exe,PROCESS_START,16.6,115
EP018293,2026-06-30 14:29:00,U1044,lisa.ramirez9,WKSTN-U1044,notepad.exe,PROCESS_START,5.1,629
EP032745,2026-06-30 14:46:00,U1080,joseph.jackson91,WKSTN-U1080,explorer.exe,PROCESS_START,8.4,234
EP016287,2026-06-30 14:29:00,U1039,mark.thomas,WKSTN-U1039,chrome.exe,PROCESS_START,23.7,805
EP001214,2026-06-30 14:20:00,U1003,kenneth.clark29,WKSTN-U1003,notepad.exe,PROCESS_START,19.5,321
EP007363,2026-06-30 14:38:00,U1018,betty.white57,WKSTN-U1018,Slack,PROCESS_START,5.9,656
EP017898,2026-06-30 14:20:00,U1043,thomas.williams91,WKSTN-U1043,Chrome,PROCESS_START,19.2,792
EP013122,2026-06-30 14:38:00,U1031,john.wright28,WKSTN-U1031,Chrome,PROCESS_START,9.3,734
EP026717,2026-06-30 14:50:00,U1065,michael.ramirez47,WKSTN-U1065,,PROCESS_START,,700
EP023868,2026-06-30 14:55:00,U1058,jennifer.ramirez18,WKSTN-U1058,explorer.exe,PROCESS_START,13.3,870
EP021088,2026-06-30 14:55:00,U1051,sandra.king72,WKSTN-U1051,Salesforce,PROCESS_START,6.8,704
EP014707,2026-06-30 15:01:00,U1035,nancy.rodriguez82,WKSTN-U1035,Outlook,PROCESS_START,29.3,363
EP032312,2026-06-30 15:02:00,U1079,emily.jones,WKSTN-U1079,outlook.exe,PROCESS_START,28.7,774
EP006910,2026-06-30 15:02:00,U1017,emily.hernandez34,WKSTN-U1017,Git,PROCESS_START,12.9,716
EP012715,2026-06-30 15:01:00,U1030,,WKSTN-U1030,explorer.exe,PROCESS_START,24.2,842
EP034062,2026-06-30 14:56:00,U1083,sarah.allen70,WKSTN-U1083,Active Directory Console,PROCESS_START,33.5,367
EP041372,2026-06-30 14:54:00,U1100,daniel.brown38,WKSTN-U1100,Zoom,PROCESS_START,21.3,313
EP005963,2026-06-30 15:00:00,U1015,lisa.hernandez,WKSTN-U1015,Chrome,PROCESS_START,19.3,677
EP027482,2026-06-30 14:50:00,U1067,  paul.thomas97 ,WKSTN-U1067,chrome.exe,PROCESS_START,10.4,897
EP019892,2026-06-30 14:46:00,U1048,jennifer.thomas87,WKSTN-U1048,CHROME,PROCESS_START,34.5,281
EP007361,2026-06-30 14:49:00,U1018,betty.white57,WKSTN-U1018,Chrome,PROCESS_START,16.8,878
EP041375,2026-06-30 14:54:00,U1100,daniel.brown38,WKSTN-U1100,Chrome,PROCESS_START,29.7,834
EP002791,2026-06-30 14:56:00,U1007,sarah.robinson82,WKSTN-U1007,Chrome,PROCESS_START,22.8,487
EP010929,2026-06-30 14:47:00,U1026,elizabeth.gonzalez,WKSTN-U1026,chrome.exe,PROCESS_START,27.0,428
EP023094,2026-06-30 15:04:00,U1056,anthony.clark,WKSTN-U1056,Zoom,PROCESS_START,4.5,
EP033182,2026-06-30 14:55:00,U1081,MARGARET.DAVIS,WKSTN-U1081,Wireshark,PROCESS_START,1.1,676
EP005548,2026-06-30 14:56:00,U1014,james.taylor,WKSTN-U1014,outlook.exe,PROCESS_START,24.6,595
EP020279,2026-06-30 15:04:00,U1049,michelle.jones59,WKSTN-U1049,teams.exe,PROCESS_START,20.8,653
EP003928,2026-06-30 14:55:00,U1010,SUSAN.YOUNG51,WKSTN-U1010,teams.exe,PROCESS_START,10.8,632
EP032310,2026-06-30 14:58:00,U1079,emily.jones,WKSTN-U1079,Slack,PROCESS_START,28.9,515
EP011839,2026-06-30 14:51:00,U1028,john.hill,WKSTN-U1028,VSCode,PROCESS_START,11.4,86
EP006401,2026-06-30 14:48:00,U1016,patricia.thomas,WKSTN-U1016,Jenkins,PROCESS_START,25.4,365
EP035844,2026-06-30 15:06:00,U1087,,WKSTN-U1087,Slack,PROCESS_START,9.9,558
EP006400,2026-06-30 15:29:00,U1016,patricia.thomas,WKSTN-U1016,Git,PROCESS_START,6.0,129
EP000382,2026-06-30 15:23:00,U1001,linda.johnson95,WKSTN-U1001,TEAMS.EXE,PROCESS_START,5.6,408
EP038121,2026-06-30 15:33:00,U1092,steven.thomas,WKSTN-U1092,Chrome,PROCESS_START,26.7,-786.0
EP007797,2026-06-30 15:29:00,U1019,donna.anderson,WKSTN-U1019,teams.exe,PROCESS_START,34.4,225
EP029113,2026-06-30 15:21:00,U1071,matthew.robinson35,WKSTN-U1071,Chrome,PROCESS_START,7.9,161
EP025495,2026-06-30 15:32:00,U1062,william.martin,WKSTN-U1062,Outlook,PROCESS_START,8.6,224
EP005549,2026-06-30 15:27:00,U1014,james.taylor,WKSTN-U1014,chrome.exe,PROCESS_START,34.6,104
EP040205,2026-06-30 15:31:00,U1097,mark.martinez10,WKSTN-U1097,Excel,PROCESS_START,33.8,490
EP009596,2026-06-30 15:23:00,U1023,richard.wright,WKSTN-U1023,Slack,PROCESS_START,9.7,517
EP016706,2026-06-30 15:07:00,U1040,matthew.martin,  WKSTN-U1040 ,teams.exe,PROCESS_START,7.3,830
EP002007,2026-06-30 15:19:00,U1005,robert.robinson,WKSTN-U1005,explorer.exe,PROCESS_START,9.6,389
EP021886,2026-06-30 15:15:00,U1053,john.jackson31,WKSTN-U1053,Zoom,PROCESS_START,8.5,501
EP015917,2026-06-30 15:33:00,U1038,emily.clark,WKSTN-U1038,Workday,PROCESS_START,32.0,764
EP024669,2026-06-30 15:32:00,U1060,matthew.anderson,WKSTN-U1060,chrome.exe,PROCESS_START,24.5,892
EP029520,2026-06-30 15:20:00,U1072,kenneth.lopez,,DocuSign,PROCESS_START,20.4,842
EP025097,2026-06-30 15:20:00,U1061,jessica.rodriguez,WKSTN-U1061,outlook.exe,PROCESS_START,18.0,163
EP013921,2026-06-30 15:23:00,U1033,linda.miller,  WKSTN-U1033 ,Excel	,PROCESS_START,18.6,576
EP028708,2026-06-30 15:40:00,U1070,betty.thomas40,WKSTN-U1070	,teams.exe,PROCESS_START,8.2,390
EP005960,2026-06-30 15:08:00,U1015,lisa.hernandez,WKSTN-U1015,QuickBooks,PROCESS_START,34.9,312000.0
EP004721,2026-06-30 15:21:00,U1012,linda.martinez,  WKSTN-U1012 ,SAP,PROCESS_START,3.4,747
EP025888,2026-06-30 15:39:00,U1063,john.nguyen,WKSTN-U1063,Outlook,PROCESS_START,25.4,420
EP035405,2026-06-30 15:16:00,U1086,steven.thompson53,WKSTN-U1086,explorer.exe,PROCESS_START,15.8,287
EP024282,2026-06-30 15:09:00,U1059,daniel.perez98,WKSTN-U1059,Outlook,PROCESS_START,13.4,246
EP005550,2026-06-30 15:19:00,U1014,james.taylor,WKSTN-U1014,,PROCESS_START,28.2,732
EP035842,2026-06-30 15:30:00,U1087,charles.sanchez,WKSTN-U1087,explorer.exe,PROCESS_START,11.7,314
EP006909,2026-06-30 15:46:00,U1017,emily.hernandez34,WKSTN-U1017,notepad.exe,PROCESS_START,27.3,627
EP000804,2026-06-30 16:12:00,U1002,DONNA.RAMIREZ,WKSTN-U1002,explorer.exe,PROCESS_START,28.1,638
EP012275,2026-06-30 16:04:00,U1029,michelle.garcia54,WKSTN-U1029,chrome.exe,PROCESS_START,17.6,750
EP038119,2026-06-30 15:42:00,U1092,steven.thomas,WKSTN-U1092,chrome.exe,PROCESS_START,33.3,787
EP001609,2026-06-30 15:43:00,U1004,elizabeth.wilson98,WKSTN-U1004,outlook.exe,PROCESS_START,17.5,584
EP022306,2026-06-30 15:43:00,U1054,anthony.martinez,WKSTN-U1054,Zoom,PROCESS_START,30.5,177
EP003926,2026-06-30 15:53:00,U1010,susan.young51,WKSTN-U1010,SAP,PROCESS_START,3.6,698
EP023093,2026-06-30 15:52:00,U1056,anthony.clark,WKSTN-U1056,Zoom,,28.1,502
EP015512,2026-06-30 16:13:00,U1037,robert.martin,WKSTN-U1037,WORKDAY,PROCESS_START,21.2,386
EP015916,2026-06-30 16:06:00,U1038,emily.clark,WKSTN-U1038,Excel,PROCESS_START,14.1,815
EP035402,2026-06-30 15:40:00,U1086,steven.thompson53,WKSTN-U1086,outlook.exe,PROCESS_START,33.1,175
EP005160,2026-06-30 16:07:00,U1013,emily.smith,WKSTN-U1013,SAP,PROCESS_START,20.8,392
EP040966,2026-06-30 15:55:00,U1099,joseph.garcia,WKSTN-U1099,PowerPoint,PROCESS_START,25.8,373
EP001612,2026-06-30 16:03:00,U1004,elizabeth.wilson98,WKSTN-U1004,outlook.exe,PROCESS_START,29.0,656
EP010928,2026-06-30 15:58:00,U1026,elizabeth.gonzalez,WKSTN-U1026,,PROCESS_START,10.5,572
EP019110,2026-06-30 16:08:00,U1046,michelle.torres39,WKSTN-U1046,Excel,PROCESS_START,14.6,711
EP023472,2026-06-30 15:50:00,U1057,nancy.sanchez,WKSTN-U1057	,Zoom,PROCESS_START,7.1,213
EP009594,2026-06-30 16:04:00,U1023,richard.wright,WKSTN-U1023,SLACK,PROCESS_START,5.4,449
EP023091,2026-06-30 15:43:00,U1056,anthony.clark,WKSTN-U1056,chrome.exe,PROCESS_START,1.5,841
EP024668,2026-06-30 16:15:00,U1060,matthew.anderson,WKSTN-U1060,  Excel ,PROCESS_START,10.6,216
EP020695,2026-06-30 16:12:00,U1050,michael.ramirez,WKSTN-U1050,notepad.exe,PROCESS_START,23.1,814
EP036758,2026-06-30 16:11:00,U1089,paul.brown27,WKSTN-U1089,chrome.exe,PROCESS_START,29.0,322
EP027485,2026-06-30 16:06:00,U1067,paul.thomas97,WKSTN-U1067,Chrome,PROCESS_START,5.4,816
EP040965,2026-06-30 15:57:00,U1099,,WKSTN-U1099,PowerPoint,PROCESS_START,28.9,363
EP020693,2026-06-30 15:42:00,U1050,michael.ramirez,WKSTN-U1050,notepad.exe,PROCESS_START,,837
EP014320,2026-06-30 16:59:00,U1034,thomas.allen63,WKSTN-U1034,chrome.exe,PROCESS_START,6.2,804
EP031088,2026-06-30 16:50:00,U1076,john.torres,WKSTN-U1076,outlook.exe,PROCESS_START,5.3,374
EP015915,2026-06-30 16:24:00,U1038,,WKSTN-U1038,explorer.exe,PROCESS_START,9.9,312
EP035400,2026-06-30 17:03:00,U1086,steven.thompson53,WKSTN-U1086,notepad.exe,PROCESS_START,33.8,616
EP030315,2026-06-30 16:54:00,U1074,sarah.williams7,  WKSTN-U1074 ,notepad.exe,PROCESS_START,7.0,475
EP041376,2026-06-30 16:47:00,U1100,daniel.brown38,WKSTN-U1100,Zoom,PROCESS_START,11.1,549
EP023473,2026-06-30 16:35:00,U1057,nancy.sanchez,WKSTN-U1057,chrome.exe,PROCESS_START,10.3,677
EP021887,2026-06-30 16:21:00,U1053,john.jackson31,WKSTN-U1053,Zoom,PROCESS_START,33.8,677
EP003563,2026-06-30 16:25:00,U1009,daniel.brown,WKSTN-U1009,teams.exe,PROCESS_START,25.5,371
EP039389,2026-06-30 16:21:00,U1095,richard.thomas74,WKSTN-U1095,outlook.exe,PROCESS_START,23.1,146
EP009592,2026-06-30 16:16:00,U1023,richard.wright,WKSTN-U1023,Jenkins,PROCESS_START,19.6,658
EP019518,2026-06-30 16:46:00,U1047,sandra.lewis,WKSTN-U1047,teams.exe,PROCESS_START,6.1,798
EP012271,2026-06-30 16:19:00,U1029,michelle.garcia54,,Jenkins,PROCESS_START,23.5,498
EP021476,2026-06-30 16:32:00,U1052,paul.taylor,WKSTN-U1052,Zoom,PROCESS_START,20.1,136
EP008694,2026-06-30 16:25:00,U1021,jessica.walker,WKSTN-U1021,Chrome,PROCESS_START,26.0,334
EP020278,2026-06-30 17:01:00,U1049,michelle.jones59,WKSTN-U1049,Zoom,PROCESS_START,1.1,92
EP018291,2026-06-30 16:57:00,U1044,lisa.ramirez9,WKSTN-U1044,outlook.exe,PROCESS_START,N/A,530
EP008242,2026-06-30 16:34:00,U1020,andrew.thomas36,WKSTN-U1020,Slack,PROCESS_START,24.2,727
EP019893,2026-06-30 16:40:00,U1048,jennifer.thomas87,WKSTN-U1048,notepad.exe,PROCESS_START,30.7,482
EP013530,2026-06-30 16:22:00,U1032,paul.wright91,WKSTN-U1032,Chrome,,28.6,121
EP016707,2026-06-30 16:34:00,U1040,matthew.martin	,WKSTN-U1040,Excel,PROCESS_START,1.3,304
EP006906,2026-06-30 16:21:00,U1017,emily.hernandez34,WKSTN-U1017,Slack,PROCESS_START,32.2,158
EP033624,2026-06-30 16:21:00,U1082,karen.hill96,,Chrome,PROCESS_START,12.3,473
EP005962,2026-06-30 16:57:00,U1015,lisa.hernandez,WKSTN-U1015,notepad.exe,PROCESS_START,3.3,435
EP037670,2026-06-30 16:28:00,U1091,linda.robinson,WKSTN-U1091,Active Directory Console,PROCESS_START,11.3,805
EP021884,2026-06-30 18:02:00,U1053,john.jackson31,WKSTN-U1053,explorer.exe,PROCESS_START,15.9,299
EP029077,2026-06-26 08:14:00,U1071,matthew.robinson35,WKSTN-U1071,outlook.exe,PROCESS_START,32.0,738
EP007798,2026-06-30 17:25:00,U1019,  donna.anderson ,WKSTN-U1019,notepad.exe,PROCESS_START,31.3,656
EP022305,2026-06-30 17:37:00,U1054,anthony.martinez,WKSTN-U1054,outlook.exe,PROCESS_START,7.9,227
EP039898,2026-06-05 14:34:00,U1097,mark.martinez10,WKSTN-U1097,notepad.exe,PROCESS_START,12.5,298
EP021671,2026-06-15 16:38:00,U1053,john.jackson31,WKSTN-U1053,notepad.exe,PROCESS_START,21.9,591
EP002790,2026-06-30 17:16:00,U1007,sarah.robinson82,WKSTN-U1007,SAP,PROCESS_START,21.6,114
EP002789,2026-06-30 17:11:00,U1007,sarah.robinson82,,notepad.exe,PROCESS_START,32.1,594
EP003489,2026-06-24 11:43:00,U1009,daniel.brown,WKSTN-U1009,CHROME,PROCESS_START,19.5,164
EP032309,2026-06-30 17:20:00,U1079,emily.jones,WKSTN-U1079,Chrome,PROCESS_START,7.5,529
EP018292,2026-06-30 17:37:00,U1044,lisa.ramirez9,WKSTN-U1044,notepad.exe,PROCESS_START,12.5,829
EP031250,2026-06-11 12:43:00,U1077,kimberly.harris58,WKSTN-U1077,Outlook,PROCESS_START,17.5,338
EP019890,2026-06-30 17:13:00,U1048,jennifer.thomas87,WKSTN-U1048,,PROCESS_START,34.9,277
EP028593,2026-06-22 11:55:00,U1070,betty.thomas40,WKSTN-U1070,notepad.exe,PROCESS_START,9.8,537
EP030705,2026-06-30 17:05:00,U1075,steven.lewis,WKSTN-U1075,Word,PROCESS_START,,669
EP025872,2026-06-29 10:33:00,U1063,john.nguyen,WKSTN-U1063,chrome.exe,PROCESS_START,3.7,697
EP001613,2026-06-30 17:16:00,U1004,elizabeth.wilson98,WKSTN-U1004,teams.exe,PROCESS_START,8.2,84
EP031482,2026-06-30 17:06:00,U1077,kimberly.harris58,WKSTN-U1077,Outlook,PROCESS_START,12.2,827
EP022303,2026-06-30 17:46:00,U1054,anthony.martinez,WKSTN-U1054,explorer.exe,PROCESS_START,1.1,136
EP019891,2026-06-30 17:10:00,U1048,jennifer.thomas87	,WKSTN-U1048,Excel,PROCESS_START,22.9,775
EP007801,2026-06-30 17:25:00,U1019,donna.anderson,WKSTN-U1019,Docker Desktop,PROCESS_START,24.0,490
EP000132,2026-06-10 10:12:00,U1001,linda.johnson95,WKSTN-U1001,QuickBooks,PROCESS_START,10.3,605
EP027717,2026-06-18 17:18:00,U1068,susan.thompson34,WKSTN-U1068,notepad.exe,PROCESS_START,24.5,816
EP017097,2026-06-30 17:30:00,U1041,matthew.allen52,WKSTN-U1041,outlook.exe,PROCESS_START,5.4,896
EP019517,2026-06-30 17:35:00,U1047,sandra.lewis,WKSTN-U1047,,PROCESS_START,24.3,488
EP009699,2026-06-05 14:51:00,U1024,emily.miller,WKSTN-U1024,Git,PROCESS_START,10.7,364
EP011275,2026-06-22 13:25:00,U1027,patricia.brown75,WKSTN-U1027,,PROCESS_START,27.6,325
EP029280,2026-06-11 15:54:00,U1072,KENNETH.LOPEZ,,Outlook,PROCESS_START,1.6,430
EP003037,2026-06-19 16:48:00,U1008,joshua.hernandez,WKSTN-U1008,Outlook,PROCESS_START,20.9,866
EP024117,2026-06-17 13:00:00,U1059,daniel.perez98,WKSTN-U1059,Salesforce,PROCESS_START,17.9,479
EP029752,2026-06-18 15:56:00,U1073,michael.gonzalez,WKSTN-U1073,OUTLOOK,PROCESS_START,20.6,84
EP014533,2026-06-16 12:26:00,U1035,nancy.rodriguez82,WKSTN-U1035	,Workday,PROCESS_START,19.0,621
EP004166,2026-06-18 09:25:00,U1011,donna.ramirez75,WKSTN-U1011,outlook.exe,PROCESS_START,17.6,782
EP005432,2026-06-22 07:55:00,U1014,james.taylor,WKSTN-U1014,teams.exe,process_start,5.5,485
EP039064,2026-06-04 10:37:00,U1095,richard.thomas74,WKSTN-U1095,outlook.exe,PROCESS_START,2.3,871
EP005397,2026-06-18 12:55:00,U1014,,WKSTN-U1014,teams.exe,PROCESS_START,28.8,643
EP036417,2026-06-05 08:59:00,U1089,paul.brown27,WKSTN-U1089,teams.exe,PROCESS_START,10.5,348
EP034720,2026-06-12 13:46:00,U1085,barbara.walker67,WKSTN-U1085,notepad.exe,PROCESS_START,11.7,852
EP039185,2026-06-15 11:03:00,U1095,richard.thomas74,WKSTN-U1095,Outlook,PROCESS_START,31.0,312
EP022677,2026-06-29 13:48:00,U1055,patricia.wilson54,WKSTN-U1055,teams.exe,PROCESS_START,12.7,631
EP003621,2026-06-03 11:11:00,U1010,susan.young51,WKSTN-U1010,chrome.exe,PROCESS_START,7.8,96
EP023583,2026-06-08 13:06:00,U1058,jennifer.ramirez18,WKSTN-U1058,Excel,PROCESS_START,28.7,579
EP012120,2026-06-18 09:05:00,U1029,michelle.garcia54,WKSTN-U1029,Git,PROCESS_START,14.5,223
EP039078,2026-06-05 08:58:00,U1095,,WKSTN-U1095,PowerPoint,PROCESS_START,1.6,187
EP008880,2026-06-11 12:02:00,U1022,sandra.brown,WKSTN-U1022,teams.exe,PROCESS_START,21.0,217
EP005362,2026-06-16 07:48:00,U1014,james.taylor,WKSTN-U1014,notepad.exe,PROCESS_START,27.8,783
EP028665,2026-06-26 10:46:00,U1070,betty.thomas40,WKSTN-U1070,outlook.exe,PROCESS_START,-12.9,456
EP036226,2026-06-23 12:03:00,U1088,andrew.smith85,WKSTN-U1088,notepad.exe,PROCESS_START,24.7,460
EP023838,2026-06-26 16:57:00,U1058,jennifer.ramirez18,WKSTN-U1058,Salesforce,PROCESS_START,18.9,499
EP000101,2026-06-08 13:10:00,U1001,linda.johnson95,WKSTN-U1001,chrome.exe,PROCESS_START,22.5,895
EP031308,2026-06-16 12:28:00,U1077,kimberly.harris58,,Word,PROCESS_START,13.6,481
EP039029,2026-06-02 10:06:00,U1095,richard.thomas74,WKSTN-U1095,Outlook,PROCESS_START,33.9,566
EP019514,2026-06-30 11:03:00,U1047,sandra.lewis,WKSTN-U1047,outlook.exe,PROCESS_START,9.6,849
EP040381,2026-06-12 11:53:00,U1098,nancy.wright49,WKSTN-U1098,Chrome,PROCESS_START,33.8,597
EP034725,2026-06-12 13:24:00,U1085,barbara.walker67,WKSTN-U1085,Wireshark,PROCESS_START,11.2,
EP038419,2026-06-19 10:14:00,U1093,sarah.clark44,WKSTN-U1093,Chrome,PROCESS_START,24.3,900
EP015310,2026-06-15 07:45:00,U1037,robert.martin,WKSTN-U1037,Workday,PROCESS_START,8.0,251
EP037286,2026-06-03 09:17:00,U1091,LINDA.ROBINSON,WKSTN-U1091,teams.exe,PROCESS_START,32.8,282
EP031668,2026-06-12 15:06:00,U1078,michelle.miller,WKSTN-U1078,explorer.exe,PROCESS_START,31.7,696
EP016635,2026-06-24 08:05:00,U1040,matthew.martin,WKSTN-U1040,Chrome,PROCESS_START,23.6,235
EP007780,2026-06-29 12:05:00,U1019,donna.anderson,WKSTN-U1019,git,PROCESS_START,33.5,231
EP010062,2026-06-01 15:18:00,U1025,betty.brown22,WKSTN-U1025,notepad.exe,PROCESS_START,11.6,130
EP012895,2026-06-12 16:31:00,U1031,john.wright28,WKSTN-U1031,notepad.exe,process_start,6.5,736
EP036478,2026-06-10 08:22:00,U1089,paul.brown27,WKSTN-U1089,chrome.exe,PROCESS_START,29.5,549
EP008901,2026-06-12 15:04:00,U1022,sandra.brown,WKSTN-U1022,Git,PROCESS_START,7.0,228
EP011691,2026-06-18 08:54:00,U1028,john.hill,WKSTN-U1028,outlook.exe,PROCESS_START,33.5,
EP011276,2026-06-22 17:39:00,U1027,patricia.brown75,WKSTN-U1027,teams.exe,PROCESS_START,26.8,211
EP002877,2026-06-05 11:55:00,U1008,joshua.hernandez,WKSTN-U1008,notepad.exe,PROCESS_START,15.2,537
EP007298,2026-06-26 08:55:00,U1018,betty.white57,WKSTN-U1018,Docker Desktop,PROCESS_START,6.8,777
EP015564,2026-06-03 11:15:00,U1038,emily.clark,WKSTN-U1038,Outlook,PROCESS_START,4.8,610
EP020244,2026-06-26 14:18:00,U1049,michelle.jones59,WKSTN-U1049,Zoom,PROCESS_START,6.5,233
EP002351,2026-06-25 14:46:00,U1006,george.gonzalez,WKSTN-U1006,Chrome	,PROCESS_START,30.0,296
EP034352,2026-06-18 08:56:00,U1084,joshua.taylor,WKSTN-U1084,,PROCESS_START,4.0,380
EP009125,2026-06-29 17:38:00,U1022,sandra.brown,WKSTN-U1022,Chrome,PROCESS_START,1.7,854
EP035604,2026-06-12 14:35:00,U1087,charles.sanchez,WKSTN-U1087,Slack,PROCESS_START,N/A,877
EP024030,2026-06-10 11:49:00,U1059,daniel.perez98,WKSTN-U1059	,notepad.exe,PROCESS_START,22.2,892
EP004673,2026-06-25 11:38:00,U1012,linda.martinez,WKSTN-U1012,QuickBooks,process_start,11.9,
EP022504,2026-06-15 10:46:00,U1055,patricia.wilson54,WKSTN-U1055,chrome.exe,process_start,21.1,525
EP006626,2026-06-12 10:09:00,U1017,emily.hernandez34,WKSTN-U1017,notepad.exe,PROCESS_START,24.3,550
EP039697,2026-06-22 12:29:00,U1096,david.allen76,WKSTN-U1096,Zoom,PROCESS_START,30.9,781
EP039733,2026-06-24 10:52:00,U1096,david.allen76,WKSTN-U1096,explorer.exe,,12.3,350
EP018118,2026-06-16 12:05:00,U1044,lisa.ramirez9,WKSTN-U1044,explorer.exe,PROCESS_START,28.0,150
EP034588,2026-06-03 07:49:00,U1085,barbara.walker67,WKSTN-U1085,PuTTY	,PROCESS_START,7.6,471
EP040011,2026-06-15 14:10:00,U1097,,WKSTN-U1097,chrome.exe,PROCESS_START,31.1,350
EP030933,2026-06-17 10:36:00,U1076,john.torres,WKSTN-U1076,  CHROME.EXE ,PROCESS_START,11.4,478
EP034920,2026-06-26 12:16:00,U1085,barbara.walker67,WKSTN-U1085,Chrome,PROCESS_START,19.7,353
EP038375,2026-06-17 11:17:00,U1093,sarah.clark44,WKSTN-U1093,Active Directory Console,PROCESS_START,18.8,171
EP028389,2026-06-05 13:52:00,U1070,betty.thomas40,WKSTN-U1070,notepad.exe,PROCESS_START,1.4,579
EP015836,2026-06-24 07:20:00,U1038,emily.clark,WKSTN-U1038,Excel,PROCESS_START,19.8,83
EP031895,2026-06-30 09:29:00,U1078,michelle.miller,WKSTN-U1078,teams.exe,PROCESS_START,4.2,289
EP029075,2026-06-26 13:13:00,U1071,matthew.robinson35,WKSTN-U1071,Chrome,PROCESS_START,1.9,159
EP013658,2026-06-09 12:40:00,U1033,linda.miller,WKSTN-U1033,Excel,PROCESS_START,32.7,510
EP018814,2026-06-08 15:06:00,U1046,michelle.torres39,WKSTN-U1046,Chrome,PROCESS_START,7.3,654
EP031125,2026-06-02 14:07:00,U1077,kimberly.harris58,,chrome.exe	,PROCESS_START,33.7,630
EP024443,2026-06-11 10:47:00,U1060,matthew.anderson,WKSTN-U1060,Excel,PROCESS_START,2.2,460
EP000729,2026-06-24 15:15:00,U1002,donna.ramirez,WKSTN-U1002,teams.exe,PROCESS_START,33.7,732
EP001746,2026-06-10 10:25:00,U1005,robert.robinson,WKSTN-U1005,teams.exe,PROCESS_START,23.6,499
EP015605,2026-06-05 11:41:00,U1038,emily.clark	,  WKSTN-U1038 ,explorer.exe,PROCESS_START,31.0,353
EP019843,2026-06-25 12:58:00,U1048,jennifer.thomas87,WKSTN-U1048,explorer.exe,PROCESS_START,10.5,889
EP019735,2026-06-16 09:48:00,U1048,jennifer.thomas87,WKSTN-U1048,explorer.exe,PROCESS_START,10.2,387
EP031407,2026-06-24 15:12:00,U1077,kimberly.harris58,WKSTN-U1077,explorer.exe,PROCESS_START,23.6,114
EP006405,2026-06-30 13:24:00,U1016,patricia.thomas,WKSTN-U1016,explorer.exe,PROCESS_START,34.5,176
EP018924,2026-06-16 10:58:00,U1046,michelle.torres39,WKSTN-U1046	,Excel,PROCESS_START,29.6,617
EP004595,2026-06-21 14:33:00,U1012,linda.martinez,WKSTN-U1012,SAP,PROCESS_START,14.8,485
EP017398,2026-06-22 11:28:00,U1042,michael.hill56,WKSTN-U1042,Outlook,PROCESS_START,21.0,784
EP039441,2026-06-03 10:41:00,U1096,david.allen76,WKSTN-U1096,teams.exe,PROCESS_START,34.4,736
EP020089,2026-06-15 12:08:00,U1049,michelle.jones59,WKSTN-U1049,Zoom,PROCESS_START,25.5,227
EP039551,2026-06-11 17:49:00,U1096,david.allen76,WKSTN-U1096,PowerPoint,PROCESS_START,,N/A
EP031229,2026-06-10 12:55:00,U1077,kimberly.harris58	,WKSTN-U1077,chrome.exe,PROCESS_START,31.1,497
EP013394,2026-06-18 08:54:00,U1032,paul.wright91,WKSTN-U1032,notepad.exe,PROCESS_START,26.1,243
EP005792,2026-06-17 15:08:00,U1015,lisa.hernandez,WKSTN-U1015,Excel,PROCESS_START,7.9,306
EP009374,2026-06-15 16:39:00,U1023,richard.wright,WKSTN-U1023,Git,PROCESS_START,-4.7,194
EP002283,2026-06-19 14:28:00,U1006,george.gonzalez,WKSTN-U1006,notepad.exe,PROCESS_START,2.0,368
EP012812,2026-06-05 15:49:00,U1031,john.wright28,WKSTN-U1031,explorer.exe,PROCESS_START,22.1,385
EP013054,2026-06-24 11:50:00,U1031,john.wright28,WKSTN-U1031,Outlook,PROCESS_START,13.0,729
EP020225,2026-06-25 11:24:00,U1049,michelle.jones59,WKSTN-U1049,notepad.exe,PROCESS_START,19.5,564
EP019940,2026-06-03 10:00:00,U1049,michelle.jones59,WKSTN-U1049,Outlook,PROCESS_START,27.5,-879.0
EP000005,2026-06-01 15:32:00,U1001,linda.johnson95,WKSTN-U1001,Chrome,PROCESS_START,7.8,473
EP017471,2026-06-26 10:42:00,U1042,michael.hill56,WKSTN-U1042,Outlook,PROCESS_START,22.4,245
EP000525,2026-06-09 16:39:00,U1002,donna.ramirez,WKSTN-U1002,outlook.exe,PROCESS_START,15.0,461
EP003190,2026-06-02 10:25:00,U1009,daniel.brown,WKSTN-U1009,notepad.exe,PROCESS_START,7.2,398
EP039497,2026-06-08 16:18:00,U1096,david.allen76,WKSTN-U1096,PowerPoint,PROCESS_START,21.3,341
EP028591,2026-06-22 10:44:00,U1070,betty.thomas40,WKSTN-U1070,notepad.exe,PROCESS_START,21.7,127
EP028352,2026-06-03 11:32:00,U1070,betty.thomas40,WKSTN-U1070,DocuSign,PROCESS_START,5.5,615
EP000764,2026-06-26 15:39:00,U1002,  donna.ramirez ,WKSTN-U1002,outlook.exe,PROCESS_START,2.8,841
EP020802,2026-06-08 13:01:00,U1051,sandra.king72,,Chrome,PROCESS_START,25.9,211
EP011152,2026-06-12 14:32:00,U1027,patricia.brown75,WKSTN-U1027,  chrome.exe ,PROCESS_START,15.1,192
EP031023,2026-06-24 08:47:00,U1076,john.torres,WKSTN-U1076,chrome.exe,PROCESS_START,23.8,345
EP031321,2026-06-17 14:39:00,U1077,kimberly.harris58,WKSTN-U1077,Word,PROCESS_START,31.3,188
EP021888,2026-06-30 11:40:00,U1053,john.jackson31,WKSTN-U1053,chrome.exe,PROCESS_START,11.4,
EP005014,2026-06-19 11:53:00,U1013,emily.smith,WKSTN-U1013,SAP,PROCESS_START,8.6,207
EP003057,2026-06-22 11:03:00,U1008,joshua.hernandez,WKSTN-U1008,Outlook,PROCESS_START,35.0,
EP030439,2026-06-09 14:06:00,U1075,steven.lewis,WKSTN-U1075,teams.exe,PROCESS_START,28.5,345
