event_id,timestamp,user_id,username,destination_domain,destination_type,bytes_transferred,device
NET039023,2026-06-01 07:58:00,U1095,richard.thomas74,  vpn.corp.local ,INTERNAL,113801,WKSTN-U1095
NET017923,2026-06-01 08:24:00,U1044,lisa.ramirez9,jira.corp.local	,INTERNAL,475408,WKSTN-U1044
NET010967,2026-06-01 07:04:00,U1027,patricia.brown75,vpn.corp.local,INTERNAL,413648,WKSTN-U1027
NET031510,2026-06-01 08:44:00,U1078,michelle.miller,hr-portal.corp.local,INTERNAL,323608,WKSTN-U1078
NET017539,2026-06-01 07:49:00,U1043,thomas.williams91,vpn.corp.local,INTERNAL,248225,WKSTN-U1043
NET033656,2026-06-01 08:48:00,U1083,sarah.allen70,jira.corp.local,INTERNAL,439067,WKSTN-U1083
NET010968,2026-06-01 08:29:00,U1027,patricia.brown75,sharepoint.corp.local,INTERNAL,62364,WKSTN-U1027
NET019919,2026-06-01 08:17:00,U1049,michelle.jones59,hr-portal.corp.local,INTERNAL,385910,WKSTN-U1049	
NET014738,2026-06-01 08:24:00,U1036,linda.jones,  vpn.corp.local ,INTERNAL,350276,WKSTN-U1036
NET013158,2026-06-01 08:11:00,U1032,paul.wright91	,vpn.corp.local,INTERNAL,185881,WKSTN-U1032
NET017535,2026-06-01 07:26:00,U1043,thomas.williams91,sharepoint.corp.local,INTERNAL,43411,WKSTN-U1043
NET021110,2026-06-01 07:25:00,U1052,  paul.taylor ,hr-portal.corp.local,INTERNAL,463154,WKSTN-U1052
NET012304,2026-06-01 08:45:00,U1030,betty.rodriguez86,hr-portal.corp.local,INTERNAL,476861,WKSTN-U1030
NET015122,2026-06-01 08:31:00,U1037,robert.martin,hr-portal.corp.local,INTERNAL,499550,WKSTN-U1037
NET005988,2026-06-01 08:48:00,U1016,patricia.thomas,hr-portal.corp.local,INTERNAL,367450,WKSTN-U1016
NET038155,2026-06-01 07:52:00,U1093,sarah.clark44,mail.corp.local,INTERNAL,54726,WKSTN-U1093
NET035437,2026-06-01 08:19:00,U1087,charles.sanchez,jira.corp.local,INTERNAL,144012,WKSTN-U1087
NET003183,2026-06-01 07:37:00,U1009,daniel.brown,hr-portal.corp.local,INTERNAL,396557,WKSTN-U1009
NET023121,2026-06-01 08:38:00,U1057,nancy.sanchez,confluence.corp.local,INTERNAL,113066,WKSTN-U1057
NET037264,2026-06-01 07:57:00,U1091,linda.robinson,confluence.corp.local,INTERNAL,298403,WKSTN-U1091
NET013156,2026-06-01 08:25:00,U1032,paul.wright91,confluence.corp.local,INTERNAL,68910,WKSTN-U1032
NET008279,2026-06-01 08:13:00,U1021,jessica.walker,jira.corp.local,INTERNAL,292677,WKSTN-U1021
NET027896,2026-06-01 08:47:00,U1069,jessica.clark,vpn.corp.local,INTERNAL,232675,
NET027897,2026-06-01 07:34:00,U1069,jessica.clark,,INTERNAL,301002,WKSTN-U1069
NET022334,2026-06-01 08:49:00,U1055,,vpn.corp.local,INTERNAL,194377,WKSTN-U1055
NET018324,2026-06-01 09:21:00,U1045,daniel.sanchez90,jira.corp.local,INTERNAL,,WKSTN-U1045
NET024703,2026-06-01 08:51:00,U1061,jessica.rodriguez,hr-portal.corp.local,INTERNAL,404183,WKSTN-U1061
NET027128,2026-06-01 08:59:00,U1067,paul.thomas97,confluence.corp.local,INTERNAL,378217,WKSTN-U1067
NET004336,2026-06-01 09:22:00,U1012,linda.martinez,vpn.corp.local,INTERNAL,344966,WKSTN-U1012
NET010076,2026-06-01 09:20:00,U1025,betty.brown22,vpn.corp.local,INTERNAL,164682,WKSTN-U1025
NET036790,2026-06-01 08:51:00,U1090,mary.hill,hr-portal.corp.local,,60689,WKSTN-U1090
NET002812,2026-06-01 09:05:00,U1008,joshua.hernandez,linkedin.com,EXTERNAL,12772,WKSTN-U1008
NET024704,2026-06-01 08:51:00,U1061,jessica.rodriguez,sharepoint.corp.local,INTERNAL,95572,WKSTN-U1061
NET023506,2026-06-01 09:14:00,U1058,jennifer.ramirez18,hr-portal.corp.local,INTERNAL,,WKSTN-U1058
NET030348,2026-06-01 09:15:00,U1075,steven.lewis,mail.corp.local,INTERNAL,211281,  WKSTN-U1075 
NET002433,2026-06-01 09:07:00,U1007,sarah.robinson82,confluence.corp.local,INTERNAL,,WKSTN-U1007	
NET006441,2026-06-01 09:06:00,U1017,emily.hernandez34,,INTERNAL,426115,WKSTN-U1017
NET017537,2026-06-01 09:19:00,U1043,thomas.williams91,hr-portal.corp.local,INTERNAL,329007,WKSTN-U1043
NET017536,2026-06-01 08:59:00,U1043,  thomas.williams91 ,sharepoint.corp.local,INTERNAL,62109,WKSTN-U1043
NET025529,2026-06-01 08:59:00,U1063,john.nguyen,jira.corp.local,INTERNAL,305405,WKSTN-U1063
NET021913,2026-06-01 09:11:00,U1054,anthony.martinez,vpn.corp.local,INTERNAL,75745,WKSTN-U1054
NET036789,2026-06-01 08:53:00,U1090,mary.hill,jira.corp.local,INTERNAL,407320,WKSTN-U1090
NET005191,2026-06-01 08:49:00,U1014,james.taylor,vpn.corp.local,INTERNAL,273103,WKSTN-U1014
NET007831,2026-06-01 08:59:00,U1020,andrew.thomas36,hr-portal.corp.local,INTERNAL,330057,WKSTN-U1020
NET027507,2026-06-01 09:25:00,U1068,susan.thompson34,jira.corp.local,INTERNAL,232959,WKSTN-U1068
NET022726,2026-06-01 09:08:00,U1056,anthony.clark,news.com,EXTERNAL,6940,WKSTN-U1056
NET036788,2026-06-01 08:54:00,U1090,mary.hill,mail.corp.local,INTERNAL,480883,WKSTN-U1090
NET003958,2026-06-01 09:23:00,U1011,donna.ramirez75,hr-portal.corp.local,INTERNAL,238559,WKSTN-U1011
NET029552,2026-06-01 09:28:00,U1073,michael.gonzalez,vpn.corp.local,INTERNAL,495974,WKSTN-U1073
NET005991,2026-06-01 09:26:00,U1016,patricia.thomas,weather.com,EXTERNAL,14843,WKSTN-U1016
NET019138,2026-06-01 09:46:00,U1047,sandra.lewis,jira.corp.local,INTERNAL,241071,WKSTN-U1047
NET013563,2026-06-01 10:01:00,U1033,linda.miller,sharepoint.corp.local,INTERNAL,483960,WKSTN-U1033
NET021506,2026-06-01 09:32:00,U1053,john.jackson31,confluence.corp.local,INTERNAL,153525,WKSTN-U1053
NET010078,2026-06-01 09:38:00,U1025,betty.brown22,mail.corp.local,INTERNAL,384314,WKSTN-U1025
NET019552,2026-06-01 09:45:00,U1048,jennifer.thomas87,confluence.corp.local	,INTERNAL,193555,WKSTN-U1048
NET039834,2026-06-01 09:59:00,U1097,mark.martinez10,hr-portal.corp.local,INTERNAL,178655,WKSTN-U1097
NET003956,2026-06-01 09:48:00,U1011,donna.ramirez75,confluence.corp.local,INTERNAL,150822,WKSTN-U1011
NET034090,2026-06-01 09:59:00,U1084,joshua.taylor,hr-portal.corp.local,INTERNAL,53602,WKSTN-U1084
NET025917,2026-06-01 09:39:00,U1064,MATTHEW.WRIGHT55,weather.com,EXTERNAL,671,WKSTN-U1064
NET024313,2026-06-01 09:35:00,U1060,MATTHEW.ANDERSON,sharepoint.corp.local,INTERNAL,474087,WKSTN-U1060
NET015943,2026-06-01 09:56:00,U1039,mark.thomas,jira.corp.local,INTERNAL,304837,WKSTN-U1039
NET034992,2026-06-01 09:41:00,U1086,steven.thompson53,jira.corp.local,INTERNAL,348135,WKSTN-U1086
NET022336,2026-06-01 09:53:00,U1055,patricia.wilson54,confluence.corp.local,INTERNAL,221577,WKSTN-U1055
NET008726,2026-06-01 09:45:00,U1022,sandra.brown,sharepoint.corp.local,INTERNAL,194228,WKSTN-U1022
NET010075,2026-06-01 09:58:00,U1025,betty.brown22,sharepoint.corp.local,INTERNAL,333322,WKSTN-U1025
NET013953,2026-06-01 09:34:00,U1034,thomas.allen63,vpn.corp.local,INTERNAL,162681,WKSTN-U1034
NET039832,2026-06-01 09:37:00,U1097,  mark.martinez10 ,,INTERNAL,44464,WKSTN-U1097
NET005989,2026-06-01 09:32:00,U1016,patricia.thomas,confluence.corp.local,INTERNAL,322765,WKSTN-U1016
NET023118,2026-06-01 09:40:00,U1057,nancy.sanchez	,jira.corp.local,INTERNAL,487811,WKSTN-U1057
NET034561,2026-06-01 09:58:00,U1085,,weather.com,EXTERNAL,15852,WKSTN-U1085
NET037708,2026-06-01 09:41:00,U1092,steven.thomas,vpn.corp.local,INTERNAL,226957,WKSTN-U1092
NET031925,2026-06-01 09:57:00,U1079,emily.jones,jira.corp.local,INTERNAL,145800,WKSTN-U1079
NET020721,2026-06-01 09:41:00,U1051,sandra.king72,vpn.corp.local,INTERNAL,378301,WKSTN-U1051
NET007832,2026-06-01 09:51:00,U1020,andrew.thomas36,confluence.corp.local,INTERNAL,93738,WKSTN-U1020
NET035439,2026-06-01 09:55:00,U1087,charles.sanchez,jira.corp.local,INTERNAL,241474,WKSTN-U1087
NET011444,2026-06-01 10:13:00,U1028,john.hill,hr-portal.corp.local,INTERNAL,342713,WKSTN-U1028
NET013157,2026-06-01 10:42:00,U1032,paul.wright91,hr-portal.corp.local,INTERNAL,395479,WKSTN-U1032
NET012306,2026-06-01 10:26:00,U1030,,hr-portal.corp.local,INTERNAL,,WKSTN-U1030
NET002810,2026-06-01 10:35:00,U1008,joshua.hernandez,confluence.corp.local,INTERNAL,310932,WKSTN-U1008
NET002038,2026-06-01 10:04:00,U1006,george.gonzalez,vpn.corp.local,internal,255036,WKSTN-U1006
NET006439,2026-06-01 10:30:00,U1017,emily.hernandez34,hr-portal.corp.local,INTERNAL,262126,WKSTN-U1017
NET036791,2026-06-01 10:39:00,U1090,mary.hill,vpn.corp.local,INTERNAL,67618,WKSTN-U1090
NET021111,2026-06-01 10:32:00,U1052,paul.taylor,sharepoint.corp.local	,INTERNAL,332519,WKSTN-U1052
NET003184,2026-06-01 10:13:00,U1009,daniel.brown,vpn.corp.local,INTERNAL,63748,WKSTN-U1009
NET021112,2026-06-01 10:09:00,U1052,paul.taylor,mail.corp.local,INTERNAL,162093,WKSTN-U1052	
NET022722,2026-06-01 10:04:00,U1056,anthony.clark,sharepoint.corp.local,INTERNAL,465877,WKSTN-U1056
NET037710,2026-06-01 10:26:00,U1092,steven.thomas,hr-portal.corp.local,INTERNAL,452991,WKSTN-U1092
NET002431,2026-06-01 10:20:00,U1007,sarah.robinson82,sharepoint.corp.local,INTERNAL,139313,WKSTN-U1007
NET029551,2026-06-01 10:19:00,U1073,michael.gonzalez,jira.corp.local,INTERNAL,294052,WKSTN-U1073
NET016736,2026-06-01 10:20:00,U1041,,sharepoint.corp.local,INTERNAL,279621,WKSTN-U1041
NET025526,2026-06-01 10:16:00,U1063,john.nguyen,jira.corp.local,INTERNAL,36968,WKSTN-U1063
NET027508,2026-06-01 10:19:00,U1068,susan.thompson34,jira.corp.local,INTERNAL,176146,WKSTN-U1068
NET034089,2026-06-01 10:13:00,U1084,joshua.taylor,hr-portal.corp.local,INTERNAL,123885,WKSTN-U1084
NET011445,2026-06-01 10:27:00,U1028,john.hill,vpn.corp.local,INTERNAL,309762,WKSTN-U1028
NET026751,2026-06-01 10:28:00,U1066,michelle.wright62,hr-portal.corp.local,INTERNAL,199813,WKSTN-U1066
NET003186,2026-06-01 10:41:00,U1009,daniel.brown,weather.com,EXTERNAL,5782,WKSTN-U1009
NET025916,2026-06-01 10:24:00,U1064,matthew.wright55,sharepoint.corp.local,INTERNAL,56966,WKSTN-U1064
NET034996,2026-06-01 10:14:00,U1086,steven.thompson53,linkedin.com,EXTERNAL,13549,WKSTN-U1086
NET000018,2026-06-01 10:39:00,U1001,linda.johnson95,jira.corp.local,INTERNAL,135726,WKSTN-U1001
NET019136,2026-06-01 10:15:00,U1047,sandra.lewis,jira.corp.local,INTERNAL,488733,WKSTN-U1047
NET007833,2026-06-01 10:45:00,U1020,andrew.thomas36,,INTERNAL,115042,WKSTN-U1020
NET022725,2026-06-01 11:15:00,U1056,,confluence.corp.local,INTERNAL,431701,WKSTN-U1056
NET004750,2026-06-01 10:50:00,U1013,emily.smith,sharepoint.corp.local,INTERNAL,58624,WKSTN-U1013	
NET030727,2026-06-01 11:18:00,U1076,john.torres,jira.corp.local,INTERNAL,442497,WKSTN-U1076
NET037709,2026-06-01 11:09:00,U1092,,hr-portal.corp.local,INTERNAL,-104997.0,WKSTN-U1092
NET029550,2026-06-01 10:57:00,U1073,michael.gonzalez,,INTERNAL,151125,WKSTN-U1073
NET027127,2026-06-01 11:16:00,U1067,paul.thomas97,confluence.corp.local,INTERNAL,120589,WKSTN-U1067
NET031923,2026-06-01 11:07:00,U1079,emily.jones,hr-portal.corp.local,INTERNAL,460671,WKSTN-U1079
NET034557,2026-06-01 11:01:00,U1085,barbara.walker67,jira.corp.local,INTERNAL,243274,WKSTN-U1085
NET016734,2026-06-01 11:15:00,U1041,matthew.allen52,vpn.corp.local,INTERNAL,136184,WKSTN-U1041
NET032782,2026-06-01 11:11:00,U1081,margaret.davis,confluence.corp.local,INTERNAL,184336,WKSTN-U1081
NET029938,2026-06-01 10:58:00,U1074,sarah.williams7,mail.corp.local	,,450581,WKSTN-U1074
NET002043,2026-06-01 11:22:00,U1006,george.gonzalez,news.com,EXTERNAL,6892,WKSTN-U1006
NET019140,2026-06-01 10:45:00,U1047,sandra.lewis,mail.corp.local,INTERNAL,255689,WKSTN-U1047
NET023507,2026-06-01 11:19:00,U1058,,confluence.corp.local,INTERNAL,236804,WKSTN-U1058
NET021912,2026-06-01 11:23:00,U1054,anthony.martinez,hr-portal.corp.local,INTERNAL,283225,WKSTN-U1054
NET016738,2026-06-01 11:14:00,U1041,matthew.allen52,vpn.corp.local,INTERNAL,171795,WKSTN-U1041
NET024701,2026-06-01 10:44:00,U1061,jessica.rodriguez,sharepoint.corp.local,INTERNAL,149317,WKSTN-U1061
NET031117,2026-06-01 11:14:00,U1077,kimberly.harris58,confluence.corp.local,INTERNAL,437432,WKSTN-U1077
NET010970,2026-06-01 11:15:00,U1027,patricia.brown75,confluence.corp.local,INTERNAL,316316,WKSTN-U1027
NET012303,2026-06-01 11:18:00,U1030,betty.rodriguez86,confluence.corp.local	,INTERNAL,360458,WKSTN-U1030
NET000020,2026-06-01 10:51:00,U1001,linda.johnson95,hr-portal.corp.local,INTERNAL,457338,WKSTN-U1001
NET013159,2026-06-01 11:00:00,U1032,paul.wright91,jira.corp.local,INTERNAL,215268,WKSTN-U1032
NET000413,2026-06-01 11:19:00,U1002,donna.ramirez,jira.corp.local,INTERNAL,336795,WKSTN-U1002
NET031119,2026-06-01 11:12:00,U1077,kimberly.harris58,vpn.corp.local,INTERNAL,180485,WKSTN-U1077
NET011868,2026-06-01 11:39:00,U1029,michelle.garcia54,mail.corp.local,INTERNAL,420309,WKSTN-U1029
NET002041,2026-06-01 11:44:00,U1006,george.gonzalez,mail.corp.local,INTERNAL,346159,WKSTN-U1006
NET027129,2026-06-01 11:42:00,U1067,paul.thomas97,hr-portal.corp.local,INTERNAL,120311,WKSTN-U1067
NET000412,2026-06-01 11:43:00,U1002,donna.ramirez,mail.corp.local,INTERNAL,331175,WKSTN-U1002
NET031122,2026-06-01 11:26:00,U1077,kimberly.harris58,weather.com,EXTERNAL,11723,WKSTN-U1077
NET030349,2026-06-01 11:52:00,U1075,steven.lewis,jira.corp.local,INTERNAL,116265,WKSTN-U1075
NET002039,2026-06-01 11:29:00,U1006,george.gonzalez,hr-portal.corp.local,INTERNAL,322174,WKSTN-U1006
NET033211,2026-06-01 11:28:00,U1082,karen.hill96,vpn.corp.local,INTERNAL,361116,WKSTN-U1082
NET019920,2026-06-01 11:23:00,U1049,michelle.jones59,hr-portal.corp.local,INTERNAL,119736,WKSTN-U1049
NET005192,2026-06-01 11:52:00,U1014,,jira.corp.local,INTERNAL,416906,WKSTN-U1014
NET028740,2026-06-01 11:45:00,U1071,matthew.robinson35,vpn.corp.local,INTERNAL,315755,WKSTN-U1071
NET001254,2026-06-01 11:45:00,U1004,elizabeth.wilson98,hr-portal.corp.local,INTERNAL,412577,WKSTN-U1004
NET001640,2026-06-01 11:42:00,U1005,robert.robinson,mail.corp.local,INTERNAL,50537,WKSTN-U1005
NET017538,2026-06-01 11:27:00,U1043,thomas.williams91,vpn.corp.local,INTERNAL,234245,WKSTN-U1043
NET034558,2026-06-01 11:41:00,U1085,barbara.walker67,mail.corp.local,INTERNAL,470310,WKSTN-U1085
NET037262,2026-06-01 11:44:00,U1091,linda.robinson,confluence.corp.local,INTERNAL,372226,WKSTN-U1091
NET010522,2026-06-01 11:25:00,U1026,elizabeth.gonzalez,hr-portal.corp.local,INTERNAL,316058,WKSTN-U1026	
NET001252,2026-06-01 11:38:00,U1004,elizabeth.wilson98,jira.corp.local,INTERNAL,19521,WKSTN-U1004
NET007834,2026-06-01 11:31:00,U1020,andrew.thomas36,vpn.corp.local,INTERNAL,245200,  WKSTN-U1020 
NET037263,2026-06-01 11:38:00,U1091,linda.robinson,mail.corp.local,INTERNAL,28313,WKSTN-U1091
NET026310,2026-06-01 11:27:00,U1065,michael.ramirez47,vpn.corp.local,INTERNAL,89785,WKSTN-U1065
NET005583,2026-06-01 11:38:00,U1015,lisa.hernandez,sharepoint.corp.local,INTERNAL,105707,WKSTN-U1015
NET007391,2026-06-01 11:34:00,U1019,donna.anderson,jira.corp.local,INTERNAL,80855,WKSTN-U1019
NET031118,2026-06-01 11:33:00,U1077,kimberly.harris58,sharepoint.corp.local,INTERNAL,479245,WKSTN-U1077
NET000832,2026-06-01 11:53:00,U1003,kenneth.clark29,linkedin.com,EXTERNAL,15121,WKSTN-U1003
NET039419,2026-06-01 12:08:00,U1096,david.allen76,hr-portal.corp.local,INTERNAL,120923,WKSTN-U1096
NET023120,2026-06-01 12:10:00,U1057,nancy.sanchez,sharepoint.corp.local,INTERNAL,99331,WKSTN-U1057
NET016314,2026-06-01 12:22:00,U1040,matthew.martin,confluence.corp.local,INTERNAL,203706,WKSTN-U1040
NET032781,2026-06-01 12:06:00,U1081,margaret.davis,jira.corp.local,INTERNAL,407576,WKSTN-U1081	
NET021114,2026-06-01 12:25:00,U1052,paul.taylor,linkedin.com,EXTERNAL,2116,WKSTN-U1052	
NET020723,2026-06-01 12:04:00,U1051,sandra.king72,confluence.corp.local,INTERNAL,1953,WKSTN-U1051
NET026308,2026-06-01 12:06:00,U1065,michael.ramirez47,sharepoint.corp.local,INTERNAL,427733,WKSTN-U1065
NET025121,2026-06-01 11:57:00,U1062,william.martin,confluence.corp.local,INTERNAL,187684,WKSTN-U1062
NET028742,2026-06-01 11:56:00,U1071,matthew.robinson35,jira.corp.local,,244345,WKSTN-U1071
NET015540,2026-06-01 11:58:00,U1038,,hr-portal.corp.local,INTERNAL,173526,WKSTN-U1038
NET038597,2026-06-01 12:03:00,U1094,elizabeth.lewis69,mail.corp.local,INTERNAL,68814,WKSTN-U1094
NET024311,2026-06-01 12:01:00,U1060,matthew.anderson,vpn.corp.local,INTERNAL,26842,WKSTN-U1060
NET008727,2026-06-01 12:10:00,U1022,sandra.brown,vpn.corp.local,INTERNAL,104234,WKSTN-U1022	
NET004749,2026-06-01 12:20:00,U1013,emily.smith,jira.corp.local,INTERNAL,244480,WKSTN-U1013
NET036787,2026-06-01 11:57:00,U1090,mary.hill,sharepoint.corp.local,,264188,WKSTN-U1090
NET015123,2026-06-01 12:22:00,U1037,robert.martin,mail.corp.local,INTERNAL,128488,WKSTN-U1037
NET025120,2026-06-01 12:22:00,U1062,,vpn.corp.local,INTERNAL,181924,WKSTN-U1062
NET018725,2026-06-01 12:02:00,U1046,michelle.torres39,confluence.corp.local,INTERNAL,65837,WKSTN-U1046
NET004753,2026-06-01 11:56:00,U1013,emily.smith,hr-portal.corp.local,INTERNAL,200311,WKSTN-U1013
NET031121,2026-06-01 12:12:00,U1077,kimberly.harris58,mail.corp.local,INTERNAL,29607,WKSTN-U1077
NET017924,2026-06-01 12:07:00,U1044,lisa.ramirez9,confluence.corp.local,INTERNAL,217372,WKSTN-U1044	
NET022335,2026-06-01 12:13:00,U1055,patricia.wilson54,jira.corp.local,INTERNAL,116272,WKSTN-U1055
NET001639,2026-06-01 12:27:00,U1005,robert.robinson,sharepoint.corp.local,INTERNAL,268728,WKSTN-U1005
NET029939,2026-06-01 12:08:00,U1074,sarah.williams7,mail.corp.local,INTERNAL,258816,WKSTN-U1074
NET022724,2026-06-01 12:03:00,U1056,anthony.clark,mail.corp.local,INTERNAL,422903,WKSTN-U1056
NET017127,2026-06-01 12:28:00,U1042,michael.hill56,hr-portal.corp.local,INTERNAL,466449,WKSTN-U1042
NET016739,2026-06-01 12:44:00,U1041,matthew.allen52,weather.com,EXTERNAL,15870,WKSTN-U1041
NET019139,2026-06-01 12:36:00,U1047,sandra.lewis,jira.corp.local,INTERNAL,,WKSTN-U1047
NET031508,2026-06-01 12:48:00,U1078,michelle.miller,  confluence.corp.local ,INTERNAL,388440,WKSTN-U1078
NET016315,2026-06-01 12:28:00,U1040,matthew.martin,confluence.corp.local,INTERNAL,142998,WKSTN-U1040
NET000017,2026-06-01 12:51:00,U1001,linda.johnson95,vpn.corp.local,INTERNAL,479930,WKSTN-U1001
NET040235,2026-06-01 12:43:00,U1098,nancy.wright49,sharepoint.corp.local,INTERNAL,347754,WKSTN-U1098
NET029139,2026-06-01 12:43:00,U1072,kenneth.lopez,jira.corp.local,INTERNAL,386244,WKSTN-U1072
NET005990,2026-06-01 12:41:00,U1016,patricia.thomas,  vpn.corp.local ,INTERNAL,21771,WKSTN-U1016
NET039420,2026-06-01 12:48:00,U1096,david.allen76,confluence.corp.local,INTERNAL,482128,WKSTN-U1096
NET029141,2026-06-01 12:57:00,U1072,kenneth.lopez,mail.corp.local,INTERNAL,183004,WKSTN-U1072
NET003599,2026-06-01 12:54:00,U1010,susan.young51,  confluence.corp.local ,INTERNAL,88361,WKSTN-U1010
NET017922,2026-06-01 12:56:00,U1044,lisa.ramirez9,confluence.corp.local,INTERNAL,318853,WKSTN-U1044
NET039421,2026-06-01 12:29:00,U1096,david.allen76,jira.corp.local,INTERNAL,352179,WKSTN-U1096
NET023898,2026-06-01 12:32:00,U1059,daniel.perez98,vpn.corp.local,INTERNAL,,WKSTN-U1059
NET034995,2026-06-01 12:27:00,U1086,steven.thompson53,sharepoint.corp.local,INTERNAL,99441,WKSTN-U1086
NET039833,2026-06-01 12:30:00,U1097,mark.martinez10,confluence.corp.local,INTERNAL,8018,WKSTN-U1097
NET036354,2026-06-01 12:27:00,U1089,paul.brown27,confluence.corp.local,INTERNAL,210623,WKSTN-U1089	
NET032783,2026-06-01 12:43:00,U1081,margaret.davis,jira.corp.local,INTERNAL,267425,WKSTN-U1081
NET004752,2026-06-01 12:37:00,U1013,emily.smith,confluence.corp.local,INTERNAL,73012,WKSTN-U1013
NET012305,2026-06-01 12:45:00,U1030,betty.rodriguez86	,jira.corp.local,INTERNAL,174107,WKSTN-U1030
NET033655,2026-06-01 12:32:00,U1083,sarah.allen70,mail.corp.local,INTERNAL,282423,WKSTN-U1083	
NET020312,2026-06-01 12:50:00,U1050,michael.ramirez,hr-portal.corp.local,INTERNAL,45492,WKSTN-U1050
NET032341,2026-06-01 12:51:00,U1080,joseph.jackson91,mail.corp.local,INTERNAL,117320,WKSTN-U1080
NET005585,2026-06-01 12:53:00,U1015,lisa.hernandez,linkedin.com,EXTERNAL,5614,WKSTN-U1015
NET018323,2026-06-01 13:27:00,U1045,daniel.sanchez90,,INTERNAL,267781,WKSTN-U1045
NET008280,2026-06-01 12:58:00,U1021,jessica.walker,confluence.corp.local,INTERNAL,168974,WKSTN-U1021
NET025914,2026-06-01 13:28:00,U1064,matthew.wright55,hr-portal.corp.local,INTERNAL,162130,WKSTN-U1064
NET033213,2026-06-01 13:13:00,U1082,karen.hill96,mail.corp.local,INTERNAL,303165,WKSTN-U1082
NET014347,2026-06-01 13:23:00,U1035,nancy.rodriguez82,sharepoint.corp.local,INTERNAL,34841,WKSTN-U1035
NET040624,2026-06-01 13:05:00,U1099,joseph.garcia,mail.corp.local,INTERNAL,220020,
NET014348,2026-06-01 13:34:00,U1035,nancy.rodriguez82,,INTERNAL,115818,WKSTN-U1035
NET007835,2026-06-01 13:35:00,U1020,andrew.thomas36,confluence.corp.local,INTERNAL,247034,WKSTN-U1020
NET011443,2026-06-01 13:03:00,U1028,john.hill,hr-portal.corp.local,INTERNAL,173391,WKSTN-U1028
NET039831,2026-06-01 13:22:00,U1097,mark.martinez10,sharepoint.corp.local,INTERNAL,92494,WKSTN-U1097
NET038598,2026-06-01 13:11:00,U1094,elizabeth.lewis69,confluence.corp.local,INTERNAL,299036,WKSTN-U1094
NET023895,2026-06-01 13:10:00,U1059,daniel.perez98,jira.corp.local,INTERNAL,390373,WKSTN-U1059
NET026755,2026-06-01 12:59:00,U1066,MICHELLE.WRIGHT62,jira.corp.local,INTERNAL,40177,WKSTN-U1066
NET018325,2026-06-01 13:21:00,U1045,daniel.sanchez90,sharepoint.corp.local,INTERNAL,215599,WKSTN-U1045
NET037706,2026-06-01 13:22:00,U1092,steven.thomas,vpn.corp.local,INTERNAL,83604,WKSTN-U1092
NET023119,2026-06-01 13:04:00,U1057,nancy.sanchez,jira.corp.local,INTERNAL,306896,WKSTN-U1057
NET026753,2026-06-01 13:29:00,U1066,michelle.wright62,vpn.corp.local,INTERNAL,322872,WKSTN-U1066
NET015542,2026-06-01 12:59:00,U1038,emily.clark,jira.corp.local,INTERNAL,341655,WKSTN-U1038
NET000830,2026-06-01 13:09:00,U1003,kenneth.clark29,jira.corp.local,INTERNAL,445586,WKSTN-U1003
NET010969,2026-06-01 13:13:00,U1027,patricia.brown75,mail.corp.local,INTERNAL,339684,WKSTN-U1027
NET010526,2026-06-01 13:15:00,U1026,elizabeth.gonzalez,news.com,EXTERNAL,-1,WKSTN-U1026
NET014737,2026-06-01 13:27:00,U1036,linda.jones,mail.corp.local,INTERNAL,289678,WKSTN-U1036
NET023896,2026-06-01 13:30:00,U1059,daniel.perez98,confluence.corp.local,INTERNAL,117090,WKSTN-U1059
NET013565,2026-06-01 13:11:00,U1033,linda.miller,jira.corp.local,INTERNAL,17404,WKSTN-U1033
NET017125,2026-06-01 13:05:00,U1042,michael.hill56,hr-portal.corp.local,INTERNAL,158700,WKSTN-U1042
NET023508,2026-06-01 13:43:00,U1058,jennifer.ramirez18,jira.corp.local,INTERNAL,295343,WKSTN-U1058
NET040991,2026-06-01 13:36:00,U1100,daniel.brown38,sharepoint.corp.local,INTERNAL,427905,WKSTN-U1100
NET010077,2026-06-01 13:49:00,U1025,betty.brown22,mail.corp.local,INTERNAL,42837,WKSTN-U1025
NET037265,2026-06-01 13:39:00,U1091,linda.robinson,hr-portal.corp.local,INTERNAL,52526,WKSTN-U1091
NET039022,2026-06-01 13:54:00,U1095,richard.thomas74	,jira.corp.local,INTERNAL,456158,WKSTN-U1095
NET017124,2026-06-01 14:05:00,U1042,michael.hill56,hr-portal.corp.local,INTERNAL,351476,WKSTN-U1042
NET003955,2026-06-01 14:04:00,U1011,donna.ramirez75,vpn.corp.local,INTERNAL,371958,WKSTN-U1011
NET003600,2026-06-01 13:51:00,U1010,susan.young51,sharepoint.corp.local,INTERNAL,-122538.0,WKSTN-U1010
NET002435,2026-06-01 13:56:00,U1007,sarah.robinson82,hr-portal.corp.local,INTERNAL,449718,WKSTN-U1007
NET003185,2026-06-01 13:46:00,U1009,daniel.brown,sharepoint.corp.local,INTERNAL,322834,WKSTN-U1009
NET022723,2026-06-01 13:59:00,U1056,anthony.clark,vpn.corp.local,INTERNAL,210367,WKSTN-U1056
NET025528,2026-06-01 13:44:00,U1063,john.nguyen,confluence.corp.local,INTERNAL,136740,WKSTN-U1063
NET029140,2026-06-01 13:53:00,U1072,,mail.corp.local,INTERNAL,247897,WKSTN-U1072
NET019137,2026-06-01 13:35:00,U1047,sandra.lewis,hr-portal.corp.local	,INTERNAL,98766,WKSTN-U1047
NET001255,2026-06-01 13:58:00,U1004,elizabeth.wilson98,confluence.corp.local,INTERNAL,33200,WKSTN-U1004
NET006437,2026-06-01 13:40:00,U1017,emily.hernandez34,confluence.corp.local,INTERNAL,139343,WKSTN-U1017
NET021505,2026-06-01 13:47:00,U1053,john.jackson31,vpn.corp.local,INTERNAL,234537,WKSTN-U1053
NET015944,2026-06-01 14:01:00,U1039,mark.thomas,vpn.corp.local,INTERNAL,250065,WKSTN-U1039
NET017925,2026-06-01 13:58:00,U1044,lisa.ramirez9,vpn.corp.local,INTERNAL,328646,WKSTN-U1044
NET009632,2026-06-01 13:41:00,U1024,emily.miller,hr-portal.corp.local,INTERNAL,178969,WKSTN-U1024
NET029937,2026-06-01 13:42:00,U1074,sarah.williams7,hr-portal.corp.local,INTERNAL,93026,WKSTN-U1074
NET016737,2026-06-01 13:45:00,U1041,matthew.allen52,vpn.corp.local,INTERNAL,214154,WKSTN-U1041
NET019551,2026-06-01 13:56:00,U1048,jennifer.thomas87,mail.corp.local,INTERNAL,34231,WKSTN-U1048
NET040236,2026-06-01 13:49:00,U1098,nancy.wright49,hr-portal.corp.local,INTERNAL,103018,WKSTN-U1098
NET032343,2026-06-01 13:49:00,U1080,joseph.jackson91,mail.corp.local	,INTERNAL,236658,WKSTN-U1080
NET008728,2026-06-01 14:05:00,U1022,sandra.brown,sharepoint.corp.local,INTERNAL,49672,WKSTN-U1022
NET023505,2026-06-01 14:15:00,U1058,jennifer.ramirez18,hr-portal.corp.local,INTERNAL,467550,WKSTN-U1058	
NET003182,2026-06-01 14:31:00,U1009,,sharepoint.corp.local,INTERNAL,320603,WKSTN-U1009
NET038154,2026-06-01 14:36:00,U1093,sarah.clark44,hr-portal.corp.local,INTERNAL,28766,WKSTN-U1093
NET002811,2026-06-01 14:20:00,U1008,joshua.hernandez,sharepoint.corp.local,INTERNAL,402983,
NET040623,2026-06-01 14:19:00,U1099,joseph.garcia,vpn.corp.local,INTERNAL,325712,WKSTN-U1099
NET004751,2026-06-01 14:36:00,U1013,emily.smith,hr-portal.corp.local,INTERNAL,297449,WKSTN-U1013
NET026752,2026-06-01 14:08:00,U1066,michelle.wright62,confluence.corp.local,INTERNAL,274680,WKSTN-U1066
NET014346,2026-06-01 14:33:00,U1035,nancy.rodriguez82	,sharepoint.corp.local,INTERNAL,363251,WKSTN-U1035
NET009633,2026-06-01 14:18:00,U1024,emily.miller,mail.corp.local,INTERNAL,468533,WKSTN-U1024
NET026754,2026-06-01 14:30:00,U1066,michelle.wright62,hr-portal.corp.local,INTERNAL,159468,WKSTN-U1066
NET034559,2026-06-01 14:07:00,U1085,barbara.walker67,confluence.corp.local,INTERNAL,437274,WKSTN-U1085
NET034991,2026-06-01 14:15:00,U1086,steven.thompson53,jira.corp.local,INTERNAL,61590,WKSTN-U1086
NET011446,2026-06-01 14:08:00,U1028,john.hill,mail.corp.local,INTERNAL,439201,WKSTN-U1028
NET024700,2026-06-01 14:33:00,U1061,jessica.rodriguez,vpn.corp.local,INTERNAL,180034,WKSTN-U1061
NET018724,2026-06-01 14:28:00,U1046,michelle.torres39,hr-portal.corp.local,INTERNAL,422755,WKSTN-U1046
NET009634,2026-06-01 14:10:00,U1024,emily.miller,hr-portal.corp.local,INTERNAL,9334,WKSTN-U1024
NET025527,2026-06-01 14:11:00,U1063,john.nguyen,vpn.corp.local,INTERNAL,234643,WKSTN-U1063
NET022337,2026-06-01 14:15:00,U1055,patricia.wilson54,jira.corp.local,INTERNAL,372150,WKSTN-U1055
NET025913,2026-06-01 14:37:00,U1064,matthew.wright55,vpn.corp.local,INTERNAL,330734,WKSTN-U1064
NET000411,2026-06-01 14:31:00,U1002,donna.ramirez,mail.corp.local,INTERNAL,243249,WKSTN-U1002
NET008725,2026-06-01 14:30:00,U1022,sandra.brown,hr-portal.corp.local,INTERNAL,13815,WKSTN-U1022
NET034556,2026-06-01 14:15:00,U1085,barbara.walker67,jira.corp.local,INTERNAL,114762,WKSTN-U1085
NET003957,2026-06-01 14:08:00,U1011,donna.ramirez75,jira.corp.local,INTERNAL,491189,WKSTN-U1011
NET026311,2026-06-01 14:29:00,U1065,MICHAEL.RAMIREZ47,,INTERNAL,439428,WKSTN-U1065
NET034993,2026-06-01 15:02:00,U1086,steven.thompson53,sharepoint.corp.local,INTERNAL,35361,WKSTN-U1086
NET029549,2026-06-01 15:04:00,U1073,michael.gonzalez,hr-portal.corp.local	,INTERNAL,93538,WKSTN-U1073
NET024312,2026-06-01 15:03:00,U1060,matthew.anderson,confluence.corp.local,INTERNAL,360650,WKSTN-U1060
NET029548,2026-06-01 14:49:00,U1073,michael.gonzalez,sharepoint.corp.local,INTERNAL,358089,WKSTN-U1073
NET007393,2026-06-01 15:06:00,U1019,donna.anderson,  hr-portal.corp.local ,INTERNAL,157842,WKSTN-U1019
NET001253,2026-06-01 15:05:00,U1004,elizabeth.wilson98,vpn.corp.local,INTERNAL,393914,WKSTN-U1004
NET013952,2026-06-01 14:43:00,U1034,thomas.allen63,jira.corp.local,INTERNAL,306994,WKSTN-U1034
NET002432,2026-06-01 14:57:00,U1007,sarah.robinson82,confluence.corp.local,INTERNAL,373968,WKSTN-U1007
NET033653,2026-06-01 15:15:00,U1083,sarah.allen70,sharepoint.corp.local,INTERNAL,281505,WKSTN-U1083
NET017126,2026-06-01 15:03:00,U1042,michael.hill56,hr-portal.corp.local,INTERNAL,367869,WKSTN-U1042
NET012748,2026-06-01 14:52:00,U1031,john.wright28,hr-portal.corp.local,INTERNAL,245396,WKSTN-U1031
NET004337,2026-06-01 14:43:00,U1012,linda.martinez,vpn.corp.local,INTERNAL,158880,WKSTN-U1012
NET006440,2026-06-01 14:47:00,U1017,emily.hernandez34,jira.corp.local,INTERNAL,153095,WKSTN-U1017
NET015541,2026-06-01 14:46:00,U1038,emily.clark,vpn.corp.local,INTERNAL,297595,WKSTN-U1038
NET009184,2026-06-01 14:58:00,U1023,richard.wright,hr-portal.corp.local,INTERNAL,90860,WKSTN-U1023
NET002040,2026-06-01 14:51:00,U1006,george.gonzalez,sharepoint.corp.local,INTERNAL,183627,WKSTN-U1006
NET024702,2026-06-01 14:43:00,U1061,jessica.rodriguez,hr-portal.corp.local,INTERNAL,372671,WKSTN-U1061
NET008281,2026-06-01 14:53:00,U1021,jessica.walker,,INTERNAL,150944,WKSTN-U1021
NET000415,2026-06-01 14:59:00,U1002,donna.ramirez,linkedin.com,EXTERNAL,15231,WKSTN-U1002
NET031120,2026-06-01 14:57:00,U1077,kimberly.harris58,mail.corp.local,INTERNAL,341414,WKSTN-U1077
NET018726,2026-06-01 15:09:00,U1046,michelle.torres39,sharepoint.corp.local,INTERNAL,83294,WKSTN-U1046
NET035882,2026-06-01 15:07:00,U1088,andrew.smith85,confluence.corp.local,INTERNAL,207413,WKSTN-U1088
NET021113,2026-06-01 14:56:00,U1052,PAUL.TAYLOR,jira.corp.local,INTERNAL,478772,WKSTN-U1052
NET003602,2026-06-01 15:00:00,U1010,SUSAN.YOUNG51,weather.com,EXTERNAL,6265,WKSTN-U1010
NET007390,2026-06-01 14:39:00,U1019,donna.anderson,hr-portal.corp.local,INTERNAL,28434,WKSTN-U1019
NET023897,2026-06-01 15:46:00,U1059,daniel.perez98,mail.corp.local,internal,173971,WKSTN-U1059
NET025915,2026-06-01 15:42:00,U1064,matthew.wright55,confluence.corp.local,internal,477977,WKSTN-U1064
NET033654,2026-06-01 15:21:00,U1083,sarah.allen70,mail.corp.local,INTERNAL,409593,WKSTN-U1083
NET028743,2026-06-01 15:26:00,U1071,matthew.robinson35,hr-portal.corp.local,INTERNAL,271799,WKSTN-U1071
NET031922,2026-06-01 15:28:00,U1079,emily.jones,confluence.corp.local,INTERNAL,428883,WKSTN-U1079
NET035883,2026-06-01 15:37:00,U1088,andrew.smith85,news.com,EXTERNAL,19735,WKSTN-U1088
NET030726,2026-06-01 15:39:00,U1076,john.torres,vpn.corp.local,INTERNAL,211059,WKSTN-U1076
NET029138,2026-06-01 15:38:00,U1072,kenneth.lopez,mail.corp.local,internal,176020,WKSTN-U1072
NET009182,2026-06-01 15:35:00,U1023,richard.wright,hr-portal.corp.local,INTERNAL,387300,WKSTN-U1023
NET009183,2026-06-01 15:27:00,U1023,richard.wright,hr-portal.corp.local,INTERNAL,175723,WKSTN-U1023
NET027895,2026-06-01 15:16:00,U1069,jessica.clark,sharepoint.corp.local,INTERNAL,136914,WKSTN-U1069
NET037261,2026-06-01 15:18:00,U1091,linda.robinson,mail.corp.local,INTERNAL,217307,WKSTN-U1091
NET019553,2026-06-01 15:19:00,U1048,jennifer.thomas87,mail.corp.local,INTERNAL,,WKSTN-U1048
NET013566,2026-06-01 15:27:00,U1033,linda.miller,vpn.corp.local,INTERNAL,480462,WKSTN-U1033
NET000414,2026-06-01 15:21:00,U1002,donna.ramirez,mail.corp.local,INTERNAL,208399,WKSTN-U1002
NET024314,2026-06-01 15:37:00,U1060,matthew.anderson,vpn.corp.local,INTERNAL,272551,WKSTN-U1060
NET002434,2026-06-01 15:32:00,U1007,sarah.robinson82,jira.corp.local,INTERNAL,346757,WKSTN-U1007
NET002042,2026-06-01 15:23:00,U1006,george.gonzalez	,hr-portal.corp.local,INTERNAL,475586,WKSTN-U1006
NET034560,2026-06-01 15:24:00,U1085,barbara.walker67,sharepoint.corp.local,INTERNAL,492226,WKSTN-U1085
NET000831,2026-06-01 15:43:00,U1003,kenneth.clark29,vpn.corp.local,INTERNAL,359697,WKSTN-U1003
NET034994,2026-06-01 15:32:00,U1086,steven.thompson53,sharepoint.corp.local,INTERNAL,72996,WKSTN-U1086
NET028741,2026-06-01 15:15:00,U1071,matthew.robinson35,sharepoint.corp.local,INTERNAL,390592,WKSTN-U1071
NET031509,2026-06-01 15:21:00,U1078,michelle.miller,vpn.corp.local,INTERNAL,209727,WKSTN-U1078
NET040990,2026-06-01 15:41:00,U1100,daniel.brown38,jira.corp.local,INTERNAL,214331,WKSTN-U1100
NET038599,2026-06-01 15:29:00,U1094,elizabeth.lewis69,vpn.corp.local,INTERNAL,43057,WKSTN-U1094
NET036353,2026-06-01 15:53:00,U1089,paul.brown27,mail.corp.local,INTERNAL,82317,WKSTN-U1089
NET008278,2026-06-01 15:59:00,U1021,jessica.walker,vpn.corp.local,INTERNAL,152535,WKSTN-U1021
NET010525,2026-06-01 16:22:00,U1026,elizabeth.gonzalez,vpn.corp.local,INTERNAL,168841,WKSTN-U1026
NET033214,2026-06-01 16:13:00,U1082,karen.hill96,linkedin.com	,EXTERNAL,14062,WKSTN-U1082
NET032780,2026-06-01 15:55:00,U1081,margaret.davis,vpn.corp.local,INTERNAL,25086,WKSTN-U1081
NET035438,2026-06-01 16:07:00,U1087,charles.sanchez,confluence.corp.local,INTERNAL,N/A,WKSTN-U1087
NET035440,2026-06-01 15:57:00,U1087,charles.sanchez,linkedin.com,EXTERNAL,13937,WKSTN-U1087
NET018322,2026-06-01 16:23:00,U1045,daniel.sanchez90,vpn.corp.local,INTERNAL,468611,WKSTN-U1045
NET026309,2026-06-01 16:03:00,U1065,michael.ramirez47,confluence.corp.local,INTERNAL,12206,WKSTN-U1065
NET013951,2026-06-01 15:47:00,U1034,thomas.allen63,mail.corp.local,internal,301382,WKSTN-U1034
NET019550,2026-06-01 16:07:00,U1048,jennifer.thomas87,hr-portal.corp.local,INTERNAL,310251,WKSTN-U1048
NET011447,2026-06-01 15:57:00,U1028,john.hill,jira.corp.local,INTERNAL,204844,WKSTN-U1028
NET033212,2026-06-01 16:10:00,U1082,karen.hill96,confluence.corp.local,INTERNAL,61109,WKSTN-U1082
NET009635,2026-06-01 16:01:00,U1024,emily.miller,news.com,EXTERNAL,1483,  WKSTN-U1024 
NET040234,2026-06-01 16:14:00,U1098,nancy.wright49,jira.corp.local,,477933,WKSTN-U1098
NET008729,2026-06-01 16:10:00,U1022,sandra.brown,linkedin.com,EXTERNAL,6175,WKSTN-U1022
NET037707,2026-06-01 16:06:00,U1092,steven.thomas,hr-portal.corp.local,,5223,WKSTN-U1092
NET012747,2026-06-01 16:01:00,U1031,,vpn.corp.local,INTERNAL,325993,  WKSTN-U1031 
NET016735,2026-06-01 16:09:00,U1041,matthew.allen52,sharepoint.corp.local,INTERNAL,175942,WKSTN-U1041
NET028332,2026-06-01 16:25:00,U1070,betty.thomas40,hr-portal.corp.local,INTERNAL,451933,WKSTN-U1070
NET027509,2026-06-01 16:08:00,U1068,susan.thompson34,hr-portal.corp.local,INTERNAL,294211,WKSTN-U1068
NET000019,2026-06-01 16:07:00,U1001,linda.johnson95,mail.corp.local,INTERNAL,423832,WKSTN-U1001
NET006438,2026-06-01 16:24:00,U1017,emily.hernandez34,vpn.corp.local,INTERNAL,473719,WKSTN-U1017
NET018727,2026-06-01 16:22:00,U1046,michelle.torres39	,linkedin.com,EXTERNAL,12483,WKSTN-U1046
NET011869,2026-06-01 16:20:00,U1029,michelle.garcia54,hr-portal.corp.local,INTERNAL,436921,WKSTN-U1029
NET010523,2026-06-01 17:07:00,U1026,elizabeth.gonzalez,mail.corp.local,INTERNAL,34827,WKSTN-U1026	
NET007392,2026-06-01 16:53:00,U1019,donna.anderson,hr-portal.corp.local,INTERNAL,,WKSTN-U1019
NET028333,2026-06-01 17:02:00,U1070,betty.thomas40,,INTERNAL,62789,WKSTN-U1070
NET013562,2026-06-01 17:16:00,U1033,linda.miller,jira.corp.local,,323406,WKSTN-U1033
NET003598,2026-06-01 16:50:00,U1010,susan.young51,jira.corp.local,INTERNAL,121108,WKSTN-U1010
NET033210,2026-06-01 16:45:00,U1082,karen.hill96,hr-portal.corp.local,INTERNAL,261720,WKSTN-U1082	
NET025934,2026-06-02 07:35:00,U1064,matthew.wright55,jira.corp.local,INTERNAL,25869,WKSTN-U1064
NET035881,2026-06-01 16:39:00,U1088,andrew.smith85,jira.corp.local,INTERNAL,151013,WKSTN-U1088
NET006937,2026-06-01 16:39:00,U1018,betty.white57,hr-portal.corp.local,INTERNAL,214525,WKSTN-U1018
NET010524,2026-06-01 17:00:00,U1026,elizabeth.gonzalez,mail.corp.local,INTERNAL,128484,WKSTN-U1026
NET020722,2026-06-01 17:26:00,U1051,sandra.king72,confluence.corp.local,INTERNAL,434853,
NET032342,2026-06-01 16:35:00,U1080,joseph.jackson91,hr-portal.corp.local,INTERNAL,150109,WKSTN-U1080
NET013564,2026-06-01 16:37:00,U1033,linda.miller,confluence.corp.local,INTERNAL,321937,WKSTN-U1033
NET015124,2026-06-01 16:38:00,U1037,,mail.corp.local,INTERNAL,392467,
NET031924,2026-06-01 16:26:00,U1079,,vpn.corp.local,INTERNAL,54579,WKSTN-U1079
NET019554,2026-06-01 16:53:00,U1048,jennifer.thomas87,hr-portal.corp.local,INTERNAL,463753,WKSTN-U1048
NET020311,2026-06-01 17:22:00,U1050,michael.ramirez,vpn.corp.local,INTERNAL,389342,WKSTN-U1050
NET039835,2026-06-01 17:46:00,U1097,mark.martinez10,mail.corp.local	,INTERNAL,418048,WKSTN-U1097
NET005584,2026-06-01 16:51:00,U1015,lisa.hernandez,mail.corp.local,INTERNAL,407171,WKSTN-U1015
NET040622,2026-06-01 17:45:00,U1099,joseph.garcia,jira.corp.local,INTERNAL,57460,WKSTN-U1099
NET003601,2026-06-01 16:51:00,U1010,susan.young51,sharepoint.corp.local,internal,,WKSTN-U1010
NET006442,2026-06-01 16:35:00,U1017,emily.hernandez34,weather.com,EXTERNAL,5128,WKSTN-U1017	
NET006936,2026-06-01 16:42:00,U1018,betty.white57,sharepoint.corp.local,INTERNAL,324296,WKSTN-U1018
NET028331,2026-06-01 17:09:00,U1070,betty.thomas40,confluence.corp.local,INTERNAL,88957,WKSTN-U1070
NET012749,2026-06-01 16:40:00,U1031,john.wright28,hr-portal.corp.local,INTERNAL,126861,WKSTN-U1031	
NET033680,2026-06-02 07:37:00,U1083,sarah.allen70,mail.corp.local,INTERNAL,159800,WKSTN-U1083
NET002450,2026-06-02 08:22:00,U1007,sarah.robinson82,mail.corp.local,INTERNAL,264292,WKSTN-U1007
NET014755,2026-06-02 08:35:00,U1036,linda.jones,vpn.corp.local,INTERNAL,130353,WKSTN-U1036
NET014754,2026-06-02 08:38:00,U1036,linda.jones,confluence.corp.local,INTERNAL,,WKSTN-U1036
NET021929,2026-06-02 08:28:00,U1054,anthony.martinez,vpn.corp.local,INTERNAL,179149,WKSTN-U1054
NET009202,2026-06-02 07:40:00,U1023,richard.wright,mail.corp.local,INTERNAL,296523,WKSTN-U1023
NET035011,2026-06-02 08:14:00,U1086,steven.thompson53,vpn.corp.local,INTERNAL,321341,WKSTN-U1086
NET035463,2026-06-02 08:35:00,U1087,charles.sanchez,sharepoint.corp.local,INTERNAL,297129,WKSTN-U1087
NET005605,2026-06-02 08:23:00,U1015,lisa.hernandez,sharepoint.corp.local,,94660,WKSTN-U1015
NET035464,2026-06-02 08:23:00,U1087,charles.sanchez,confluence.corp.local,INTERNAL,290433,WKSTN-U1087
NET004772,2026-06-02 08:06:00,U1013,emily.smith,sharepoint.corp.local,INTERNAL,363425,WKSTN-U1013
NET033233,2026-06-02 08:28:00,U1082,karen.hill96,,INTERNAL,58703,WKSTN-U1082
NET021931,2026-06-02 08:10:00,U1054,anthony.martinez,vpn.corp.local,INTERNAL,245013,WKSTN-U1054
NET004773,2026-06-02 08:28:00,U1013,emily.smith,sharepoint.corp.local,INTERNAL,452108,WKSTN-U1013
NET023138,2026-06-02 08:45:00,U1057,,confluence.corp.local,INTERNAL,492036,WKSTN-U1057
NET025545,2026-06-02 08:48:00,U1063,john.nguyen,hr-portal.corp.local,INTERNAL,265855,WKSTN-U1063
NET028763,2026-06-02 08:48:00,U1071,matthew.robinson35,vpn.corp.local,INTERNAL,172640,WKSTN-U1071
NET035462,2026-06-02 08:33:00,U1087,charles.sanchez,confluence.corp.local,INTERNAL,15572,WKSTN-U1087
NET021930,2026-06-02 07:45:00,U1054,anthony.martinez,confluence.corp.local,INTERNAL,197502,WKSTN-U1054
NET033681,2026-06-02 07:52:00,U1083,sarah.allen70,mail.corp.local,INTERNAL,365587,WKSTN-U1083
NET029158,2026-06-02 08:02:00,U1072,kenneth.lopez,confluence.corp.local,INTERNAL,404345,WKSTN-U1072
NET009203,2026-06-02 08:38:00,U1023,richard.wright,mail.corp.local,INTERNAL,72342,
NET020328,2026-06-02 08:06:00,U1050,michael.ramirez,sharepoint.corp.local,,214862,WKSTN-U1050
NET033678,2026-06-02 08:22:00,U1083,sarah.allen70,vpn.corp.local,INTERNAL,100210,WKSTN-U1083
NET039437,2026-06-02 08:55:00,U1096,david.allen76,hr-portal.corp.local,INTERNAL,483449,WKSTN-U1096
NET004353,2026-06-02 08:59:00,U1012,linda.martinez,sharepoint.corp.local,INTERNAL,42452,WKSTN-U1012
NET007407,2026-06-02 09:28:00,U1019,donna.anderson,sharepoint.corp.local,INTERNAL,352981,WKSTN-U1019
NET028764,2026-06-02 09:20:00,U1071,matthew.robinson35,confluence.corp.local,INTERNAL,435794,WKSTN-U1071
NET029157,2026-06-02 08:59:00,U1072,kenneth.lopez	,sharepoint.corp.local,INTERNAL,316761,WKSTN-U1072
NET026330,2026-06-02 09:01:00,U1065,michael.ramirez47,hr-portal.corp.local,INTERNAL,312567,
NET013966,2026-06-02 09:31:00,U1034,thomas.allen63,jira.corp.local,INTERNAL,387823,WKSTN-U1034
NET000848,2026-06-02 08:57:00,U1003,kenneth.clark29,vpn.corp.local,INTERNAL,-85539.0,WKSTN-U1003
NET006014,2026-06-02 09:18:00,U1016,patricia.thomas,confluence.corp.local,INTERNAL,486045,WKSTN-U1016
NET011890,2026-06-02 09:21:00,U1029,michelle.garcia54,mail.corp.local,INTERNAL,389674,WKSTN-U1029
NET039038,2026-06-02 09:04:00,U1095,richard.thomas74,confluence.corp.local,INTERNAL,N/A,WKSTN-U1095
NET031944,2026-06-02 09:27:00,U1079,emily.jones,mail.corp.local,INTERNAL,309867,WKSTN-U1079
NET025543,2026-06-02 09:22:00,U1063,john.nguyen,confluence.corp.local,INTERNAL,110002,WKSTN-U1063
NET019159,2026-06-02 09:05:00,U1047,SANDRA.LEWIS,hr-portal.corp.local,INTERNAL,350593,WKSTN-U1047
NET011472,2026-06-02 09:31:00,U1028,john.hill,jira.corp.local,INTERNAL,383826,WKSTN-U1028
NET032360,2026-06-02 08:58:00,U1080,joseph.jackson91,sharepoint.corp.local,INTERNAL,16998,WKSTN-U1080
NET003614,2026-06-02 09:06:00,U1010,susan.young51,sharepoint.corp.local,INTERNAL,198879,WKSTN-U1010
NET011468,2026-06-02 09:23:00,U1028,john.hill,sharepoint.corp.local,INTERNAL,322947,WKSTN-U1028
NET013965,2026-06-02 09:26:00,U1034,thomas.allen63,confluence.corp.local,INTERNAL,203310,WKSTN-U1034
NET033230,2026-06-02 09:26:00,U1082,karen.hill96,sharepoint.corp.local,INTERNAL,424362,WKSTN-U1082
NET000850,2026-06-02 09:14:00,U1003,kenneth.clark29,sharepoint.corp.local,INTERNAL,68048,WKSTN-U1003
NET002831,2026-06-02 08:56:00,U1008,joshua.hernandez,jira.corp.local,INTERNAL,479752,WKSTN-U1008
NET038173,2026-06-02 09:25:00,U1093,sarah.clark44,hr-portal.corp.local,INTERNAL,433814,WKSTN-U1093
NET031533,2026-06-02 09:23:00,U1078,michelle.miller,confluence.corp.local,INTERNAL,490223,  WKSTN-U1078 
NET032803,2026-06-02 09:01:00,U1081,margaret.davis,vpn.corp.local,INTERNAL,86924,WKSTN-U1081
NET007406,2026-06-02 09:21:00,U1019,donna.anderson,hr-portal.corp.local,INTERNAL,216229,WKSTN-U1019
NET012769,2026-06-02 09:52:00,U1031,john.wright28,jira.corp.local,INTERNAL,136074,WKSTN-U1031
NET020743,2026-06-02 09:53:00,U1051,sandra.king72,news.com,EXTERNAL,16126,WKSTN-U1051
NET012765,2026-06-02 09:48:00,U1031,john.wright28,hr-portal.corp.local,INTERNAL,40844,WKSTN-U1031
NET004355,2026-06-02 09:36:00,U1012,linda.martinez,sharepoint.corp.local,INTERNAL,196302,WKSTN-U1012
NET022351,2026-06-02 09:32:00,U1055,patricia.wilson54,vpn.corp.local,INTERNAL,129237,WKSTN-U1055
NET038620,2026-06-02 09:42:00,U1094,elizabeth.lewis69,confluence.corp.local,INTERNAL,481289,WKSTN-U1094
NET001270,2026-06-02 09:59:00,U1004,elizabeth.wilson98,vpn.corp.local,INTERNAL,335193,WKSTN-U1004
NET019570,2026-06-02 09:41:00,U1048,jennifer.thomas87,hr-portal.corp.local,INTERNAL,102805,WKSTN-U1048
NET037728,2026-06-02 09:37:00,U1092,steven.thomas,jira.corp.local,INTERNAL,167133,WKSTN-U1092
NET038175,2026-06-02 09:31:00,U1093,sarah.clark44,jira.corp.local,INTERNAL,218054,WKSTN-U1093
NET005203,2026-06-02 09:41:00,U1014,james.taylor,vpn.corp.local,INTERNAL,428785,WKSTN-U1014
NET004775,2026-06-02 09:47:00,U1013,emily.smith,  confluence.corp.local ,INTERNAL,472459,WKSTN-U1013
NET032801,2026-06-02 09:50:00,U1081,margaret.davis,sharepoint.corp.local,INTERNAL,49607,WKSTN-U1081
NET021927,2026-06-02 09:59:00,U1054,anthony.martinez,mail.corp.local,INTERNAL,100343,WKSTN-U1054
NET041010,2026-06-02 09:47:00,U1100,daniel.brown38,vpn.corp.local,INTERNAL,9418,WKSTN-U1100
NET017141,2026-06-02 09:52:00,U1042,michael.hill56,,INTERNAL,55894,WKSTN-U1042
NET036370,2026-06-02 09:50:00,U1089,paul.brown27,mail.corp.local,INTERNAL,184687,WKSTN-U1089
NET003615,2026-06-02 09:54:00,U1010,susan.young51	,sharepoint.corp.local,INTERNAL,151576,WKSTN-U1010
NET028762,2026-06-02 09:38:00,U1071,matthew.robinson35,mail.corp.local,INTERNAL,332334,WKSTN-U1071
NET023912,2026-06-02 09:31:00,U1059,daniel.perez98,confluence.corp.local,INTERNAL,157048,WKSTN-U1059
NET033231,2026-06-02 09:43:00,U1082,karen.hill96,vpn.corp.local,INTERNAL,186362,WKSTN-U1082
NET015558,2026-06-02 09:43:00,U1038,emily.clark,jira.corp.local,INTERNAL,43194,WKSTN-U1038
NET039855,2026-06-02 09:33:00,U1097,,confluence.corp.local,INTERNAL,224824,WKSTN-U1097
NET025138,2026-06-02 09:39:00,U1062,william.martin,jira.corp.local,INTERNAL,456107,WKSTN-U1062
NET041014,2026-06-02 09:40:00,U1100,daniel.brown38,linkedin.com,EXTERNAL,16868,WKSTN-U1100
NET026771,2026-06-02 10:00:00,U1066,michelle.wright62,hr-portal.corp.local,INTERNAL,458916,WKSTN-U1066
NET021524,2026-06-02 10:13:00,U1053,john.jackson31,hr-portal.corp.local,INTERNAL,97221,WKSTN-U1053
NET020740,2026-06-02 10:18:00,U1051,sandra.king72,jira.corp.local,INTERNAL,334090,WKSTN-U1051
NET017144,2026-06-02 10:21:00,U1042,michael.hill56,jira.corp.local,INTERNAL,56203,WKSTN-U1042
NET017553,2026-06-02 10:22:00,U1043,thomas.williams91,mail.corp.local,INTERNAL,299888,WKSTN-U1043
NET034580,2026-06-02 10:06:00,U1085,barbara.walker67,hr-portal.corp.local,INTERNAL,24677,WKSTN-U1085
NET015559,2026-06-02 10:21:00,U1038,emily.clark,jira.corp.local,INTERNAL,148700,WKSTN-U1038
NET009204,2026-06-02 10:29:00,U1023,richard.wright,hr-portal.corp.local	,INTERNAL,492821,WKSTN-U1023
NET040640,2026-06-02 10:29:00,U1099,JOSEPH.GARCIA,sharepoint.corp.local,INTERNAL,180799,WKSTN-U1099
NET017142,2026-06-02 10:01:00,U1042,michael.hill56,vpn.corp.local,INTERNAL,310891,WKSTN-U1042
NET007410,2026-06-02 10:21:00,U1019,donna.anderson,confluence.corp.local,INTERNAL,69903,WKSTN-U1019
NET001660,2026-06-02 10:00:00,U1005,robert.robinson,mail.corp.local,INTERNAL,307827,WKSTN-U1005
NET037283,2026-06-02 10:10:00,U1091,linda.robinson,confluence.corp.local,INTERNAL,496419,WKSTN-U1091
NET019571,2026-06-02 10:13:00,U1048,jennifer.thomas87,hr-portal.corp.local,INTERNAL,441367,WKSTN-U1048
NET025139,2026-06-02 10:07:00,U1062,william.martin,mail.corp.local,INTERNAL,100306,WKSTN-U1062
NET029567,2026-06-02 10:16:00,U1073,michael.gonzalez,vpn.corp.local,INTERNAL,99761,WKSTN-U1073
NET033234,2026-06-02 10:12:00,U1082,karen.hill96,vpn.corp.local,INTERNAL,179168,
NET030363,2026-06-02 10:20:00,U1075,steven.lewis,mail.corp.local,INTERNAL,41131,WKSTN-U1075
NET031945,2026-06-02 10:07:00,U1079,,hr-portal.corp.local,INTERNAL,247278,WKSTN-U1079
NET002449,2026-06-02 10:06:00,U1007,sarah.robinson82,mail.corp.local,INTERNAL,112183,WKSTN-U1007
NET039041,2026-06-02 10:25:00,U1095,RICHARD.THOMAS74,mail.corp.local,INTERNAL,345981,WKSTN-U1095
NET014753,2026-06-02 10:22:00,U1036,linda.jones	,hr-portal.corp.local,INTERNAL,169684,WKSTN-U1036
NET036371,2026-06-02 10:21:00,U1089,paul.brown27,mail.corp.local,INTERNAL,491909,WKSTN-U1089
NET039039,2026-06-02 10:03:00,U1095,richard.thomas74,jira.corp.local,INTERNAL,64846,WKSTN-U1095
NET004354,2026-06-02 10:15:00,U1012,linda.martinez,confluence.corp.local,INTERNAL,372794,WKSTN-U1012
NET007852,2026-06-02 10:49:00,U1020,andrew.thomas36,confluence.corp.local,INTERNAL,71011,WKSTN-U1020
NET026329,2026-06-02 11:07:00,U1065,michael.ramirez47,jira.corp.local,INTERNAL,197394,WKSTN-U1065
NET004774,2026-06-02 11:05:00,U1013,emily.smith,sharepoint.corp.local,INTERNAL,252097,WKSTN-U1013
NET025141,2026-06-02 11:06:00,U1062,william.martin,confluence.corp.local,INTERNAL,332556,WKSTN-U1062
NET031531,2026-06-02 11:10:00,U1078,michelle.miller,sharepoint.corp.local,INTERNAL,237642,WKSTN-U1078
NET030745,2026-06-02 10:54:00,U1076,john.torres,vpn.corp.local,INTERNAL,484696,WKSTN-U1076
NET013177,2026-06-02 11:11:00,U1032,PAUL.WRIGHT91,  hr-portal.corp.local ,INTERNAL,79889,WKSTN-U1032
NET000429,2026-06-02 10:39:00,U1002,donna.ramirez,jira.corp.local,INTERNAL,428407,WKSTN-U1002
NET028346,2026-06-02 11:10:00,U1070,betty.thomas40,vpn.corp.local,INTERNAL,145805,WKSTN-U1070
NET012767,2026-06-02 10:59:00,U1031,john.wright28,mail.corp.local,INTERNAL,299580,
NET035013,2026-06-02 10:39:00,U1086,steven.thompson53,vpn.corp.local,INTERNAL,170757,WKSTN-U1086
NET011888,2026-06-02 10:47:00,U1029,michelle.garcia54,  mail.corp.local ,INTERNAL,489368,WKSTN-U1029
NET021526,2026-06-02 10:41:00,U1053,john.jackson31,confluence.corp.local,INTERNAL,223962,WKSTN-U1053	
NET015140,2026-06-02 10:55:00,U1037,robert.martin,mail.corp.local,INTERNAL,130916,WKSTN-U1037
NET008749,2026-06-02 11:12:00,U1022,sandra.brown,mail.corp.local,INTERNAL,433426,WKSTN-U1022
NET039857,2026-06-02 11:03:00,U1097,mark.martinez10,linkedin.com,EXTERNAL,4226,WKSTN-U1097
NET034109,2026-06-02 10:52:00,U1084,joshua.taylor,confluence.corp.local,INTERNAL,49102,WKSTN-U1084
NET027913,2026-06-02 11:05:00,U1069,jessica.clark,hr-portal.corp.local,INTERNAL,491947,WKSTN-U1069
NET032359,2026-06-02 11:11:00,U1080,joseph.jackson91,vpn.corp.local,INTERNAL,424729,WKSTN-U1080
NET009207,2026-06-02 10:46:00,U1023,richard.wright,linkedin.com,EXTERNAL,7630,WKSTN-U1023
NET015960,2026-06-02 10:39:00,U1039,mark.thomas,jira.corp.local,INTERNAL,353180,WKSTN-U1039
NET038174,2026-06-02 10:34:00,U1093,sarah.clark44,vpn.corp.local,INTERNAL,429805,WKSTN-U1093
NET017555,2026-06-02 10:42:00,U1043,THOMAS.WILLIAMS91,sharepoint.corp.local,INTERNAL,298908,WKSTN-U1043	
NET039853,2026-06-02 11:08:00,U1097,mark.martinez10,sharepoint.corp.local,INTERNAL,341415,WKSTN-U1097
NET002830,2026-06-02 10:57:00,U1008,joshua.hernandez,hr-portal.corp.local,INTERNAL,474421,WKSTN-U1008
NET030748,2026-06-02 11:26:00,U1076,john.torres,jira.corp.local,INTERNAL,50428,WKSTN-U1076
NET030749,2026-06-02 11:38:00,U1076,john.torres,,EXTERNAL,14108,WKSTN-U1076
NET018338,2026-06-02 11:32:00,U1045,daniel.sanchez90,jira.corp.local,INTERNAL,419112,WKSTN-U1045
NET007409,2026-06-02 11:26:00,U1019,donna.anderson,hr-portal.corp.local,INTERNAL,227794,WKSTN-U1019
NET016331,2026-06-02 11:35:00,U1040,matthew.martin,vpn.corp.local,INTERNAL,261767,WKSTN-U1040
NET031532,2026-06-02 11:19:00,U1078,michelle.miller,jira.corp.local,INTERNAL,207172,WKSTN-U1078
NET027910,2026-06-02 11:27:00,U1069,jessica.clark,confluence.corp.local,INTERNAL,128314,WKSTN-U1069
NET040249,2026-06-02 11:18:00,U1098,nancy.wright49,jira.corp.local,INTERNAL,481128,WKSTN-U1098
NET006465,2026-06-02 11:39:00,U1017,emily.hernandez34,sharepoint.corp.local,INTERNAL,458082,WKSTN-U1017
NET013582,2026-06-02 11:35:00,U1033,linda.miller,hr-portal.corp.local,INTERNAL,145251,WKSTN-U1033
NET033679,2026-06-02 11:19:00,U1083,sarah.allen70,confluence.corp.local,INTERNAL,19174,WKSTN-U1083
NET015141,2026-06-02 11:33:00,U1037,robert.martin,sharepoint.corp.local,INTERNAL,23615,WKSTN-U1037
NET010542,2026-06-02 11:32:00,U1026,elizabeth.gonzalez,jira.corp.local,INTERNAL,106999,WKSTN-U1026
NET040250,2026-06-02 11:29:00,U1098,nancy.wright49,sharepoint.corp.local,INTERNAL,491885,WKSTN-U1098
NET021527,2026-06-02 11:14:00,U1053,john.jackson31,jira.corp.local,INTERNAL,18574,WKSTN-U1053
NET009206,2026-06-02 11:29:00,U1023,richard.wright,confluence.corp.local,internal,106534,WKSTN-U1023
NET030747,2026-06-02 11:38:00,U1076,john.torres,confluence.corp.local,INTERNAL,421590,WKSTN-U1076
NET008299,2026-06-02 11:27:00,U1021,jessica.walker,  vpn.corp.local ,INTERNAL,191351,WKSTN-U1021
NET028347,2026-06-02 11:22:00,U1070,betty.thomas40,hr-portal.corp.local,INTERNAL,,WKSTN-U1070
NET024331,2026-06-02 11:16:00,U1060,matthew.anderson,vpn.corp.local,INTERNAL,154523,WKSTN-U1060
NET019935,2026-06-02 11:29:00,U1049,michelle.jones59,  jira.corp.local ,INTERNAL,425023,WKSTN-U1049
NET018745,2026-06-02 11:19:00,U1046,michelle.torres39,jira.corp.local,INTERNAL,147361,WKSTN-U1046
NET020739,2026-06-02 11:37:00,U1051,sandra.king72,jira.corp.local,,468899,WKSTN-U1051
NET024329,2026-06-02 11:14:00,U1060,matthew.anderson,hr-portal.corp.local,INTERNAL,435775,WKSTN-U1060
NET000852,2026-06-02 11:32:00,U1003,kenneth.clark29,linkedin.com	,EXTERNAL,19252,WKSTN-U1003
NET003204,2026-06-02 11:44:00,U1009,daniel.brown,sharepoint.corp.local,INTERNAL,184004,WKSTN-U1009
NET010543,2026-06-02 11:50:00,U1026,elizabeth.gonzalez,jira.corp.local,INTERNAL,460686,WKSTN-U1026
NET011471,2026-06-02 11:58:00,U1028,john.hill,mail.corp.local,INTERNAL,314567,WKSTN-U1028
NET037729,2026-06-02 11:53:00,U1092,steven.thomas,jira.corp.local,INTERNAL,234409,WKSTN-U1092
NET000851,2026-06-02 12:03:00,U1003,kenneth.clark29,vpn.corp.local,INTERNAL,85478,WKSTN-U1003
NET010099,2026-06-02 11:53:00,U1025,betty.brown22,vpn.corp.local,INTERNAL,399645,WKSTN-U1025
NET018749,2026-06-02 11:43:00,U1046,michelle.torres39,mail.corp.local,INTERNAL,307945,WKSTN-U1046
NET023914,2026-06-02 11:45:00,U1059,,confluence.corp.local,INTERNAL,342888,WKSTN-U1059	
NET015561,2026-06-02 12:04:00,U1038,emily.clark,vpn.corp.local,INTERNAL,470233,WKSTN-U1038
NET041012,2026-06-02 12:02:00,U1100,daniel.brown38,hr-portal.corp.local,INTERNAL,459848,WKSTN-U1100
NET040639,2026-06-02 12:07:00,U1099,joseph.garcia,mail.corp.local,INTERNAL,261013,
NET027145,2026-06-02 11:55:00,U1067,paul.thomas97,mail.corp.local,INTERNAL,439592,
NET023140,2026-06-02 11:51:00,U1057,nancy.sanchez,jira.corp.local,INTERNAL,215291,WKSTN-U1057
NET020741,2026-06-02 11:41:00,U1051,sandra.king72,hr-portal.corp.local,INTERNAL,280381,WKSTN-U1051
NET025932,2026-06-02 11:47:00,U1064,matthew.wright55,sharepoint.corp.local,INTERNAL,226473,WKSTN-U1064
NET001661,2026-06-02 11:54:00,U1005,robert.robinson,jira.corp.local,INTERNAL,155576,  WKSTN-U1005 
NET002829,2026-06-02 11:40:00,U1008,joshua.hernandez,mail.corp.local,INTERNAL,176485,WKSTN-U1008
NET030362,2026-06-02 11:44:00,U1075,steven.lewis,mail.corp.local,INTERNAL,220174,WKSTN-U1075
NET029159,2026-06-02 11:58:00,U1072,kenneth.lopez,mail.corp.local,internal,368506,WKSTN-U1072
NET020742,2026-06-02 11:49:00,U1051,SANDRA.KING72,jira.corp.local,,193653,WKSTN-U1051
NET019934,2026-06-02 11:52:00,U1049,michelle.jones59,sharepoint.corp.local,INTERNAL,49021,WKSTN-U1049
NET003972,2026-06-02 11:56:00,U1011,donna.ramirez75,hr-portal.corp.local,INTERNAL,348363,WKSTN-U1011
NET009657,2026-06-02 11:51:00,U1024,,jira.corp.local,INTERNAL,143027,WKSTN-U1024
NET002061,2026-06-02 11:53:00,U1006,george.gonzalez,confluence.corp.local,INTERNAL,419129,WKSTN-U1006
NET028761,2026-06-02 11:45:00,U1071,matthew.robinson35,sharepoint.corp.local,INTERNAL,,WKSTN-U1071
NET018748,2026-06-02 12:37:00,U1046,MICHELLE.TORRES39,jira.corp.local,INTERNAL,168885,WKSTN-U1046
NET031946,2026-06-02 12:39:00,U1079,emily.jones,linkedin.com,EXTERNAL,5531,
NET000428,2026-06-02 12:33:00,U1002,donna.ramirez,sharepoint.corp.local,INTERNAL,255074,WKSTN-U1002
NET001271,2026-06-02 12:11:00,U1004,elizabeth.wilson98,mail.corp.local,INTERNAL,321070,WKSTN-U1004
NET012766,2026-06-02 12:37:00,U1031,john.wright28,jira.corp.local,INTERNAL,95454,WKSTN-U1031
NET017938,2026-06-02 12:28:00,U1044,lisa.ramirez9,jira.corp.local,internal,181501,WKSTN-U1044
NET023915,2026-06-02 12:22:00,U1059,daniel.perez98,jira.corp.local,INTERNAL,43934,WKSTN-U1059
NET022738,2026-06-02 12:24:00,U1056,ANTHONY.CLARK,hr-portal.corp.local,INTERNAL,126450,WKSTN-U1056
NET035461,2026-06-02 12:07:00,U1087,charles.sanchez,vpn.corp.local,INTERNAL,348504,WKSTN-U1087
NET038621,2026-06-02 12:37:00,U1094,elizabeth.lewis69,confluence.corp.local,INTERNAL,27026,WKSTN-U1094
NET039438,2026-06-02 12:23:00,U1096,david.allen76	,news.com,external,9351,WKSTN-U1096	
NET027912,2026-06-02 12:19:00,U1069,jessica.clark,jira.corp.local,INTERNAL,196335,WKSTN-U1069
NET039042,2026-06-02 12:10:00,U1095,richard.thomas74,weather.com,EXTERNAL,18569,WKSTN-U1095
NET023141,2026-06-02 12:09:00,U1057,nancy.sanchez,weather.com,EXTERNAL,16442,WKSTN-U1057
NET010989,2026-06-02 12:23:00,U1027,PATRICIA.BROWN75,vpn.corp.local,INTERNAL,173963,WKSTN-U1027
NET035012,2026-06-02 12:14:00,U1086,steven.thompson53,mail.corp.local,INTERNAL,38526,WKSTN-U1086
NET009654,2026-06-02 12:21:00,U1024,emily.miller,confluence.corp.local,INTERNAL,420017,WKSTN-U1024
NET012323,2026-06-02 12:20:00,U1030,betty.rodriguez86,mail.corp.local,INTERNAL,70222,WKSTN-U1030
NET025931,2026-06-02 12:31:00,U1064,matthew.wright55,confluence.corp.local,INTERNAL,432834,WKSTN-U1064
NET015139,2026-06-02 12:17:00,U1037,robert.martin,mail.corp.local,INTERNAL,458440,WKSTN-U1037
NET036811,2026-06-02 12:29:00,U1090,mary.hill,news.com,EXTERNAL,12999,WKSTN-U1090
NET004777,2026-06-02 12:22:00,U1013,,weather.com,EXTERNAL,14026,WKSTN-U1013
NET006461,2026-06-02 12:11:00,U1017,emily.hernandez34,sharepoint.corp.local,INTERNAL,183866,WKSTN-U1017
NET006954,2026-06-02 12:16:00,U1018,,vpn.corp.local,INTERNAL,121793,WKSTN-U1018
NET013176,2026-06-02 12:25:00,U1032,paul.wright91,vpn.corp.local,INTERNAL,384262,WKSTN-U1032
NET035903,2026-06-02 12:41:00,U1088,andrew.smith85,hr-portal.corp.local,INTERNAL,440799,WKSTN-U1088
NET029954,2026-06-02 12:45:00,U1074,sarah.williams7,confluence.corp.local,INTERNAL,255006,WKSTN-U1074
NET041009,2026-06-02 12:39:00,U1100,daniel.brown38,confluence.corp.local,INTERNAL,485526,WKSTN-U1100
NET041013,2026-06-02 12:41:00,U1100,daniel.brown38,mail.corp.local,INTERNAL,353251,WKSTN-U1100
NET005603,2026-06-02 12:47:00,U1015,lisa.hernandez,hr-portal.corp.local,INTERNAL,431608,WKSTN-U1015
NET014752,2026-06-02 12:46:00,U1036,linda.jones,hr-portal.corp.local,INTERNAL,18631,WKSTN-U1036
NET016329,2026-06-02 12:44:00,U1040,matthew.martin,hr-portal.corp.local,INTERNAL,37015,WKSTN-U1040
NET000430,2026-06-02 12:46:00,U1002,donna.ramirez,vpn.corp.local,INTERNAL,265995,WKSTN-U1002
NET026331,2026-06-02 12:39:00,U1065,michael.ramirez47,jira.corp.local,INTERNAL,,WKSTN-U1065
NET028760,2026-06-02 12:53:00,U1071,matthew.robinson35,hr-portal.corp.local,INTERNAL,85850,WKSTN-U1071
NET006013,2026-06-02 12:45:00,U1016,patricia.thomas,jira.corp.local,INTERNAL,123382,WKSTN-U1016
NET006010,2026-06-02 12:51:00,U1016,patricia.thomas,jira.corp.local,internal,95669,WKSTN-U1016
NET011887,2026-06-02 12:44:00,U1029,michelle.garcia54,jira.corp.local,INTERNAL,466416,WKSTN-U1029
NET027521,2026-06-02 12:54:00,U1068,susan.thompson34,vpn.corp.local,INTERNAL,462720,WKSTN-U1068
NET012320,2026-06-02 12:47:00,U1030,BETTY.RODRIGUEZ86,jira.corp.local,INTERNAL,471761,WKSTN-U1030
NET039434,2026-06-02 12:49:00,U1096,david.allen76,vpn.corp.local	,INTERNAL,43581,WKSTN-U1096
NET028348,2026-06-02 12:45:00,U1070,betty.thomas40,sharepoint.corp.local,INTERNAL,213169,WKSTN-U1070
NET025933,2026-06-02 12:41:00,U1064,matthew.wright55,confluence.corp.local,INTERNAL,112528,WKSTN-U1064
NET001663,2026-06-02 12:40:00,U1005,robert.robinson,sharepoint.corp.local,INTERNAL,54825,WKSTN-U1005
NET000849,2026-06-02 12:41:00,U1003,kenneth.clark29,mail.corp.local,INTERNAL,12768,  WKSTN-U1003 
NET036810,2026-06-02 12:46:00,U1090,mary.hill,confluence.corp.local,INTERNAL,320154,WKSTN-U1090
NET014367,2026-06-02 12:53:00,U1035,nancy.rodriguez82,confluence.corp.local,INTERNAL,371837,WKSTN-U1035
NET039436,2026-06-02 12:47:00,U1096,david.allen76,sharepoint.corp.local,INTERNAL,394492,WKSTN-U1096	
NET021525,2026-06-02 12:39:00,U1053,john.jackson31,confluence.corp.local,INTERNAL,254624,WKSTN-U1053
NET026333,2026-06-02 12:53:00,U1065,michael.ramirez47,confluence.corp.local,INTERNAL,229047,WKSTN-U1065
NET029156,2026-06-02 13:25:00,U1072,kenneth.lopez,sharepoint.corp.local,INTERNAL,233292,WKSTN-U1072
NET024330,2026-06-02 13:27:00,U1060,matthew.anderson,hr-portal.corp.local,INTERNAL,43704,WKSTN-U1060
NET040641,2026-06-02 13:12:00,U1099,joseph.garcia,hr-portal.corp.local,INTERNAL,426788,WKSTN-U1099
NET033232,2026-06-02 12:56:00,U1082,karen.hill96,hr-portal.corp.local,INTERNAL,491762,WKSTN-U1082
NET037282,2026-06-02 13:25:00,U1091,linda.robinson,mail.corp.local,INTERNAL,94568,WKSTN-U1091
NET022353,2026-06-02 13:01:00,U1055,patricia.wilson54,mail.corp.local,INTERNAL,156803,WKSTN-U1055
NET000039,2026-06-02 13:08:00,U1001,linda.johnson95,hr-portal.corp.local,INTERNAL,314076,WKSTN-U1001
NET006011,2026-06-02 13:18:00,U1016,,vpn.corp.local,INTERNAL,120901,WKSTN-U1016
NET014366,2026-06-02 13:06:00,U1035,nancy.rodriguez82,vpn.corp.local,INTERNAL,53045,WKSTN-U1035
NET029569,2026-06-02 13:02:00,U1073,michael.gonzalez,  confluence.corp.local ,INTERNAL,437651,WKSTN-U1073
NET000847,2026-06-02 12:55:00,U1003,kenneth.clark29,mail.corp.local,INTERNAL,252145,WKSTN-U1003
NET020330,2026-06-02 13:02:00,U1050,michael.ramirez,vpn.corp.local,INTERNAL,17156,WKSTN-U1050
NET027911,2026-06-02 13:24:00,U1069,jessica.clark,confluence.corp.local,INTERNAL,298572,WKSTN-U1069
NET034108,2026-06-02 13:27:00,U1084,joshua.taylor	,confluence.corp.local,INTERNAL,55776,WKSTN-U1084
NET032361,2026-06-02 13:29:00,U1080,joseph.jackson91,hr-portal.corp.local,INTERNAL,67707,WKSTN-U1080
NET003971,2026-06-02 13:36:00,U1011,donna.ramirez75,vpn.corp.local,INTERNAL,116551,WKSTN-U1011
NET025546,2026-06-02 13:11:00,U1063,john.nguyen,weather.com,EXTERNAL,12392,WKSTN-U1063
NET032358,2026-06-02 12:54:00,U1080,joseph.jackson91,confluence.corp.local,INTERNAL,106937,WKSTN-U1080
NET022739,2026-06-02 13:32:00,U1056,anthony.clark,mail.corp.local,INTERNAL,-431721.0,WKSTN-U1056
NET011889,2026-06-02 13:17:00,U1029,michelle.garcia54,jira.corp.local,INTERNAL,355133,WKSTN-U1029
NET040248,2026-06-02 13:26:00,U1098,nancy.wright49,jira.corp.local,INTERNAL,279779,WKSTN-U1098
NET019160,2026-06-02 13:25:00,U1047,sandra.lewis,vpn.corp.local,INTERNAL,288055,WKSTN-U1047
NET008748,2026-06-02 12:59:00,U1022,sandra.brown,hr-portal.corp.local,INTERNAL,289183,WKSTN-U1022
NET006012,2026-06-02 13:38:00,U1016,patricia.thomas,sharepoint.corp.local,INTERNAL,158648,WKSTN-U1016
NET030366,2026-06-02 12:56:00,U1075,steven.lewis,confluence.corp.local,INTERNAL,91108,WKSTN-U1075
NET032802,2026-06-02 13:52:00,U1081,margaret.davis,vpn.corp.local,INTERNAL,43136,WKSTN-U1081
NET030365,2026-06-02 14:02:00,U1075,steven.lewis,vpn.corp.local,INTERNAL,138616,WKSTN-U1075
NET021130,2026-06-02 13:39:00,U1052,paul.taylor,confluence.corp.local,internal,113405,WKSTN-U1052
NET026332,2026-06-02 14:09:00,U1065,michael.ramirez47,vpn.corp.local,INTERNAL,35152,WKSTN-U1065
NET005601,2026-06-02 13:42:00,U1015,  lisa.hernandez ,hr-portal.corp.local,INTERNAL,97406,WKSTN-U1015
NET023913,2026-06-02 13:45:00,U1059,daniel.perez98,mail.corp.local,INTERNAL,260916,WKSTN-U1059
NET030364,2026-06-02 13:59:00,U1075,steven.lewis,mail.corp.local,INTERNAL,453532,WKSTN-U1075
NET020738,2026-06-02 13:43:00,U1051,sandra.king72,sharepoint.corp.local,INTERNAL,314168,WKSTN-U1051
NET035904,2026-06-02 13:45:00,U1088,andrew.smith85,confluence.corp.local,INTERNAL,104427,WKSTN-U1088
NET018339,2026-06-02 14:11:00,U1045,daniel.sanchez90,sharepoint.corp.local,INTERNAL,493854,WKSTN-U1045
NET016330,2026-06-02 13:41:00,U1040,matthew.martin,mail.corp.local,INTERNAL,245502,WKSTN-U1040
NET029566,2026-06-02 14:06:00,U1073,michael.gonzalez,jira.corp.local,INTERNAL,307458,WKSTN-U1073
NET008300,2026-06-02 13:47:00,U1021,jessica.walker,confluence.corp.local,INTERNAL,48901,WKSTN-U1021
NET017554,2026-06-02 14:09:00,U1043,thomas.williams91,,INTERNAL,400104,WKSTN-U1043
NET006464,2026-06-02 13:42:00,U1017,emily.hernandez34,confluence.corp.local,INTERNAL,404231,WKSTN-U1017
NET036807,2026-06-02 13:52:00,U1090,mary.hill,vpn.corp.local,INTERNAL,100595000.0,WKSTN-U1090
NET039435,2026-06-02 13:42:00,U1096,david.allen76,vpn.corp.local,INTERNAL,346882,WKSTN-U1096
NET007408,2026-06-02 14:02:00,U1019,donna.anderson,vpn.corp.local,INTERNAL,345527,WKSTN-U1019
NET019158,2026-06-02 13:59:00,U1047,sandra.lewis,confluence.corp.local,INTERNAL,382486,WKSTN-U1047
NET007853,2026-06-02 14:05:00,U1020,andrew.thomas36,hr-portal.corp.local,INTERNAL,190248,WKSTN-U1020
NET011469,2026-06-02 13:43:00,U1028,john.hill	,sharepoint.corp.local,INTERNAL,174489,WKSTN-U1028
NET005602,2026-06-02 13:48:00,U1015,lisa.hernandez,confluence.corp.local,INTERNAL,176116,WKSTN-U1015
NET008298,2026-06-02 14:05:00,U1021,jessica.walker,mail.corp.local,INTERNAL,,WKSTN-U1021
NET031943,2026-06-02 13:38:00,U1079,emily.jones,mail.corp.local,INTERNAL,386986,WKSTN-U1079
NET015560,2026-06-02 13:56:00,U1038,emily.clark,mail.corp.local,INTERNAL,19314,WKSTN-U1038
NET040252,2026-06-02 14:26:00,U1098,nancy.wright49,hr-portal.corp.local,INTERNAL,75581,WKSTN-U1098	
NET010990,2026-06-02 14:23:00,U1027,patricia.brown75,sharepoint.corp.local,INTERNAL,162625,WKSTN-U1027
NET040251,2026-06-02 14:38:00,U1098,nancy.wright49,mail.corp.local,INTERNAL,442117,WKSTN-U1098
NET027520,2026-06-02 14:22:00,U1068,susan.thompson34,confluence.corp.local,INTERNAL,487186,WKSTN-U1068
NET039040,2026-06-02 14:37:00,U1095,richard.thomas74,sharepoint.corp.local,INTERNAL,474009,WKSTN-U1095
NET006463,2026-06-02 14:24:00,U1017,emily.hernandez34,mail.corp.local,INTERNAL,469781,WKSTN-U1017
NET021928,2026-06-02 14:25:00,U1054,anthony.martinez,sharepoint.corp.local,INTERNAL,121361,WKSTN-U1054
NET034110,2026-06-02 14:34:00,U1084,joshua.taylor,jira.corp.local,INTERNAL,49074,WKSTN-U1084
NET020329,2026-06-02 14:15:00,U1050,michael.ramirez,jira.corp.local,INTERNAL,147143,WKSTN-U1050
NET013583,2026-06-02 14:11:00,U1033,linda.miller,sharepoint.corp.local,INTERNAL,100145,WKSTN-U1033
NET003613,2026-06-02 14:12:00,U1010,susan.young51,,INTERNAL,396582,  WKSTN-U1010 
NET010098,2026-06-02 14:31:00,U1025,BETTY.BROWN22,sharepoint.corp.local,INTERNAL,134548,WKSTN-U1025
NET036809,2026-06-02 14:30:00,U1090,mary.hill,,INTERNAL,237555,WKSTN-U1090
NET010097,2026-06-02 14:37:00,U1025,betty.brown22,sharepoint.corp.local,internal,262942,WKSTN-U1025
NET000041,2026-06-02 14:22:00,U1001,linda.johnson95,confluence.corp.local,INTERNAL,128700,WKSTN-U1001
NET017939,2026-06-02 14:18:00,U1044,lisa.ramirez9,hr-portal.corp.local,INTERNAL,115836,WKSTN-U1044
NET025544,2026-06-02 14:32:00,U1063,john.nguyen,confluence.corp.local,INTERNAL,38178,WKSTN-U1063
NET015143,2026-06-02 14:31:00,U1037,robert.martin,confluence.corp.local,INTERNAL,455295,WKSTN-U1037
NET003973,2026-06-02 14:18:00,U1011,donna.ramirez75,confluence.corp.local,,341886,  WKSTN-U1011 
NET041011,2026-06-02 14:12:00,U1100,daniel.brown38,jira.corp.local,INTERNAL,469852,WKSTN-U1100
NET025930,2026-06-02 14:29:00,U1064,matthew.wright55,jira.corp.local,INTERNAL,161288,WKSTN-U1064
NET039854,2026-06-02 14:34:00,U1097,mark.martinez10,sharepoint.corp.local,INTERNAL,358924,WKSTN-U1097
NET004776,2026-06-02 14:16:00,U1013,emily.smith,vpn.corp.local,INTERNAL,183319,WKSTN-U1013
NET025542,2026-06-02 14:32:00,U1063,john.nguyen,jira.corp.local,INTERNAL,121260,WKSTN-U1063
NET023525,2026-06-02 14:30:00,U1058,,,INTERNAL,230360,WKSTN-U1058
NET002062,2026-06-02 14:57:00,U1006,george.gonzalez,jira.corp.local,INTERNAL,273499,WKSTN-U1006
NET027147,2026-06-02 15:12:00,U1067,paul.thomas97,vpn.corp.local,INTERNAL,489562,WKSTN-U1067
NET010544,2026-06-02 14:45:00,U1026,elizabeth.gonzalez,confluence.corp.local,INTERNAL,322143,WKSTN-U1026
NET024721,2026-06-02 14:47:00,U1061,jessica.rodriguez,jira.corp.local,internal,387941,WKSTN-U1061
NET026772,2026-06-02 15:00:00,U1066,,sharepoint.corp.local,INTERNAL,40245,WKSTN-U1066
NET009205,2026-06-02 15:02:00,U1023,richard.wright,sharepoint.corp.local,INTERNAL,371494,WKSTN-U1023
NET006462,2026-06-02 15:01:00,U1017,emily.hernandez34,vpn.corp.local,INTERNAL,159911,WKSTN-U1017
NET013585,2026-06-02 14:48:00,U1033,linda.miller,sharepoint.corp.local,INTERNAL,82434,  WKSTN-U1033 
NET023526,2026-06-02 15:04:00,U1058,jennifer.ramirez18,vpn.corp.local,INTERNAL,185051,WKSTN-U1058
NET025140,2026-06-02 15:00:00,U1062,william.martin,sharepoint.corp.local,INTERNAL,134603,WKSTN-U1062
NET000431,2026-06-02 15:04:00,U1002,donna.ramirez,mail.corp.local,INTERNAL,215504,WKSTN-U1002
NET012324,2026-06-02 15:12:00,U1030,,vpn.corp.local,INTERNAL,317260,WKSTN-U1030
NET023528,2026-06-02 14:48:00,U1058,jennifer.ramirez18,jira.corp.local,INTERNAL,486038,WKSTN-U1058
NET005606,2026-06-02 14:42:00,U1015,lisa.hernandez,news.com,EXTERNAL,5172,WKSTN-U1015
NET007411,2026-06-02 14:58:00,U1019,donna.anderson,linkedin.com,EXTERNAL,15514,WKSTN-U1019
NET000427,2026-06-02 14:47:00,U1002,donna.ramirez,sharepoint.corp.local,INTERNAL,454782,WKSTN-U1002
NET040638,2026-06-02 15:13:00,U1099,joseph.garcia,sharepoint.corp.local,INTERNAL,335844,WKSTN-U1099
NET001664,2026-06-02 15:12:00,U1005,robert.robinson,hr-portal.corp.local,INTERNAL,227381,WKSTN-U1005
NET001662,2026-06-02 14:41:00,U1005,robert.robinson,mail.corp.local	,INTERNAL,27697,  WKSTN-U1005 
NET022352,2026-06-02 14:59:00,U1055,patricia.wilson54,jira.corp.local,INTERNAL,273689,WKSTN-U1055
NET017143,2026-06-02 15:12:00,U1042,  michael.hill56 ,confluence.corp.local,INTERNAL,200828,WKSTN-U1042
NET023137,2026-06-02 15:09:00,U1057,nancy.sanchez,confluence.corp.local,INTERNAL,26653,WKSTN-U1057
NET028349,2026-06-02 14:49:00,U1070,betty.thomas40,jira.corp.local,INTERNAL,196785,WKSTN-U1070
NET035010,2026-06-02 15:06:00,U1086,steven.thompson53,vpn.corp.local,INTERNAL,89183,WKSTN-U1086	
NET012325,2026-06-02 14:46:00,U1030,betty.rodriguez86,linkedin.com,EXTERNAL,2360,WKSTN-U1030
NET014363,2026-06-02 15:56:00,U1035,nancy.rodriguez82,hr-portal.corp.local,INTERNAL,300129,WKSTN-U1035
NET014364,2026-06-02 15:51:00,U1035,nancy.rodriguez82,confluence.corp.local,INTERNAL,490354,WKSTN-U1035
NET022350,2026-06-02 15:14:00,U1055,patricia.wilson54,vpn.corp.local,INTERNAL,327486,WKSTN-U1055
NET016754,2026-06-02 15:42:00,U1041,matthew.allen52,vpn.corp.local,INTERNAL,,WKSTN-U1041
NET016755,2026-06-02 15:42:00,U1041,matthew.allen52,jira.corp.local,INTERNAL,312696,WKSTN-U1041
NET017940,2026-06-02 15:40:00,U1044,lisa.ramirez9,  linkedin.com ,EXTERNAL,12291,WKSTN-U1044
NET002828,2026-06-02 15:30:00,U1008,joshua.hernandez,sharepoint.corp.local,INTERNAL,84230,WKSTN-U1008
NET031530,2026-06-02 15:22:00,U1078,michelle.miller	,jira.corp.local,INTERNAL,79116,WKSTN-U1078
NET023139,2026-06-02 15:36:00,U1057,nancy.sanchez,mail.corp.local,INTERNAL,327356,WKSTN-U1057
NET018750,2026-06-02 15:55:00,U1046,michelle.torres39	,linkedin.com,EXTERNAL,13061,WKSTN-U1046
NET005604,2026-06-02 15:48:00,U1015,lisa.hernandez,mail.corp.local,INTERNAL,472854,WKSTN-U1015
NET012322,2026-06-02 15:21:00,U1030,betty.rodriguez86,vpn.corp.local,INTERNAL,112476,WKSTN-U1030
NET039856,2026-06-02 15:30:00,U1097,mark.martinez10,mail.corp.local,INTERNAL,276863,WKSTN-U1097
NET014365,2026-06-02 15:34:00,U1035,nancy.rodriguez82,jira.corp.local,INTERNAL,362201,WKSTN-U1035
NET006953,2026-06-02 15:41:00,U1018,betty.white57,sharepoint.corp.local,INTERNAL,6831,WKSTN-U1018
NET031137,2026-06-02 15:48:00,U1077,kimberly.harris58,vpn.corp.local,INTERNAL,409231,WKSTN-U1077
NET024722,2026-06-02 15:26:00,U1061,jessica.rodriguez,sharepoint.corp.local,INTERNAL,265900,WKSTN-U1061
NET011470,2026-06-02 15:25:00,U1028,john.hill,jira.corp.local,INTERNAL,466107,WKSTN-U1028
NET031138,2026-06-02 15:51:00,U1077,kimberly.harris58,hr-portal.corp.local,INTERNAL,155657,WKSTN-U1077
NET021128,2026-06-02 15:25:00,U1052,paul.taylor,vpn.corp.local,INTERNAL,117399,WKSTN-U1052
NET009655,2026-06-02 15:21:00,U1024,emily.miller,,INTERNAL,389076,WKSTN-U1024
NET019933,2026-06-02 15:20:00,U1049,michelle.jones59,mail.corp.local,INTERNAL,201318,WKSTN-U1049
NET022740,2026-06-02 15:20:00,U1056,anthony.clark,hr-portal.corp.local,INTERNAL,486944,WKSTN-U1056
NET018747,2026-06-02 15:19:00,U1046,michelle.torres39,confluence.corp.local,INTERNAL,283615,WKSTN-U1046
NET033677,2026-06-02 15:28:00,U1083,sarah.allen70,mail.corp.local,INTERNAL,488690,WKSTN-U1083
NET004357,2026-06-02 16:54:00,U1012,LINDA.MARTINEZ,confluence.corp.local,INTERNAL,280659,WKSTN-U1012
NET015142,2026-06-02 16:00:00,U1037,robert.martin,mail.corp.local,INTERNAL,,WKSTN-U1037
NET034581,2026-06-02 16:51:00,U1085,barbara.walker67,mail.corp.local,INTERNAL,457997,WKSTN-U1085
NET018746,2026-06-02 16:59:00,U1046,michelle.torres39,sharepoint.corp.local,INTERNAL,318772,WKSTN-U1046
NET036808,2026-06-02 16:12:00,U1090,mary.hill,jira.corp.local,INTERNAL,148185,WKSTN-U1090
NET010545,2026-06-02 16:43:00,U1026,elizabeth.gonzalez,mail.corp.local,INTERNAL,165505,WKSTN-U1026
NET029955,2026-06-02 15:58:00,U1074,sarah.williams7,confluence.corp.local,INTERNAL,154112,WKSTN-U1074
NET012768,2026-06-02 16:38:00,U1031,john.wright28,hr-portal.corp.local,INTERNAL,331299,WKSTN-U1031
NET036373,2026-06-02 16:53:00,U1089,paul.brown27,mail.corp.local,INTERNAL,205069,WKSTN-U1089
NET023524,2026-06-02 16:54:00,U1058,jennifer.ramirez18	,jira.corp.local,INTERNAL,332578,WKSTN-U1058
NET004356,2026-06-02 16:31:00,U1012,linda.martinez,vpn.corp.local,INTERNAL,428444,WKSTN-U1012
NET038176,2026-06-02 16:31:00,U1093,sarah.clark44,vpn.corp.local,INTERNAL,7302,WKSTN-U1093
NET002060,2026-06-02 16:23:00,U1006,george.gonzalez,mail.corp.local,INTERNAL,223140,WKSTN-U1006
NET005204,2026-06-02 16:40:00,U1014,james.taylor,vpn.corp.local,INTERNAL,271034,WKSTN-U1014
NET003203,2026-06-02 16:08:00,U1009,daniel.brown,confluence.corp.local,INTERNAL,491226,WKSTN-U1009
NET015962,2026-06-02 16:11:00,U1039,mark.thomas,confluence.corp.local,INTERNAL,158853,WKSTN-U1039
NET013584,2026-06-02 16:16:00,U1033,linda.miller,hr-portal.corp.local,INTERNAL,16764,WKSTN-U1033
NET018340,2026-06-02 16:15:00,U1045,daniel.sanchez90,jira.corp.local,INTERNAL,29322,WKSTN-U1045
NET006955,2026-06-02 16:09:00,U1018,betty.white57,weather.com,EXTERNAL,12024,  WKSTN-U1018 
NET000040,2026-06-02 15:57:00,U1001,linda.johnson95,sharepoint.corp.local	,INTERNAL,27517,WKSTN-U1001
NET015961,2026-06-02 16:53:00,U1039,mark.thomas,sharepoint.corp.local,INTERNAL,47301,WKSTN-U1039
NET030746,2026-06-02 16:51:00,U1076,john.torres,jira.corp.local,INTERNAL,334893,WKSTN-U1076	
NET036372,2026-06-02 16:21:00,U1089,paul.brown27,jira.corp.local,INTERNAL,291910,WKSTN-U1089
NET029568,2026-06-02 16:05:00,U1073,michael.gonzalez,vpn.corp.local,INTERNAL,70315,WKSTN-U1073
NET010546,2026-06-02 16:37:00,U1026,elizabeth.gonzalez,vpn.corp.local,INTERNAL,352559,WKSTN-U1026
NET021129,2026-06-02 17:06:00,U1052,paul.taylor,vpn.corp.local,INTERNAL,19919,WKSTN-U1052
NET024345,2026-06-03 07:49:00,U1060,matthew.anderson,vpn.corp.local,INTERNAL,421827,WKSTN-U1060
NET027148,2026-06-02 17:13:00,U1067,paul.thomas97,confluence.corp.local,INTERNAL,338011,
NET023544,2026-06-03 07:41:00,U1058,  jennifer.ramirez18 ,vpn.corp.local,INTERNAL,263119,  WKSTN-U1058 
NET041028,2026-06-03 08:04:00,U1100,daniel.brown38,vpn.corp.local,INTERNAL,39866,WKSTN-U1100
NET020760,2026-06-03 07:49:00,U1051,sandra.king72	,sharepoint.corp.local,INTERNAL,103932,WKSTN-U1051
NET024346,2026-06-03 08:00:00,U1060,matthew.anderson,confluence.corp.local,INTERNAL,269173,WKSTN-U1060
NET009677,2026-06-03 08:16:00,U1024,emily.miller,confluence.corp.local,INTERNAL,213075,WKSTN-U1024
NET023527,2026-06-02 17:05:00,U1058,jennifer.ramirez18	,sharepoint.corp.local,INTERNAL,143852,WKSTN-U1058
NET012321,2026-06-02 17:40:00,U1030,betty.rodriguez86,sharepoint.corp.local,INTERNAL,495888,WKSTN-U1030
NET013605,2026-06-03 08:26:00,U1033,linda.miller,confluence.corp.local,INTERNAL,466034,WKSTN-U1033
NET008317,2026-06-03 08:23:00,U1021,jessica.walker,vpn.corp.local	,INTERNAL,452188,WKSTN-U1021
NET025951,2026-06-03 07:56:00,U1064,matthew.wright55,vpn.corp.local,INTERNAL,231045,WKSTN-U1064
NET019176,2026-06-03 07:17:00,U1047,sandra.lewis,vpn.corp.local,INTERNAL,389187,WKSTN-U1047
NET027146,2026-06-02 17:17:00,U1067,paul.thomas97,confluence.corp.local,INTERNAL,440373,WKSTN-U1067
NET017954,2026-06-03 07:32:00,U1044,  lisa.ramirez9 ,hr-portal.corp.local,INTERNAL,283122,WKSTN-U1044
NET037750,2026-06-03 08:24:00,U1092,steven.thomas,jira.corp.local,INTERNAL,257511,WKSTN-U1092
NET019174,2026-06-03 07:16:00,U1047,sandra.lewis,mail.corp.local,INTERNAL,380293,WKSTN-U1047
NET029177,2026-06-03 07:57:00,U1072,kenneth.lopez,confluence.corp.local,INTERNAL,72164,WKSTN-U1072
NET007432,2026-06-03 08:11:00,U1019,donna.anderson,mail.corp.local,INTERNAL,498678,WKSTN-U1019
NET019955,2026-06-03 08:10:00,U1049,michelle.jones59,confluence.corp.local,INTERNAL,192055,WKSTN-U1049
NET009656,2026-06-02 16:59:00,U1024,emily.miller,hr-portal.corp.local,INTERNAL,495558,WKSTN-U1024
NET007851,2026-06-02 16:59:00,U1020,andrew.thomas36,sharepoint.corp.local,,462434,WKSTN-U1020
NET002468,2026-06-03 08:00:00,U1007,sarah.robinson82,mail.corp.local,INTERNAL,458818,
NET021951,2026-06-03 08:25:00,U1054,anthony.martinez,sharepoint.corp.local,INTERNAL,355591,WKSTN-U1054
NET022371,2026-06-03 08:47:00,U1055,patricia.wilson54,  jira.corp.local ,INTERNAL,166759,WKSTN-U1055
NET025162,2026-06-03 08:43:00,U1062,william.martin,  vpn.corp.local ,INTERNAL,269920,WKSTN-U1062
NET019177,2026-06-03 08:35:00,U1047,sandra.lewis,,EXTERNAL,1479,WKSTN-U1047
NET032379,2026-06-03 08:32:00,U1080,joseph.jackson91,jira.corp.local,,N/A,WKSTN-U1080
NET014773,2026-06-03 09:18:00,U1036,linda.jones,sharepoint.corp.local,INTERNAL,340079,WKSTN-U1036
NET019954,2026-06-03 09:13:00,U1049,michelle.jones59,hr-portal.corp.local,INTERNAL,215610,WKSTN-U1049
NET021546,2026-06-03 08:40:00,U1053,john.jackson31,jira.corp.local,INTERNAL,107667,WKSTN-U1053
NET019584,2026-06-03 09:03:00,U1048,jennifer.thomas87,vpn.corp.local,INTERNAL,433003,WKSTN-U1048
NET027928,2026-06-03 09:23:00,U1069,jessica.clark,jira.corp.local,INTERNAL,369692,WKSTN-U1069
NET005623,2026-06-03 09:16:00,U1015,lisa.hernandez,confluence.corp.local,INTERNAL,305861,WKSTN-U1015
NET020348,2026-06-03 08:59:00,U1050,michael.ramirez	,jira.corp.local,INTERNAL,308542,WKSTN-U1050
NET005221,2026-06-03 09:11:00,U1014,james.taylor,confluence.corp.local,INTERNAL,335062,WKSTN-U1014
NET036390,2026-06-03 08:32:00,U1089,paul.brown27,sharepoint.corp.local,INTERNAL,253808,WKSTN-U1089
NET006035,2026-06-03 08:32:00,U1016,patricia.thomas,jira.corp.local,INTERNAL,264298,WKSTN-U1016
NET026355,2026-06-03 08:48:00,U1065,,mail.corp.local,INTERNAL,177839,WKSTN-U1065
NET038642,2026-06-03 09:15:00,U1094,elizabeth.lewis69,vpn.corp.local,INTERNAL,,WKSTN-U1094
NET038641,2026-06-03 08:31:00,U1094,elizabeth.lewis69,mail.corp.local,INTERNAL,406538,WKSTN-U1094
NET002849,2026-06-03 08:45:00,U1008,joshua.hernandez,confluence.corp.local,,401054,WKSTN-U1008	
NET008316,2026-06-03 08:29:00,U1021,jessica.walker,jira.corp.local,INTERNAL,126694,WKSTN-U1021
NET008769,2026-06-03 09:16:00,U1022,sandra.brown,confluence.corp.local,INTERNAL,413731,WKSTN-U1022
NET025161,2026-06-03 09:14:00,U1062,william.martin,mail.corp.local,INTERNAL,75048,WKSTN-U1062
NET022756,2026-06-03 09:09:00,U1056,anthony.clark,,INTERNAL,455298,WKSTN-U1056
NET037746,2026-06-03 08:40:00,U1092,steven.thomas,hr-portal.corp.local,INTERNAL,402941,WKSTN-U1092
NET004795,2026-06-03 09:20:00,U1013,emily.smith,sharepoint.corp.local,INTERNAL,158945,WKSTN-U1013
NET021548,2026-06-03 08:39:00,U1053,john.jackson31,confluence.corp.local,INTERNAL,241498,WKSTN-U1053
NET003992,2026-06-03 09:51:00,U1011,donna.ramirez75,confluence.corp.local,INTERNAL,331229,WKSTN-U1011
NET013194,2026-06-03 09:38:00,U1032,paul.wright91,  vpn.corp.local ,,80453,WKSTN-U1032
NET010120,2026-06-03 10:00:00,U1025,betty.brown22,sharepoint.corp.local,INTERNAL,275064,WKSTN-U1025
NET039454,2026-06-03 10:01:00,U1096,david.allen76,mail.corp.local,INTERNAL,,WKSTN-U1096
NET012342,2026-06-03 09:56:00,U1030,betty.rodriguez86,mail.corp.local,INTERNAL,326952,WKSTN-U1030
NET018355,2026-06-03 09:45:00,U1045,daniel.sanchez90,jira.corp.local,INTERNAL,115919,WKSTN-U1045	
NET007869,2026-06-03 09:36:00,U1020,andrew.thomas36,confluence.corp.local,INTERNAL,349716,WKSTN-U1020
NET023546,2026-06-03 09:24:00,U1058,jennifer.ramirez18,confluence.corp.local,INTERNAL,246846,WKSTN-U1058
NET031152,2026-06-03 09:45:00,U1077,kimberly.harris58	,jira.corp.local,INTERNAL,486365,WKSTN-U1077
NET001288,2026-06-03 09:38:00,U1004,elizabeth.wilson98,vpn.corp.local,INTERNAL,404024,WKSTN-U1004
NET005223,2026-06-03 09:54:00,U1014,james.taylor,jira.corp.local,INTERNAL,499616,WKSTN-U1014
NET040267,2026-06-03 09:58:00,U1098,NANCY.WRIGHT49,confluence.corp.local,INTERNAL,14824,WKSTN-U1098
NET013603,2026-06-03 09:58:00,U1033,linda.miller,vpn.corp.local,INTERNAL,236137,WKSTN-U1033
NET009678,2026-06-03 09:38:00,U1024,emily.miller,jira.corp.local,INTERNAL,390434,WKSTN-U1024
NET000064,2026-06-03 09:58:00,U1001,linda.johnson95,linkedin.com,EXTERNAL,14651,WKSTN-U1001
NET039456,2026-06-03 09:46:00,U1096,david.allen76,sharepoint.corp.local,INTERNAL,98150,WKSTN-U1096
NET028370,2026-06-03 09:41:00,U1070,betty.thomas40,mail.corp.local,INTERNAL,270368,WKSTN-U1070
NET022755,2026-06-03 09:52:00,U1056,anthony.clark,hr-portal.corp.local,INTERNAL,360437,WKSTN-U1056
NET016768,2026-06-03 09:24:00,U1041,matthew.allen52,jira.corp.local,INTERNAL,479273,WKSTN-U1041
NET020346,2026-06-03 09:30:00,U1050,michael.ramirez,vpn.corp.local,INTERNAL,304339,WKSTN-U1050
NET007430,2026-06-03 09:27:00,U1019,donna.anderson,mail.corp.local,INTERNAL,251941,WKSTN-U1019
NET023545,2026-06-03 09:52:00,U1058,  jennifer.ramirez18 ,confluence.corp.local,INTERNAL,214593,WKSTN-U1058
NET007431,2026-06-03 09:35:00,U1019,donna.anderson,vpn.corp.local,INTERNAL,18969,WKSTN-U1019
NET029180,2026-06-03 09:25:00,U1072,kenneth.lopez,hr-portal.corp.local,INTERNAL,83350,WKSTN-U1072
NET010117,2026-06-03 09:24:00,U1025,betty.brown22,  hr-portal.corp.local ,INTERNAL,295724,
NET013980,2026-06-03 10:27:00,U1034,thomas.allen63,sharepoint.corp.local,INTERNAL,2955,WKSTN-U1034
NET027165,2026-06-03 10:10:00,U1067,paul.thomas97,vpn.corp.local,INTERNAL,270681,WKSTN-U1067
NET012787,2026-06-03 10:01:00,U1031,john.wright28,sharepoint.corp.local,INTERNAL,,WKSTN-U1031
NET018771,2026-06-03 10:03:00,U1046,michelle.torres39,vpn.corp.local,INTERNAL,469171,WKSTN-U1046
NET021547,2026-06-03 10:35:00,U1053,john.jackson31,mail.corp.local,INTERNAL,233693,WKSTN-U1053
NET028366,2026-06-03 10:17:00,U1070,betty.thomas40,mail.corp.local,INTERNAL,373632,WKSTN-U1070
NET016343,2026-06-03 10:16:00,U1040,matthew.martin,confluence.corp.local,INTERNAL,187373,WKSTN-U1040
NET023931,2026-06-03 10:10:00,U1059,DANIEL.PEREZ98,weather.com,EXTERNAL,4683,WKSTN-U1059
NET012341,2026-06-03 10:24:00,U1030,betty.rodriguez86,jira.corp.local,INTERNAL,,WKSTN-U1030
NET025558,2026-06-03 10:36:00,U1063,john.nguyen,jira.corp.local,INTERNAL,155662,WKSTN-U1063
NET026352,2026-06-03 10:39:00,U1065,michael.ramirez47,jira.corp.local,INTERNAL,113429,
NET004796,2026-06-03 10:23:00,U1013,  emily.smith ,hr-portal.corp.local,INTERNAL,237329,WKSTN-U1013
NET006971,2026-06-03 10:21:00,U1018,betty.white57,sharepoint.corp.local,INTERNAL,333694,WKSTN-U1018
NET023930,2026-06-03 10:08:00,U1059,daniel.perez98,sharepoint.corp.local,INTERNAL,230100,WKSTN-U1059
NET014385,2026-06-03 10:04:00,U1035,nancy.rodriguez82,vpn.corp.local,INTERNAL,347472,WKSTN-U1035
NET035478,2026-06-03 10:26:00,U1087,charles.sanchez,confluence.corp.local,,289031,WKSTN-U1087
NET036389,2026-06-03 10:40:00,U1089,paul.brown27,confluence.corp.local,,263118,WKSTN-U1089
NET011908,2026-06-03 10:24:00,U1029,michelle.garcia54,vpn.corp.local,INTERNAL,,WKSTN-U1029
NET022754,2026-06-03 10:31:00,U1056,,vpn.corp.local,INTERNAL,364794,WKSTN-U1056
NET001681,2026-06-03 10:19:00,U1005,robert.robinson,vpn.corp.local,INTERNAL,17761,WKSTN-U1005
NET025560,2026-06-03 10:08:00,U1063,john.nguyen,jira.corp.local,INTERNAL,265571,WKSTN-U1063
NET009228,2026-06-03 10:24:00,U1023,richard.wright,sharepoint.corp.local,INTERNAL,492637,WKSTN-U1023
NET038191,2026-06-03 10:14:00,U1093,sarah.clark44,confluence.corp.local,INTERNAL,88236,WKSTN-U1093
NET015979,2026-06-03 10:05:00,U1039,mark.thomas,weather.com,EXTERNAL,1018,
NET000060,2026-06-03 10:03:00,U1001,linda.johnson95,confluence.corp.local,INTERNAL,224747,WKSTN-U1001
NET018772,2026-06-03 11:01:00,U1046,michelle.torres39,vpn.corp.local,INTERNAL,118677,WKSTN-U1046
NET017161,2026-06-03 10:53:00,U1042,michael.hill56,vpn.corp.local,INTERNAL,337900,WKSTN-U1042
NET013601,2026-06-03 11:07:00,U1033,linda.miller,sharepoint.corp.local,INTERNAL,303438,WKSTN-U1033
NET029969,2026-06-03 10:51:00,U1074,sarah.williams7,sharepoint.corp.local,INTERNAL,337880,WKSTN-U1074
NET015155,2026-06-03 10:45:00,U1037,robert.martin,jira.corp.local,INTERNAL,489476,WKSTN-U1037
NET021950,2026-06-03 11:08:00,U1054,anthony.martinez,hr-portal.corp.local,INTERNAL,393027,WKSTN-U1054
NET031963,2026-06-03 11:00:00,U1079,  emily.jones ,jira.corp.local,INTERNAL,195917,WKSTN-U1079
NET002467,2026-06-03 11:00:00,U1007,sarah.robinson82,mail.corp.local,INTERNAL,306743,WKSTN-U1007
NET033700,2026-06-03 10:43:00,U1083,sarah.allen70,mail.corp.local,INTERNAL,165942,WKSTN-U1083
NET029176,2026-06-03 10:52:00,U1072,,hr-portal.corp.local,INTERNAL,345525,WKSTN-U1072
NET021149,2026-06-03 11:15:00,U1052,paul.taylor,jira.corp.local,INTERNAL,94532,WKSTN-U1052
NET017163,2026-06-03 11:09:00,U1042,michael.hill56,confluence.corp.local,INTERNAL,106304,
NET007870,2026-06-03 10:47:00,U1020,andrew.thomas36,,INTERNAL,249279,WKSTN-U1020
NET023161,2026-06-03 10:53:00,U1057,nancy.sanchez,confluence.corp.local,INTERNAL,167696,WKSTN-U1057
NET039059,2026-06-03 11:09:00,U1095,richard.thomas74,sharepoint.corp.local,INTERNAL,369873,WKSTN-U1095
NET005624,2026-06-03 10:48:00,U1015,lisa.hernandez,vpn.corp.local,INTERNAL,429131,WKSTN-U1015
NET007428,2026-06-03 10:56:00,U1019,donna.anderson,mail.corp.local,INTERNAL,398801,WKSTN-U1019
NET010567,2026-06-03 11:14:00,U1026,elizabeth.gonzalez,vpn.corp.local,INTERNAL,289959,WKSTN-U1026
NET038193,2026-06-03 10:41:00,U1093,sarah.clark44,linkedin.com,EXTERNAL,4015,WKSTN-U1093
NET015585,2026-06-03 11:10:00,U1038,emily.clark,hr-portal.corp.local,INTERNAL,230837,WKSTN-U1038
NET004378,2026-06-03 10:41:00,U1012,linda.martinez,jira.corp.local,INTERNAL,81826,WKSTN-U1012
NET027164,2026-06-03 11:09:00,U1067,paul.thomas97,jira.corp.local,INTERNAL,123177,WKSTN-U1067
NET036387,2026-06-03 11:02:00,U1089,paul.brown27,hr-portal.corp.local,INTERNAL,168172,WKSTN-U1089
NET031962,2026-06-03 11:06:00,U1079,emily.jones,jira.corp.local,INTERNAL,266404,WKSTN-U1079
NET039057,2026-06-03 10:51:00,U1095,richard.thomas74,confluence.corp.local,INTERNAL,318698,WKSTN-U1095
NET000444,2026-06-03 11:39:00,U1002,donna.ramirez,vpn.corp.local,INTERNAL,148369,WKSTN-U1002
NET000871,2026-06-03 11:26:00,U1003,kenneth.clark29,  sharepoint.corp.local ,INTERNAL,197623,WKSTN-U1003
NET003632,2026-06-03 11:30:00,U1010,susan.young51,confluence.corp.local,INTERNAL,102438,WKSTN-U1010
NET037300,2026-06-03 11:27:00,U1091,linda.robinson,jira.corp.local,INTERNAL,136650,WKSTN-U1091
NET030763,2026-06-03 11:18:00,U1076,john.torres,sharepoint.corp.local,INTERNAL,60654,WKSTN-U1076
NET015584,2026-06-03 11:23:00,U1038,emily.clark,  sharepoint.corp.local ,INTERNAL,332549,WKSTN-U1038
NET039058,2026-06-03 11:30:00,U1095,richard.thomas74,hr-portal.corp.local,INTERNAL,382832,WKSTN-U1095	
NET016769,2026-06-03 11:29:00,U1041,matthew.allen52,vpn.corp.local,INTERNAL,466556,WKSTN-U1041
NET038643,2026-06-03 11:32:00,U1094,elizabeth.lewis69,confluence.corp.local,INTERNAL,145824,
NET035033,2026-06-03 11:21:00,U1086,STEVEN.THOMPSON53,confluence.corp.local,internal,327817,WKSTN-U1086
NET019173,2026-06-03 11:30:00,U1047,sandra.lewis,hr-portal.corp.local,INTERNAL,357997,WKSTN-U1047
NET002847,2026-06-03 11:37:00,U1008,joshua.hernandez,hr-portal.corp.local,INTERNAL,128266,WKSTN-U1008
NET034598,2026-06-03 11:41:00,U1085,barbara.walker67,sharepoint.corp.local,INTERNAL,278665,WKSTN-U1085
NET021953,2026-06-03 11:33:00,U1054,anthony.martinez,confluence.corp.local,INTERNAL,360542,WKSTN-U1054
NET014772,2026-06-03 11:22:00,U1036,linda.jones,jira.corp.local,INTERNAL,329264,WKSTN-U1036
NET027536,2026-06-03 11:15:00,U1068,susan.thompson34,hr-portal.corp.local,INTERNAL,268357,WKSTN-U1068
NET020761,2026-06-03 11:23:00,U1051,sandra.king72,sharepoint.corp.local,INTERNAL,430483,
NET035032,2026-06-03 11:32:00,U1086,steven.thompson53,  vpn.corp.local ,INTERNAL,125462,WKSTN-U1086
NET015978,2026-06-03 11:37:00,U1039,mark.thomas,confluence.corp.local,INTERNAL,433103,WKSTN-U1039
NET017953,2026-06-03 11:25:00,U1044,lisa.ramirez9,,INTERNAL,174655,WKSTN-U1044
NET027537,2026-06-03 11:30:00,U1068,susan.thompson34,vpn.corp.local,INTERNAL,153853,WKSTN-U1068
NET008770,2026-06-03 11:38:00,U1022,sandra.brown,confluence.corp.local,INTERNAL,307247,WKSTN-U1022
NET037299,2026-06-03 11:16:00,U1091,linda.robinson,mail.corp.local,INTERNAL,232034,WKSTN-U1091
NET029178,2026-06-03 11:24:00,U1072,kenneth.lopez,hr-portal.corp.local,INTERNAL,108859,WKSTN-U1072
NET019581,2026-06-03 11:29:00,U1048,jennifer.thomas87,sharepoint.corp.local,INTERNAL,235772,WKSTN-U1048
NET000062,2026-06-03 12:26:00,U1001,linda.johnson95,jira.corp.local,INTERNAL,361092,WKSTN-U1001
NET006036,2026-06-03 11:46:00,U1016,patricia.thomas	,confluence.corp.local,INTERNAL,340231,WKSTN-U1016
NET022372,2026-06-03 11:58:00,U1055,patricia.wilson54,hr-portal.corp.local,INTERNAL,95766,WKSTN-U1055
NET000061,2026-06-03 11:55:00,U1001,  linda.johnson95 ,hr-portal.corp.local,INTERNAL,134635,WKSTN-U1001
NET013979,2026-06-03 11:49:00,U1034,thomas.allen63,sharepoint.corp.local,internal,239102,WKSTN-U1034
NET017162,2026-06-03 11:58:00,U1042,michael.hill56,jira.corp.local,INTERNAL,119802,WKSTN-U1042
NET028367,2026-06-03 11:41:00,U1070,betty.thomas40,confluence.corp.local,INTERNAL,138539,
NET041030,2026-06-03 12:19:00,U1100,daniel.brown38	,confluence.corp.local,INTERNAL,435968,WKSTN-U1100
NET007433,2026-06-03 12:14:00,U1019,donna.anderson,linkedin.com,EXTERNAL,558,  WKSTN-U1019 
NET037298,2026-06-03 12:00:00,U1091,linda.robinson,mail.corp.local,INTERNAL,239614,WKSTN-U1091
NET001680,2026-06-03 11:52:00,U1005,robert.robinson,hr-portal.corp.local,internal,84154,WKSTN-U1005
NET004794,2026-06-03 11:53:00,U1013,emily.smith,jira.corp.local,INTERNAL,344945,WKSTN-U1013
NET036388,2026-06-03 12:03:00,U1089,  paul.brown27 ,mail.corp.local,INTERNAL,492922,WKSTN-U1089
NET022370,2026-06-03 11:52:00,U1055,patricia.wilson54,hr-portal.corp.local,INTERNAL,220380,WKSTN-U1055
NET012343,2026-06-03 11:50:00,U1030,betty.rodriguez86,confluence.corp.local,INTERNAL,72424,WKSTN-U1030
NET037747,2026-06-03 12:14:00,U1092,steven.thomas,hr-portal.corp.local,INTERNAL,440953,WKSTN-U1092
NET029179,2026-06-03 12:28:00,U1072,kenneth.lopez,jira.corp.local,INTERNAL,224303,WKSTN-U1072
NET001289,2026-06-03 12:05:00,U1004,,jira.corp.local,INTERNAL,322895,WKSTN-U1004
NET028369,2026-06-03 11:50:00,U1070,betty.thomas40,jira.corp.local,INTERNAL,161665,WKSTN-U1070
NET018354,2026-06-03 12:02:00,U1045,daniel.sanchez90,vpn.corp.local,INTERNAL,132014,WKSTN-U1045
NET019953,2026-06-03 12:13:00,U1049,michelle.jones59,confluence.corp.local,INTERNAL,7501,WKSTN-U1049
NET020758,2026-06-03 11:59:00,U1051,sandra.king72,sharepoint.corp.local,INTERNAL,341996,WKSTN-U1051
NET015977,2026-06-03 12:09:00,U1039,mark.thomas,sharepoint.corp.local,INTERNAL,144599,WKSTN-U1039
NET032378,2026-06-03 11:57:00,U1080,joseph.jackson91,hr-portal.corp.local,INTERNAL,108430,WKSTN-U1080
NET029580,2026-06-03 11:58:00,U1073,michael.gonzalez,jira.corp.local,INTERNAL,143838,WKSTN-U1073
NET031961,2026-06-03 12:32:00,U1079,emily.jones,jira.corp.local,INTERNAL,166677,WKSTN-U1079
NET027929,2026-06-03 12:28:00,U1069,jessica.clark	,mail.corp.local,INTERNAL,468082,WKSTN-U1069
NET012344,2026-06-03 12:29:00,U1030,betty.rodriguez86,confluence.corp.local,INTERNAL,334150,WKSTN-U1030
NET029582,2026-06-03 12:38:00,U1073,michael.gonzalez,hr-portal.corp.local,INTERNAL,162881,WKSTN-U1073
NET011010,2026-06-03 12:54:00,U1027,patricia.brown75,sharepoint.corp.local,,377221,WKSTN-U1027
NET028781,2026-06-03 12:49:00,U1071,matthew.robinson35,vpn.corp.local,INTERNAL,346790,WKSTN-U1071
NET008318,2026-06-03 12:52:00,U1021,jessica.walker,hr-portal.corp.local,INTERNAL,,WKSTN-U1021
NET001683,2026-06-03 12:30:00,U1005,robert.robinson,sharepoint.corp.local,INTERNAL,324780,WKSTN-U1005
NET013982,2026-06-03 12:46:00,U1034,thomas.allen63,mail.corp.local,INTERNAL,443192,WKSTN-U1034
NET010119,2026-06-03 12:33:00,U1025,betty.brown22,sharepoint.corp.local,INTERNAL,101179,WKSTN-U1025
NET020347,2026-06-03 12:30:00,U1050,michael.ramirez,jira.corp.local,INTERNAL,110243,WKSTN-U1050
NET033251,2026-06-03 12:30:00,U1082,karen.hill96,hr-portal.corp.local,INTERNAL,10364,WKSTN-U1082
NET029581,2026-06-03 12:49:00,U1073,michael.gonzalez,jira.corp.local,INTERNAL,331051,WKSTN-U1073
NET026786,2026-06-03 12:51:00,U1066,MICHELLE.WRIGHT62,jira.corp.local,INTERNAL,261657,WKSTN-U1066
NET035477,2026-06-03 12:46:00,U1087,charles.sanchez,confluence.corp.local,INTERNAL,317630,WKSTN-U1087
NET033701,2026-06-03 12:33:00,U1083,sarah.allen70,sharepoint.corp.local,INTERNAL,115959,WKSTN-U1083
NET000872,2026-06-03 12:35:00,U1003,kenneth.clark29,jira.corp.local,INTERNAL,361587,WKSTN-U1003
NET000059,2026-06-03 12:39:00,U1001,linda.johnson95,mail.corp.local,INTERNAL,383527,WKSTN-U1001
NET028783,2026-06-03 12:33:00,U1071,matthew.robinson35,mail.corp.local,INTERNAL,337669,WKSTN-U1071
NET007429,2026-06-03 12:50:00,U1019,donna.anderson,vpn.corp.local,,398758,WKSTN-U1019
NET013193,2026-06-03 12:35:00,U1032,paul.wright91,sharepoint.corp.local,INTERNAL,270155,WKSTN-U1032
NET012788,2026-06-03 12:37:00,U1031,john.wright28,confluence.corp.local,INTERNAL,367009,WKSTN-U1031
NET024733,2026-06-03 12:30:00,U1061,,sharepoint.corp.local,INTERNAL,143336,WKSTN-U1061
NET027930,2026-06-03 12:55:00,U1069,jessica.clark,weather.com,EXTERNAL,11890,WKSTN-U1069
NET034599,2026-06-03 12:53:00,U1085,barbara.walker67,jira.corp.local,INTERNAL,331825,WKSTN-U1085
NET030762,2026-06-03 12:58:00,U1076,john.torres,vpn.corp.local,INTERNAL,56866,WKSTN-U1076
NET037748,2026-06-03 13:03:00,U1092,steven.thomas,mail.corp.local,INTERNAL,,
NET002077,2026-06-03 13:09:00,U1006,george.gonzalez,hr-portal.corp.local,INTERNAL,86823,WKSTN-U1006
NET033254,2026-06-03 13:15:00,U1082,karen.hill96,vpn.corp.local,INTERNAL,,WKSTN-U1082
NET019175,2026-06-03 13:11:00,U1047,sandra.lewis,mail.corp.local,INTERNAL,162127,WKSTN-U1047
NET033255,2026-06-03 13:10:00,U1082,karen.hill96,news.com,EXTERNAL,4724,WKSTN-U1082
NET006485,2026-06-03 13:12:00,U1017,emily.hernandez34,  confluence.corp.local ,INTERNAL,305496,WKSTN-U1017
NET023929,2026-06-03 13:18:00,U1059,daniel.perez98,hr-portal.corp.local,INTERNAL,115333,WKSTN-U1059
NET027926,2026-06-03 12:57:00,U1069,jessica.clark,hr-portal.corp.local,INTERNAL,110588,WKSTN-U1069
NET002846,2026-06-03 13:22:00,U1008,joshua.hernandez,mail.corp.local,INTERNAL,436865,WKSTN-U1008
NET041029,2026-06-03 13:18:00,U1100,daniel.brown38,vpn.corp.local,INTERNAL,183350,WKSTN-U1100
NET021151,2026-06-03 13:22:00,U1052,paul.taylor,jira.corp.local,INTERNAL,234519,WKSTN-U1052
NET008766,2026-06-03 13:01:00,U1022,sandra.brown,confluence.corp.local,internal,371589,WKSTN-U1022
NET013195,2026-06-03 13:20:00,U1032,paul.wright91,linkedin.com,EXTERNAL,10910,WKSTN-U1032
NET031549,2026-06-03 13:16:00,U1078,michelle.miller,sharepoint.corp.local,INTERNAL,258278,  WKSTN-U1078 
NET025954,2026-06-03 13:05:00,U1064,matthew.wright55,confluence.corp.local,INTERNAL,290338,WKSTN-U1064
NET034131,2026-06-03 13:03:00,U1084,joshua.taylor,vpn.corp.local,INTERNAL,395015,WKSTN-U1084
NET013983,2026-06-03 13:02:00,U1034,thomas.allen63,news.com,EXTERNAL,14531,
NET036831,2026-06-03 13:12:00,U1090,mary.hill,sharepoint.corp.local,INTERNAL,450942,WKSTN-U1090
NET025163,2026-06-03 13:15:00,U1062,,weather.com,EXTERNAL,12836,WKSTN-U1062
NET027166,2026-06-03 13:08:00,U1067,paul.thomas97,sharepoint.corp.local,INTERNAL,492941,WKSTN-U1067
NET039868,2026-06-03 13:20:00,U1097,mark.martinez10,confluence.corp.local,INTERNAL,268386,WKSTN-U1097
NET016346,2026-06-03 13:04:00,U1040,MATTHEW.MARTIN,jira.corp.local,INTERNAL,301318,WKSTN-U1040
NET008768,2026-06-03 13:03:00,U1022,sandra.brown,vpn.corp.local,INTERNAL,129244,WKSTN-U1022
NET039869,2026-06-03 13:13:00,U1097,mark.martinez10,confluence.corp.local,INTERNAL,137993,WKSTN-U1097
NET006037,2026-06-03 13:58:00,U1016,patricia.thomas,confluence.corp.local,INTERNAL,478077,WKSTN-U1016
NET025953,2026-06-03 13:42:00,U1064,matthew.wright55,sharepoint.corp.local,INTERNAL,337682,WKSTN-U1064
NET018774,2026-06-03 13:50:00,U1046,michelle.torres39,news.com,EXTERNAL,12323,WKSTN-U1046
NET002466,2026-06-03 13:47:00,U1007,sarah.robinson82,sharepoint.corp.local,INTERNAL,312429,WKSTN-U1007
NET010566,2026-06-03 13:24:00,U1026,,mail.corp.local,INTERNAL,168503,WKSTN-U1026
NET034597,2026-06-03 13:26:00,U1085,barbara.walker67,sharepoint.corp.local,,316071,
NET020349,2026-06-03 13:28:00,U1050,michael.ramirez,vpn.corp.local,INTERNAL,375487,WKSTN-U1050
NET040268,2026-06-03 13:25:00,U1098,NANCY.WRIGHT49,vpn.corp.local,INTERNAL,281142,WKSTN-U1098
NET038192,2026-06-03 13:22:00,U1093,sarah.clark44,vpn.corp.local,INTERNAL,178911,WKSTN-U1093
NET015154,2026-06-03 13:35:00,U1037,,hr-portal.corp.local,INTERNAL,116367,WKSTN-U1037
NET023163,2026-06-03 14:01:00,U1057,nancy.sanchez,mail.corp.local,INTERNAL,,WKSTN-U1057
NET038639,2026-06-03 13:39:00,U1094,elizabeth.lewis69,sharepoint.corp.local,INTERNAL,54202,WKSTN-U1094
NET001287,2026-06-03 13:55:00,U1004,elizabeth.wilson98,mail.corp.local,INTERNAL,57848,WKSTN-U1004
NET021147,2026-06-03 13:30:00,U1052,paul.taylor,hr-portal.corp.local,INTERNAL,479312,WKSTN-U1052
NET003224,2026-06-03 13:27:00,U1009,daniel.brown,hr-portal.corp.local,INTERNAL,267534,WKSTN-U1009
NET025952,2026-06-03 14:02:00,U1064,matthew.wright55,vpn.corp.local,INTERNAL,223108,WKSTN-U1064
NET014384,2026-06-03 13:46:00,U1035,nancy.rodriguez82,jira.corp.local,INTERNAL,122950,WKSTN-U1035
NET026354,2026-06-03 13:38:00,U1065,michael.ramirez47,hr-portal.corp.local,INTERNAL,465052,WKSTN-U1065
NET000445,2026-06-03 13:45:00,U1002,donna.ramirez,vpn.corp.local,INTERNAL,89278,WKSTN-U1002
NET010565,2026-06-03 13:45:00,U1026,ELIZABETH.GONZALEZ,sharepoint.corp.local,INTERNAL,36487,WKSTN-U1026
NET011907,2026-06-03 13:31:00,U1029,  michelle.garcia54 ,confluence.corp.local,INTERNAL,2339,WKSTN-U1029
NET033697,2026-06-03 13:22:00,U1083,sarah.allen70,jira.corp.local,INTERNAL,74867,WKSTN-U1083
NET021952,2026-06-03 13:26:00,U1054,anthony.martinez,vpn.corp.local,INTERNAL,439800,WKSTN-U1054
NET011492,2026-06-03 13:41:00,U1028,john.hill,jira.corp.local,INTERNAL,10930,
NET035476,2026-06-03 13:58:00,U1087,charles.sanchez,confluence.corp.local,INTERNAL,422404,WKSTN-U1087
NET036830,2026-06-03 14:10:00,U1090,mary.hill,sharepoint.corp.local,INTERNAL,141380,WKSTN-U1090
NET028368,2026-06-03 14:18:00,U1070,betty.thomas40,mail.corp.local,INTERNAL,385223,WKSTN-U1070
NET011009,2026-06-03 14:23:00,U1027,patricia.brown75,hr-portal.corp.local,INTERNAL,171191,WKSTN-U1027
NET033698,2026-06-03 14:28:00,U1083,sarah.allen70,  vpn.corp.local ,INTERNAL,198142,WKSTN-U1083
NET003991,2026-06-03 14:23:00,U1011,donna.ramirez75,hr-portal.corp.local,INTERNAL,147405,WKSTN-U1011
NET014774,2026-06-03 14:20:00,U1036,linda.jones,vpn.corp.local,INTERNAL,144520,WKSTN-U1036
NET020345,2026-06-03 14:04:00,U1050,michael.ramirez,hr-portal.corp.local,INTERNAL,47099,WKSTN-U1050
NET040659,2026-06-03 14:12:00,U1099,joseph.garcia,vpn.corp.local,INTERNAL,88093,WKSTN-U1099
NET006486,2026-06-03 14:13:00,U1017,emily.hernandez34,jira.corp.local,INTERNAL,424846,WKSTN-U1017
NET016342,2026-06-03 14:18:00,U1040,matthew.martin,hr-portal.corp.local,INTERNAL,26563,WKSTN-U1040
NET015581,2026-06-03 14:14:00,U1038,emily.clark,sharepoint.corp.local,INTERNAL,130970,WKSTN-U1038
NET032814,2026-06-03 14:19:00,U1081,margaret.davis,jira.corp.local,INTERNAL,384112,WKSTN-U1081
NET025160,2026-06-03 14:22:00,U1062,william.martin,mail.corp.local,INTERNAL,91382,WKSTN-U1062
NET016345,2026-06-03 14:04:00,U1040,  matthew.martin ,sharepoint.corp.local,INTERNAL,456042,WKSTN-U1040
NET004797,2026-06-03 14:30:00,U1013,emily.smith,vpn.corp.local,INTERNAL,218938,WKSTN-U1013
NET039455,2026-06-03 14:19:00,U1096,david.allen76,jira.corp.local	,INTERNAL,317235,WKSTN-U1096
NET019583,2026-06-03 14:05:00,U1048,jennifer.thomas87,hr-portal.corp.local,INTERNAL,189819,WKSTN-U1048
NET002848,2026-06-03 14:10:00,U1008,joshua.hernandez,sharepoint.corp.local,INTERNAL,204200,WKSTN-U1008
NET034130,2026-06-03 14:15:00,U1084,joshua.taylor,confluence.corp.local,INTERNAL,,WKSTN-U1084
NET029970,2026-06-03 14:20:00,U1074,sarah.williams7,vpn.corp.local,INTERNAL,362920,WKSTN-U1074
NET015976,2026-06-03 14:20:00,U1039,mark.thomas,confluence.corp.local,INTERNAL,105849,WKSTN-U1039
NET010118,2026-06-03 14:32:00,U1025,betty.brown22,confluence.corp.local,INTERNAL,387598,WKSTN-U1025
NET023543,2026-06-03 14:26:00,U1058,jennifer.ramirez18,vpn.corp.local,INTERNAL,487901,WKSTN-U1058
NET017570,2026-06-03 14:28:00,U1043,thomas.williams91,vpn.corp.local,INTERNAL,228158,WKSTN-U1043
NET006970,2026-06-03 14:17:00,U1018,betty.white57,vpn.corp.local,INTERNAL,13212,WKSTN-U1018
NET025159,2026-06-03 14:38:00,U1062,william.martin,mail.corp.local,INTERNAL,460920,WKSTN-U1062
NET019582,2026-06-03 15:18:00,U1048,jennifer.thomas87,mail.corp.local,INTERNAL,287776,WKSTN-U1048
NET024732,2026-06-03 15:14:00,U1061,jessica.rodriguez,sharepoint.corp.local,INTERNAL,242118,WKSTN-U1061
NET008319,2026-06-03 15:04:00,U1021,jessica.walker,hr-portal.corp.local,INTERNAL,205437,WKSTN-U1021
NET018773,2026-06-03 15:19:00,U1046,michelle.torres39,jira.corp.local,INTERNAL,363905,
NET005220,2026-06-03 14:58:00,U1014,james.taylor,jira.corp.local,INTERNAL,246140,WKSTN-U1014
NET013602,2026-06-03 14:52:00,U1033,linda.miller,sharepoint.corp.local,INTERNAL,198327,WKSTN-U1033
NET023542,2026-06-03 14:56:00,U1058,jennifer.ramirez18,mail.corp.local,INTERNAL,309113,WKSTN-U1058
NET031153,2026-06-03 14:59:00,U1077,kimberly.harris58,  confluence.corp.local ,,63444,WKSTN-U1077
NET011008,2026-06-03 14:39:00,U1027,patricia.brown75,vpn.corp.local,INTERNAL,240892,WKSTN-U1027
NET014386,2026-06-03 14:32:00,U1035,nancy.rodriguez82,sharepoint.corp.local,INTERNAL,127824,WKSTN-U1035
NET032815,2026-06-03 14:45:00,U1081,MARGARET.DAVIS,vpn.corp.local,INTERNAL,355273,WKSTN-U1081
NET035924,2026-06-03 15:17:00,U1088,andrew.smith85,hr-portal.corp.local,INTERNAL,151896,WKSTN-U1088
NET037301,2026-06-03 14:51:00,U1091,linda.robinson,confluence.corp.local,INTERNAL,17689,WKSTN-U1091
NET009229,2026-06-03 14:50:00,U1023,richard.wright,linkedin.com,EXTERNAL,17929,WKSTN-U1023
NET007871,2026-06-03 14:50:00,U1020,andrew.thomas36,weather.com,external,8024,WKSTN-U1020
NET011909,2026-06-03 14:41:00,U1029,  michelle.garcia54 ,sharepoint.corp.local,,160394,WKSTN-U1029
NET015582,2026-06-03 14:41:00,U1038,emily.clark,,INTERNAL,486204,WKSTN-U1038
NET035923,2026-06-03 14:35:00,U1088,andrew.smith85,vpn.corp.local,,52421,WKSTN-U1088
NET018353,2026-06-03 14:43:00,U1045,daniel.sanchez90,hr-portal.corp.local,INTERNAL,492320,WKSTN-U1045
NET033699,2026-06-03 14:46:00,U1083,sarah.allen70,mail.corp.local,INTERNAL,34571,WKSTN-U1083
NET021150,2026-06-03 15:07:00,U1052,paul.taylor,jira.corp.local,INTERNAL,85648,WKSTN-U1052
NET023160,2026-06-03 15:09:00,U1057,nancy.sanchez,mail.corp.local,INTERNAL,498246,WKSTN-U1057
NET037749,2026-06-03 15:13:00,U1092,steven.thomas,hr-portal.corp.local,INTERNAL,432416,WKSTN-U1092
NET025559,2026-06-03 14:36:00,U1063,john.nguyen,jira.corp.local,INTERNAL,175839,WKSTN-U1063
NET026787,2026-06-03 15:28:00,U1066,michelle.wright62,sharepoint.corp.local,INTERNAL,16333,WKSTN-U1066
NET026353,2026-06-03 15:59:00,U1065,michael.ramirez47,jira.corp.local,INTERNAL,445727,WKSTN-U1065
NET015156,2026-06-03 15:54:00,U1037,  robert.martin ,vpn.corp.local,INTERNAL,194539,WKSTN-U1037
NET005222,2026-06-03 15:32:00,U1014,james.taylor,jira.corp.local,INTERNAL,216789,WKSTN-U1014
NET015583,2026-06-03 15:55:00,U1038,,hr-portal.corp.local,INTERNAL,388855,WKSTN-U1038
NET027927,2026-06-03 16:01:00,U1069,jessica.clark,vpn.corp.local,INTERNAL,92778,WKSTN-U1069
NET009227,2026-06-03 15:34:00,U1023,richard.wright,sharepoint.corp.local,INTERNAL,9340,WKSTN-U1023
NET002850,2026-06-03 15:38:00,U1008,joshua.hernandez,jira.corp.local,INTERNAL,210654,WKSTN-U1008
NET001682,2026-06-03 15:43:00,U1005,robert.robinson,sharepoint.corp.local,INTERNAL,178070,WKSTN-U1005
NET011491,2026-06-03 15:24:00,U1028,john.hill,  vpn.corp.local ,INTERNAL,228835,WKSTN-U1028
NET031154,2026-06-03 15:29:00,U1077,kimberly.harris58,  mail.corp.local ,INTERNAL,227979,WKSTN-U1077
NET023162,2026-06-03 15:53:00,U1057,nancy.sanchez,jira.corp.local,INTERNAL,199888,WKSTN-U1057
NET021148,2026-06-03 15:55:00,U1052,,jira.corp.local,INTERNAL,150667,WKSTN-U1052
NET022373,2026-06-03 15:55:00,U1055,patricia.wilson54,,INTERNAL,357308,  WKSTN-U1055 
NET013604,2026-06-03 15:45:00,U1033,linda.miller,hr-portal.corp.local,INTERNAL,191992,WKSTN-U1033
NET031155,2026-06-03 15:21:00,U1077,kimberly.harris58,mail.corp.local,INTERNAL,69300,WKSTN-U1077
NET031550,2026-06-03 16:12:00,U1078,michelle.miller,vpn.corp.local,INTERNAL,332458,WKSTN-U1078
NET020759,2026-06-03 15:37:00,U1051,sandra.king72,vpn.corp.local,INTERNAL,405751,WKSTN-U1051
NET026351,2026-06-03 16:09:00,U1065,michael.ramirez47,mail.corp.local,INTERNAL,78759,WKSTN-U1065
NET038640,2026-06-03 15:33:00,U1094,elizabeth.lewis69,confluence.corp.local,,164767,WKSTN-U1094
NET033252,2026-06-03 15:32:00,U1082,karen.hill96,vpn.corp.local,INTERNAL,117242,WKSTN-U1082
NET000443,2026-06-03 15:32:00,U1002,  donna.ramirez ,sharepoint.corp.local,,299883,WKSTN-U1002
NET021549,2026-06-03 15:59:00,U1053,john.jackson31,mail.corp.local,INTERNAL,106660,WKSTN-U1053
NET022753,2026-06-03 15:25:00,U1056,anthony.clark,vpn.corp.local,INTERNAL,493218,WKSTN-U1056
NET017571,2026-06-03 15:48:00,U1043,thomas.williams91,vpn.corp.local,INTERNAL,412695,WKSTN-U1043
NET033250,2026-06-03 16:50:00,U1082,  karen.hill96 ,confluence.corp.local,INTERNAL,358775,WKSTN-U1082
NET030764,2026-06-03 16:57:00,U1076,john.torres,jira.corp.local,INTERNAL,417722,WKSTN-U1076
NET015975,2026-06-03 16:17:00,U1039,mark.thomas,jira.corp.local,INTERNAL,472872,WKSTN-U1039
NET040270,2026-06-03 17:14:00,U1098,nancy.wright49,hr-portal.corp.local,INTERNAL,283179,WKSTN-U1098
NET040269,2026-06-03 16:43:00,U1098,nancy.wright49,vpn.corp.local,INTERNAL,207273,WKSTN-U1098
NET003631,2026-06-03 16:28:00,U1010,susan.young51,mail.corp.local,INTERNAL,36523,WKSTN-U1010
NET003223,2026-06-03 16:46:00,U1009,daniel.brown,hr-portal.corp.local,INTERNAL,459073,WKSTN-U1009
NET008767,2026-06-03 16:22:00,U1022,sandra.brown,vpn.corp.local,INTERNAL,172327,WKSTN-U1022
NET000063,2026-06-03 17:07:00,U1001,linda.johnson95,mail.corp.local,INTERNAL,36197,WKSTN-U1001
NET031156,2026-06-03 16:15:00,U1077,kimberly.harris58,sharepoint.corp.local,INTERNAL,41373,WKSTN-U1077
NET002076,2026-06-03 16:30:00,U1006,george.gonzalez,hr-portal.corp.local,INTERNAL,160422,WKSTN-U1006
NET030385,2026-06-03 17:16:00,U1075,steven.lewis,mail.corp.local,INTERNAL,179589,WKSTN-U1075
NET027163,2026-06-03 17:49:00,U1067,  paul.thomas97 ,mail.corp.local,,209131,WKSTN-U1067
NET004376,2026-06-03 16:55:00,U1012,linda.martinez,jira.corp.local,INTERNAL,444290,WKSTN-U1012
NET015974,2026-06-03 16:57:00,U1039,mark.thomas,hr-portal.corp.local,INTERNAL,336548,WKSTN-U1039
NET025971,2026-06-04 07:08:00,U1064,matthew.wright55,vpn.corp.local,INTERNAL,105160,
NET016344,2026-06-03 17:35:00,U1040,matthew.martin,sharepoint.corp.local,INTERNAL,278443,WKSTN-U1040
NET010568,2026-06-03 16:40:00,U1026,elizabeth.gonzalez,,INTERNAL,496768,WKSTN-U1026
NET028782,2026-06-03 16:33:00,U1071,matthew.robinson35,,INTERNAL,241543,WKSTN-U1071
NET030386,2026-06-03 16:38:00,U1075,steven.lewis	,hr-portal.corp.local,INTERNAL,262856,WKSTN-U1075
NET033253,2026-06-03 16:19:00,U1082,karen.hill96,vpn.corp.local,INTERNAL,50125000.0,WKSTN-U1082
NET004377,2026-06-03 17:00:00,U1012,linda.martinez,,INTERNAL,59407,WKSTN-U1012
NET040658,2026-06-03 17:14:00,U1099,joseph.garcia,hr-portal.corp.local,INTERNAL,396220,WKSTN-U1099
NET010569,2026-06-03 16:13:00,U1026,elizabeth.gonzalez,mail.corp.local,INTERNAL,87292,WKSTN-U1026
NET013981,2026-06-03 17:04:00,U1034,thomas.allen63,,INTERNAL,482669,WKSTN-U1034
NET039890,2026-06-04 08:33:00,U1097,mark.martinez10,vpn.corp.local,INTERNAL,374318,WKSTN-U1097
NET032831,2026-06-04 08:11:00,U1081,margaret.davis,mail.corp.local,INTERNAL,270287,WKSTN-U1081
NET024365,2026-06-04 08:41:00,U1060,matthew.anderson,confluence.corp.local,INTERNAL,192062,WKSTN-U1060
NET022393,2026-06-04 07:35:00,U1055,patricia.wilson54,hr-portal.corp.local,INTERNAL,411771,WKSTN-U1055
NET003237,2026-06-04 09:06:00,U1009,daniel.brown,mail.corp.local,INTERNAL,-35865.0,WKSTN-U1009
NET015173,2026-06-04 07:28:00,U1037,robert.martin,jira.corp.local,INTERNAL,85600,WKSTN-U1037
NET021565,2026-06-04 08:37:00,U1053,john.jackson31,confluence.corp.local,INTERNAL,369219,WKSTN-U1053
NET027551,2026-06-04 08:56:00,U1068,susan.thompson34,mail.corp.local,INTERNAL,374914,
NET032396,2026-06-04 08:19:00,U1080,,confluence.corp.local,INTERNAL,162113,WKSTN-U1080
NET036851,2026-06-04 07:47:00,U1090,mary.hill,confluence.corp.local,INTERNAL,180574,WKSTN-U1090
NET026800,2026-06-04 07:17:00,U1066,michelle.wright62,sharepoint.corp.local,INTERNAL,42163,WKSTN-U1066
NET018367,2026-06-04 08:23:00,U1045,daniel.sanchez90,sharepoint.corp.local,INTERNAL,359039,WKSTN-U1045
NET030784,2026-06-04 08:50:00,U1076,john.torres,sharepoint.corp.local,INTERNAL,8919,WKSTN-U1076
NET027548,2026-06-04 07:57:00,U1068,susan.thompson34,confluence.corp.local,INTERNAL,359541,WKSTN-U1068
NET029594,2026-06-04 09:02:00,U1073,michael.gonzalez,vpn.corp.local,INTERNAL,239268,WKSTN-U1073
NET018369,2026-06-04 08:52:00,U1045,daniel.sanchez90,hr-portal.corp.local,INTERNAL,67634,WKSTN-U1045
NET040673,2026-06-04 08:59:00,U1099,joseph.garcia,vpn.corp.local,INTERNAL,496909,WKSTN-U1099
NET036848,2026-06-04 08:02:00,U1090,mary.hill,jira.corp.local,INTERNAL,222000,WKSTN-U1090
NET019978,2026-06-04 08:04:00,U1049,michelle.jones59,confluence.corp.local,INTERNAL,82263,WKSTN-U1049
NET001305,2026-06-04 08:38:00,U1004,elizabeth.wilson98,jira.corp.local,INTERNAL,14298,WKSTN-U1004
NET023950,2026-06-04 08:57:00,U1059,daniel.perez98,jira.corp.local,INTERNAL,193864,WKSTN-U1059
NET018790,2026-06-04 08:45:00,U1046,michelle.torres39,mail.corp.local,INTERNAL,484046,WKSTN-U1046
NET032832,2026-06-04 07:55:00,U1081,margaret.davis,vpn.corp.local,INTERNAL,124921,WKSTN-U1081
NET018792,2026-06-04 08:59:00,U1046,michelle.torres39,jira.corp.local,INTERNAL,378821,
NET022773,2026-06-04 08:40:00,U1056,anthony.clark,mail.corp.local,INTERNAL,151278,WKSTN-U1056
NET019975,2026-06-04 09:13:00,U1049,michelle.jones59,sharepoint.corp.local,INTERNAL,17522,WKSTN-U1049
NET027945,2026-06-04 09:21:00,U1069,jessica.clark,vpn.corp.local,INTERNAL,415175,WKSTN-U1069
NET008341,2026-06-04 09:10:00,U1021,jessica.walker,sharepoint.corp.local,INTERNAL,88739,WKSTN-U1021
NET027946,2026-06-04 09:22:00,U1069,jessica.clark,news.com,EXTERNAL,17978,WKSTN-U1069
NET033719,2026-06-04 09:43:00,U1083,SARAH.ALLEN70,hr-portal.corp.local,INTERNAL,165415,WKSTN-U1083
NET010140,2026-06-04 09:43:00,U1025,betty.brown22,mail.corp.local,INTERNAL,271930,WKSTN-U1025
NET016787,2026-06-04 09:33:00,U1041,matthew.allen52,vpn.corp.local,INTERNAL,342321,WKSTN-U1041
NET033717,2026-06-04 09:46:00,U1083,sarah.allen70,mail.corp.local,INTERNAL,82750,WKSTN-U1083
NET003238,2026-06-04 09:18:00,U1009,daniel.brown,vpn.corp.local,,172640,WKSTN-U1009
NET039889,2026-06-04 09:48:00,U1097,mark.martinez10,confluence.corp.local,INTERNAL,355608,WKSTN-U1097
NET002094,2026-06-04 09:12:00,U1006,george.gonzalez,vpn.corp.local,INTERNAL,439904,WKSTN-U1006
NET020779,2026-06-04 09:32:00,U1051,sandra.king72,vpn.corp.local,INTERNAL,4833,WKSTN-U1051
NET029599,2026-06-04 09:38:00,U1073,michael.gonzalez,linkedin.com,EXTERNAL,4181,WKSTN-U1073	
NET035498,2026-06-04 09:14:00,U1087,charles.sanchez,jira.corp.local,INTERNAL,261309,WKSTN-U1087
NET041046,2026-06-04 09:11:00,U1100,,vpn.corp.local,INTERNAL,445215,WKSTN-U1100
NET034152,2026-06-04 09:28:00,U1084,joshua.taylor,linkedin.com,EXTERNAL,4458,
NET014403,2026-06-04 09:43:00,U1035,nancy.rodriguez82,sharepoint.corp.local,INTERNAL,237454,WKSTN-U1035
NET014402,2026-06-04 09:39:00,U1035,nancy.rodriguez82,jira.corp.local,internal,12399,WKSTN-U1035
NET015991,2026-06-04 09:27:00,U1039,mark.thomas,confluence.corp.local,INTERNAL,332552,WKSTN-U1039
NET019602,2026-06-04 09:44:00,U1048,jennifer.thomas87,hr-portal.corp.local,,248995,WKSTN-U1048
NET015599,2026-06-04 09:39:00,U1038,emily.clark,jira.corp.local,INTERNAL,106321,WKSTN-U1038
NET017976,2026-06-04 09:18:00,U1044,lisa.ramirez9,sharepoint.corp.local,INTERNAL,26023,WKSTN-U1044
NET034150,2026-06-04 09:33:00,U1084,joshua.taylor,mail.corp.local,INTERNAL,248743,WKSTN-U1084
NET014405,2026-06-04 09:51:00,U1035,nancy.rodriguez82	,vpn.corp.local	,INTERNAL,112208,WKSTN-U1035
NET029984,2026-06-04 09:42:00,U1074,sarah.williams7,hr-portal.corp.local	,INTERNAL,71669,WKSTN-U1074
NET021164,2026-06-04 10:13:00,U1052,paul.taylor,,INTERNAL,203960,WKSTN-U1052
NET029595,2026-06-04 09:55:00,U1073,michael.gonzalez,mail.corp.local,INTERNAL,209303,WKSTN-U1073
NET027549,2026-06-04 10:08:00,U1068,susan.thompson34,sharepoint.corp.local,,266318,WKSTN-U1068
NET035499,2026-06-04 09:54:00,U1087,charles.sanchez,confluence.corp.local,INTERNAL,379644,WKSTN-U1087
NET040285,2026-06-04 10:15:00,U1098,nancy.wright49,confluence.corp.local,,264381,WKSTN-U1098
NET033272,2026-06-04 09:55:00,U1082,karen.hill96,sharepoint.corp.local,INTERNAL,307154,WKSTN-U1082
NET011511,2026-06-04 09:55:00,U1028,john.hill,mail.corp.local,INTERNAL,499478,WKSTN-U1028
NET009696,2026-06-04 10:10:00,U1024,emily.miller,confluence.corp.local,INTERNAL,392922,WKSTN-U1024
NET011932,2026-06-04 09:54:00,U1029,michelle.garcia54,jira.corp.local,INTERNAL,399011,WKSTN-U1029
NET037323,2026-06-04 10:01:00,U1091,linda.robinson,confluence.corp.local,INTERNAL,226998,WKSTN-U1091
NET007893,2026-06-04 10:07:00,U1020,andrew.thomas36,vpn.corp.local,INTERNAL,31572,WKSTN-U1020
NET006512,2026-06-04 10:05:00,U1017,emily.hernandez34,hr-portal.corp.local,INTERNAL,295017,WKSTN-U1017
NET033273,2026-06-04 10:10:00,U1082,karen.hill96,confluence.corp.local,INTERNAL,392253,WKSTN-U1082	
NET037322,2026-06-04 09:53:00,U1091,linda.robinson,jira.corp.local,INTERNAL,432431,WKSTN-U1091
NET017591,2026-06-04 10:05:00,U1043,thomas.williams91,vpn.corp.local,INTERNAL,312616,WKSTN-U1043
NET005237,2026-06-04 10:10:00,U1014,james.taylor,jira.corp.local,INTERNAL,231585,WKSTN-U1014
NET004003,2026-06-04 09:59:00,U1011,donna.ramirez75,jira.corp.local,INTERNAL,105039,WKSTN-U1011
NET031564,2026-06-04 09:56:00,U1078,michelle.miller,confluence.corp.local,INTERNAL,61257,WKSTN-U1078
NET019195,2026-06-04 10:13:00,U1047,sandra.lewis,hr-portal.corp.local,INTERNAL,467158,WKSTN-U1047
NET003650,2026-06-04 10:08:00,U1010,susan.young51,sharepoint.corp.local,INTERNAL,351967,WKSTN-U1010
NET036408,2026-06-04 09:52:00,U1089,paul.brown27,jira.corp.local,INTERNAL,399714,WKSTN-U1089
NET039891,2026-06-04 10:01:00,U1097,mark.martinez10,confluence.corp.local,INTERNAL,404231,WKSTN-U1097
NET008789,2026-06-04 10:15:00,U1022,sandra.brown,hr-portal.corp.local,INTERNAL,295993,WKSTN-U1022
NET015992,2026-06-04 09:56:00,U1039,mark.thomas,  vpn.corp.local ,INTERNAL,216434,WKSTN-U1039
NET004005,2026-06-04 10:10:00,U1011,donna.ramirez75,jira.corp.local,INTERNAL,489314,WKSTN-U1011
NET004393,2026-06-04 10:42:00,U1012,linda.martinez,confluence.corp.local,INTERNAL,134375,WKSTN-U1012
NET038210,2026-06-04 10:26:00,U1093,sarah.clark44,sharepoint.corp.local,INTERNAL,384052,WKSTN-U1093
NET008788,2026-06-04 10:16:00,U1022,sandra.brown,jira.corp.local,INTERNAL,437708,WKSTN-U1022
NET030781,2026-06-04 10:50:00,U1076,john.torres,hr-portal.corp.local,INTERNAL,27506,WKSTN-U1076
NET036409,2026-06-04 10:51:00,U1089,paul.brown27,jira.corp.local,INTERNAL,399143,WKSTN-U1089
NET038659,2026-06-04 10:21:00,U1094,elizabeth.lewis69,confluence.corp.local,INTERNAL,343276,WKSTN-U1094
NET013999,2026-06-04 10:23:00,U1034,thomas.allen63,vpn.corp.local,INTERNAL,367442,WKSTN-U1034
NET025572,2026-06-04 10:57:00,U1063,john.nguyen,hr-portal.corp.local,INTERNAL,9522,WKSTN-U1063
NET006051,2026-06-04 10:16:00,U1016,patricia.thomas,jira.corp.local,INTERNAL,120445,WKSTN-U1016
NET004395,2026-06-04 10:33:00,U1012,,confluence.corp.local,INTERNAL,225131,WKSTN-U1012
NET029983,2026-06-04 10:54:00,U1074,sarah.williams7,sharepoint.corp.local,INTERNAL,422882,WKSTN-U1074
NET002485,2026-06-04 10:58:00,U1007,sarah.robinson82,hr-portal.corp.local	,INTERNAL,79762,WKSTN-U1007
NET000080,2026-06-04 10:57:00,U1001,linda.johnson95,confluence.corp.local,INTERNAL,114020,WKSTN-U1001
NET021165,2026-06-04 10:21:00,U1052,paul.taylor,confluence.corp.local,INTERNAL,313142,WKSTN-U1052
NET037770,2026-06-04 10:50:00,U1092,steven.thomas,confluence.corp.local,INTERNAL,415023,WKSTN-U1092
NET017590,2026-06-04 10:16:00,U1043,thomas.williams91,hr-portal.corp.local,INTERNAL,447083,WKSTN-U1043
NET023180,2026-06-04 10:39:00,U1057,nancy.sanchez,sharepoint.corp.local,INTERNAL,335741,WKSTN-U1057
NET016365,2026-06-04 10:38:00,U1040,matthew.martin	,confluence.corp.local,INTERNAL,177385,WKSTN-U1040
NET001693,2026-06-04 10:17:00,U1005,robert.robinson,jira.corp.local,INTERNAL,231219,WKSTN-U1005
NET006509,2026-06-04 10:21:00,U1017,emily.hernandez34,jira.corp.local,INTERNAL,85961,WKSTN-U1017
NET017977,2026-06-04 10:16:00,U1044,lisa.ramirez9,hr-portal.corp.local,INTERNAL,130416,WKSTN-U1044
NET025967,2026-06-04 10:56:00,U1064,matthew.wright55,  confluence.corp.local ,,336539,WKSTN-U1064
NET006513,2026-06-04 10:31:00,U1017,emily.hernandez34,linkedin.com,EXTERNAL,946,WKSTN-U1017
NET019601,2026-06-04 10:26:00,U1048,jennifer.thomas87,jira.corp.local,INTERNAL,295672,WKSTN-U1048
NET028801,2026-06-04 10:54:00,U1071,matthew.robinson35,jira.corp.local,INTERNAL,337497,WKSTN-U1071
NET014404,2026-06-04 11:03:00,U1035,nancy.rodriguez82,vpn.corp.local,INTERNAL,298922,WKSTN-U1035
NET010590,2026-06-04 11:06:00,U1026,elizabeth.gonzalez,vpn.corp.local,INTERNAL,207918,WKSTN-U1026
NET014001,2026-06-04 11:07:00,U1034,thomas.allen63,jira.corp.local,INTERNAL,182531,WKSTN-U1034
NET022772,2026-06-04 11:27:00,U1056,anthony.clark,mail.corp.local,INTERNAL,35740,WKSTN-U1056	
NET031565,2026-06-04 11:00:00,U1078,michelle.miller,jira.corp.local,INTERNAL,221820,WKSTN-U1078
NET031563,2026-06-04 11:27:00,U1078,michelle.miller,confluence.corp.local,INTERNAL,411916,WKSTN-U1078
NET025969,2026-06-04 11:24:00,U1064,matthew.wright55,confluence.corp.local,INTERNAL,366410,WKSTN-U1064
NET023952,2026-06-04 11:20:00,U1059,daniel.perez98,sharepoint.corp.local,INTERNAL,139660,WKSTN-U1059
NET039075,2026-06-04 11:12:00,U1095,richard.thomas74,vpn.corp.local,INTERNAL,212040,WKSTN-U1095
NET029982,2026-06-04 11:21:00,U1074,sarah.williams7,sharepoint.corp.local,INTERNAL,394482,WKSTN-U1074
NET022396,2026-06-04 11:13:00,U1055,patricia.wilson54,vpn.corp.local,INTERNAL,92820,WKSTN-U1055
NET021975,2026-06-04 11:03:00,U1054,anthony.martinez,hr-portal.corp.local,INTERNAL,,WKSTN-U1054
NET017182,2026-06-04 11:19:00,U1042,michael.hill56,mail.corp.local,INTERNAL,122458,WKSTN-U1042
NET018366,2026-06-04 11:12:00,U1045,daniel.sanchez90,vpn.corp.local,,98650,  WKSTN-U1045 
NET002484,2026-06-04 11:15:00,U1007,sarah.robinson82,hr-portal.corp.local,INTERNAL,78139,WKSTN-U1007
NET028385,2026-06-04 11:00:00,U1070,betty.thomas40,sharepoint.corp.local,INTERNAL,41930,WKSTN-U1070
NET004817,2026-06-04 10:58:00,U1013,emily.smith,confluence.corp.local,INTERNAL,337464,WKSTN-U1013
NET015600,2026-06-04 11:01:00,U1038,emily.clark,mail.corp.local,INTERNAL,438001,WKSTN-U1038
NET012804,2026-06-04 11:06:00,U1031,john.wright28,mail.corp.local,INTERNAL,138701,WKSTN-U1031
NET006510,2026-06-04 11:01:00,U1017,emily.hernandez34,jira.corp.local,INTERNAL,,WKSTN-U1017
NET000078,2026-06-04 11:11:00,U1001,linda.johnson95,  hr-portal.corp.local ,INTERNAL,223305,WKSTN-U1001
NET021567,2026-06-04 11:12:00,U1053,john.jackson31,hr-portal.corp.local,INTERNAL,330552000.0,WKSTN-U1053
NET004004,2026-06-04 11:08:00,U1011,donna.ramirez75,mail.corp.local,INTERNAL,122694,WKSTN-U1011
NET006050,2026-06-04 11:12:00,U1016,patricia.thomas	,jira.corp.local,INTERNAL,302924,WKSTN-U1016
NET035052,2026-06-04 11:16:00,U1086,steven.thompson53,jira.corp.local,INTERNAL,452649,WKSTN-U1086
NET037321,2026-06-04 11:45:00,U1091,linda.robinson,jira.corp.local,INTERNAL,355721,WKSTN-U1091
NET039073,2026-06-04 11:48:00,U1095,richard.thomas74,jira.corp.local,INTERNAL,222221,WKSTN-U1095
NET031174,2026-06-04 11:29:00,U1077,kimberly.harris58,vpn.corp.local,INTERNAL,31732,  WKSTN-U1077 
NET029597,2026-06-04 11:44:00,U1073,michael.gonzalez,mail.corp.local,INTERNAL,400687,WKSTN-U1073
NET002869,2026-06-04 11:40:00,U1008,joshua.hernandez,mail.corp.local,INTERNAL,374305,WKSTN-U1008
NET039074,2026-06-04 11:33:00,U1095,RICHARD.THOMAS74,jira.corp.local,INTERNAL,37964,WKSTN-U1095
NET007894,2026-06-04 11:38:00,U1020,andrew.thomas36,confluence.corp.local,INTERNAL,264882,WKSTN-U1020
NET035941,2026-06-04 11:36:00,U1088,  andrew.smith85 ,hr-portal.corp.local,INTERNAL,259942,WKSTN-U1088
NET000079,2026-06-04 11:33:00,U1001,linda.johnson95,vpn.corp.local,INTERNAL,232758,WKSTN-U1001
NET035050,2026-06-04 11:50:00,U1086,steven.thompson53,jira.corp.local,INTERNAL,181685,WKSTN-U1086
NET035051,2026-06-04 11:35:00,U1086,steven.thompson53,mail.corp.local,INTERNAL,258517,WKSTN-U1086
NET008340,2026-06-04 11:50:00,U1021,jessica.walker,confluence.corp.local,INTERNAL,393800,WKSTN-U1021
NET006049,2026-06-04 11:36:00,U1016,patricia.thomas,vpn.corp.local,INTERNAL,161823,
NET038661,2026-06-04 11:47:00,U1094,elizabeth.lewis69,vpn.corp.local,INTERNAL,130286,WKSTN-U1094
NET017979,2026-06-04 11:38:00,U1044,lisa.ramirez9,,INTERNAL,69382,
NET032398,2026-06-04 11:41:00,U1080,joseph.jackson91,hr-portal.corp.local,INTERNAL,178652,
NET036410,2026-06-04 11:49:00,U1089,paul.brown27,mail.corp.local,INTERNAL,376406,WKSTN-U1089
NET040671,2026-06-04 11:29:00,U1099,joseph.garcia,jira.corp.local,INTERNAL,120116,WKSTN-U1099
NET028386,2026-06-04 11:49:00,U1070,betty.thomas40,mail.corp.local,INTERNAL,457047,WKSTN-U1070
NET023951,2026-06-04 11:34:00,U1059,daniel.perez98,,INTERNAL,386937,WKSTN-U1059
NET012362,2026-06-04 11:29:00,U1030,betty.rodriguez86,vpn.corp.local,INTERNAL,108738,WKSTN-U1030
NET040286,2026-06-04 11:51:00,U1098,nancy.wright49,confluence.corp.local,INTERNAL,34607,WKSTN-U1098
NET030402,2026-06-04 11:31:00,U1075,steven.lewis,vpn.corp.local,INTERNAL,396727,WKSTN-U1075
NET009248,2026-06-04 11:29:00,U1023,richard.wright,sharepoint.corp.local,INTERNAL,292563,WKSTN-U1023	
NET039888,2026-06-04 11:44:00,U1097,mark.martinez10,confluence.corp.local,INTERNAL,45805,WKSTN-U1097
NET027941,2026-06-04 12:00:00,U1069,jessica.clark,mail.corp.local,INTERNAL,250169,WKSTN-U1069
NET011029,2026-06-04 11:51:00,U1027,patricia.brown75,jira.corp.local,INTERNAL,200516,WKSTN-U1027
NET008791,2026-06-04 12:16:00,U1022,sandra.brown,mail.corp.local,INTERNAL,373358,WKSTN-U1022
NET038660,2026-06-04 12:00:00,U1094,elizabeth.lewis69,hr-portal.corp.local,INTERNAL,220833,WKSTN-U1094
NET004006,2026-06-04 12:05:00,U1011,donna.ramirez75,confluence.corp.local	,INTERNAL,375823,WKSTN-U1011
NET006989,2026-06-04 12:02:00,U1018,betty.white57,mail.corp.local,INTERNAL,425085,WKSTN-U1018
NET017186,2026-06-04 11:55:00,U1042,michael.hill56,jira.corp.local,INTERNAL,262021,WKSTN-U1042
NET021166,2026-06-04 11:57:00,U1052,paul.taylor,mail.corp.local,INTERNAL,228346,WKSTN-U1052
NET023949,2026-06-04 12:11:00,U1059,daniel.perez98,jira.corp.local,INTERNAL,100733,WKSTN-U1059
NET020778,2026-06-04 12:07:00,U1051,sandra.king72,sharepoint.corp.local,INTERNAL,408494,WKSTN-U1051
NET026370,2026-06-04 11:54:00,U1065,michael.ramirez47,confluence.corp.local,INTERNAL,62704,WKSTN-U1065
NET007892,2026-06-04 12:09:00,U1020,andrew.thomas36,vpn.corp.local,INTERNAL,322008,WKSTN-U1020
NET019192,2026-06-04 11:52:00,U1047,sandra.lewis,confluence.corp.local,INTERNAL,226434,WKSTN-U1047
NET031982,2026-06-04 12:04:00,U1079,emily.jones,sharepoint.corp.local,INTERNAL,41234,WKSTN-U1079
NET021974,2026-06-04 12:19:00,U1054,anthony.martinez,hr-portal.corp.local,INTERNAL,-1,WKSTN-U1054
NET029196,2026-06-04 11:55:00,U1072,kenneth.lopez,hr-portal.corp.local,INTERNAL,166514,WKSTN-U1072
NET031983,2026-06-04 12:04:00,U1079,emily.jones,vpn.corp.local,INTERNAL,351015,WKSTN-U1079
NET014789,2026-06-04 12:02:00,U1036,linda.jones,confluence.corp.local,INTERNAL,62376,WKSTN-U1036
NET020363,2026-06-04 12:20:00,U1050,michael.ramirez,mail.corp.local,INTERNAL,142880,WKSTN-U1050
NET009245,2026-06-04 11:57:00,U1023,richard.wright,sharepoint.corp.local,INTERNAL,14812,WKSTN-U1023
NET035053,2026-06-04 12:12:00,U1086,steven.thompson53,mail.corp.local,INTERNAL,463109,
NET011931,2026-06-04 12:26:00,U1029,michelle.garcia54,sharepoint.corp.local,INTERNAL,154800,WKSTN-U1029
NET023557,2026-06-04 11:59:00,U1058,jennifer.ramirez18,jira.corp.local,INTERNAL,118907,WKSTN-U1058
NET022392,2026-06-04 11:57:00,U1055,patricia.wilson54,jira.corp.local,INTERNAL,406092,WKSTN-U1055
NET030780,2026-06-04 12:07:00,U1076,  JOHN.TORRES ,mail.corp.local,INTERNAL,63271,WKSTN-U1076
NET027183,2026-06-04 12:52:00,U1067,paul.thomas97,sharepoint.corp.local,INTERNAL,107464,WKSTN-U1067
NET015174,2026-06-04 12:48:00,U1037,robert.martin,  hr-portal.corp.local ,INTERNAL,250243,WKSTN-U1037
NET009246,2026-06-04 12:52:00,U1023,richard.wright,jira.corp.local,,3255,
NET004818,2026-06-04 12:39:00,U1013,emily.smith,  jira.corp.local ,INTERNAL,30386,WKSTN-U1013
NET027547,2026-06-04 12:58:00,U1068,susan.thompson34,sharepoint.corp.local,INTERNAL,290017,WKSTN-U1068
NET041048,2026-06-04 12:28:00,U1100,daniel.brown38,mail.corp.local,INTERNAL,449664,WKSTN-U1100
NET029598,2026-06-04 12:46:00,U1073,michael.gonzalez,confluence.corp.local,INTERNAL,457919,WKSTN-U1073
NET023558,2026-06-04 12:58:00,U1058,jennifer.ramirez18,jira.corp.local,INTERNAL,113556,WKSTN-U1058
NET008338,2026-06-04 12:35:00,U1021,jessica.walker	,sharepoint.corp.local,INTERNAL,53647,WKSTN-U1021
NET000890,2026-06-04 12:49:00,U1003,kenneth.clark29,hr-portal.corp.local,INTERNAL,122462,WKSTN-U1003
NET004396,2026-06-04 12:52:00,U1012,linda.martinez,linkedin.com,EXTERNAL,,WKSTN-U1012
NET041045,2026-06-04 12:45:00,U1100,daniel.brown38,  vpn.corp.local ,INTERNAL,61182,WKSTN-U1100
NET024754,2026-06-04 13:01:00,U1061,jessica.rodriguez,,INTERNAL,34145,WKSTN-U1061
NET024367,2026-06-04 12:49:00,U1060,matthew.anderson,hr-portal.corp.local,INTERNAL,420596,WKSTN-U1060
NET008790,2026-06-04 12:56:00,U1022,sandra.brown,mail.corp.local,INTERNAL,472357,WKSTN-U1022
NET034151,2026-06-04 12:41:00,U1084,joshua.taylor,sharepoint.corp.local	,INTERNAL,172796,WKSTN-U1084
NET021972,2026-06-04 12:30:00,U1054,anthony.martinez,confluence.corp.local,INTERNAL,274107,WKSTN-U1054
NET010589,2026-06-04 13:01:00,U1026,elizabeth.gonzalez,mail.corp.local,INTERNAL,85873,WKSTN-U1026
NET019196,2026-06-04 12:29:00,U1047,sandra.lewis,mail.corp.local,INTERNAL,118519,WKSTN-U1047
NET019977,2026-06-04 12:45:00,U1049,michelle.jones59,jira.corp.local,INTERNAL,148212,WKSTN-U1049
NET019976,2026-06-04 12:55:00,U1049,michelle.jones59,hr-portal.corp.local,INTERNAL,241167,WKSTN-U1049
NET017183,2026-06-04 12:55:00,U1042,michael.hill56,sharepoint.corp.local,INTERNAL,199108,WKSTN-U1042
NET025179,2026-06-04 12:35:00,U1062,william.martin,confluence.corp.local,INTERNAL,29831,WKSTN-U1062
NET025178,2026-06-04 12:41:00,U1062,william.martin,mail.corp.local,INTERNAL,118341,WKSTN-U1062
NET001307,2026-06-04 12:30:00,U1004,elizabeth.wilson98,mail.corp.local,INTERNAL,34026,WKSTN-U1004
NET027185,2026-06-04 13:02:00,U1067,paul.thomas97,jira.corp.local,INTERNAL,306161,WKSTN-U1067
NET036849,2026-06-04 13:30:00,U1090,mary.hill,jira.corp.local,INTERNAL,283208,
NET013213,2026-06-04 13:04:00,U1032,paul.wright91	,mail.corp.local,INTERNAL,388599,WKSTN-U1032
NET026801,2026-06-04 13:39:00,U1066,michelle.wright62,jira.corp.local,INTERNAL,243712,WKSTN-U1066
NET003651,2026-06-04 13:05:00,U1010,susan.young51,confluence.corp.local,INTERNAL,324379,WKSTN-U1010
NET002095,2026-06-04 13:39:00,U1006,george.gonzalez,vpn.corp.local,INTERNAL,375210,WKSTN-U1006
NET009249,2026-06-04 13:42:00,U1023,richard.wright,jira.corp.local,INTERNAL,16897,
NET005640,2026-06-04 13:08:00,U1015,lisa.hernandez,mail.corp.local,INTERNAL,77962,WKSTN-U1015
NET007452,2026-06-04 13:24:00,U1019,donna.anderson,confluence.corp.local,INTERNAL,398631,WKSTN-U1019
NET007895,2026-06-04 13:15:00,U1020,andrew.thomas36,jira.corp.local	,INTERNAL,149500,WKSTN-U1020
NET039471,2026-06-04 13:24:00,U1096,david.allen76,mail.corp.local	,INTERNAL,483937,WKSTN-U1096
NET019194,2026-06-04 13:47:00,U1047,sandra.lewis,confluence.corp.local,INTERNAL,307592,WKSTN-U1047
NET010141,2026-06-04 13:09:00,U1025,betty.brown22,jira.corp.local,INTERNAL,,WKSTN-U1025
NET021564,2026-06-04 13:35:00,U1053,john.jackson31,jira.corp.local,INTERNAL,94188,
NET024366,2026-06-04 13:38:00,U1060,matthew.anderson,mail.corp.local,INTERNAL,423766,WKSTN-U1060
NET025970,2026-06-04 13:12:00,U1064,matthew.wright55,mail.corp.local,INTERNAL,312903,WKSTN-U1064
NET018368,2026-06-04 13:13:00,U1045,daniel.sanchez90,confluence.corp.local,INTERNAL,397633,WKSTN-U1045
NET025968,2026-06-04 13:20:00,U1064,matthew.wright55,confluence.corp.local,INTERNAL,445640,WKSTN-U1064
NET014406,2026-06-04 13:08:00,U1035,  nancy.rodriguez82 ,hr-portal.corp.local,INTERNAL,12474,WKSTN-U1035
NET024368,2026-06-04 13:05:00,U1060,matthew.anderson,news.com,EXTERNAL,18031,WKSTN-U1060
NET030783,2026-06-04 13:09:00,U1076,john.torres,jira.corp.local,INTERNAL,355854,WKSTN-U1076
NET027184,2026-06-04 13:30:00,U1067,paul.thomas97,mail.corp.local,INTERNAL,407158,WKSTN-U1067
NET016788,2026-06-04 13:33:00,U1041,matthew.allen52,sharepoint.corp.local,INTERNAL,386432,WKSTN-U1041
NET021566,2026-06-04 13:35:00,U1053,john.jackson31,hr-portal.corp.local,INTERNAL,145389,WKSTN-U1053
NET002868,2026-06-04 13:39:00,U1008,joshua.hernandez,mail.corp.local,INTERNAL,264224,WKSTN-U1008
NET029197,2026-06-04 13:56:00,U1072,kenneth.lopez,hr-portal.corp.local,INTERNAL,492943,WKSTN-U1072
NET040672,2026-06-04 13:51:00,U1099,joseph.garcia,hr-portal.corp.local,INTERNAL,73730,WKSTN-U1099
NET032395,2026-06-04 14:04:00,U1080,joseph.jackson91,hr-portal.corp.local,INTERNAL,126920,WKSTN-U1080
NET039892,2026-06-04 13:49:00,U1097,mark.martinez10,hr-portal.corp.local,INTERNAL,66699,WKSTN-U1097
NET024753,2026-06-04 13:49:00,U1061,jessica.rodriguez,vpn.corp.local,INTERNAL,,WKSTN-U1061
NET025571,2026-06-04 13:56:00,U1063,john.nguyen,hr-portal.corp.local,INTERNAL,445812,WKSTN-U1063
NET016366,2026-06-04 13:51:00,U1040,matthew.martin,confluence.corp.local,INTERNAL,101695,WKSTN-U1040
NET016790,2026-06-04 13:49:00,U1041,matthew.allen52,jira.corp.local,INTERNAL,31592,WKSTN-U1041
NET003239,2026-06-04 14:03:00,U1009,daniel.brown,news.com,EXTERNAL,13548,WKSTN-U1009
NET039472,2026-06-04 13:55:00,U1096,david.allen76,confluence.corp.local,INTERNAL,2869,WKSTN-U1096
NET039473,2026-06-04 14:10:00,U1096,david.allen76,linkedin.com,EXTERNAL,12941,WKSTN-U1096
NET017978,2026-06-04 13:52:00,U1044,lisa.ramirez9,confluence.corp.local,INTERNAL,61892,WKSTN-U1044
NET027187,2026-06-04 13:55:00,U1067,paul.thomas97,hr-portal.corp.local,INTERNAL,389261,WKSTN-U1067
NET014002,2026-06-04 14:12:00,U1034,thomas.allen63,vpn.corp.local,INTERNAL,179847,WKSTN-U1034
NET019193,2026-06-04 13:53:00,U1047,sandra.lewis,mail.corp.local,INTERNAL,216977,
NET011028,2026-06-04 13:52:00,U1027,patricia.brown75,jira.corp.local,INTERNAL,469780,WKSTN-U1027
NET032397,2026-06-04 14:02:00,U1080,joseph.jackson91,confluence.corp.local,INTERNAL,84121,
NET012807,2026-06-04 13:58:00,U1031,john.wright28,weather.com,EXTERNAL,16337,WKSTN-U1031
NET030782,2026-06-04 14:02:00,U1076,john.torres,sharepoint.corp.local,INTERNAL,415530,WKSTN-U1076
NET021167,2026-06-04 13:50:00,U1052,paul.taylor,hr-portal.corp.local,INTERNAL,392858,WKSTN-U1052
NET007455,2026-06-04 13:49:00,U1019,donna.anderson,mail.corp.local,INTERNAL,417600,WKSTN-U1019
NET027942,2026-06-04 14:13:00,U1069,jessica.clark,sharepoint.corp.local,INTERNAL,188294,WKSTN-U1069
NET023948,2026-06-04 13:55:00,U1059,daniel.perez98,hr-portal.corp.local,INTERNAL,21818,WKSTN-U1059
NET037769,2026-06-04 14:08:00,U1092,steven.thomas,sharepoint.corp.local,INTERNAL,95363,WKSTN-U1092
NET000081,2026-06-04 13:51:00,U1001,linda.johnson95,vpn.corp.local,INTERNAL,60673,WKSTN-U1001
NET031173,2026-06-04 14:20:00,U1077,kimberly.harris58,confluence.corp.local,internal,177038,WKSTN-U1077
NET039470,2026-06-04 14:26:00,U1096,david.allen76,sharepoint.corp.local,INTERNAL,467970,WKSTN-U1096
NET031984,2026-06-04 14:21:00,U1079,emily.jones,sharepoint.corp.local,INTERNAL,412534,WKSTN-U1079
NET006990,2026-06-04 14:38:00,U1018,betty.white57,hr-portal.corp.local,INTERNAL,26050,WKSTN-U1018
NET032399,2026-06-04 14:37:00,U1080,joseph.jackson91,sharepoint.corp.local,INTERNAL,320316,WKSTN-U1080
NET036847,2026-06-04 14:26:00,U1090,mary.hill,confluence.corp.local,INTERNAL,241023,WKSTN-U1090
NET001304,2026-06-04 14:36:00,U1004,elizabeth.wilson98	,jira.corp.local,INTERNAL,74370,WKSTN-U1004
NET009247,2026-06-04 14:36:00,U1023,richard.wright,vpn.corp.local,INTERNAL,294303,WKSTN-U1023
NET005639,2026-06-04 14:44:00,U1015,lisa.hernandez,hr-portal.corp.local,INTERNAL,367160,WKSTN-U1015
NET027550,2026-06-04 14:35:00,U1068,susan.thompson34,jira.corp.local,INTERNAL,350420,WKSTN-U1068
NET035500,2026-06-04 14:37:00,U1087,charles.sanchez,mail.corp.local,INTERNAL,48275,WKSTN-U1087	
NET028803,2026-06-04 14:27:00,U1071,matthew.robinson35,vpn.corp.local,INTERNAL,247144,WKSTN-U1071
NET041047,2026-06-04 14:36:00,U1100,  daniel.brown38 ,jira.corp.local,INTERNAL,219343,WKSTN-U1100
NET006511,2026-06-04 14:14:00,U1017,EMILY.HERNANDEZ34,jira.corp.local,INTERNAL,431356,WKSTN-U1017
NET013211,2026-06-04 14:42:00,U1032,paul.wright91,  confluence.corp.local ,INTERNAL,487152,WKSTN-U1032
NET023181,2026-06-04 14:15:00,U1057,nancy.sanchez,mail.corp.local,INTERNAL,200004,WKSTN-U1057
NET016786,2026-06-04 14:44:00,U1041,matthew.allen52,  vpn.corp.local ,INTERNAL,138484,WKSTN-U1041
NET014787,2026-06-04 14:25:00,U1036,linda.jones,vpn.corp.local,INTERNAL,85751,WKSTN-U1036
NET028804,2026-06-04 14:26:00,U1071,matthew.robinson35,vpn.corp.local,INTERNAL,365436,WKSTN-U1071
NET016789,2026-06-04 14:17:00,U1041,matthew.allen52,jira.corp.local,,425187,WKSTN-U1041
NET009695,2026-06-04 14:13:00,U1024,emily.miller,mail.corp.local,INTERNAL,466863,WKSTN-U1024
NET034618,2026-06-04 14:43:00,U1085,barbara.walker67,vpn.corp.local,INTERNAL,5547,WKSTN-U1085
NET001306,2026-06-04 14:28:00,U1004,elizabeth.wilson98,vpn.corp.local,INTERNAL,126034,WKSTN-U1004
NET036850,2026-06-04 14:28:00,U1090,mary.hill,mail.corp.local,INTERNAL,461995,WKSTN-U1090
NET012366,2026-06-04 14:18:00,U1030,betty.rodriguez86,jira.corp.local	,INTERNAL,376038,WKSTN-U1030
NET017589,2026-06-04 14:58:00,U1043,thomas.williams91,,INTERNAL,274644,WKSTN-U1043
NET013620,2026-06-04 14:53:00,U1033,linda.miller,jira.corp.local,INTERNAL,17115,WKSTN-U1033
NET017185,2026-06-04 14:55:00,U1042,michael.hill56,,INTERNAL,489369,WKSTN-U1042
NET000462,2026-06-04 14:52:00,U1002,donna.ramirez,confluence.corp.local,INTERNAL,84349,WKSTN-U1002
NET028802,2026-06-04 15:19:00,U1071,matthew.robinson35,hr-portal.corp.local,INTERNAL,70461,WKSTN-U1071
NET021563,2026-06-04 15:19:00,U1053,john.jackson31,vpn.corp.local,INTERNAL,292404,WKSTN-U1053
NET029596,2026-06-04 15:04:00,U1073,michael.gonzalez,vpn.corp.local,INTERNAL,244663,WKSTN-U1073
NET023178,2026-06-04 15:00:00,U1057,nancy.sanchez,hr-portal.corp.local,INTERNAL,305000,WKSTN-U1057
NET000889,2026-06-04 15:06:00,U1003,kenneth.clark29,vpn.corp.local,INTERNAL,268674,WKSTN-U1003
NET023177,2026-06-04 15:22:00,U1057,nancy.sanchez,confluence.corp.local,INTERNAL,106257,WKSTN-U1057	
NET013212,2026-06-04 15:12:00,U1032,paul.wright91,sharepoint.corp.local,INTERNAL,255449,WKSTN-U1032
NET012365,2026-06-04 15:16:00,U1030,betty.rodriguez86,vpn.corp.local,INTERNAL,280557,WKSTN-U1030
NET008337,2026-06-04 15:15:00,U1021,jessica.walker,hr-portal.corp.local,INTERNAL,347820,WKSTN-U1021
NET039893,2026-06-04 15:15:00,U1097,mark.martinez10,linkedin.com,EXTERNAL,15916,WKSTN-U1097
NET001308,2026-06-04 15:05:00,U1004,elizabeth.wilson98,vpn.corp.local,INTERNAL,338330,  WKSTN-U1004 
NET022394,2026-06-04 15:15:00,U1055,patricia.wilson54,hr-portal.corp.local,INTERNAL,304561,WKSTN-U1055
NET034620,2026-06-04 15:05:00,U1085,barbara.walker67,jira.corp.local,INTERNAL,11288,WKSTN-U1085
NET022771,2026-06-04 14:48:00,U1056,anthony.clark,confluence.corp.local,INTERNAL,381698,WKSTN-U1056
NET012806,2026-06-04 15:19:00,U1031,john.wright28	,hr-portal.corp.local,INTERNAL,179886,WKSTN-U1031
NET021168,2026-06-04 15:15:00,U1052,paul.taylor,hr-portal.corp.local,INTERNAL,399983,WKSTN-U1052
NET002097,2026-06-04 15:05:00,U1006,george.gonzalez,jira.corp.local,INTERNAL,346286,WKSTN-U1006
NET000461,2026-06-04 15:12:00,U1002,donna.ramirez,jira.corp.local,INTERNAL,463499,WKSTN-U1002
NET015175,2026-06-04 15:14:00,U1037,robert.martin,jira.corp.local,INTERNAL,255172,WKSTN-U1037
NET024364,2026-06-04 14:58:00,U1060,matthew.anderson,sharepoint.corp.local,INTERNAL,61023,WKSTN-U1060
NET025177,2026-06-04 15:13:00,U1062,william.martin,sharepoint.corp.local,INTERNAL,89513,WKSTN-U1062
NET018791,2026-06-04 15:41:00,U1046,michelle.torres39,vpn.corp.local,INTERNAL,265809,WKSTN-U1046
NET030403,2026-06-04 15:46:00,U1075,steven.lewis,hr-portal.corp.local,INTERNAL,159975,WKSTN-U1075
NET019600,2026-06-04 15:32:00,U1048,jennifer.thomas87,mail.corp.local,INTERNAL,130019,WKSTN-U1048
NET027943,2026-06-04 15:53:00,U1069,jessica.clark,mail.corp.local	,INTERNAL,56768,
NET022395,2026-06-04 15:39:00,U1055,patricia.wilson54,vpn.corp.local,INTERNAL,44687,WKSTN-U1055
NET035942,2026-06-04 16:17:00,U1088,andrew.smith85,sharepoint.corp.local,INTERNAL,217136,WKSTN-U1088
NET021973,2026-06-04 15:31:00,U1054,anthony.martinez,sharepoint.corp.local,INTERNAL,368944,WKSTN-U1054
NET002096,2026-06-04 15:39:00,U1006,george.gonzalez,hr-portal.corp.local,INTERNAL,66058,WKSTN-U1006
NET001695,2026-06-04 15:48:00,U1005,robert.robinson,sharepoint.corp.local,INTERNAL,129616,WKSTN-U1005
NET008339,2026-06-04 16:07:00,U1021,jessica.walker,jira.corp.local,INTERNAL,271335,WKSTN-U1021
NET032830,2026-06-04 15:40:00,U1081,margaret.davis,jira.corp.local,INTERNAL,292783,WKSTN-U1081
NET004394,2026-06-04 16:09:00,U1012,linda.martinez,hr-portal.corp.local,INTERNAL,189462,WKSTN-U1012
NET007454,2026-06-04 16:19:00,U1019,donna.anderson,mail.corp.local,INTERNAL,369839,WKSTN-U1019
NET026369,2026-06-04 15:40:00,U1065,michael.ramirez47,sharepoint.corp.local	,INTERNAL,458140,  WKSTN-U1065 
NET014788,2026-06-04 15:34:00,U1036,linda.jones,hr-portal.corp.local,INTERNAL,27206,WKSTN-U1036
NET021971,2026-06-04 15:45:00,U1054,anthony.martinez,confluence.corp.local,,221325,WKSTN-U1054
NET002098,2026-06-04 16:19:00,U1006,george.gonzalez,sharepoint.corp.local,INTERNAL,95720,WKSTN-U1006
NET017184,2026-06-04 15:32:00,U1042,michael.hill56,hr-portal.corp.local,INTERNAL,407869,WKSTN-U1042
NET014003,2026-06-04 15:26:00,U1034,thomas.allen63,vpn.corp.local,INTERNAL,497869,WKSTN-U1034
NET015993,2026-06-04 15:22:00,U1039,mark.thomas,vpn.corp.local,INTERNAL,227417,WKSTN-U1039
NET034619,2026-06-04 15:38:00,U1085,BARBARA.WALKER67,confluence.corp.local,INTERNAL,389997,WKSTN-U1085
NET038211,2026-06-04 15:38:00,U1093,sarah.clark44,linkedin.com,EXTERNAL,1099,WKSTN-U1093
NET014790,2026-06-04 15:29:00,U1036,linda.jones,confluence.corp.local,INTERNAL,45178,WKSTN-U1036
NET025176,2026-06-04 16:05:00,U1062,william.martin,mail.corp.local,INTERNAL,367964,WKSTN-U1062
NET012364,2026-06-04 15:57:00,U1030,betty.rodriguez86,mail.corp.local,INTERNAL,205700,WKSTN-U1030
NET023179,2026-06-04 16:43:00,U1057,nancy.sanchez,mail.corp.local,INTERNAL,378432,WKSTN-U1057
NET011510,2026-06-04 16:27:00,U1028,JOHN.HILL,mail.corp.local,INTERNAL,440278,
NET007453,2026-06-04 16:29:00,U1019,donna.anderson,  jira.corp.local ,INTERNAL,126947,  WKSTN-U1019 
NET020365,2026-06-04 16:56:00,U1050,michael.ramirez,confluence.corp.local,INTERNAL,208308,WKSTN-U1050
NET030401,2026-06-04 17:11:00,U1075,steven.lewis,confluence.corp.local,INTERNAL,316554,WKSTN-U1075
NET013621,2026-06-04 16:36:00,U1033,linda.miller,mail.corp.local,INTERNAL,352410,WKSTN-U1033
NET004819,2026-06-04 17:12:00,U1013,emily.smith,linkedin.com,EXTERNAL,8063,WKSTN-U1013
NET037324,2026-06-04 17:25:00,U1091,linda.robinson,vpn.corp.local,INTERNAL,210141,
NET012805,2026-06-04 16:59:00,U1031,john.wright28,jira.corp.local,INTERNAL,337748,WKSTN-U1031
NET020364,2026-06-04 17:34:00,U1050,michael.ramirez,vpn.corp.local,INTERNAL,313466,WKSTN-U1050
NET027944,2026-06-04 16:36:00,U1069,jessica.clark,vpn.corp.local,INTERNAL,241857,WKSTN-U1069
NET019603,2026-06-04 17:05:00,U1048,jennifer.thomas87,vpn.corp.local,INTERNAL,,
NET030400,2026-06-04 17:32:00,U1075,,hr-portal.corp.local,INTERNAL,470243,WKSTN-U1075
NET033718,2026-06-04 16:28:00,U1083,sarah.allen70,jira.corp.local,INTERNAL,290490,WKSTN-U1083
NET012363,2026-06-04 17:36:00,U1030,betty.rodriguez86,hr-portal.corp.local,INTERNAL,161309,WKSTN-U1030
NET027186,2026-06-04 17:30:00,U1067,paul.thomas97,jira.corp.local,INTERNAL,334710,WKSTN-U1067
NET003649,2026-06-04 17:03:00,U1010,susan.young51,hr-portal.corp.local,INTERNAL,259726,WKSTN-U1010
NET001694,2026-06-04 17:31:00,U1005,robert.robinson,mail.corp.local,INTERNAL,404292,WKSTN-U1005
NET005236,2026-06-04 16:56:00,U1014,james.taylor,confluence.corp.local,INTERNAL,344456,WKSTN-U1014
NET013622,2026-06-04 16:40:00,U1033,linda.miller,confluence.corp.local,INTERNAL,384011,  WKSTN-U1033 
NET038209,2026-06-04 17:31:00,U1093,sarah.clark44,confluence.corp.local,INTERNAL,105108,WKSTN-U1093
NET014000,2026-06-04 18:02:00,U1034,thomas.allen63,mail.corp.local,INTERNAL,293324,WKSTN-U1034
NET018365,2026-06-04 16:30:00,U1045,daniel.sanchez90,confluence.corp.local,INTERNAL,169617,WKSTN-U1045
NET000463,2026-06-04 16:47:00,U1002,donna.ramirez,confluence.corp.local,INTERNAL,49937,WKSTN-U1002
NET020780,2026-06-04 17:01:00,U1051,sandra.king72,vpn.corp.local,INTERNAL,105940,WKSTN-U1051
NET020381,2026-06-05 08:38:00,U1050,  michael.ramirez ,sharepoint.corp.local,INTERNAL,273466,
NET021995,2026-06-05 08:19:00,U1054,anthony.martinez,hr-portal.corp.local,INTERNAL,85475,WKSTN-U1054
NET016803,2026-06-05 08:41:00,U1041,matthew.allen52,mail.corp.local,INTERNAL,180008,WKSTN-U1041
NET027565,2026-06-05 08:32:00,U1068,susan.thompson34,mail.corp.local,INTERNAL,423701,WKSTN-U1068
NET039908,2026-06-05 08:48:00,U1097,mark.martinez10	,sharepoint.corp.local,INTERNAL,124020,WKSTN-U1097	
NET028822,2026-06-05 07:36:00,U1071,matthew.robinson35,mail.corp.local,INTERNAL,421648,WKSTN-U1071
NET017204,2026-06-05 07:59:00,U1042,michael.hill56,sharepoint.corp.local,INTERNAL,23497,WKSTN-U1042	
NET026816,2026-06-05 08:10:00,U1066,michelle.wright62,hr-portal.corp.local,INTERNAL,480808,WKSTN-U1066
NET014808,2026-06-05 08:30:00,U1036,linda.jones,weather.com,EXTERNAL,3234,WKSTN-U1036
NET041064,2026-06-05 07:38:00,U1100,daniel.brown38,confluence.corp.local,INTERNAL,258958,WKSTN-U1100
NET006534,2026-06-05 08:30:00,U1017,  emily.hernandez34 ,hr-portal.corp.local,INTERNAL,426409,WKSTN-U1017
NET027567,2026-06-05 08:32:00,U1068,susan.thompson34,jira.corp.local,INTERNAL,448270,WKSTN-U1068
NET021993,2026-06-05 08:33:00,U1054,anthony.martinez,  sharepoint.corp.local ,INTERNAL,448155,WKSTN-U1054
NET041063,2026-06-05 08:49:00,U1100,daniel.brown38,mail.corp.local,INTERNAL,110854,WKSTN-U1100
NET033293,2026-06-05 08:04:00,U1082,karen.hill96,jira.corp.local,INTERNAL,251178,WKSTN-U1082
NET041060,2026-06-05 07:00:00,U1100,daniel.brown38,vpn.corp.local,INTERNAL,61587,WKSTN-U1100
NET028823,2026-06-05 07:36:00,U1071,matthew.robinson35,vpn.corp.local,INTERNAL,45224,WKSTN-U1071
NET021186,2026-06-05 07:35:00,U1052,paul.taylor,confluence.corp.local,INTERNAL,248084,WKSTN-U1052
NET023971,2026-06-05 08:15:00,U1059,daniel.perez98,hr-portal.corp.local,INTERNAL,11649,WKSTN-U1059
NET028825,2026-06-05 07:43:00,U1071,matthew.robinson35,mail.corp.local,INTERNAL,22548,WKSTN-U1071
NET020798,2026-06-05 08:17:00,U1051,sandra.king72,sharepoint.corp.local,INTERNAL,256762,WKSTN-U1051
NET005258,2026-06-05 08:04:00,U1014,james.taylor,confluence.corp.local,INTERNAL,415517,WKSTN-U1014
NET038230,2026-06-05 07:17:00,U1093,sarah.clark44,vpn.corp.local,INTERNAL,234504,WKSTN-U1093
NET013230,2026-06-05 07:44:00,U1032,paul.wright91,jira.corp.local,INTERNAL,37867,WKSTN-U1032
NET005257,2026-06-05 08:38:00,U1014,james.taylor,sharepoint.corp.local,INTERNAL,80070,WKSTN-U1014
NET021185,2026-06-05 09:09:00,U1052,paul.taylor,mail.corp.local,INTERNAL,490902,WKSTN-U1052
NET037347,2026-06-05 09:41:00,U1091,linda.robinson,vpn.corp.local,INTERNAL,327708,  WKSTN-U1091 
NET032420,2026-06-05 09:02:00,U1080,JOSEPH.JACKSON91,hr-portal.corp.local,INTERNAL,215630,WKSTN-U1080
NET029998,2026-06-05 09:03:00,U1074,sarah.williams7,sharepoint.corp.local,INTERNAL,208709,WKSTN-U1074
NET024388,2026-06-05 08:57:00,U1060,matthew.anderson,jira.corp.local,,278851,WKSTN-U1060
NET008811,2026-06-05 08:59:00,U1022,sandra.brown,sharepoint.corp.local,INTERNAL,149592,
NET001324,2026-06-05 09:43:00,U1004,elizabeth.wilson98,sharepoint.corp.local,INTERNAL,95064,WKSTN-U1004
NET032418,2026-06-05 09:02:00,U1080,joseph.jackson91,,INTERNAL,465151,WKSTN-U1080
NET016382,2026-06-05 09:04:00,U1040,matthew.martin,mail.corp.local,INTERNAL,94289,WKSTN-U1040
NET019216,2026-06-05 09:16:00,U1047,sandra.lewis,linkedin.com,EXTERNAL,17775,WKSTN-U1047
NET027566,2026-06-05 09:24:00,U1068,,vpn.corp.local,INTERNAL,446485,WKSTN-U1068
NET039492,2026-06-05 09:00:00,U1096,david.allen76,vpn.corp.local,INTERNAL,43169,WKSTN-U1096
NET035074,2026-06-05 09:33:00,U1086,steven.thompson53,jira.corp.local,,437365,WKSTN-U1086
NET015190,2026-06-05 09:14:00,U1037,robert.martin,vpn.corp.local,INTERNAL,49947,WKSTN-U1037
NET002116,2026-06-05 09:23:00,U1006,george.gonzalez,vpn.corp.local,INTERNAL,130760,WKSTN-U1006
NET022787,2026-06-05 09:08:00,U1056,anthony.clark,confluence.corp.local,INTERNAL,219086,WKSTN-U1056
NET008356,2026-06-05 09:38:00,U1021,jessica.walker,vpn.corp.local,INTERNAL,476619,WKSTN-U1021
NET026815,2026-06-05 09:41:00,U1066,michelle.wright62,hr-portal.corp.local,INTERNAL,355492,WKSTN-U1066
NET038229,2026-06-05 09:19:00,U1093,sarah.clark44,vpn.corp.local,INTERNAL,457247,  WKSTN-U1093 
NET014423,2026-06-05 09:33:00,U1035,nancy.rodriguez82,hr-portal.corp.local,INTERNAL,274348,WKSTN-U1035
NET003256,2026-06-05 09:42:00,U1009,daniel.brown,hr-portal.corp.local,INTERNAL,35147,WKSTN-U1009	
NET001709,2026-06-05 09:40:00,U1005,robert.robinson	,hr-portal.corp.local,INTERNAL,212779,WKSTN-U1005
NET030804,2026-06-05 09:15:00,U1076,john.torres,mail.corp.local,INTERNAL,77057,  WKSTN-U1076 
NET034174,2026-06-05 09:11:00,U1084,joshua.taylor,mail.corp.local,INTERNAL,154054,WKSTN-U1084
NET031192,2026-06-05 09:04:00,U1077,kimberly.harris58,sharepoint.corp.local,INTERNAL,68843,WKSTN-U1077
NET007472,2026-06-05 10:09:00,U1019,donna.anderson,mail.corp.local,INTERNAL,298868,WKSTN-U1019
NET000479,2026-06-05 10:12:00,U1002,donna.ramirez,vpn.corp.local,INTERNAL,316096,WKSTN-U1002
NET011052,2026-06-05 10:12:00,U1027,patricia.brown75,hr-portal.corp.local,INTERNAL,267081,WKSTN-U1027
NET000094,2026-06-05 10:10:00,U1001,linda.johnson95,jira.corp.local,INTERNAL,41044,WKSTN-U1001
NET035514,2026-06-05 09:54:00,U1087,charles.sanchez,jira.corp.local,INTERNAL,187131,WKSTN-U1087
NET007008,2026-06-05 10:05:00,U1018,  betty.white57 ,vpn.corp.local,INTERNAL,115719,WKSTN-U1018
NET002117,2026-06-05 10:13:00,U1006,GEORGE.GONZALEZ,weather.com,EXTERNAL,4104,WKSTN-U1006
NET026383,2026-06-05 10:08:00,U1065,michael.ramirez47,confluence.corp.local,INTERNAL,56287,WKSTN-U1065
NET020380,2026-06-05 10:06:00,U1050,michael.ramirez,confluence.corp.local,,86480,WKSTN-U1050
NET038677,2026-06-05 09:56:00,U1094,elizabeth.lewis69,jira.corp.local,INTERNAL,349757,WKSTN-U1094
NET035072,2026-06-05 09:59:00,U1086,steven.thompson53,confluence.corp.local,INTERNAL,472111,WKSTN-U1086
NET039494,2026-06-05 09:43:00,U1096,david.allen76,weather.com,EXTERNAL,16668,WKSTN-U1096
NET032416,2026-06-05 10:11:00,U1080,joseph.jackson91,hr-portal.corp.local,INTERNAL,499637,WKSTN-U1080
NET020797,2026-06-05 09:52:00,U1051,sandra.king72,vpn.corp.local,INTERNAL,99146,WKSTN-U1051
NET007010,2026-06-05 09:43:00,U1018,betty.white57,vpn.corp.local,INTERNAL,171631,WKSTN-U1018
NET008807,2026-06-05 10:07:00,U1022,sandra.brown,confluence.corp.local,INTERNAL,422305,WKSTN-U1022
NET019622,2026-06-05 09:52:00,U1048,jennifer.thomas87,  vpn.corp.local ,INTERNAL,363218,WKSTN-U1048
NET029216,2026-06-05 09:52:00,U1072,kenneth.lopez,jira.corp.local,INTERNAL,300854,WKSTN-U1072
NET034638,2026-06-05 09:44:00,U1085,barbara.walker67,,INTERNAL,441171,WKSTN-U1085
NET010610,2026-06-05 09:51:00,U1026,elizabeth.gonzalez,confluence.corp.local,INTERNAL,177011,WKSTN-U1026
NET009712,2026-06-05 10:11:00,U1024,emily.miller,sharepoint.corp.local,INTERNAL,194447,WKSTN-U1024
NET011531,2026-06-05 09:51:00,U1028,john.hill,jira.corp.local,INTERNAL,239692,WKSTN-U1028
NET036871,2026-06-05 09:45:00,U1090,mary.hill,confluence.corp.local,INTERNAL,16710,WKSTN-U1090
NET012387,2026-06-05 09:57:00,U1030,,confluence.corp.local,INTERNAL,168381,WKSTN-U1030
NET033733,2026-06-05 09:46:00,U1083,sarah.allen70,confluence.corp.local,INTERNAL,352853,WKSTN-U1083
NET017998,2026-06-05 10:38:00,U1044,lisa.ramirez9,sharepoint.corp.local,INTERNAL,46764,WKSTN-U1044
NET024387,2026-06-05 10:31:00,U1060,matthew.anderson,mail.corp.local,INTERNAL,34521,WKSTN-U1060
NET036431,2026-06-05 10:38:00,U1089,paul.brown27,vpn.corp.local,INTERNAL,135705,WKSTN-U1089
NET002885,2026-06-05 10:40:00,U1008,joshua.hernandez,vpn.corp.local,INTERNAL,380485,WKSTN-U1008
NET036869,2026-06-05 10:41:00,U1090,mary.hill,jira.corp.local,INTERNAL,497155,WKSTN-U1090
NET023975,2026-06-05 10:14:00,U1059,daniel.perez98,vpn.corp.local,INTERNAL,42494,WKSTN-U1059
NET011950,2026-06-05 10:31:00,U1029,michelle.garcia54,confluence.corp.local,INTERNAL,446572,WKSTN-U1029
NET033732,2026-06-05 10:21:00,U1083,sarah.allen70,mail.corp.local,INTERNAL,385580,WKSTN-U1083
NET000478,2026-06-05 10:26:00,U1002,donna.ramirez,hr-portal.corp.local,INTERNAL,45170,WKSTN-U1002
NET020799,2026-06-05 10:31:00,U1051,sandra.king72,weather.com,external,10120,WKSTN-U1051
NET035965,2026-06-05 10:32:00,U1088,ANDREW.SMITH85,confluence.corp.local,INTERNAL,187855,WKSTN-U1088
NET035966,2026-06-05 10:42:00,U1088,andrew.smith85,confluence.corp.local,INTERNAL,33647,WKSTN-U1088
NET005661,2026-06-05 10:44:00,U1015,lisa.hernandez,mail.corp.local,INTERNAL,347279,WKSTN-U1015
NET014020,2026-06-05 10:36:00,U1034,thomas.allen63,mail.corp.local,INTERNAL,494241,WKSTN-U1034
NET016012,2026-06-05 10:34:00,U1039,mark.thomas,weather.com,EXTERNAL,14147,
NET019215,2026-06-05 10:36:00,U1047,sandra.lewis,vpn.corp.local,INTERNAL,490448,WKSTN-U1047
NET040686,2026-06-05 10:36:00,U1099,joseph.garcia,jira.corp.local,INTERNAL,199015,WKSTN-U1099
NET019621,2026-06-05 10:39:00,U1048,jennifer.thomas87,mail.corp.local,INTERNAL,142439,WKSTN-U1048
NET011949,2026-06-05 10:13:00,U1029,michelle.garcia54,sharepoint.corp.local,INTERNAL,415753,WKSTN-U1029
NET039910,2026-06-05 10:38:00,U1097,mark.martinez10,vpn.corp.local,INTERNAL,28114,WKSTN-U1097
NET016007,2026-06-05 10:46:00,U1039,mark.thomas,sharepoint.corp.local,INTERNAL,,WKSTN-U1039
NET039490,2026-06-05 10:47:00,U1096,david.allen76,confluence.corp.local,INTERNAL,45188,WKSTN-U1096
NET030001,2026-06-05 10:16:00,U1074,sarah.williams7,sharepoint.corp.local,INTERNAL,303341,WKSTN-U1074
NET024389,2026-06-05 10:18:00,U1060,matthew.anderson,confluence.corp.local,INTERNAL,,WKSTN-U1060
NET000910,2026-06-05 10:33:00,U1003,kenneth.clark29,hr-portal.corp.local,INTERNAL,359144,WKSTN-U1003
NET016804,2026-06-05 11:07:00,U1041,matthew.allen52,sharepoint.corp.local,INTERNAL,158308,WKSTN-U1041
NET031193,2026-06-05 11:11:00,U1077,kimberly.harris58,confluence.corp.local,INTERNAL,121889,WKSTN-U1077
NET022415,2026-06-05 11:01:00,U1055,patricia.wilson54,sharepoint.corp.local,INTERNAL,441905,  WKSTN-U1055 
NET025589,2026-06-05 10:47:00,U1063,john.nguyen,jira.corp.local,INTERNAL,206320,
NET016379,2026-06-05 11:19:00,U1040,matthew.martin,hr-portal.corp.local,INTERNAL,129566,WKSTN-U1040
NET027962,2026-06-05 10:48:00,U1069,jessica.clark,jira.corp.local,INTERNAL,329426,WKSTN-U1069
NET018808,2026-06-05 10:59:00,U1046,michelle.torres39,confluence.corp.local,INTERNAL,417791,WKSTN-U1046
NET024386,2026-06-05 10:54:00,U1060,matthew.anderson,mail.corp.local,internal,272080,WKSTN-U1060
NET017203,2026-06-05 10:48:00,U1042,michael.hill56,hr-portal.corp.local,INTERNAL,,WKSTN-U1042
NET013231,2026-06-05 11:18:00,U1032,paul.wright91,hr-portal.corp.local,INTERNAL,181881,WKSTN-U1032
NET000476,2026-06-05 11:04:00,U1002,donna.ramirez,mail.corp.local,INTERNAL,165890,WKSTN-U1002
NET035964,2026-06-05 10:56:00,U1088,andrew.smith85,vpn.corp.local,INTERNAL,476119,WKSTN-U1088
NET019991,2026-06-05 11:09:00,U1049,michelle.jones59,sharepoint.corp.local,INTERNAL,92261,WKSTN-U1049
NET015613,2026-06-05 10:56:00,U1038,emily.clark,jira.corp.local,INTERNAL,482206,WKSTN-U1038
NET036432,2026-06-05 10:52:00,U1089,paul.brown27,vpn.corp.local,,183146,WKSTN-U1089
NET039911,2026-06-05 11:05:00,U1097,mark.martinez10,confluence.corp.local,INTERNAL,165455,WKSTN-U1097
NET006533,2026-06-05 10:55:00,U1017,emily.hernandez34,jira.corp.local,INTERNAL,81875,WKSTN-U1017
NET006070,2026-06-05 11:19:00,U1016,patricia.thomas,jira.corp.local,INTERNAL,152279,WKSTN-U1016
NET037344,2026-06-05 11:14:00,U1091,linda.robinson,hr-portal.corp.local,INTERNAL,240421,WKSTN-U1091
NET027201,2026-06-05 11:04:00,U1067,paul.thomas97,hr-portal.corp.local,INTERNAL,62093,WKSTN-U1067
NET017608,2026-06-05 11:14:00,U1043,thomas.williams91,mail.corp.local,internal,442288,WKSTN-U1043
NET038231,2026-06-05 11:07:00,U1093,sarah.clark44,weather.com,EXTERNAL,17558,WKSTN-U1093
NET017999,2026-06-05 10:50:00,U1044,lisa.ramirez9,news.com,EXTERNAL,9948,WKSTN-U1044
NET005660,2026-06-05 11:00:00,U1015,lisa.hernandez,sharepoint.corp.local,INTERNAL,345272,WKSTN-U1015
NET019214,2026-06-05 10:53:00,U1047,sandra.lewis,,INTERNAL,161404,WKSTN-U1047
NET008809,2026-06-05 11:35:00,U1022,sandra.brown,sharepoint.corp.local,INTERNAL,149119,WKSTN-U1022
NET011947,2026-06-05 11:20:00,U1029,michelle.garcia54,jira.corp.local,INTERNAL,495798,WKSTN-U1029
NET004020,2026-06-05 11:22:00,U1011,donna.ramirez75,hr-portal.corp.local,INTERNAL,415678,WKSTN-U1011
NET011051,2026-06-05 11:28:00,U1027,  patricia.brown75 ,mail.corp.local,INTERNAL,300779,WKSTN-U1027
NET009714,2026-06-05 11:39:00,U1024,emily.miller,hr-portal.corp.local,INTERNAL,353663,WKSTN-U1024
NET023198,2026-06-05 11:31:00,U1057,nancy.sanchez,sharepoint.corp.local,INTERNAL,472994,WKSTN-U1057
NET014806,2026-06-05 11:29:00,U1036,linda.jones,hr-portal.corp.local,INTERNAL,456888,WKSTN-U1036
NET003666,2026-06-05 11:32:00,U1010,susan.young51	,jira.corp.local,INTERNAL,314514,WKSTN-U1010
NET025987,2026-06-05 11:35:00,U1064,  matthew.wright55 ,vpn.corp.local,INTERNAL,53349,WKSTN-U1064
NET023577,2026-06-05 11:24:00,U1058,jennifer.ramirez18,confluence.corp.local,INTERNAL,101826,WKSTN-U1058
NET002498,2026-06-05 11:26:00,U1007,sarah.robinson82,sharepoint.corp.local,INTERNAL,156888,WKSTN-U1007
NET025197,2026-06-05 11:25:00,U1062,william.martin,mail.corp.local,INTERNAL,406173,WKSTN-U1062
NET024767,2026-06-05 11:30:00,U1061,jessica.rodriguez,vpn.corp.local,INTERNAL,484857,WKSTN-U1061
NET022414,2026-06-05 11:21:00,U1055,patricia.wilson54,mail.corp.local,INTERNAL,485572,WKSTN-U1055
NET037345,2026-06-05 11:30:00,U1091,linda.robinson,confluence.corp.local,INTERNAL,466124,WKSTN-U1091
NET039909,2026-06-05 11:25:00,U1097,mark.martinez10,vpn.corp.local,INTERNAL,113969,WKSTN-U1097
NET014422,2026-06-05 11:24:00,U1035,nancy.rodriguez82,confluence.corp.local,INTERNAL,76701,WKSTN-U1035
NET000095,2026-06-05 11:41:00,U1001,linda.johnson95,hr-portal.corp.local,INTERNAL,60782,WKSTN-U1001
NET003667,2026-06-05 11:27:00,U1010,susan.young51,vpn.corp.local,INTERNAL,198576,WKSTN-U1010
NET016380,2026-06-05 11:38:00,U1040,matthew.martin,confluence.corp.local,INTERNAL,131096,WKSTN-U1040
NET009264,2026-06-05 11:25:00,U1023,richard.wright,jira.corp.local,INTERNAL,40524,WKSTN-U1023
NET006069,2026-06-05 11:37:00,U1016,PATRICIA.THOMAS,vpn.corp.local,INTERNAL,366936,WKSTN-U1016
NET007009,2026-06-05 11:25:00,U1018,betty.white57,confluence.corp.local,INTERNAL,385862,WKSTN-U1018
NET034177,2026-06-05 11:24:00,U1084,joshua.taylor,sharepoint.corp.local,INTERNAL,362981,WKSTN-U1084
NET008810,2026-06-05 11:28:00,U1022,sandra.brown,jira.corp.local,INTERNAL,438451,WKSTN-U1022
NET039489,2026-06-05 11:42:00,U1096,david.allen76,confluence.corp.local,INTERNAL,276524,WKSTN-U1096
NET035073,2026-06-05 12:03:00,U1086,steven.thompson53,hr-portal.corp.local,INTERNAL,145757,WKSTN-U1086
NET029616,2026-06-05 12:00:00,U1073,michael.gonzalez,jira.corp.local,INTERNAL,186021,WKSTN-U1073
NET039090,2026-06-05 12:09:00,U1095,richard.thomas74,mail.corp.local,INTERNAL,434754,WKSTN-U1095
NET028399,2026-06-05 11:48:00,U1070,betty.thomas40,confluence.corp.local,INTERNAL,112475,WKSTN-U1070
NET010161,2026-06-05 12:03:00,U1025,betty.brown22,confluence.corp.local,INTERNAL,143781,WKSTN-U1025
NET031194,2026-06-05 12:08:00,U1077,kimberly.harris58,hr-portal.corp.local,INTERNAL,266737,WKSTN-U1077
NET030000,2026-06-05 11:59:00,U1074,sarah.williams7,mail.corp.local,INTERNAL,480624,WKSTN-U1074
NET039493,2026-06-05 11:59:00,U1096,david.allen76,sharepoint.corp.local,INTERNAL,191638,WKSTN-U1096
NET006535,2026-06-05 12:10:00,U1017,emily.hernandez34,mail.corp.local,INTERNAL,192322,WKSTN-U1017
NET016011,2026-06-05 11:52:00,U1039,mark.thomas,jira.corp.local,INTERNAL,140643,WKSTN-U1039
NET020383,2026-06-05 11:42:00,U1050,michael.ramirez,,internal,45636,WKSTN-U1050
NET007474,2026-06-05 11:55:00,U1019,donna.anderson,confluence.corp.local,INTERNAL,217694,WKSTN-U1019
NET030801,2026-06-05 11:44:00,U1076,john.torres,,INTERNAL,89696,WKSTN-U1076
NET023972,2026-06-05 11:56:00,U1059,daniel.perez98,mail.corp.local,INTERNAL,90614,WKSTN-U1059
NET000096,2026-06-05 11:51:00,U1001,LINDA.JOHNSON95,  vpn.corp.local ,INTERNAL,102661,WKSTN-U1001
NET038678,2026-06-05 11:43:00,U1094,elizabeth.lewis69,hr-portal.corp.local,INTERNAL,362194,WKSTN-U1094
NET019993,2026-06-05 12:06:00,U1049,michelle.jones59,mail.corp.local,internal,408145,WKSTN-U1049
NET011530,2026-06-05 12:00:00,U1028,john.hill,vpn.corp.local,internal,81284,WKSTN-U1028
NET032852,2026-06-05 11:46:00,U1081,margaret.davis,vpn.corp.local,INTERNAL,156464,WKSTN-U1081
NET036430,2026-06-05 12:08:00,U1089,paul.brown27,confluence.corp.local,INTERNAL,399360,WKSTN-U1089
NET030803,2026-06-05 11:43:00,U1076,john.torres,mail.corp.local,INTERNAL,88551,WKSTN-U1076
NET009716,2026-06-05 11:43:00,U1024,emily.miller,linkedin.com,EXTERNAL,19171,
NET009711,2026-06-05 11:59:00,U1024,emily.miller,hr-portal.corp.local,INTERNAL,329065,WKSTN-U1024
NET038226,2026-06-05 11:57:00,U1093,sarah.clark44,hr-portal.corp.local,INTERNAL,348243,WKSTN-U1093
NET010609,2026-06-05 12:32:00,U1026,elizabeth.gonzalez,sharepoint.corp.local,INTERNAL,23068,WKSTN-U1026
NET033290,2026-06-05 12:50:00,U1082,karen.hill96,sharepoint.corp.local,INTERNAL,186954,WKSTN-U1082
NET023199,2026-06-05 12:36:00,U1057,nancy.sanchez,confluence.corp.local,INTERNAL,51646,WKSTN-U1057
NET003257,2026-06-05 12:14:00,U1009,daniel.brown,vpn.corp.local,INTERNAL,281113,WKSTN-U1009
NET034175,2026-06-05 12:13:00,U1084,joshua.taylor,vpn.corp.local,INTERNAL,337715,WKSTN-U1084
NET036873,2026-06-05 12:52:00,U1090,mary.hill,weather.com,EXTERNAL,16805,WKSTN-U1090
NET002502,2026-06-05 12:36:00,U1007,sarah.robinson82,,,10764,  WKSTN-U1007 
NET025196,2026-06-05 12:34:00,U1062,william.martin,sharepoint.corp.local,INTERNAL,154515,WKSTN-U1062
NET005663,2026-06-05 12:32:00,U1015,lisa.hernandez,sharepoint.corp.local,,7675,WKSTN-U1015
NET032419,2026-06-05 12:52:00,U1080,joseph.jackson91,jira.corp.local,INTERNAL,22562,WKSTN-U1080
NET029617,2026-06-05 12:52:00,U1073,michael.gonzalez,mail.corp.local,INTERNAL,221433,WKSTN-U1073
NET021188,2026-06-05 12:31:00,U1052,paul.taylor,confluence.corp.local,INTERNAL,44169,WKSTN-U1052
NET016381,2026-06-05 12:18:00,U1040,matthew.martin,confluence.corp.local	,INTERNAL,428718,WKSTN-U1040
NET006536,2026-06-05 12:43:00,U1017,emily.hernandez34,mail.corp.local,INTERNAL,3398,WKSTN-U1017
NET037346,2026-06-05 12:20:00,U1091,linda.robinson,jira.corp.local,INTERNAL,92948,WKSTN-U1091
NET025989,2026-06-05 12:49:00,U1064,  matthew.wright55 ,mail.corp.local,INTERNAL,426229,WKSTN-U1064
NET029615,2026-06-05 12:15:00,U1073,michael.gonzalez,mail.corp.local,INTERNAL,326132,WKSTN-U1073
NET011527,2026-06-05 12:17:00,U1028,john.hill,vpn.corp.local,INTERNAL,164038,WKSTN-U1028
NET038676,2026-06-05 12:19:00,U1094,elizabeth.lewis69	,vpn.corp.local,INTERNAL,256387,WKSTN-U1094
NET025198,2026-06-05 12:40:00,U1062,william.martin,mail.corp.local,INTERNAL,115745,WKSTN-U1062
NET002114,2026-06-05 12:44:00,U1006,george.gonzalez,jira.corp.local,INTERNAL,166863,WKSTN-U1006
NET013232,2026-06-05 12:33:00,U1032,paul.wright91,sharepoint.corp.local,INTERNAL,138020,WKSTN-U1032
NET004410,2026-06-05 12:20:00,U1012,linda.martinez,sharepoint.corp.local,INTERNAL,206466,WKSTN-U1012
NET002884,2026-06-05 12:12:00,U1008,joshua.hernandez,confluence.corp.local,INTERNAL,21073,WKSTN-U1008
NET017611,2026-06-05 12:22:00,U1043,thomas.williams91,confluence.corp.local,INTERNAL,18040,WKSTN-U1043
NET039491,2026-06-05 12:54:00,U1096,david.allen76,jira.corp.local,INTERNAL,120357,WKSTN-U1096
NET039092,2026-06-05 13:08:00,U1095,richard.thomas74,linkedin.com,EXTERNAL,1443,WKSTN-U1095
NET019619,2026-06-05 13:04:00,U1048,jennifer.thomas87,mail.corp.local	,INTERNAL,414586,WKSTN-U1048	
NET028824,2026-06-05 13:09:00,U1071,matthew.robinson35,hr-portal.corp.local,INTERNAL,219386,WKSTN-U1071
NET004837,2026-06-05 13:11:00,U1013,emily.smith,vpn.corp.local,INTERNAL,148716,WKSTN-U1013
NET016009,2026-06-05 13:03:00,U1039,mark.thomas,sharepoint.corp.local,INTERNAL,158143,WKSTN-U1039
NET008355,2026-06-05 13:20:00,U1021,jessica.walker,jira.corp.local,INTERNAL,371742,WKSTN-U1021
NET001708,2026-06-05 12:55:00,U1005,robert.robinson,vpn.corp.local,INTERNAL,483581,WKSTN-U1005
NET020382,2026-06-05 13:01:00,U1050,michael.ramirez,vpn.corp.local,INTERNAL,239148,WKSTN-U1050
NET025195,2026-06-05 13:09:00,U1062,william.martin,hr-portal.corp.local,INTERNAL,397134,WKSTN-U1062
NET032417,2026-06-05 13:03:00,U1080,joseph.jackson91	,sharepoint.corp.local,INTERNAL,93463,WKSTN-U1080
NET024385,2026-06-05 12:58:00,U1060,matthew.anderson,mail.corp.local,INTERNAL,125017,WKSTN-U1060
NET025988,2026-06-05 13:05:00,U1064,matthew.wright55,sharepoint.corp.local,INTERNAL,306838,WKSTN-U1064
NET018387,2026-06-05 13:17:00,U1045,daniel.sanchez90,mail.corp.local,INTERNAL,248266,WKSTN-U1045
NET023576,2026-06-05 13:01:00,U1058,jennifer.ramirez18,mail.corp.local,INTERNAL,458126,WKSTN-U1058
NET010608,2026-06-05 13:15:00,U1026,elizabeth.gonzalez,hr-portal.corp.local,INTERNAL,-344096.0,WKSTN-U1026
NET031581,2026-06-05 13:16:00,U1078,  michelle.miller ,,INTERNAL,112579,WKSTN-U1078
NET032851,2026-06-05 12:53:00,U1081,margaret.davis,vpn.corp.local,INTERNAL,464049,WKSTN-U1081
NET000480,2026-06-05 13:12:00,U1002,donna.ramirez,hr-portal.corp.local,INTERNAL,319553,WKSTN-U1002
NET032849,2026-06-05 13:06:00,U1081,margaret.davis,confluence.corp.local,INTERNAL,323303,WKSTN-U1081
NET015614,2026-06-05 12:57:00,U1038,emily.clark,hr-portal.corp.local,INTERNAL,240068,
NET021583,2026-06-05 13:09:00,U1053,john.jackson31	,confluence.corp.local,INTERNAL,58307,WKSTN-U1053
NET016008,2026-06-05 13:06:00,U1039,mark.thomas,confluence.corp.local,INTERNAL,250207,WKSTN-U1039
NET027202,2026-06-05 13:11:00,U1067,paul.thomas97,vpn.corp.local,INTERNAL,87479,WKSTN-U1067
NET005664,2026-06-05 13:15:00,U1015,lisa.hernandez,news.com,EXTERNAL,6937,WKSTN-U1015
NET029214,2026-06-05 13:26:00,U1072,kenneth.lopez,mail.corp.local,,55281,  WKSTN-U1072 
NET018809,2026-06-05 13:22:00,U1046,michelle.torres39,confluence.corp.local,INTERNAL,79207,WKSTN-U1046
NET025592,2026-06-05 13:20:00,U1063,john.nguyen,confluence.corp.local,INTERNAL,289032,WKSTN-U1063
NET013638,2026-06-05 13:20:00,U1033,linda.miller,vpn.corp.local,INTERNAL,287467,WKSTN-U1033
NET002497,2026-06-05 13:33:00,U1007,sarah.robinson82,jira.corp.local,INTERNAL,158843,WKSTN-U1007
NET003255,2026-06-05 13:25:00,U1009,daniel.brown,confluence.corp.local,INTERNAL,30734,WKSTN-U1009
NET010159,2026-06-05 13:27:00,U1025,betty.brown22,vpn.corp.local	,INTERNAL,257290,WKSTN-U1025
NET039912,2026-06-05 13:25:00,U1097,mark.martinez10,mail.corp.local,INTERNAL,26869,WKSTN-U1097
NET013637,2026-06-05 13:29:00,U1033,linda.miller,confluence.corp.local,INTERNAL,231783,WKSTN-U1033
NET029999,2026-06-05 13:23:00,U1074,sarah.williams7,jira.corp.local,INTERNAL,90477,WKSTN-U1074
NET014807,2026-06-05 13:20:00,U1036,linda.jones,mail.corp.local,INTERNAL,28060,WKSTN-U1036
NET005256,2026-06-05 13:38:00,U1014,,mail.corp.local,INTERNAL,288144,WKSTN-U1014
NET012385,2026-06-05 13:24:00,U1030,betty.rodriguez86,vpn.corp.local,INTERNAL,30252,WKSTN-U1030
NET002500,2026-06-05 13:29:00,U1007,sarah.robinson82,jira.corp.local,INTERNAL,198114,WKSTN-U1007
NET024770,2026-06-05 13:35:00,U1061,jessica.rodriguez,mail.corp.local,INTERNAL,315877,WKSTN-U1061
NET022788,2026-06-05 13:20:00,U1056,anthony.clark,mail.corp.local	,INTERNAL,406745,WKSTN-U1056
NET033292,2026-06-05 13:36:00,U1082,karen.hill96,confluence.corp.local,INTERNAL,259741,WKSTN-U1082
NET026814,2026-06-05 13:33:00,U1066,michelle.wright62,vpn.corp.local,INTERNAL,446963,WKSTN-U1066
NET021996,2026-06-05 13:28:00,U1054,anthony.martinez,,EXTERNAL,18946,WKSTN-U1054
NET036872,2026-06-05 13:22:00,U1090,mary.hill,jira.corp.local	,INTERNAL,465582,WKSTN-U1090
NET034176,2026-06-05 13:23:00,U1084,joshua.taylor,confluence.corp.local,INTERNAL,248362,WKSTN-U1084
NET011054,2026-06-05 13:32:00,U1027,patricia.brown75,weather.com,EXTERNAL,19540,WKSTN-U1027
NET005255,2026-06-05 13:31:00,U1014,james.taylor,mail.corp.local,INTERNAL,461694,WKSTN-U1014
NET040308,2026-06-05 13:21:00,U1098,nancy.wright49,hr-portal.corp.local,INTERNAL,325479,WKSTN-U1098
NET004409,2026-06-05 13:35:00,U1012,linda.martinez,hr-portal.corp.local,INTERNAL,289204,  WKSTN-U1012 
NET009713,2026-06-05 14:20:00,U1024,emily.miller,jira.corp.local,INTERNAL,318322,WKSTN-U1024
NET037788,2026-06-05 14:19:00,U1092,steven.thomas,confluence.corp.local,INTERNAL,,WKSTN-U1092
NET020379,2026-06-05 14:02:00,U1050,michael.ramirez,jira.corp.local,INTERNAL,487703,WKSTN-U1050	
NET019618,2026-06-05 13:41:00,U1048,jennifer.thomas87,confluence.corp.local,INTERNAL,32142,WKSTN-U1048
NET041061,2026-06-05 13:52:00,U1100,daniel.brown38,vpn.corp.local,INTERNAL,417295,WKSTN-U1100
NET007473,2026-06-05 14:04:00,U1019,donna.anderson,hr-portal.corp.local,INTERNAL,217413,WKSTN-U1019
NET037787,2026-06-05 13:59:00,U1092,steven.thomas,mail.corp.local,INTERNAL,48733,WKSTN-U1092
NET021582,2026-06-05 14:08:00,U1053,john.jackson31,confluence.corp.local,INTERNAL,23369,WKSTN-U1053	
NET005662,2026-06-05 14:21:00,U1015,lisa.hernandez,confluence.corp.local,INTERNAL,446865,WKSTN-U1015
NET012823,2026-06-05 14:05:00,U1031,john.wright28,sharepoint.corp.local,INTERNAL,398713,WKSTN-U1031
NET030417,2026-06-05 13:50:00,U1075,steven.lewis,jira.corp.local,INTERNAL,175213,WKSTN-U1075
NET008357,2026-06-05 14:21:00,U1021,jessica.walker,confluence.corp.local,INTERNAL,10055,WKSTN-U1021
NET010611,2026-06-05 14:12:00,U1026,elizabeth.gonzalez,confluence.corp.local,INTERNAL,18782,WKSTN-U1026
NET039091,2026-06-05 14:04:00,U1095,richard.thomas74,mail.corp.local,INTERNAL,345372,WKSTN-U1095
NET011528,2026-06-05 13:44:00,U1028,john.hill,mail.corp.local,INTERNAL,238145,WKSTN-U1028
NET041062,2026-06-05 14:08:00,U1100,daniel.brown38,confluence.corp.local,INTERNAL,281722,WKSTN-U1100
NET028821,2026-06-05 14:04:00,U1071,matthew.robinson35,hr-portal.corp.local,INTERNAL,373311,WKSTN-U1071
NET014021,2026-06-05 13:59:00,U1034,thomas.allen63,sharepoint.corp.local,INTERNAL,200019,WKSTN-U1034
NET038228,2026-06-05 14:10:00,U1093,sarah.clark44,hr-portal.corp.local,INTERNAL,466489,WKSTN-U1093
NET038227,2026-06-05 13:42:00,U1093,sarah.clark44,vpn.corp.local,INTERNAL,473922,WKSTN-U1093
NET002499,2026-06-05 13:40:00,U1007,sarah.robinson82,hr-portal.corp.local,INTERNAL,242777,WKSTN-U1007
NET029618,2026-06-05 14:18:00,U1073,michael.gonzalez,mail.corp.local,INTERNAL,102438,WKSTN-U1073
NET023974,2026-06-05 14:19:00,U1059,daniel.perez98,hr-portal.corp.local,INTERNAL,438412,WKSTN-U1059
NET009715,2026-06-05 13:54:00,U1024,emily.miller,sharepoint.corp.local,INTERNAL,166915,WKSTN-U1024
NET040307,2026-06-05 13:41:00,U1098,nancy.wright49,,INTERNAL,166960,WKSTN-U1098
NET017205,2026-06-05 14:26:00,U1042,michael.hill56,jira.corp.local,internal,,WKSTN-U1042
NET021187,2026-06-05 14:44:00,U1052,paul.taylor,confluence.corp.local,INTERNAL,143464,WKSTN-U1052
NET019623,2026-06-05 14:26:00,U1048,jennifer.thomas87,news.com,EXTERNAL,19393,WKSTN-U1048
NET024768,2026-06-05 14:22:00,U1061,jessica.rodriguez,vpn.corp.local,INTERNAL,183919,WKSTN-U1061
NET009266,2026-06-05 14:42:00,U1023,richard.wright,vpn.corp.local,INTERNAL,271582,  WKSTN-U1023 
NET029217,2026-06-05 14:48:00,U1072,kenneth.lopez,jira.corp.local,INTERNAL,,WKSTN-U1072
NET012388,2026-06-05 14:38:00,U1030,betty.rodriguez86,mail.corp.local,INTERNAL,41664,WKSTN-U1030
NET031191,2026-06-05 14:33:00,U1077,kimberly.harris58,sharepoint.corp.local	,INTERNAL,240673,WKSTN-U1077
NET033291,2026-06-05 14:33:00,U1082,karen.hill96,confluence.corp.local,INTERNAL,16223,WKSTN-U1082
NET015191,2026-06-05 14:40:00,U1037,robert.martin,mail.corp.local,INTERNAL,252808,WKSTN-U1037
NET034637,2026-06-05 14:23:00,U1085,barbara.walker67,mail.corp.local,INTERNAL,419301,WKSTN-U1085
NET015193,2026-06-05 14:43:00,U1037,robert.martin,sharepoint.corp.local,INTERNAL,171727,WKSTN-U1037
NET036433,2026-06-05 14:46:00,U1089,paul.brown27,jira.corp.local,INTERNAL,-82406.0,WKSTN-U1089
NET018811,2026-06-05 14:26:00,U1046,michelle.torres39,sharepoint.corp.local,INTERNAL,328309,WKSTN-U1046
NET014805,2026-06-05 14:28:00,U1036,linda.jones,vpn.corp.local,INTERNAL,159345,WKSTN-U1036
NET027964,2026-06-05 14:22:00,U1069,jessica.clark,sharepoint.corp.local,INTERNAL,259917,WKSTN-U1069
NET018386,2026-06-05 14:27:00,U1045,daniel.sanchez90,jira.corp.local,INTERNAL,381371,WKSTN-U1045
NET010162,2026-06-05 14:22:00,U1025,betty.brown22,,INTERNAL,106751,WKSTN-U1025
NET007011,2026-06-05 14:25:00,U1018,betty.white57,vpn.corp.local,INTERNAL,,WKSTN-U1018
NET023575,2026-06-05 14:30:00,U1058,jennifer.ramirez18,vpn.corp.local,INTERNAL,483604,WKSTN-U1058
NET031195,2026-06-05 14:28:00,U1077,kimberly.harris58,linkedin.com,EXTERNAL,2076,WKSTN-U1077
NET019620,2026-06-05 14:38:00,U1048,jennifer.thomas87,mail.corp.local,INTERNAL,271574,WKSTN-U1048
NET015192,2026-06-05 14:34:00,U1037,robert.martin,jira.corp.local,INTERNAL,205256,WKSTN-U1037
NET017996,2026-06-05 14:46:00,U1044,lisa.ramirez9,confluence.corp.local,INTERNAL,269918,WKSTN-U1044
NET014804,2026-06-05 14:36:00,U1036,linda.jones,mail.corp.local,INTERNAL,43845,WKSTN-U1036
NET018810,2026-06-05 14:57:00,U1046,  michelle.torres39 ,confluence.corp.local,INTERNAL,284549,WKSTN-U1046
NET000913,2026-06-05 15:16:00,U1003,kenneth.clark29,jira.corp.local,INTERNAL,,WKSTN-U1003
NET011053,2026-06-05 14:55:00,U1027,patricia.brown75,vpn.corp.local,INTERNAL,262084,WKSTN-U1027
NET010160,2026-06-05 15:17:00,U1025,betty.brown22,hr-portal.corp.local,INTERNAL,160687,WKSTN-U1025
NET032003,2026-06-05 15:16:00,U1079,emily.jones,mail.corp.local,INTERNAL,495533,WKSTN-U1079
NET027965,2026-06-05 15:13:00,U1069,jessica.clark,jira.corp.local,INTERNAL,450373,WKSTN-U1069
NET023574,2026-06-05 14:57:00,U1058,jennifer.ramirez18,vpn.corp.local,INTERNAL,102249,WKSTN-U1058
NET023973,2026-06-05 15:01:00,U1059,daniel.perez98,jira.corp.local,INTERNAL,214194,WKSTN-U1059
NET017610,2026-06-05 15:04:00,U1043,thomas.williams91,mail.corp.local,INTERNAL,192981,WKSTN-U1043
NET038679,2026-06-05 15:12:00,U1094,elizabeth.lewis69,news.com,EXTERNAL,18420,WKSTN-U1094
NET030805,2026-06-05 14:53:00,U1076,john.torres,linkedin.com,EXTERNAL,-12094.0,WKSTN-U1076
NET017609,2026-06-05 15:08:00,U1043,thomas.williams91,mail.corp.local,INTERNAL,188348,WKSTN-U1043
NET032850,2026-06-05 15:10:00,U1081,margaret.davis,hr-portal.corp.local,INTERNAL,474403,WKSTN-U1081
NET004834,2026-06-05 14:56:00,U1013,emily.smith,sharepoint.corp.local,INTERNAL,421827,WKSTN-U1013
NET025591,2026-06-05 15:16:00,U1063,JOHN.NGUYEN,vpn.corp.local,INTERNAL,177936,WKSTN-U1063
NET030802,2026-06-05 14:59:00,U1076,john.torres,vpn.corp.local,INTERNAL,389371,WKSTN-U1076
NET000477,2026-06-05 14:50:00,U1002,donna.ramirez,jira.corp.local,INTERNAL,130911,WKSTN-U1002
NET016805,2026-06-05 14:57:00,U1041,matthew.allen52,mail.corp.local,INTERNAL,91504,WKSTN-U1041
NET012824,2026-06-05 14:59:00,U1031,john.wright28,mail.corp.local,INTERNAL,313074,WKSTN-U1031
NET015189,2026-06-05 14:53:00,U1037,robert.martin,jira.corp.local,INTERNAL,323043,WKSTN-U1037
NET025590,2026-06-05 15:02:00,U1063,john.nguyen,sharepoint.corp.local,INTERNAL,267139,WKSTN-U1063
NET011529,2026-06-05 14:54:00,U1028,john.hill,vpn.corp.local,INTERNAL,283674,WKSTN-U1028
NET021994,2026-06-05 15:11:00,U1054,anthony.martinez,confluence.corp.local,INTERNAL,217394,WKSTN-U1054
NET022413,2026-06-05 14:57:00,U1055,patricia.wilson54,mail.corp.local,INTERNAL,404481,WKSTN-U1055
NET003258,2026-06-05 14:53:00,U1009,daniel.brown,linkedin.com,EXTERNAL,11040,WKSTN-U1009
NET012386,2026-06-05 15:43:00,U1030,betty.rodriguez86,hr-portal.corp.local,INTERNAL,95961,WKSTN-U1030
NET017206,2026-06-05 15:18:00,U1042,michael.hill56,vpn.corp.local,INTERNAL,436880,WKSTN-U1042
NET007475,2026-06-05 15:41:00,U1019,DONNA.ANDERSON,mail.corp.local,INTERNAL,81008,WKSTN-U1019
NET040306,2026-06-05 15:36:00,U1098,nancy.wright49,  mail.corp.local ,INTERNAL,63750,WKSTN-U1098
NET035963,2026-06-05 15:23:00,U1088,andrew.smith85,mail.corp.local,INTERNAL,145741,WKSTN-U1088
NET006532,2026-06-05 15:19:00,U1017,emily.hernandez34,confluence.corp.local,INTERNAL,272363,WKSTN-U1017
NET000912,2026-06-05 15:17:00,U1003,kenneth.clark29,jira.corp.local,INTERNAL,124134,WKSTN-U1003
NET004019,2026-06-05 15:19:00,U1011,donna.ramirez75,jira.corp.local,INTERNAL,475503,WKSTN-U1011
NET029215,2026-06-05 15:43:00,U1072,kenneth.lopez,confluence.corp.local,INTERNAL,344963,WKSTN-U1072
NET006071,2026-06-05 15:39:00,U1016,PATRICIA.THOMAS,mail.corp.local,INTERNAL,408610,WKSTN-U1016
NET013229,2026-06-05 15:30:00,U1032,paul.wright91,vpn.corp.local,INTERNAL,76440,WKSTN-U1032
NET040687,2026-06-05 15:38:00,U1099,joseph.garcia,hr-portal.corp.local,INTERNAL,369483,WKSTN-U1099
NET016010,2026-06-05 15:35:00,U1039,mark.thomas,confluence.corp.local,INTERNAL,31563,WKSTN-U1039
NET031583,2026-06-05 15:32:00,U1078,michelle.miller,jira.corp.local,,131735,WKSTN-U1078
NET003669,2026-06-05 15:27:00,U1010,susan.young51,weather.com,EXTERNAL,778,WKSTN-U1010
NET033289,2026-06-05 15:17:00,U1082,karen.hill96,hr-portal.corp.local,INTERNAL,401013,WKSTN-U1082
NET012825,2026-06-05 15:26:00,U1031,john.wright28,sharepoint.corp.local,INTERNAL,313640,WKSTN-U1031
NET026382,2026-06-05 15:20:00,U1065,michael.ramirez47,confluence.corp.local,INTERNAL,383968,WKSTN-U1065
NET002501,2026-06-05 15:30:00,U1007,sarah.robinson82,mail.corp.local,INTERNAL,51353,WKSTN-U1007
NET025593,2026-06-05 15:30:00,U1063,john.nguyen,vpn.corp.local,INTERNAL,444160,WKSTN-U1063
NET008808,2026-06-05 15:39:00,U1022,sandra.brown,jira.corp.local,INTERNAL,432544,WKSTN-U1022
NET001707,2026-06-05 15:28:00,U1005,robert.robinson	,confluence.corp.local,INTERNAL,472968,WKSTN-U1005
NET028398,2026-06-05 15:29:00,U1070,betty.thomas40,confluence.corp.local,,432967,WKSTN-U1070
NET004836,2026-06-05 15:42:00,U1013,emily.smith,confluence.corp.local,INTERNAL,202996,WKSTN-U1013
NET009267,2026-06-05 15:34:00,U1023,richard.wright,mail.corp.local,INTERNAL,497016,WKSTN-U1023
NET038675,2026-06-05 15:47:00,U1094,elizabeth.lewis69,mail.corp.local,INTERNAL,293027,WKSTN-U1094
NET035513,2026-06-05 16:18:00,U1087,,mail.corp.local,INTERNAL,480668,WKSTN-U1087
NET028396,2026-06-05 16:16:00,U1070,betty.thomas40,sharepoint.corp.local,INTERNAL,427349,WKSTN-U1070
NET028397,2026-06-05 16:34:00,U1070,betty.thomas40,mail.corp.local,INTERNAL,467591,WKSTN-U1070
NET032848,2026-06-05 16:40:00,U1081,margaret.davis,hr-portal.corp.local,INTERNAL,163160,WKSTN-U1081
NET003668,2026-06-05 15:56:00,U1010,susan.young51,sharepoint.corp.local,INTERNAL,53774,WKSTN-U1010
NET001706,2026-06-05 16:10:00,U1005,robert.robinson,confluence.corp.local,INTERNAL,5143,WKSTN-U1005
NET040688,2026-06-05 16:21:00,U1099,joseph.garcia,sharepoint.corp.local,INTERNAL,186992,WKSTN-U1099
NET019990,2026-06-05 16:23:00,U1049,michelle.jones59,vpn.corp.local,INTERNAL,33584,WKSTN-U1049
NET019994,2026-06-05 16:14:00,U1049,michelle.jones59,linkedin.com,EXTERNAL,11611,WKSTN-U1049
NET011948,2026-06-05 16:51:00,U1029,michelle.garcia54,sharepoint.corp.local,INTERNAL,360927,WKSTN-U1029
NET024390,2026-06-05 16:17:00,U1060,matthew.anderson,linkedin.com,EXTERNAL,676,WKSTN-U1060	
NET017997,2026-06-05 16:16:00,U1044,lisa.ramirez9,hr-portal.corp.local,INTERNAL,241641,WKSTN-U1044
NET007914,2026-06-05 15:53:00,U1020,andrew.thomas36,confluence.corp.local	,INTERNAL,247667,WKSTN-U1020
NET030416,2026-06-05 16:26:00,U1075,steven.lewis,jira.corp.local,INTERNAL,318711,WKSTN-U1075
NET032002,2026-06-05 16:11:00,U1079,emily.jones,  confluence.corp.local ,INTERNAL,358374,  WKSTN-U1079 
NET036870,2026-06-05 16:47:00,U1090,MARY.HILL,vpn.corp.local,INTERNAL,283396,WKSTN-U1090
NET040689,2026-06-05 16:12:00,U1099,joseph.garcia,mail.corp.local,INTERNAL,131876,WKSTN-U1099
NET009263,2026-06-05 16:00:00,U1023,richard.wright,sharepoint.corp.local,INTERNAL,69894,WKSTN-U1023
NET020384,2026-06-05 15:51:00,U1050,michael.ramirez,weather.com,EXTERNAL,15141,WKSTN-U1050
NET035515,2026-06-05 15:50:00,U1087,charles.sanchez,vpn.corp.local,INTERNAL,475198,WKSTN-U1087
NET022786,2026-06-05 16:04:00,U1056,anthony.clark,mail.corp.local,INTERNAL,278294,WKSTN-U1056
NET027963,2026-06-05 16:55:00,U1069,jessica.clark,jira.corp.local,INTERNAL,43751,WKSTN-U1069
NET002115,2026-06-05 15:53:00,U1006,george.gonzalez,mail.corp.local,INTERNAL,199674,WKSTN-U1006	
NET009265,2026-06-05 16:21:00,U1023,richard.wright,confluence.corp.local,INTERNAL,426035,WKSTN-U1023
NET024783,2026-06-06 12:59:00,U1061,jessica.rodriguez,sharepoint.corp.local,INTERNAL,243928,WKSTN-U1061
NET027979,2026-06-06 10:40:00,U1069,jessica.clark,jira.corp.local,INTERNAL,,WKSTN-U1069
NET024785,2026-06-06 10:33:00,U1061,jessica.rodriguez,hr-portal.corp.local,INTERNAL,130254,WKSTN-U1061
NET023992,2026-06-06 13:30:00,U1059,daniel.perez98,  sharepoint.corp.local ,INTERNAL,477106,WKSTN-U1059
NET024786,2026-06-06 10:14:00,U1061,jessica.rodriguez,hr-portal.corp.local,INTERNAL,449669,WKSTN-U1061	
NET035985,2026-06-06 12:28:00,U1088,andrew.smith85,sharepoint.corp.local,INTERNAL,133760,WKSTN-U1088
NET000911,2026-06-05 16:56:00,U1003,kenneth.clark29,,INTERNAL,262619,WKSTN-U1003
NET027980,2026-06-06 13:19:00,U1069,jessica.clark,vpn.corp.local,INTERNAL,384392,WKSTN-U1069
NET001323,2026-06-05 17:10:00,U1004,elizabeth.wilson98,mail.corp.local,INTERNAL,43321,WKSTN-U1004
NET031582,2026-06-05 17:06:00,U1078,  michelle.miller ,confluence.corp.local,,5794,WKSTN-U1078
NET027978,2026-06-06 11:50:00,U1069,jessica.clark,vpn.corp.local,INTERNAL,395886,WKSTN-U1069
NET024769,2026-06-05 18:02:00,U1061,jessica.rodriguez,confluence.corp.local,INTERNAL,479980,
NET015612,2026-06-05 17:16:00,U1038,emily.clark,jira.corp.local,INTERNAL,295693,WKSTN-U1038
NET007913,2026-06-05 17:40:00,U1020,andrew.thomas36	,sharepoint.corp.local,INTERNAL,448671,WKSTN-U1020
NET027982,2026-06-06 08:15:00,U1069,jessica.clark,  hr-portal.corp.local ,INTERNAL,34524,WKSTN-U1069
NET019992,2026-06-05 17:18:00,U1049,michelle.jones59,confluence.corp.local,INTERNAL,54688,WKSTN-U1049
NET023989,2026-06-06 12:37:00,U1059,daniel.perez98,  hr-portal.corp.local ,,366491,WKSTN-U1059
NET033734,2026-06-05 17:01:00,U1083,sarah.allen70,news.com,EXTERNAL,15408,WKSTN-U1083
NET007915,2026-06-05 17:42:00,U1020,andrew.thomas36,hr-portal.corp.local,INTERNAL,134895,WKSTN-U1020
NET023990,2026-06-06 09:31:00,U1059,daniel.perez98,confluence.corp.local,INTERNAL,372059,WKSTN-U1059
NET004835,2026-06-05 17:59:00,U1013,emily.smith,vpn.corp.local,INTERNAL,410962,WKSTN-U1013
NET035984,2026-06-06 13:38:00,U1088,andrew.smith85,jira.corp.local,INTERNAL,235839,WKSTN-U1088
NET024787,2026-06-06 14:08:00,U1061,jessica.rodriguez,news.com,EXTERNAL,4801,WKSTN-U1061
NET024782,2026-06-06 11:59:00,U1061,jessica.rodriguez,mail.corp.local,INTERNAL,126640,WKSTN-U1061
NET027983,2026-06-06 13:26:00,U1069,jessica.clark,news.com,EXTERNAL,,WKSTN-U1069
NET036005,2026-06-07 10:34:00,U1088,andrew.smith85,mail.corp.local,INTERNAL,195761,WKSTN-U1088
NET016399,2026-06-07 09:26:00,U1040,matthew.martin,confluence.corp.local,INTERNAL,79687,WKSTN-U1040
NET000500,2026-06-07 15:43:00,U1002,donna.ramirez,confluence.corp.local,INTERNAL,385269,WKSTN-U1002
NET016401,2026-06-07 10:04:00,U1040,matthew.martin,sharepoint.corp.local,INTERNAL,233337,WKSTN-U1040
NET000499,2026-06-07 10:45:00,U1002,donna.ramirez,confluence.corp.local,INTERNAL,67548,WKSTN-U1002
NET016400,2026-06-07 12:26:00,U1040,matthew.martin,confluence.corp.local,INTERNAL,391385,  WKSTN-U1040 
NET035986,2026-06-06 14:21:00,U1088,andrew.smith85,mail.corp.local,INTERNAL,268207,WKSTN-U1088
NET016397,2026-06-07 10:27:00,U1040,matthew.martin,vpn.corp.local,INTERNAL,311714,WKSTN-U1040
NET036890,2026-06-07 10:21:00,U1090,mary.hill,vpn.corp.local,INTERNAL,243589,  WKSTN-U1090 
NET023993,2026-06-06 17:07:00,U1059,daniel.perez98,vpn.corp.local,INTERNAL,235255,WKSTN-U1059
NET015209,2026-06-07 10:56:00,U1037,,mail.corp.local,INTERNAL,225957,WKSTN-U1037
NET035988,2026-06-06 15:14:00,U1088,andrew.smith85,jira.corp.local,INTERNAL,110344,WKSTN-U1088
NET000498,2026-06-07 16:21:00,U1002,donna.ramirez,hr-portal.corp.local,INTERNAL,136920,WKSTN-U1002
NET036889,2026-06-07 12:51:00,U1090,mary.hill	,mail.corp.local,INTERNAL,97595,WKSTN-U1090
NET016398,2026-06-07 11:18:00,U1040,matthew.martin,mail.corp.local,INTERNAL,140414,WKSTN-U1040
NET000497,2026-06-07 13:47:00,U1002,donna.ramirez,vpn.corp.local,INTERNAL,411510,WKSTN-U1002
NET015208,2026-06-07 15:40:00,U1037,robert.martin,mail.corp.local,INTERNAL,64233,WKSTN-U1037
NET036888,2026-06-07 10:16:00,U1090,mary.hill,hr-portal.corp.local,INTERNAL,439442,WKSTN-U1090
NET023991,2026-06-06 17:26:00,U1059,daniel.perez98,vpn.corp.local,INTERNAL,483311,WKSTN-U1059
NET035987,2026-06-06 15:29:00,U1088,andrew.smith85,hr-portal.corp.local,INTERNAL,81358,WKSTN-U1088
NET036006,2026-06-07 15:06:00,U1088,andrew.smith85,jira.corp.local,INTERNAL,373989,WKSTN-U1088
NET027981,2026-06-06 14:57:00,U1069,jessica.clark,confluence.corp.local,INTERNAL,202762,
NET036887,2026-06-07 11:56:00,U1090,mary.hill,jira.corp.local,INTERNAL,94947,
NET024784,2026-06-06 14:37:00,U1061,jessica.rodriguez,sharepoint.corp.local,INTERNAL,15958,WKSTN-U1061
NET036891,2026-06-07 14:33:00,U1090,mary.hill,sharepoint.corp.local,,17716,WKSTN-U1090
NET008833,2026-06-08 08:35:00,U1022,sandra.brown,mail.corp.local,internal,359300,WKSTN-U1022
NET036452,2026-06-08 07:33:00,U1089,paul.brown27,hr-portal.corp.local,INTERNAL,45935,WKSTN-U1089
NET036451,2026-06-08 08:17:00,U1089,paul.brown27,vpn.corp.local,INTERNAL,115552,WKSTN-U1089
NET014442,2026-06-08 08:09:00,U1035,nancy.rodriguez82,vpn.corp.local,INTERNAL,393551,WKSTN-U1035
NET004428,2026-06-08 07:47:00,U1012,linda.martinez,sharepoint.corp.local,INTERNAL,475473,WKSTN-U1012
NET037369,2026-06-08 08:42:00,U1091,linda.robinson,linkedin.com,EXTERNAL,19767,WKSTN-U1091
NET007491,2026-06-08 08:27:00,U1019,donna.anderson,confluence.corp.local,INTERNAL,74680,WKSTN-U1019
NET008832,2026-06-08 07:21:00,U1022,sandra.brown,jira.corp.local,INTERNAL,143296,WKSTN-U1022
NET002520,2026-06-08 08:40:00,U1007,sarah.robinson82,jira.corp.local,INTERNAL,317560,WKSTN-U1007
NET008370,2026-06-08 08:29:00,U1021,jessica.walker,hr-portal.corp.local,INTERNAL,34277,WKSTN-U1021
NET004431,2026-06-08 07:54:00,U1012,linda.martinez,hr-portal.corp.local,INTERNAL,48341,WKSTN-U1012
NET004851,2026-06-08 08:12:00,U1013,emily.smith,  mail.corp.local ,INTERNAL,93352,WKSTN-U1013
NET023213,2026-06-08 08:35:00,U1057,nancy.sanchez,confluence.corp.local,INTERNAL,,WKSTN-U1057
NET004038,2026-06-08 07:37:00,U1011,donna.ramirez75,vpn.corp.local,INTERNAL,73741,WKSTN-U1011
NET038249,2026-06-08 08:28:00,U1093,sarah.clark44,mail.corp.local,INTERNAL,315815,WKSTN-U1093
NET000520,2026-06-08 07:28:00,U1002,donna.ramirez,mail.corp.local,INTERNAL,13535,WKSTN-U1002
NET004849,2026-06-08 07:25:00,U1013,emily.smith,confluence.corp.local,INTERNAL,450396,WKSTN-U1013
NET022016,2026-06-08 07:54:00,U1054,anthony.martinez,news.com,EXTERNAL,4965,WKSTN-U1054
NET037365,2026-06-08 08:12:00,U1091,linda.robinson,vpn.corp.local,INTERNAL,346971,WKSTN-U1091	
NET030022,2026-06-08 07:57:00,U1074,sarah.williams7,sharepoint.corp.local,INTERNAL,19114,WKSTN-U1074
NET039110,2026-06-08 08:14:00,U1095,richard.thomas74,vpn.corp.local,INTERNAL,449807,WKSTN-U1095
NET015207,2026-06-07 16:29:00,U1037,robert.martin,sharepoint.corp.local,INTERNAL,358058,WKSTN-U1037
NET032024,2026-06-08 08:00:00,U1079,emily.jones,mail.corp.local,INTERNAL,359947,WKSTN-U1079
NET030023,2026-06-08 08:17:00,U1074,sarah.williams7,mail.corp.local,INTERNAL,,WKSTN-U1074
NET010182,2026-06-08 08:20:00,U1025,betty.brown22,jira.corp.local,INTERNAL,446380,WKSTN-U1025
NET000521,2026-06-08 09:24:00,U1002,,vpn.corp.local,INTERNAL,182625,WKSTN-U1002
NET006554,2026-06-08 09:26:00,U1017,emily.hernandez34,sharepoint.corp.local,INTERNAL,74017,WKSTN-U1017
NET001337,2026-06-08 08:56:00,U1004,elizabeth.wilson98,vpn.corp.local,INTERNAL,93215,WKSTN-U1004
NET030024,2026-06-08 08:43:00,U1074,sarah.williams7,confluence.corp.local,INTERNAL,495879,  WKSTN-U1074 
NET009737,2026-06-08 09:20:00,U1024,emily.miller,,EXTERNAL,19799,WKSTN-U1024	
NET037368,2026-06-08 08:48:00,U1091,linda.robinson,confluence.corp.local,INTERNAL,20410,WKSTN-U1091
NET035097,2026-06-08 09:01:00,U1086,steven.thompson53,hr-portal.corp.local,INTERNAL,499075,WKSTN-U1086
NET033748,2026-06-08 09:08:00,U1083,sarah.allen70,jira.corp.local,INTERNAL,173521,WKSTN-U1083
NET031208,2026-06-08 08:48:00,U1077,kimberly.harris58,jira.corp.local,INTERNAL,386424,WKSTN-U1077
NET001336,2026-06-08 08:52:00,U1004,elizabeth.wilson98,sharepoint.corp.local,INTERNAL,389191,WKSTN-U1004	
NET006091,2026-06-08 09:13:00,U1016,patricia.thomas,confluence.corp.local,INTERNAL,282178,WKSTN-U1016
NET027585,2026-06-08 08:59:00,U1068,  susan.thompson34 ,hr-portal.corp.local,internal,11571,WKSTN-U1068
NET005681,2026-06-08 08:48:00,U1015,lisa.hernandez,confluence.corp.local,INTERNAL,470341,WKSTN-U1015
NET006552,2026-06-08 09:04:00,U1017,emily.hernandez34,vpn.corp.local,INTERNAL,50394,WKSTN-U1017
NET034654,2026-06-08 09:22:00,U1085,barbara.walker67,vpn.corp.local,INTERNAL,60503,WKSTN-U1085
NET017624,2026-06-08 09:19:00,U1043,thomas.williams91,hr-portal.corp.local,INTERNAL,374181,WKSTN-U1043
NET007932,2026-06-08 08:56:00,U1020,andrew.thomas36,jira.corp.local,INTERNAL,441557,WKSTN-U1020
NET008834,2026-06-08 09:20:00,U1022,sandra.brown,mail.corp.local,INTERNAL,394151,WKSTN-U1022	
NET040323,2026-06-08 09:27:00,U1098,nancy.wright49,jira.corp.local,INTERNAL,7114,WKSTN-U1098
NET022015,2026-06-08 08:46:00,U1054,anthony.martinez,vpn.corp.local,INTERNAL,308461,WKSTN-U1054
NET030020,2026-06-08 08:53:00,U1074,sarah.williams7,jira.corp.local,INTERNAL,483388,WKSTN-U1074
NET008372,2026-06-08 09:07:00,U1021,  jessica.walker ,hr-portal.corp.local,INTERNAL,383659,WKSTN-U1021
NET002134,2026-06-08 08:44:00,U1006,george.gonzalez,hr-portal.corp.local,INTERNAL,126848,WKSTN-U1006
NET008373,2026-06-08 09:12:00,U1021,,hr-portal.corp.local,INTERNAL,373483,WKSTN-U1021
NET009735,2026-06-08 08:42:00,U1024,emily.miller,hr-portal.corp.local,INTERNAL,258831,WKSTN-U1024
NET035532,2026-06-08 09:50:00,U1087,charles.sanchez,mail.corp.local,INTERNAL,409027,WKSTN-U1087
NET031207,2026-06-08 09:52:00,U1077,kimberly.harris58,confluence.corp.local,INTERNAL,292193,WKSTN-U1077
NET025213,2026-06-08 09:56:00,U1062,william.martin,confluence.corp.local,,469997,WKSTN-U1062
NET010633,2026-06-08 09:47:00,U1026,elizabeth.gonzalez,vpn.corp.local,INTERNAL,263712,WKSTN-U1026
NET005274,2026-06-08 09:53:00,U1014,james.taylor,jira.corp.local	,internal,33758,WKSTN-U1014
NET001338,2026-06-08 09:50:00,U1004,elizabeth.wilson98,sharepoint.corp.local,internal,255311,WKSTN-U1004
NET031603,2026-06-08 09:54:00,U1078,michelle.miller,mail.corp.local,INTERNAL,494393,WKSTN-U1078
NET022430,2026-06-08 10:01:00,U1055,patricia.wilson54,mail.corp.local,INTERNAL,477180,WKSTN-U1055
NET016823,2026-06-08 10:00:00,U1041,matthew.allen52,mail.corp.local,INTERNAL,457636,WKSTN-U1041
NET031605,2026-06-08 09:35:00,U1078,michelle.miller	,jira.corp.local,INTERNAL,,WKSTN-U1078
NET020009,2026-06-08 09:44:00,U1049,michelle.jones59,confluence.corp.local,INTERNAL,291185,WKSTN-U1049
NET027221,2026-06-08 09:54:00,U1067,paul.thomas97,vpn.corp.local	,INTERNAL,158131,WKSTN-U1067
NET041082,2026-06-08 09:51:00,U1100,daniel.brown38,confluence.corp.local,INTERNAL,126268,WKSTN-U1100
NET004039,2026-06-08 09:47:00,U1011,donna.ramirez75,vpn.corp.local,INTERNAL,209630,WKSTN-U1011
NET021201,2026-06-08 10:03:00,U1052,paul.taylor,jira.corp.local,INTERNAL,408583,WKSTN-U1052
NET011077,2026-06-08 09:54:00,U1027,patricia.brown75,sharepoint.corp.local,INTERNAL,290512,WKSTN-U1027	
NET036025,2026-06-08 09:37:00,U1088,andrew.smith85,hr-portal.corp.local,INTERNAL,428426,WKSTN-U1088
NET019234,2026-06-08 09:56:00,U1047,sandra.lewis,vpn.corp.local,INTERNAL,13601,WKSTN-U1047
NET003684,2026-06-08 09:40:00,U1010,susan.young51,,INTERNAL,370967,WKSTN-U1010
NET015632,2026-06-08 09:52:00,U1038,emily.clark,jira.corp.local,INTERNAL,113797,WKSTN-U1038
NET017227,2026-06-08 09:55:00,U1042,michael.hill56,mail.corp.local,INTERNAL,324644,WKSTN-U1042
NET035534,2026-06-08 09:49:00,U1087,charles.sanchez,weather.com,EXTERNAL,19088,WKSTN-U1087
NET004850,2026-06-08 09:43:00,U1013,emily.smith,jira.corp.local,INTERNAL,76676,WKSTN-U1013
NET022805,2026-06-08 09:59:00,U1056,anthony.clark,confluence.corp.local,INTERNAL,224742,WKSTN-U1056
NET037367,2026-06-08 09:43:00,U1091,linda.robinson,hr-portal.corp.local,INTERNAL,199554,WKSTN-U1091
NET006551,2026-06-08 10:25:00,U1017,,sharepoint.corp.local,INTERNAL,345946,WKSTN-U1017
NET000930,2026-06-08 10:16:00,U1003,kenneth.clark29,hr-portal.corp.local,INTERNAL,142531,WKSTN-U1003
NET007933,2026-06-08 10:22:00,U1020,andrew.thomas36,vpn.corp.local,INTERNAL,151126,WKSTN-U1020
NET004430,2026-06-08 10:19:00,U1012,linda.martinez,  confluence.corp.local ,INTERNAL,455821,WKSTN-U1012
NET006553,2026-06-08 10:09:00,U1017,emily.hernandez34,jira.corp.local,INTERNAL,,WKSTN-U1017
NET041081,2026-06-08 10:27:00,U1100,daniel.brown38,jira.corp.local,INTERNAL,495319,
NET010632,2026-06-08 10:17:00,U1026,elizabeth.gonzalez,mail.corp.local,INTERNAL,,WKSTN-U1026
NET014037,2026-06-08 10:28:00,U1034,thomas.allen63,confluence.corp.local,INTERNAL,374925,WKSTN-U1034
NET030433,2026-06-08 10:22:00,U1075,STEVEN.LEWIS,  jira.corp.local ,INTERNAL,473920,WKSTN-U1075
NET003273,2026-06-08 10:21:00,U1009,daniel.brown,,INTERNAL,171923,WKSTN-U1009
NET011073,2026-06-08 10:03:00,U1027,PATRICIA.BROWN75,jira.corp.local	,INTERNAL,94244,WKSTN-U1027
NET027220,2026-06-08 10:32:00,U1067,paul.thomas97,mail.corp.local,INTERNAL,220302,WKSTN-U1067
NET007493,2026-06-08 10:30:00,U1019,donna.anderson,vpn.corp.local,,425837,WKSTN-U1019
NET007495,2026-06-08 10:20:00,U1019,donna.anderson,jira.corp.local,INTERNAL,8766,
NET010630,2026-06-08 10:06:00,U1026,elizabeth.gonzalez,vpn.corp.local,INTERNAL,304850,WKSTN-U1026
NET010629,2026-06-08 10:36:00,U1026,elizabeth.gonzalez,hr-portal.corp.local,INTERNAL,230391,WKSTN-U1026
NET013252,2026-06-08 10:11:00,U1032,paul.wright91,  confluence.corp.local ,INTERNAL,393279,WKSTN-U1032
NET031602,2026-06-08 10:25:00,U1078,michelle.miller,mail.corp.local,INTERNAL,496510,WKSTN-U1078
NET002903,2026-06-08 10:32:00,U1008,joshua.hernandez,hr-portal.corp.local,INTERNAL,205504,
NET019235,2026-06-08 10:38:00,U1047,sandra.lewis,jira.corp.local,INTERNAL,395654,WKSTN-U1047
NET028842,2026-06-08 10:25:00,U1071,matthew.robinson35,confluence.corp.local,INTERNAL,479002,WKSTN-U1071	
NET002519,2026-06-08 10:22:00,U1007,sarah.robinson82,sharepoint.corp.local,INTERNAL,36201,WKSTN-U1007
NET022431,2026-06-08 10:25:00,U1055,patricia.wilson54,hr-portal.corp.local,INTERNAL,194940,WKSTN-U1055
NET032872,2026-06-08 10:41:00,U1081,margaret.davis,vpn.corp.local,INTERNAL,24933,WKSTN-U1081
NET033747,2026-06-08 10:25:00,U1083,sarah.allen70,vpn.corp.local,INTERNAL,89527,WKSTN-U1083	
NET002902,2026-06-08 10:52:00,U1008,joshua.hernandez,vpn.corp.local,,366809,WKSTN-U1008
NET003272,2026-06-08 11:02:00,U1009,daniel.brown,mail.corp.local,INTERNAL,244016,WKSTN-U1009
NET004427,2026-06-08 10:46:00,U1012,,confluence.corp.local,INTERNAL,49248,WKSTN-U1012
NET013250,2026-06-08 11:08:00,U1032,paul.wright91,confluence.corp.local,INTERNAL,323616,WKSTN-U1032
NET028416,2026-06-08 11:12:00,U1070,,confluence.corp.local,INTERNAL,293441,WKSTN-U1070
NET019237,2026-06-08 11:17:00,U1047,sandra.lewis,,INTERNAL,296190,WKSTN-U1047
NET018825,2026-06-08 10:48:00,U1046,michelle.torres39,jira.corp.local,INTERNAL,352401,WKSTN-U1046
NET039928,2026-06-08 10:58:00,U1097,mark.martinez10,vpn.corp.local,INTERNAL,182332,WKSTN-U1097
NET018406,2026-06-08 11:05:00,U1045,daniel.sanchez90,mail.corp.local,INTERNAL,52644,WKSTN-U1045
NET012406,2026-06-08 11:21:00,U1030,betty.rodriguez86,hr-portal.corp.local,INTERNAL,200925,WKSTN-U1030
NET027218,2026-06-08 10:59:00,U1067,paul.thomas97,mail.corp.local,INTERNAL,133787,WKSTN-U1067
NET029634,2026-06-08 11:13:00,U1073,,confluence.corp.local,INTERNAL,93206,WKSTN-U1073
NET002904,2026-06-08 11:15:00,U1008,joshua.hernandez,mail.corp.local,INTERNAL,17916,WKSTN-U1008
NET023595,2026-06-08 10:41:00,U1058,jennifer.ramirez18,vpn.corp.local,,191095,WKSTN-U1058
NET018404,2026-06-08 10:42:00,U1045,daniel.sanchez90,hr-portal.corp.local,INTERNAL,108847,WKSTN-U1045
NET041080,2026-06-08 10:49:00,U1100,daniel.brown38,,INTERNAL,284033,WKSTN-U1100
NET003271,2026-06-08 11:10:00,U1009,daniel.brown,hr-portal.corp.local,INTERNAL,238141,WKSTN-U1009
NET037366,2026-06-08 11:24:00,U1091,linda.robinson,hr-portal.corp.local,INTERNAL,410605,WKSTN-U1091
NET040707,2026-06-08 10:45:00,U1099,joseph.garcia,mail.corp.local,INTERNAL,360590,WKSTN-U1099
NET030021,2026-06-08 10:51:00,U1074,sarah.williams7,vpn.corp.local,INTERNAL,478380,  WKSTN-U1074 
NET020400,2026-06-08 11:03:00,U1050,michael.ramirez,,INTERNAL,319451,
NET009288,2026-06-08 10:43:00,U1023,richard.wright,vpn.corp.local,INTERNAL,475088,WKSTN-U1023
NET017625,2026-06-08 11:01:00,U1043,thomas.williams91,  jira.corp.local ,INTERNAL,214279,WKSTN-U1043
NET040320,2026-06-08 10:46:00,U1098,nancy.wright49,mail.corp.local,INTERNAL,40672,WKSTN-U1098
NET024801,2026-06-08 10:58:00,U1061,jessica.rodriguez,  jira.corp.local ,INTERNAL,447662,WKSTN-U1061
NET040705,2026-06-08 11:55:00,U1099,joseph.garcia,hr-portal.corp.local,INTERNAL,359288,WKSTN-U1099
NET023594,2026-06-08 11:33:00,U1058,jennifer.ramirez18,vpn.corp.local,INTERNAL,349376,WKSTN-U1058
NET007026,2026-06-08 11:59:00,U1018,betty.white57,mail.corp.local	,INTERNAL,342944,WKSTN-U1018
NET020011,2026-06-08 11:52:00,U1049,michelle.jones59,linkedin.com,EXTERNAL,19678,WKSTN-U1049
NET013654,2026-06-08 11:49:00,U1033,linda.miller,confluence.corp.local,INTERNAL,283337,WKSTN-U1033
NET030824,2026-06-08 11:44:00,U1076,JOHN.TORRES,mail.corp.local,INTERNAL,119154,WKSTN-U1076
NET036912,2026-06-08 11:38:00,U1090,mary.hill,hr-portal.corp.local,INTERNAL,107201,WKSTN-U1090
NET018826,2026-06-08 11:52:00,U1046,MICHELLE.TORRES39,vpn.corp.local,INTERNAL,365385,WKSTN-U1046
NET000927,2026-06-08 11:48:00,U1003,kenneth.clark29,mail.corp.local,INTERNAL,95313,WKSTN-U1003
NET036023,2026-06-08 11:43:00,U1088,andrew.smith85,sharepoint.corp.local,INTERNAL,429466,WKSTN-U1088
NET007492,2026-06-08 11:47:00,U1019,donna.anderson,mail.corp.local,INTERNAL,321601,WKSTN-U1019
NET018407,2026-06-08 11:35:00,U1045,daniel.sanchez90,hr-portal.corp.local,INTERNAL,86151,WKSTN-U1045
NET011549,2026-06-08 11:51:00,U1028,john.hill,sharepoint.corp.local,INTERNAL,269780,WKSTN-U1028
NET027586,2026-06-08 11:52:00,U1068,susan.thompson34,linkedin.com,EXTERNAL,12456,  WKSTN-U1068 
NET009287,2026-06-08 11:31:00,U1023,richard.wright,vpn.corp.local,INTERNAL,457035,WKSTN-U1023
NET010183,2026-06-08 11:31:00,U1025,betty.brown22,vpn.corp.local,INTERNAL,328047,WKSTN-U1025
NET021597,2026-06-08 11:56:00,U1053,john.jackson31,hr-portal.corp.local,,448220,WKSTN-U1053
NET009289,2026-06-08 11:26:00,U1023,richard.wright,sharepoint.corp.local,INTERNAL,224212,WKSTN-U1023
NET020817,2026-06-08 11:54:00,U1051,sandra.king72,sharepoint.corp.local,INTERNAL,403108,WKSTN-U1051
NET018408,2026-06-08 11:34:00,U1045,daniel.sanchez90,vpn.corp.local,INTERNAL,498328,WKSTN-U1045
NET027582,2026-06-08 11:31:00,U1068,susan.thompson34,sharepoint.corp.local,INTERNAL,283153,WKSTN-U1068
NET015224,2026-06-08 11:25:00,U1037,robert.martin,linkedin.com,EXTERNAL,6601,WKSTN-U1037
NET037808,2026-06-08 11:59:00,U1092,steven.thomas,confluence.corp.local,INTERNAL,90213,WKSTN-U1092
NET028002,2026-06-08 11:26:00,U1069,jessica.clark,sharepoint.corp.local,INTERNAL,254681,WKSTN-U1069
NET020399,2026-06-08 11:48:00,U1050,michael.ramirez,confluence.corp.local,INTERNAL,179794,WKSTN-U1050
NET023593,2026-06-08 12:29:00,U1058,jennifer.ramirez18,confluence.corp.local,INTERNAL,,WKSTN-U1058
NET020818,2026-06-08 12:44:00,U1051,sandra.king72,mail.corp.local,INTERNAL,75108,WKSTN-U1051
NET000113,2026-06-08 12:00:00,U1001,linda.johnson95,sharepoint.corp.local,INTERNAL,306523,WKSTN-U1001
NET017626,2026-06-08 12:36:00,U1043,thomas.williams91,vpn.corp.local,INTERNAL,394928,WKSTN-U1043
NET036913,2026-06-08 12:14:00,U1090,mary.hill,mail.corp.local,INTERNAL,92348000.0,WKSTN-U1090
NET025611,2026-06-08 12:02:00,U1063,john.nguyen,confluence.corp.local,INTERNAL,209686,WKSTN-U1063
NET019642,2026-06-08 12:06:00,U1048,JENNIFER.THOMAS87,vpn.corp.local,INTERNAL,62996,WKSTN-U1048
NET017226,2026-06-08 12:39:00,U1042,michael.hill56,sharepoint.corp.local,INTERNAL,216593,WKSTN-U1042
NET028415,2026-06-08 12:38:00,U1070,betty.thomas40,vpn.corp.local,INTERNAL,50490,WKSTN-U1070
NET040324,2026-06-08 12:01:00,U1098,nancy.wright49,confluence.corp.local,INTERNAL,414196,WKSTN-U1098
NET028844,2026-06-08 12:49:00,U1071,matthew.robinson35,sharepoint.corp.local,INTERNAL,53561,WKSTN-U1071
NET002518,2026-06-08 12:48:00,U1007,sarah.robinson82,,INTERNAL,361592,WKSTN-U1007
NET001722,2026-06-08 12:39:00,U1005,robert.robinson,confluence.corp.local,INTERNAL,150178,WKSTN-U1005
NET040322,2026-06-08 12:07:00,U1098,nancy.wright49,jira.corp.local,internal,55119,WKSTN-U1098
NET020401,2026-06-08 12:41:00,U1050,michael.ramirez,jira.corp.local,INTERNAL,452561,WKSTN-U1050
NET034656,2026-06-08 12:23:00,U1085,barbara.walker67,mail.corp.local	,INTERNAL,234380,WKSTN-U1085
NET013251,2026-06-08 12:28:00,U1032,paul.wright91,,INTERNAL,71227,WKSTN-U1032
NET008371,2026-06-08 12:42:00,U1021,jessica.walker,sharepoint.corp.local,INTERNAL,472448,WKSTN-U1021
NET022014,2026-06-08 12:27:00,U1054,,confluence.corp.local,INTERNAL,179758,WKSTN-U1054
NET004429,2026-06-08 12:41:00,U1012,linda.martinez,mail.corp.local,INTERNAL,481321,WKSTN-U1012
NET024403,2026-06-08 12:10:00,U1060,matthew.anderson,sharepoint.corp.local,INTERNAL,198301,WKSTN-U1060
NET020402,2026-06-08 12:18:00,U1050,michael.ramirez,hr-portal.corp.local,INTERNAL,413307,WKSTN-U1050
NET032870,2026-06-08 12:15:00,U1081,margaret.davis,confluence.corp.local,INTERNAL,388689,  WKSTN-U1081 
NET000115,2026-06-08 12:09:00,U1001,linda.johnson95,confluence.corp.local,INTERNAL,344961,WKSTN-U1001
NET016031,2026-06-08 12:16:00,U1039,mark.thomas,mail.corp.local,INTERNAL,248569,WKSTN-U1039
NET001339,2026-06-08 12:53:00,U1004,,sharepoint.corp.local,INTERNAL,38150,WKSTN-U1004
NET014825,2026-06-08 13:13:00,U1036,linda.jones,sharepoint.corp.local,INTERNAL,298177,WKSTN-U1036
NET038248,2026-06-08 13:05:00,U1093,sarah.clark44,vpn.corp.local,INTERNAL,404604,WKSTN-U1093
NET016822,2026-06-08 13:25:00,U1041,matthew.allen52,sharepoint.corp.local,INTERNAL,260459,WKSTN-U1041
NET034191,2026-06-08 13:22:00,U1084,joshua.taylor,mail.corp.local,INTERNAL,276158,WKSTN-U1084
NET035096,2026-06-08 12:52:00,U1086,steven.thompson53,vpn.corp.local,INTERNAL,123737,WKSTN-U1086
NET011970,2026-06-08 13:16:00,U1029,michelle.garcia54,vpn.corp.local,INTERNAL,147187,WKSTN-U1029
NET022432,2026-06-08 13:10:00,U1055,patricia.wilson54,hr-portal.corp.local,INTERNAL,,WKSTN-U1055
NET039927,2026-06-08 13:14:00,U1097,mark.martinez10,vpn.corp.local,INTERNAL,83637,WKSTN-U1097
NET024007,2026-06-08 13:21:00,U1059,daniel.perez98,hr-portal.corp.local,INTERNAL,406760,WKSTN-U1059
NET014441,2026-06-08 13:13:00,U1035,nancy.rodriguez82,mail.corp.local,INTERNAL,327907,WKSTN-U1035
NET039510,2026-06-08 13:00:00,U1096,DAVID.ALLEN76,confluence.corp.local,INTERNAL,-67883.0,WKSTN-U1096
NET032025,2026-06-08 12:50:00,U1079,emily.jones,mail.corp.local,INTERNAL,,WKSTN-U1079
NET035098,2026-06-08 12:51:00,U1086,steven.thompson53,mail.corp.local,INTERNAL,427377,WKSTN-U1086
NET014440,2026-06-08 13:06:00,U1035,nancy.rodriguez82,vpn.corp.local,INTERNAL,264088,WKSTN-U1035
NET031607,2026-06-08 13:24:00,U1078,michelle.miller,linkedin.com,EXTERNAL,9773,  WKSTN-U1078 
NET003274,2026-06-08 12:55:00,U1009,daniel.brown,mail.corp.local,INTERNAL,70790,WKSTN-U1009
NET024008,2026-06-08 12:51:00,U1059,daniel.perez98,jira.corp.local,INTERNAL,263937,WKSTN-U1059
NET022804,2026-06-08 12:59:00,U1056,ANTHONY.CLARK,hr-portal.corp.local,,481035,WKSTN-U1056
NET017228,2026-06-08 13:14:00,U1042,michael.hill56,mail.corp.local,INTERNAL,120841,WKSTN-U1042
NET035533,2026-06-08 12:59:00,U1087,  charles.sanchez ,vpn.corp.local,INTERNAL,437709,WKSTN-U1087
NET041083,2026-06-08 12:56:00,U1100,  daniel.brown38 ,hr-portal.corp.local,,407185,WKSTN-U1100
NET003275,2026-06-08 13:25:00,U1009,daniel.brown,vpn.corp.local,INTERNAL,108958,WKSTN-U1009
NET011078,2026-06-08 13:26:00,U1027,patricia.brown75,,EXTERNAL,19414,WKSTN-U1027
NET036027,2026-06-08 13:20:00,U1088,andrew.smith85,mail.corp.local,INTERNAL,244555,WKSTN-U1088
NET031604,2026-06-08 13:46:00,U1078,michelle.miller,jira.corp.local,INTERNAL,186995,WKSTN-U1078
NET036449,2026-06-08 13:39:00,U1089,paul.brown27,jira.corp.local,INTERNAL,128959,WKSTN-U1089
NET008374,2026-06-08 13:35:00,U1021,jessica.walker,jira.corp.local,INTERNAL,459647,WKSTN-U1021
NET030432,2026-06-08 13:28:00,U1075,steven.lewis,confluence.corp.local,INTERNAL,27692,WKSTN-U1075
NET007025,2026-06-08 13:33:00,U1018,betty.white57,hr-portal.corp.local,INTERNAL,172589,WKSTN-U1018
NET023596,2026-06-08 13:41:00,U1058,jennifer.ramirez18,mail.corp.local,INTERNAL,161516,WKSTN-U1058
NET015631,2026-06-08 13:33:00,U1038,emily.clark,hr-portal.corp.local,INTERNAL,262838,WKSTN-U1038
NET034193,2026-06-08 13:30:00,U1084,joshua.taylor,confluence.corp.local,INTERNAL,85754,WKSTN-U1084	
NET032438,2026-06-08 13:29:00,U1080,joseph.jackson91,sharepoint.corp.local	,INTERNAL,36847,WKSTN-U1080
NET034192,2026-06-08 13:34:00,U1084,joshua.taylor	,confluence.corp.local,INTERNAL,32556,WKSTN-U1084
NET023597,2026-06-08 13:47:00,U1058,jennifer.ramirez18,vpn.corp.local,INTERNAL,132053,WKSTN-U1058
NET028417,2026-06-08 13:47:00,U1070,betty.thomas40,sharepoint.corp.local,INTERNAL,487599,WKSTN-U1070
NET034190,2026-06-08 13:44:00,U1084,joshua.taylor,vpn.corp.local,INTERNAL,391023,WKSTN-U1084
NET006092,2026-06-08 13:39:00,U1016,patricia.thomas,mail.corp.local,INTERNAL,428042,WKSTN-U1016
NET021596,2026-06-08 13:46:00,U1053,john.jackson31,sharepoint.corp.local,internal,,WKSTN-U1053
NET029236,2026-06-08 13:48:00,U1072,kenneth.lopez,,INTERNAL,50002,WKSTN-U1072
NET027219,2026-06-08 13:27:00,U1067,paul.thomas97,mail.corp.local,INTERNAL,440099,WKSTN-U1067
NET012405,2026-06-08 13:43:00,U1030,betty.rodriguez86,jira.corp.local,INTERNAL,341588,WKSTN-U1030
NET018013,2026-06-08 13:28:00,U1044,LISA.RAMIREZ9,hr-portal.corp.local,INTERNAL,385245,WKSTN-U1044
NET035094,2026-06-08 13:37:00,U1086,steven.thompson53,vpn.corp.local,INTERNAL,26792,WKSTN-U1086
NET029237,2026-06-08 13:41:00,U1072,kenneth.lopez,hr-portal.corp.local,INTERNAL,385617,WKSTN-U1072
NET024799,2026-06-08 13:32:00,U1061,jessica.rodriguez,sharepoint.corp.local,INTERNAL,440126,WKSTN-U1061
NET039513,2026-06-08 13:39:00,U1096,david.allen76,mail.corp.local,INTERNAL,142539,WKSTN-U1096
NET014824,2026-06-08 13:46:00,U1036,linda.jones,hr-portal.corp.local,INTERNAL,1321,WKSTN-U1036
NET012839,2026-06-08 13:47:00,U1031,john.wright28,vpn.corp.local,INTERNAL,390071,WKSTN-U1031
NET010631,2026-06-08 13:57:00,U1026,,mail.corp.local,INTERNAL,111497,WKSTN-U1026
NET000517,2026-06-08 14:00:00,U1002,donna.ramirez,jira.corp.local,INTERNAL,385021,WKSTN-U1002
NET003685,2026-06-08 14:07:00,U1010,susan.young51,mail.corp.local,INTERNAL,220136,WKSTN-U1010
NET026005,2026-06-08 14:10:00,U1064,matthew.wright55,mail.corp.local,INTERNAL,284874,WKSTN-U1064
NET020010,2026-06-08 14:09:00,U1049,michelle.jones59,vpn.corp.local,INTERNAL,173067,WKSTN-U1049
NET024800,2026-06-08 14:03:00,U1061,jessica.rodriguez,vpn.corp.local,INTERNAL,421849,WKSTN-U1061
NET005680,2026-06-08 14:13:00,U1015,lisa.hernandez,hr-portal.corp.local,INTERNAL,424499,WKSTN-U1015
NET036026,2026-06-08 14:00:00,U1088,andrew.smith85,hr-portal.corp.local,INTERNAL,27318,WKSTN-U1088	
NET029633,2026-06-08 14:04:00,U1073,michael.gonzalez,vpn.corp.local,INTERNAL,403070,WKSTN-U1073
NET038251,2026-06-08 14:07:00,U1093,sarah.clark44,confluence.corp.local,INTERNAL,301906,WKSTN-U1093
NET032026,2026-06-08 14:04:00,U1079,emily.jones,vpn.corp.local,,328132,WKSTN-U1079
NET000519,2026-06-08 14:12:00,U1002,DONNA.RAMIREZ,jira.corp.local,INTERNAL,79940,WKSTN-U1002
NET003686,2026-06-08 14:03:00,U1010,,jira.corp.local,INTERNAL,417419,WKSTN-U1010
NET024006,2026-06-08 13:49:00,U1059,daniel.perez98,jira.corp.local,INTERNAL,398962,WKSTN-U1059
NET033749,2026-06-08 13:55:00,U1083,sarah.allen70,hr-portal.corp.local,INTERNAL,195135,WKSTN-U1083
NET040321,2026-06-08 13:53:00,U1098,nancy.wright49,mail.corp.local,INTERNAL,217029,
NET019236,2026-06-08 13:51:00,U1047,sandra.lewis,sharepoint.corp.local,INTERNAL,253390,WKSTN-U1047
NET023212,2026-06-08 14:01:00,U1057,nancy.sanchez,vpn.corp.local,INTERNAL,338483,WKSTN-U1057
NET028843,2026-06-08 13:56:00,U1071,matthew.robinson35,jira.corp.local,INTERNAL,187227,WKSTN-U1071
NET011076,2026-06-08 13:58:00,U1027,patricia.brown75,confluence.corp.local,INTERNAL,327902,WKSTN-U1027
NET028841,2026-06-08 14:07:00,U1071,matthew.robinson35,jira.corp.local,,332350,WKSTN-U1071
NET011973,2026-06-08 13:59:00,U1029,michelle.garcia54,confluence.corp.local,INTERNAL,402883,WKSTN-U1029
NET022012,2026-06-08 13:58:00,U1054,anthony.martinez,mail.corp.local,INTERNAL,288801,WKSTN-U1054
NET025610,2026-06-08 13:57:00,U1063,john.nguyen,confluence.corp.local,INTERNAL,97999,WKSTN-U1063
NET005275,2026-06-08 14:07:00,U1014,james.taylor,jira.corp.local,INTERNAL,56068,WKSTN-U1014
NET002906,2026-06-08 14:28:00,U1008,joshua.hernandez,mail.corp.local,INTERNAL,295296,WKSTN-U1008
NET034655,2026-06-08 14:23:00,U1085,barbara.walker67,mail.corp.local,INTERNAL,381905,WKSTN-U1085
NET000928,2026-06-08 14:17:00,U1003,kenneth.clark29,jira.corp.local,INTERNAL,302933,WKSTN-U1003
NET015635,2026-06-08 14:38:00,U1038,emily.clark,linkedin.com,EXTERNAL,12761,WKSTN-U1038
NET032023,2026-06-08 14:16:00,U1079,emily.jones,sharepoint.corp.local,INTERNAL,415458,WKSTN-U1079
NET014038,2026-06-08 14:25:00,U1034,  thomas.allen63 ,sharepoint.corp.local,,354408,WKSTN-U1034
NET007496,2026-06-08 14:34:00,U1019,donna.anderson,news.com,EXTERNAL,18696,WKSTN-U1019
NET039111,2026-06-08 14:18:00,U1095,richard.thomas74,hr-portal.corp.local,INTERNAL,85718,WKSTN-U1095
NET007024,2026-06-08 14:13:00,U1018,betty.white57,sharepoint.corp.local,INTERNAL,46016,WKSTN-U1018
NET021202,2026-06-08 14:36:00,U1052,paul.taylor,mail.corp.local,INTERNAL,142055,WKSTN-U1052
NET039112,2026-06-08 14:21:00,U1095,richard.thomas74,linkedin.com,EXTERNAL,18039,WKSTN-U1095
NET032441,2026-06-08 14:33:00,U1080,joseph.jackson91,mail.corp.local,INTERNAL,199516,WKSTN-U1080
NET022807,2026-06-08 14:35:00,U1056,anthony.clark,sharepoint.corp.local,INTERNAL,101728,WKSTN-U1056
NET015633,2026-06-08 14:28:00,U1038,emily.clark,jira.corp.local,internal,266757,WKSTN-U1038
NET016032,2026-06-08 14:36:00,U1039,mark.thomas,jira.corp.local,INTERNAL,76078,WKSTN-U1039
NET040706,2026-06-08 14:39:00,U1099,joseph.garcia,sharepoint.corp.local,INTERNAL,335575,WKSTN-U1099
NET037806,2026-06-08 14:38:00,U1092,steven.thomas,jira.corp.local,INTERNAL,249252,WKSTN-U1092
NET011074,2026-06-08 14:35:00,U1027,patricia.brown75,mail.corp.local,INTERNAL,302055,WKSTN-U1027
NET010181,2026-06-08 14:30:00,U1025,betty.brown22,vpn.corp.local,INTERNAL,441436,WKSTN-U1025
NET018405,2026-06-08 14:35:00,U1045,daniel.sanchez90,hr-portal.corp.local,INTERNAL,96820,WKSTN-U1045
NET007494,2026-06-08 14:40:00,U1019,donna.anderson,confluence.corp.local,INTERNAL,159726,WKSTN-U1019
NET016423,2026-06-08 14:29:00,U1040,matthew.martin,jira.corp.local,INTERNAL,202239,WKSTN-U1040
NET009286,2026-06-08 14:39:00,U1023,richard.wright,jira.corp.local,INTERNAL,488098,WKSTN-U1023
NET032871,2026-06-08 14:41:00,U1081,margaret.davis,jira.corp.local,INTERNAL,16956,WKSTN-U1081
NET030434,2026-06-08 14:26:00,U1075,steven.lewis,mail.corp.local,INTERNAL,110880,WKSTN-U1075
NET030435,2026-06-08 15:07:00,U1075,steven.lewis,mail.corp.local,INTERNAL,390023,WKSTN-U1075
NET020816,2026-06-08 15:07:00,U1051,sandra.king72,hr-portal.corp.local,INTERNAL,15584,  WKSTN-U1051 
NET000114,2026-06-08 14:49:00,U1001,LINDA.JOHNSON95	,jira.corp.local,INTERNAL,481639,WKSTN-U1001
NET021203,2026-06-08 15:07:00,U1052,,vpn.corp.local,INTERNAL,236755,WKSTN-U1052
NET013253,2026-06-08 14:54:00,U1032,paul.wright91,hr-portal.corp.local,INTERNAL,313999,WKSTN-U1032
NET038250,2026-06-08 15:05:00,U1093,sarah.clark44,confluence.corp.local,INTERNAL,56198,WKSTN-U1093
NET036450,2026-06-08 14:41:00,U1089,paul.brown27,confluence.corp.local,INTERNAL,79919,WKSTN-U1089
NET033309,2026-06-08 14:45:00,U1082,,jira.corp.local,INTERNAL,308630,WKSTN-U1082
NET000518,2026-06-08 15:06:00,U1002,donna.ramirez,vpn.corp.local,INTERNAL,399711,WKSTN-U1002
NET002517,2026-06-08 14:48:00,U1007,sarah.robinson82,sharepoint.corp.local,INTERNAL,423375,WKSTN-U1007
NET024402,2026-06-08 15:10:00,U1060,matthew.anderson,jira.corp.local,,292476,WKSTN-U1060
NET009736,2026-06-08 14:52:00,U1024,emily.miller,confluence.corp.local,,406200,WKSTN-U1024
NET027583,2026-06-08 14:58:00,U1068,susan.thompson34,jira.corp.local,INTERNAL,120798,WKSTN-U1068
NET006090,2026-06-08 15:01:00,U1016,patricia.thomas,,INTERNAL,495395,WKSTN-U1016
NET002905,2026-06-08 14:43:00,U1008,joshua.hernandez,vpn.corp.local,INTERNAL,42213,WKSTN-U1008
NET031206,2026-06-08 15:14:00,U1077,kimberly.harris58,mail.corp.local,INTERNAL,169533,WKSTN-U1077
NET011550,2026-06-08 14:57:00,U1028,john.hill,sharepoint.corp.local,INTERNAL,372805,WKSTN-U1028
NET036453,2026-06-08 14:50:00,U1089,paul.brown27,vpn.corp.local,INTERNAL,334144,WKSTN-U1089
NET028003,2026-06-08 14:53:00,U1069,jessica.clark,hr-portal.corp.local,INTERNAL,194096,
NET015634,2026-06-08 15:13:00,U1038,emily.clark,hr-portal.corp.local,INTERNAL,100515,WKSTN-U1038
NET034653,2026-06-08 15:04:00,U1085,barbara.walker67,hr-portal.corp.local,INTERNAL,375816,WKSTN-U1085
NET037807,2026-06-08 14:53:00,U1092,steven.thomas,jira.corp.local,INTERNAL,35014,WKSTN-U1092
NET027581,2026-06-08 14:58:00,U1068,susan.thompson34,sharepoint.corp.local,INTERNAL,435444,WKSTN-U1068
NET026004,2026-06-08 14:54:00,U1064,,sharepoint.corp.local,internal,152083,WKSTN-U1064
NET011075,2026-06-08 14:50:00,U1027,patricia.brown75,hr-portal.corp.local,INTERNAL,93059,WKSTN-U1027
NET003683,2026-06-08 15:17:00,U1010,,vpn.corp.local,INTERNAL,161641,WKSTN-U1010
NET035095,2026-06-08 15:44:00,U1086,steven.thompson53,confluence.corp.local,INTERNAL,245789,WKSTN-U1086
NET022013,2026-06-08 15:45:00,U1054,anthony.martinez,vpn.corp.local,INTERNAL,241937,WKSTN-U1054
NET000929,2026-06-08 15:16:00,U1003,kenneth.clark29,jira.corp.local,INTERNAL,427870,WKSTN-U1003
NET033310,2026-06-08 15:30:00,U1082,karen.hill96,vpn.corp.local,INTERNAL,54870,WKSTN-U1082
NET026831,2026-06-08 15:51:00,U1066,michelle.wright62,mail.corp.local,INTERNAL,35332,WKSTN-U1066
NET024404,2026-06-08 15:53:00,U1060,matthew.anderson,confluence.corp.local,INTERNAL,296370,
NET038252,2026-06-08 15:21:00,U1093,sarah.clark44,sharepoint.corp.local,INTERNAL,315235,WKSTN-U1093
NET004040,2026-06-08 15:16:00,U1011,donna.ramirez75,mail.corp.local,INTERNAL,396818,WKSTN-U1011
NET019238,2026-06-08 15:34:00,U1047,sandra.lewis,vpn.corp.local,INTERNAL,152202,WKSTN-U1047
NET028413,2026-06-08 15:22:00,U1070,BETTY.THOMAS40,sharepoint.corp.local,INTERNAL,104922,WKSTN-U1070
NET024005,2026-06-08 15:49:00,U1059,daniel.perez98,vpn.corp.local,INTERNAL,315381,WKSTN-U1059
NET032873,2026-06-08 16:04:00,U1081,margaret.davis,,INTERNAL,29100,WKSTN-U1081
NET013254,2026-06-08 15:15:00,U1032,paul.wright91,vpn.corp.local,INTERNAL,127407,WKSTN-U1032
NET026832,2026-06-08 15:51:00,U1066,michelle.wright62,mail.corp.local,INTERNAL,127125,WKSTN-U1066
NET026400,2026-06-08 15:35:00,U1065,michael.ramirez47,hr-portal.corp.local,,436242,WKSTN-U1065
NET001723,2026-06-08 15:21:00,U1005,robert.robinson,hr-portal.corp.local,INTERNAL,301294,WKSTN-U1005
NET027222,2026-06-08 15:30:00,U1067,paul.thomas97,sharepoint.corp.local,INTERNAL,393119,WKSTN-U1067
NET025214,2026-06-08 16:04:00,U1062,william.martin,confluence.corp.local,INTERNAL,95875,WKSTN-U1062
NET027584,2026-06-08 15:38:00,U1068,susan.thompson34,hr-portal.corp.local,INTERNAL,65769,WKSTN-U1068
NET011972,2026-06-08 15:35:00,U1029,michelle.garcia54,mail.corp.local,INTERNAL,203837,WKSTN-U1029
NET032442,2026-06-08 15:46:00,U1080,joseph.jackson91,hr-portal.corp.local,INTERNAL,141653,WKSTN-U1080
NET001724,2026-06-08 15:24:00,U1005,robert.robinson	,jira.corp.local,INTERNAL,,WKSTN-U1005
NET030825,2026-06-08 15:59:00,U1076,  john.torres ,confluence.corp.local,INTERNAL,129501,WKSTN-U1076
NET030431,2026-06-08 15:56:00,U1075,steven.lewis,sharepoint.corp.local,INTERNAL,242315,WKSTN-U1075
NET029238,2026-06-08 16:18:00,U1072,kenneth.lopez,sharepoint.corp.local,INTERNAL,91601,WKSTN-U1072
NET002135,2026-06-08 16:08:00,U1006,george.gonzalez,sharepoint.corp.local,INTERNAL,87566,WKSTN-U1006
NET036911,2026-06-08 16:12:00,U1090,mary.hill,sharepoint.corp.local,INTERNAL,495521,WKSTN-U1090
NET036024,2026-06-08 16:46:00,U1088,andrew.smith85,jira.corp.local,INTERNAL,39979,WKSTN-U1088
NET016424,2026-06-08 16:31:00,U1040,matthew.martin,jira.corp.local,INTERNAL,362733,WKSTN-U1040
NET038695,2026-06-08 16:18:00,U1094,elizabeth.lewis69,jira.corp.local,INTERNAL,335363,WKSTN-U1094
NET012840,2026-06-08 16:19:00,U1031,john.wright28,vpn.corp.local,INTERNAL,340142,WKSTN-U1031
NET028005,2026-06-08 16:27:00,U1069,jessica.clark,jira.corp.local,INTERNAL,376893,WKSTN-U1069
NET026401,2026-06-08 16:32:00,U1065,michael.ramirez47,vpn.corp.local,INTERNAL,496766,WKSTN-U1065
NET015222,2026-06-08 16:33:00,U1037,robert.martin,jira.corp.local,INTERNAL,187036,WKSTN-U1037
NET031606,2026-06-08 16:24:00,U1078,michelle.miller,vpn.corp.local	,,246240,WKSTN-U1078
NET022806,2026-06-08 16:41:00,U1056,anthony.clark,  hr-portal.corp.local ,INTERNAL,252600,WKSTN-U1056
NET019643,2026-06-08 16:50:00,U1048,jennifer.thomas87,confluence.corp.local,INTERNAL,,WKSTN-U1048
NET022429,2026-06-08 16:07:00,U1055,patricia.wilson54,vpn.corp.local,INTERNAL,147795,WKSTN-U1055
NET032439,2026-06-08 16:08:00,U1080,joseph.jackson91,hr-portal.corp.local,INTERNAL,N/A,WKSTN-U1080
NET019641,2026-06-08 16:19:00,U1048,jennifer.thomas87,confluence.corp.local,INTERNAL,253137,WKSTN-U1048
NET039512,2026-06-08 16:17:00,U1096,david.allen76,vpn.corp.local,INTERNAL,274992,WKSTN-U1096
NET015223,2026-06-08 16:43:00,U1037,robert.martin,hr-portal.corp.local,INTERNAL,70544,WKSTN-U1037
NET028414,2026-06-08 16:50:00,U1070,betty.thomas40,sharepoint.corp.local,INTERNAL,34211,WKSTN-U1070
NET026402,2026-06-08 16:47:00,U1065,michael.ramirez47,confluence.corp.local,INTERNAL,354861,WKSTN-U1065
NET001340,2026-06-08 16:08:00,U1004,elizabeth.wilson98,jira.corp.local,INTERNAL,379222,WKSTN-U1004
NET013653,2026-06-08 16:37:00,U1033,linda.miller,sharepoint.corp.local,INTERNAL,480190,WKSTN-U1033
NET000931,2026-06-08 16:16:00,U1003,kenneth.clark29,jira.corp.local,INTERNAL,292158,WKSTN-U1003
NET022803,2026-06-08 16:16:00,U1056,,hr-portal.corp.local,INTERNAL,346123,WKSTN-U1056
NET017627,2026-06-08 16:24:00,U1043,thomas.williams91,vpn.corp.local,INTERNAL,151667,WKSTN-U1043
NET011969,2026-06-08 17:00:00,U1029,michelle.garcia54,vpn.corp.local,INTERNAL,235289,WKSTN-U1029
NET007513,2026-06-09 08:13:00,U1019,donna.anderson,confluence.corp.local,INTERNAL,6089,WKSTN-U1019
NET028023,2026-06-09 07:43:00,U1069,jessica.clark,jira.corp.local,internal,78360,WKSTN-U1069
NET013672,2026-06-09 07:46:00,U1033,linda.miller,mail.corp.local,INTERNAL,376689,WKSTN-U1033
NET028840,2026-06-08 17:01:00,U1071,matthew.robinson35,hr-portal.corp.local,INTERNAL,388814,WKSTN-U1071
NET019258,2026-06-09 07:49:00,U1047,sandra.lewis,jira.corp.local,INTERNAL,21951,WKSTN-U1047
NET013671,2026-06-09 08:29:00,U1033,linda.miller,sharepoint.corp.local,INTERNAL,272527,WKSTN-U1033
NET014844,2026-06-09 07:18:00,U1036,linda.jones,hr-portal.corp.local,INTERNAL,497173,WKSTN-U1036
NET004055,2026-06-09 07:58:00,U1011,donna.ramirez75,vpn.corp.local,INTERNAL,237981,WKSTN-U1011
NET032440,2026-06-08 17:15:00,U1080,joseph.jackson91,vpn.corp.local,INTERNAL,219815,WKSTN-U1080
NET011971,2026-06-08 17:59:00,U1029,michelle.garcia54,sharepoint.corp.local,INTERNAL,124494,WKSTN-U1029
NET003699,2026-06-09 08:28:00,U1010,  susan.young51 ,jira.corp.local,INTERNAL,132386,WKSTN-U1010
NET040724,2026-06-09 07:54:00,U1099,joseph.garcia,mail.corp.local,INTERNAL,173561,WKSTN-U1099
NET036050,2026-06-09 08:04:00,U1088,andrew.smith85,confluence.corp.local,INTERNAL,41124,WKSTN-U1088
NET038712,2026-06-09 08:09:00,U1094,elizabeth.lewis69,sharepoint.corp.local,,23429,WKSTN-U1094
NET018031,2026-06-09 08:26:00,U1044,lisa.ramirez9,vpn.corp.local,INTERNAL,440784,WKSTN-U1044
NET028004,2026-06-08 18:00:00,U1069,jessica.clark,hr-portal.corp.local,INTERNAL,280444,WKSTN-U1069
NET039511,2026-06-08 16:58:00,U1096,david.allen76,hr-portal.corp.local,INTERNAL,126057,WKSTN-U1096
NET018014,2026-06-08 17:40:00,U1044,lisa.ramirez9,jira.corp.local,INTERNAL,398234,WKSTN-U1044
NET040341,2026-06-09 07:58:00,U1098,nancy.wright49,mail.corp.local,INTERNAL,286717,WKSTN-U1098
NET016442,2026-06-09 07:56:00,U1040,matthew.martin,vpn.corp.local,INTERNAL,345548,WKSTN-U1040
NET038696,2026-06-08 16:55:00,U1094,elizabeth.lewis69,mail.corp.local,INTERNAL,66625,WKSTN-U1094
NET015655,2026-06-09 08:26:00,U1038,emily.clark,confluence.corp.local,INTERNAL,,WKSTN-U1038
NET020830,2026-06-09 07:52:00,U1051,sandra.king72,jira.corp.local,INTERNAL,157510,WKSTN-U1051
NET012838,2026-06-08 16:54:00,U1031,john.wright28,confluence.corp.local,INTERNAL,356026,WKSTN-U1031
NET024818,2026-06-09 09:07:00,U1061,jessica.rodriguez	,  confluence.corp.local ,INTERNAL,311231,WKSTN-U1061
NET004869,2026-06-09 09:19:00,U1013,emily.smith,sharepoint.corp.local,INTERNAL,170124,WKSTN-U1013
NET000952,2026-06-09 09:07:00,U1003,kenneth.clark29,linkedin.com,EXTERNAL,2590,WKSTN-U1003
NET023230,2026-06-09 09:02:00,U1057,nancy.sanchez,hr-portal.corp.local,INTERNAL,276675,WKSTN-U1057
NET018032,2026-06-09 09:22:00,U1044,lisa.ramirez9,jira.corp.local,INTERNAL,227139,WKSTN-U1044
NET012428,2026-06-09 08:52:00,U1030,betty.rodriguez86,mail.corp.local,INTERNAL,424260,WKSTN-U1030
NET027605,2026-06-09 09:10:00,U1068,susan.thompson34,vpn.corp.local,INTERNAL,347355,WKSTN-U1068
NET023614,2026-06-09 09:12:00,U1058,jennifer.ramirez18,linkedin.com,EXTERNAL,8742,WKSTN-U1058
NET035553,2026-06-09 09:25:00,U1087,charles.sanchez,hr-portal.corp.local,INTERNAL,369428,WKSTN-U1087
NET017243,2026-06-09 09:16:00,U1042,michael.hill56,hr-portal.corp.local,INTERNAL,442841,WKSTN-U1042
NET022824,2026-06-09 08:51:00,U1056,anthony.clark,mail.corp.local,INTERNAL,414306,WKSTN-U1056
NET026022,2026-06-09 09:09:00,U1064,matthew.wright55,jira.corp.local,INTERNAL,187482,WKSTN-U1064
NET034208,2026-06-09 09:19:00,U1084,joshua.taylor,hr-portal.corp.local,INTERNAL,157172,WKSTN-U1084
NET014456,2026-06-09 09:01:00,U1035,nancy.rodriguez82,hr-portal.corp.local,INTERNAL,401967,WKSTN-U1035
NET004053,2026-06-09 09:25:00,U1011,donna.ramirez75,vpn.corp.local,INTERNAL,404233,WKSTN-U1011
NET016842,2026-06-09 08:41:00,U1041,MATTHEW.ALLEN52,vpn.corp.local,INTERNAL,296581,WKSTN-U1041
NET002146,2026-06-09 09:11:00,U1006,george.gonzalez,confluence.corp.local,INTERNAL,488120,WKSTN-U1006
NET016444,2026-06-09 08:55:00,U1040,matthew.martin,jira.corp.local,INTERNAL,493171,WKSTN-U1040
NET021222,2026-06-09 09:05:00,U1052,paul.taylor,mail.corp.local,INTERNAL,203068,WKSTN-U1052
NET022826,2026-06-09 09:27:00,U1056,anthony.clark,sharepoint.corp.local,INTERNAL,206724,WKSTN-U1056
NET016838,2026-06-09 08:47:00,U1041,matthew.allen52,vpn.corp.local,INTERNAL,202557,WKSTN-U1041
NET001741,2026-06-09 09:16:00,U1005,robert.robinson,sharepoint.corp.local,INTERNAL,288067,WKSTN-U1005
NET023229,2026-06-09 08:58:00,U1057,nancy.sanchez,jira.corp.local,,381975,WKSTN-U1057
NET028020,2026-06-09 09:09:00,U1069,jessica.clark,vpn.corp.local,INTERNAL,460712,WKSTN-U1069
NET017244,2026-06-09 08:40:00,U1042,michael.hill56,mail.corp.local,INTERNAL,209823,WKSTN-U1042
NET005693,2026-06-09 09:40:00,U1015,lisa.hernandez	,vpn.corp.local,INTERNAL,366855,WKSTN-U1015
NET004868,2026-06-09 09:37:00,U1013,emily.smith,vpn.corp.local,INTERNAL,150861,WKSTN-U1013
NET039126,2026-06-09 09:41:00,U1095,richard.thomas74,confluence.corp.local,INTERNAL,247851,WKSTN-U1095
NET033767,2026-06-09 09:51:00,U1083,sarah.allen70,vpn.corp.local	,INTERNAL,406669,WKSTN-U1083
NET034673,2026-06-09 09:48:00,U1085,barbara.walker67,jira.corp.local,INTERNAL,196892,WKSTN-U1085
NET030047,2026-06-09 09:50:00,U1074,sarah.williams7,linkedin.com,EXTERNAL,19404,WKSTN-U1074
NET024021,2026-06-09 09:31:00,U1059,daniel.perez98,,,478169,WKSTN-U1059
NET030045,2026-06-09 09:48:00,U1074,sarah.williams7,confluence.corp.local,INTERNAL,237494,WKSTN-U1074
NET014842,2026-06-09 10:02:00,U1036,linda.jones,sharepoint.corp.local,INTERNAL,177565,WKSTN-U1036
NET039944,2026-06-09 09:52:00,U1097,mark.martinez10,hr-portal.corp.local,INTERNAL,453407,WKSTN-U1097
NET006109,2026-06-09 09:58:00,U1016,patricia.thomas,mail.corp.local,INTERNAL,407884,WKSTN-U1016
NET029253,2026-06-09 09:54:00,U1072,kenneth.lopez,hr-portal.corp.local,INTERNAL,346177,WKSTN-U1072
NET017645,2026-06-09 09:55:00,U1043,thomas.williams91,vpn.corp.local,INTERNAL,298727,WKSTN-U1043
NET013271,2026-06-09 09:50:00,U1032,paul.wright91,confluence.corp.local,INTERNAL,40366,WKSTN-U1032
NET005692,2026-06-09 09:37:00,U1015,lisa.hernandez,mail.corp.local,INTERNAL,169661,WKSTN-U1015
NET038272,2026-06-09 09:54:00,U1093,sarah.clark44,news.com,EXTERNAL,15958,WKSTN-U1093
NET020833,2026-06-09 09:58:00,U1051,sandra.king72,sharepoint.corp.local,INTERNAL,250033,WKSTN-U1051
NET029251,2026-06-09 09:36:00,U1072,kenneth.lopez,sharepoint.corp.local,INTERNAL,242748,WKSTN-U1072
NET003702,2026-06-09 09:36:00,U1010,susan.young51	,linkedin.com,EXTERNAL,17302,WKSTN-U1010
NET024024,2026-06-09 09:40:00,U1059,daniel.perez98,jira.corp.local,INTERNAL,498007,WKSTN-U1059
NET037831,2026-06-09 09:39:00,U1092,steven.thomas,sharepoint.corp.local,INTERNAL,3725,WKSTN-U1092
NET009311,2026-06-09 09:43:00,U1023,richard.wright,vpn.corp.local,INTERNAL,410169,WKSTN-U1023
NET009751,2026-06-09 09:40:00,U1024,emily.miller,vpn.corp.local,INTERNAL,186685,WKSTN-U1024
NET025230,2026-06-09 09:54:00,U1062,william.martin,mail.corp.local,INTERNAL,263150,WKSTN-U1062
NET037383,2026-06-09 09:42:00,U1091,linda.robinson,vpn.corp.local,INTERNAL,483782,WKSTN-U1091
NET040340,2026-06-09 10:07:00,U1098,nancy.wright49,vpn.corp.local,INTERNAL,148616,WKSTN-U1098
NET028440,2026-06-09 10:31:00,U1070,betty.thomas40,news.com,EXTERNAL,2062,WKSTN-U1070
NET022030,2026-06-09 10:16:00,U1054,anthony.martinez,confluence.corp.local,INTERNAL,228052,WKSTN-U1054
NET031224,2026-06-09 10:33:00,U1077,kimberly.harris58,vpn.corp.local,INTERNAL,389565,WKSTN-U1077
NET007043,2026-06-09 10:18:00,U1018,  betty.white57 ,mail.corp.local,INTERNAL,234018,WKSTN-U1018
NET018844,2026-06-09 10:16:00,U1046,michelle.torres39,hr-portal.corp.local,INTERNAL,349630,WKSTN-U1046
NET038709,2026-06-09 10:08:00,U1094,elizabeth.lewis69,vpn.corp.local,INTERNAL,315976,WKSTN-U1094
NET019661,2026-06-09 10:17:00,U1048,jennifer.thomas87,sharepoint.corp.local,INTERNAL,75792,WKSTN-U1048
NET036931,2026-06-09 10:06:00,U1090,mary.hill,vpn.corp.local,INTERNAL,75332,WKSTN-U1090
NET026021,2026-06-09 10:31:00,U1064,matthew.wright55,confluence.corp.local,INTERNAL,189804,WKSTN-U1064
NET015245,2026-06-09 10:07:00,U1037,robert.martin,news.com,EXTERNAL,19181,WKSTN-U1037
NET024419,2026-06-09 10:04:00,U1060,matthew.anderson,mail.corp.local,INTERNAL,352506,WKSTN-U1060
NET025231,2026-06-09 10:18:00,U1062,william.martin,vpn.corp.local,INTERNAL,,WKSTN-U1062	
NET004056,2026-06-09 10:05:00,U1011,donna.ramirez75	,mail.corp.local,internal,410074,WKSTN-U1011
NET013669,2026-06-09 10:04:00,U1033,linda.miller,sharepoint.corp.local,INTERNAL,90206,  WKSTN-U1033 
NET034212,2026-06-09 10:10:00,U1084,joshua.taylor,hr-portal.corp.local,INTERNAL,,WKSTN-U1084
NET003293,2026-06-09 10:06:00,U1009,daniel.brown,vpn.corp.local	,INTERNAL,84787,WKSTN-U1009
NET028022,2026-06-09 10:31:00,U1069,jessica.clark,vpn.corp.local,INTERNAL,71200,WKSTN-U1069
NET000535,2026-06-09 10:15:00,U1002,donna.ramirez,sharepoint.corp.local,INTERNAL,373851,WKSTN-U1002
NET039947,2026-06-09 10:18:00,U1097,mark.martinez10,news.com,EXTERNAL,3190,WKSTN-U1097
NET024420,2026-06-09 10:24:00,U1060,MATTHEW.ANDERSON,hr-portal.corp.local,INTERNAL,178001,WKSTN-U1060
NET026023,2026-06-09 10:11:00,U1064,matthew.wright55,jira.corp.local,INTERNAL,241562,WKSTN-U1064
NET000950,2026-06-09 10:23:00,U1003,kenneth.clark29,hr-portal.corp.local,INTERNAL,368366,WKSTN-U1003
NET028438,2026-06-09 10:19:00,U1070,betty.thomas40,confluence.corp.local,INTERNAL,332051,WKSTN-U1070
NET009752,2026-06-09 10:22:00,U1024,emily.miller,sharepoint.corp.local,INTERNAL,209599,WKSTN-U1024
NET019662,2026-06-09 10:43:00,U1048,jennifer.thomas87,hr-portal.corp.local,INTERNAL,214967,WKSTN-U1048
NET035557,2026-06-09 10:33:00,U1087,charles.sanchez,confluence.corp.local,INTERNAL,268170,WKSTN-U1087
NET022031,2026-06-09 10:38:00,U1054,anthony.martinez,confluence.corp.local,INTERNAL,327131,WKSTN-U1054
NET016046,2026-06-09 10:53:00,U1039,mark.thomas,vpn.corp.local,INTERNAL,11032,WKSTN-U1039
NET012855,2026-06-09 10:42:00,U1031,john.wright28,,INTERNAL,375894,WKSTN-U1031
NET014845,2026-06-09 10:45:00,U1036,linda.jones,confluence.corp.local,INTERNAL,11789,WKSTN-U1036
NET035121,2026-06-09 10:34:00,U1086,steven.thompson53,mail.corp.local,internal,368376,WKSTN-U1086
NET028019,2026-06-09 10:59:00,U1069,jessica.clark,mail.corp.local,INTERNAL,302275,WKSTN-U1069
NET020419,2026-06-09 11:04:00,U1050,michael.ramirez,jira.corp.local,INTERNAL,169001,WKSTN-U1050
NET040722,2026-06-09 11:05:00,U1099,joseph.garcia,hr-portal.corp.local,INTERNAL,403913,WKSTN-U1099
NET040723,2026-06-09 10:56:00,U1099,joseph.garcia,jira.corp.local,INTERNAL,120035,WKSTN-U1099
NET020834,2026-06-09 10:59:00,U1051,sandra.king72,sharepoint.corp.local,INTERNAL,252863,WKSTN-U1051
NET013670,2026-06-09 10:43:00,U1033,linda.miller,hr-portal.corp.local,INTERNAL,442991,WKSTN-U1033
NET035555,2026-06-09 10:36:00,U1087,charles.sanchez,confluence.corp.local,INTERNAL,322801,WKSTN-U1087
NET028860,2026-06-09 10:56:00,U1071,matthew.robinson35,confluence.corp.local,INTERNAL,188592,WKSTN-U1071
NET011097,2026-06-09 10:46:00,U1027,patricia.brown75,confluence.corp.local,INTERNAL,25422,WKSTN-U1027
NET038270,2026-06-09 11:02:00,U1093,sarah.clark44,sharepoint.corp.local,INTERNAL,380409,WKSTN-U1093
NET009309,2026-06-09 11:04:00,U1023,richard.wright,sharepoint.corp.local,INTERNAL,81897,WKSTN-U1023
NET003292,2026-06-09 10:44:00,U1009,daniel.brown,confluence.corp.local,INTERNAL,159985,WKSTN-U1009
NET033768,2026-06-09 10:56:00,U1083,sarah.allen70,news.com,EXTERNAL,9452,WKSTN-U1083
NET035120,2026-06-09 11:05:00,U1086,steven.thompson53,sharepoint.corp.local,INTERNAL,265037,WKSTN-U1086
NET012857,2026-06-09 10:38:00,U1031,john.wright28,mail.corp.local,INTERNAL,13429,WKSTN-U1031
NET028861,2026-06-09 10:38:00,U1071,matthew.robinson35,confluence.corp.local,INTERNAL,439491,WKSTN-U1071
NET001740,2026-06-09 10:48:00,U1005,robert.robinson	,hr-portal.corp.local,INTERNAL,257268,WKSTN-U1005
NET012429,2026-06-09 10:41:00,U1030,betty.rodriguez86,sharepoint.corp.local,INTERNAL,175665,WKSTN-U1030
NET009754,2026-06-09 11:24:00,U1024,emily.miller	,mail.corp.local,INTERNAL,40966,WKSTN-U1024	
NET000538,2026-06-09 11:33:00,U1002,donna.ramirez,confluence.corp.local,INTERNAL,430963,WKSTN-U1002
NET026417,2026-06-09 11:24:00,U1065,michael.ramirez47,vpn.corp.local,INTERNAL,8066,WKSTN-U1065
NET002538,2026-06-09 11:27:00,U1007,sarah.robinson82,hr-portal.corp.local,INTERNAL,159822,WKSTN-U1007
NET012430,2026-06-09 11:31:00,U1030,betty.rodriguez86,hr-portal.corp.local,INTERNAL,440759,WKSTN-U1030
NET015657,2026-06-09 11:11:00,U1038,emily.clark,news.com,EXTERNAL,14226,WKSTN-U1038
NET008854,2026-06-09 11:36:00,U1022,sandra.brown,sharepoint.corp.local,INTERNAL,186915,WKSTN-U1022
NET002149,2026-06-09 11:17:00,U1006,george.gonzalez,vpn.corp.local,,445780,WKSTN-U1006
NET022825,2026-06-09 11:08:00,U1056,anthony.clark,confluence.corp.local,INTERNAL,99338,  WKSTN-U1056 
NET004450,2026-06-09 11:41:00,U1012,linda.martinez,confluence.corp.local,INTERNAL,62749,WKSTN-U1012
NET002150,2026-06-09 11:29:00,U1006,george.gonzalez,sharepoint.corp.local,INTERNAL,187512,WKSTN-U1006
NET016841,2026-06-09 11:19:00,U1041,matthew.allen52	,  jira.corp.local ,INTERNAL,139994,WKSTN-U1041
NET025628,2026-06-09 11:32:00,U1063,john.nguyen,mail.corp.local,INTERNAL,124789,WKSTN-U1063
NET002151,2026-06-09 11:15:00,U1006,george.gonzalez,news.com,EXTERNAL,10276,WKSTN-U1006
NET021611,2026-06-09 11:39:00,U1053,  john.jackson31 ,hr-portal.corp.local,INTERNAL,423515,WKSTN-U1053
NET002920,2026-06-09 11:12:00,U1008,joshua.hernandez,hr-portal.corp.local,INTERNAL,91319,WKSTN-U1008
NET000536,2026-06-09 11:07:00,U1002,donna.ramirez,confluence.corp.local,INTERNAL,208746,WKSTN-U1002
NET036932,2026-06-09 11:32:00,U1090,mary.hill,jira.corp.local,INTERNAL,231458,WKSTN-U1090
NET014846,2026-06-09 11:29:00,U1036,linda.jones,sharepoint.corp.local,INTERNAL,32553,WKSTN-U1036
NET004449,2026-06-09 11:16:00,U1012,linda.martinez,confluence.corp.local,INTERNAL,176958,WKSTN-U1012
NET018033,2026-06-09 11:19:00,U1044,lisa.ramirez9,vpn.corp.local,INTERNAL,218133,WKSTN-U1044
NET039527,2026-06-09 11:24:00,U1096,david.allen76,hr-portal.corp.local,INTERNAL,205433,WKSTN-U1096
NET020027,2026-06-09 11:16:00,U1049,michelle.jones59,sharepoint.corp.local,INTERNAL,114297,WKSTN-U1049
NET004052,2026-06-09 11:34:00,U1011,donna.ramirez75,mail.corp.local,INTERNAL,999999,WKSTN-U1011
NET023613,2026-06-09 11:41:00,U1058,jennifer.ramirez18,mail.corp.local,INTERNAL,471225,WKSTN-U1058
NET034675,2026-06-09 12:12:00,U1085,barbara.walker67,mail.corp.local,INTERNAL,118099,WKSTN-U1085
NET039528,2026-06-09 11:42:00,U1096,DAVID.ALLEN76,hr-portal.corp.local,INTERNAL,120852,WKSTN-U1096
NET018843,2026-06-09 11:51:00,U1046,michelle.torres39,confluence.corp.local,INTERNAL,449216,WKSTN-U1046
NET000129,2026-06-09 12:06:00,U1001,linda.johnson95,confluence.corp.local,INTERNAL,408961,WKSTN-U1001
NET010651,2026-06-09 12:10:00,U1026,elizabeth.gonzalez,confluence.corp.local,INTERNAL,149860,WKSTN-U1026
NET039529,2026-06-09 11:44:00,U1096,david.allen76,  linkedin.com ,EXTERNAL,2054,WKSTN-U1096
NET005292,2026-06-09 11:46:00,U1014,james.taylor,news.com,EXTERNAL,4168,WKSTN-U1014
NET002919,2026-06-09 11:47:00,U1008,joshua.hernandez,confluence.corp.local,INTERNAL,400997,WKSTN-U1008
NET007951,2026-06-09 12:12:00,U1020,andrew.thomas36,mail.corp.local,INTERNAL,41671,WKSTN-U1020
NET019262,2026-06-09 12:02:00,U1047,sandra.lewis,news.com,EXTERNAL,548,WKSTN-U1047
NET016441,2026-06-09 12:09:00,U1040,matthew.martin,mail.corp.local,INTERNAL,202433,WKSTN-U1040
NET037830,2026-06-09 12:07:00,U1092,steven.thomas,vpn.corp.local,INTERNAL,412297,WKSTN-U1092
NET034210,2026-06-09 11:47:00,U1084,,mail.corp.local,INTERNAL,356070,WKSTN-U1084
NET037829,2026-06-09 12:03:00,U1092,steven.thomas,hr-portal.corp.local,INTERNAL,421857,WKSTN-U1092
NET010204,2026-06-09 12:01:00,U1025,betty.brown22,confluence.corp.local,INTERNAL,309643,WKSTN-U1025
NET003700,2026-06-09 11:57:00,U1010,susan.young51,sharepoint.corp.local,INTERNAL,256272,WKSTN-U1010
NET014843,2026-06-09 11:53:00,U1036,linda.jones,vpn.corp.local,INTERNAL,298209,WKSTN-U1036
NET034674,2026-06-09 12:10:00,U1085,barbara.walker67,hr-portal.corp.local,INTERNAL,446891,WKSTN-U1085
NET016047,2026-06-09 12:09:00,U1039,mark.thomas,confluence.corp.local,INTERNAL,286709,WKSTN-U1039	
NET028862,2026-06-09 11:45:00,U1071,matthew.robinson35,confluence.corp.local,INTERNAL,214514,WKSTN-U1071
NET039943,2026-06-09 12:10:00,U1097,mark.martinez10,confluence.corp.local	,INTERNAL,464231,WKSTN-U1097
NET018423,2026-06-09 12:09:00,U1045,daniel.sanchez90,jira.corp.local,INTERNAL,165351,WKSTN-U1045
NET033326,2026-06-09 11:48:00,U1082,karen.hill96,vpn.corp.local,INTERNAL,139201,WKSTN-U1082
NET017643,2026-06-09 12:10:00,U1043,thomas.williams91,  hr-portal.corp.local ,INTERNAL,253641,WKSTN-U1043
NET012427,2026-06-09 11:53:00,U1030,betty.rodriguez86,confluence.corp.local,INTERNAL,14750,WKSTN-U1030
NET009312,2026-06-09 12:24:00,U1023,richard.wright,mail.corp.local,INTERNAL,346889,  WKSTN-U1023 
NET019663,2026-06-09 12:40:00,U1048,jennifer.thomas87,confluence.corp.local,INTERNAL,5949,WKSTN-U1048
NET029648,2026-06-09 12:18:00,U1073,michael.gonzalez,jira.corp.local,INTERNAL,307418,WKSTN-U1073
NET023612,2026-06-09 12:22:00,U1058,jennifer.ramirez18,confluence.corp.local,INTERNAL,34097,WKSTN-U1058
NET032890,2026-06-09 12:18:00,U1081,margaret.davis,confluence.corp.local,INTERNAL,204065,WKSTN-U1081
NET013270,2026-06-09 12:13:00,U1032,paul.wright91,hr-portal.corp.local,INTERNAL,298177,WKSTN-U1032
NET035554,2026-06-09 12:44:00,U1087,charles.sanchez,mail.corp.local,,216419,WKSTN-U1087
NET039945,2026-06-09 12:37:00,U1097,mark.martinez10,jira.corp.local,INTERNAL,20021,WKSTN-U1097
NET019257,2026-06-09 12:50:00,U1047,sandra.lewis,hr-portal.corp.local,INTERNAL,47890,WKSTN-U1047
NET011566,2026-06-09 12:29:00,U1028,john.hill,mail.corp.local,INTERNAL,27294,WKSTN-U1028
NET019261,2026-06-09 12:51:00,U1047,sandra.lewis,sharepoint.corp.local,INTERNAL,213140,WKSTN-U1047
NET028021,2026-06-09 12:28:00,U1069,jessica.clark,vpn.corp.local,INTERNAL,30787,WKSTN-U1069
NET024421,2026-06-09 12:38:00,U1060,matthew.anderson,vpn.corp.local,INTERNAL,271919,WKSTN-U1060
NET035119,2026-06-09 12:23:00,U1086,steven.thompson53,sharepoint.corp.local,INTERNAL,75244,WKSTN-U1086
NET030451,2026-06-09 12:31:00,U1075,steven.lewis,jira.corp.local,INTERNAL,162611,WKSTN-U1075
NET033325,2026-06-09 12:47:00,U1082,karen.hill96,vpn.corp.local,INTERNAL,231698,WKSTN-U1082
NET020831,2026-06-09 12:42:00,U1051,sandra.king72,jira.corp.local,INTERNAL,182736,WKSTN-U1051
NET016443,2026-06-09 12:22:00,U1040,matthew.martin,jira.corp.local,INTERNAL,122738,WKSTN-U1040
NET016840,2026-06-09 12:37:00,U1041,matthew.allen52,hr-portal.corp.local,INTERNAL,96061,WKSTN-U1041
NET031626,2026-06-09 12:21:00,U1078,michelle.miller,confluence.corp.local,INTERNAL,38020,WKSTN-U1078
NET014052,2026-06-09 12:32:00,U1034,thomas.allen63,vpn.corp.local,INTERNAL,371455,WKSTN-U1034
NET003295,2026-06-09 12:47:00,U1009,daniel.brown,sharepoint.corp.local,INTERNAL,280081,WKSTN-U1009
NET001742,2026-06-09 12:13:00,U1005,robert.robinson,sharepoint.corp.local,INTERNAL,457354,WKSTN-U1005
NET027604,2026-06-09 12:49:00,U1068,susan.thompson34	,sharepoint.corp.local,INTERNAL,133040,WKSTN-U1068
NET026418,2026-06-09 12:35:00,U1065,michael.ramirez47,sharepoint.corp.local,INTERNAL,272327,WKSTN-U1065
NET001356,2026-06-09 12:58:00,U1004,elizabeth.wilson98,sharepoint.corp.local,INTERNAL,22002,WKSTN-U1004
NET006575,2026-06-09 13:13:00,U1017,emily.hernandez34,jira.corp.local,INTERNAL,130735,WKSTN-U1017
NET012854,2026-06-09 13:07:00,U1031,john.wright28,vpn.corp.local,INTERNAL,415589,WKSTN-U1031
NET031628,2026-06-09 12:57:00,U1078,michelle.miller,hr-portal.corp.local,INTERNAL,362209,WKSTN-U1078
NET008858,2026-06-09 13:13:00,U1022,sandra.brown	,jira.corp.local,INTERNAL,17004,WKSTN-U1022
NET022028,2026-06-09 13:11:00,U1054,anthony.martinez,jira.corp.local,INTERNAL,134306,WKSTN-U1054
NET016839,2026-06-09 12:59:00,U1041,matthew.allen52,mail.corp.local,INTERNAL,274918,WKSTN-U1041
NET034672,2026-06-09 12:56:00,U1085,barbara.walker67,jira.corp.local,INTERNAL,236874,WKSTN-U1085
NET034211,2026-06-09 13:13:00,U1084,,confluence.corp.local,INTERNAL,219161,WKSTN-U1084
NET004057,2026-06-09 12:59:00,U1011,donna.ramirez75,linkedin.com,EXTERNAL,-15619.0,WKSTN-U1011	
NET024022,2026-06-09 13:21:00,U1059,daniel.perez98,mail.corp.local,INTERNAL,154651,WKSTN-U1059	
NET011099,2026-06-09 13:02:00,U1027,patricia.brown75,news.com,EXTERNAL,5273,WKSTN-U1027
NET038271,2026-06-09 13:19:00,U1093,sarah.clark44,mail.corp.local,INTERNAL,94916,WKSTN-U1093
NET011989,2026-06-09 13:12:00,U1029,michelle.garcia54,vpn.corp.local,INTERNAL,320454,WKSTN-U1029
NET003291,2026-06-09 13:18:00,U1009,daniel.brown,confluence.corp.local,INTERNAL,369890,WKSTN-U1009
NET026846,2026-06-09 12:58:00,U1066,michelle.wright62,jira.corp.local,INTERNAL,297129,WKSTN-U1066
NET034213,2026-06-09 13:09:00,U1084,joshua.taylor,news.com,EXTERNAL,16808,WKSTN-U1084
NET022029,2026-06-09 13:12:00,U1054,anthony.martinez,sharepoint.corp.local,INTERNAL,233482,WKSTN-U1054
NET011993,2026-06-09 13:18:00,U1029,michelle.garcia54,mail.corp.local,INTERNAL,252820,WKSTN-U1029
NET032891,2026-06-09 13:02:00,U1081,margaret.davis,hr-portal.corp.local,INTERNAL,280271,WKSTN-U1081
NET038708,2026-06-09 12:54:00,U1094,ELIZABETH.LEWIS69,,INTERNAL,113978,WKSTN-U1094
NET032889,2026-06-09 13:21:00,U1081,margaret.davis,mail.corp.local,INTERNAL,465866,WKSTN-U1081
NET032040,2026-06-09 13:00:00,U1079,emily.jones,sharepoint.corp.local,INTERNAL,115951,WKSTN-U1079
NET025232,2026-06-09 13:00:00,U1062,william.martin,confluence.corp.local,INTERNAL,499642,  WKSTN-U1062 
NET001743,2026-06-09 13:21:00,U1005,robert.robinson,weather.com,EXTERNAL,10648,WKSTN-U1005
NET001357,2026-06-09 13:25:00,U1004,elizabeth.wilson98,hr-portal.corp.local,INTERNAL,403971,WKSTN-U1004
NET030845,2026-06-09 13:36:00,U1076,john.torres,hr-portal.corp.local,INTERNAL,413736,WKSTN-U1076
NET030046,2026-06-09 13:22:00,U1074,sarah.williams7,confluence.corp.local,INTERNAL,128961,WKSTN-U1074
NET007044,2026-06-09 13:38:00,U1018,betty.white57,hr-portal.corp.local,INTERNAL,486221,WKSTN-U1018
NET007949,2026-06-09 13:35:00,U1020,andrew.thomas36,mail.corp.local,INTERNAL,283898,WKSTN-U1020
NET010203,2026-06-09 13:37:00,U1025,betty.brown22,jira.corp.local	,INTERNAL,390357,WKSTN-U1025
NET025625,2026-06-09 13:33:00,U1063,,jira.corp.local,INTERNAL,461535,WKSTN-U1063
NET009313,2026-06-09 13:49:00,U1023,richard.wright,vpn.corp.local,INTERNAL,183937,WKSTN-U1023
NET005291,2026-06-09 13:49:00,U1014,james.taylor,vpn.corp.local,INTERNAL,399696,WKSTN-U1014
NET015243,2026-06-09 13:28:00,U1037,robert.martin,jira.corp.local,INTERNAL,465591,WKSTN-U1037
NET000537,2026-06-09 13:22:00,U1002,donna.ramirez,sharepoint.corp.local,INTERNAL,356039,WKSTN-U1002
NET007042,2026-06-09 13:23:00,U1018,betty.white57,vpn.corp.local,INTERNAL,431446,WKSTN-U1018
NET006573,2026-06-09 13:22:00,U1017,emily.hernandez34,jira.corp.local,INTERNAL,286116,WKSTN-U1017
NET019259,2026-06-09 13:54:00,U1047,sandra.lewis,jira.corp.local,INTERNAL,119330,WKSTN-U1047
NET011567,2026-06-09 13:45:00,U1028,john.hill,sharepoint.corp.local,INTERNAL,180456,WKSTN-U1028
NET030452,2026-06-09 13:48:00,U1075,steven.lewis,sharepoint.corp.local,INTERNAL,72667,WKSTN-U1075
NET036475,2026-06-09 13:32:00,U1089,paul.brown27,confluence.corp.local,INTERNAL,240171,WKSTN-U1089
NET017646,2026-06-09 13:40:00,U1043,thomas.williams91,vpn.corp.local,INTERNAL,117404,WKSTN-U1043
NET005290,2026-06-09 13:51:00,U1014,james.taylor,jira.corp.local	,INTERNAL,409624,WKSTN-U1014
NET017647,2026-06-09 13:45:00,U1043,thomas.williams91,sharepoint.corp.local,INTERNAL,289873,WKSTN-U1043
NET041102,2026-06-09 13:49:00,U1100,daniel.brown38,jira.corp.local,INTERNAL,271096,WKSTN-U1100
NET035556,2026-06-09 13:33:00,U1087,charles.sanchez,jira.corp.local,INTERNAL,,WKSTN-U1087
NET014051,2026-06-09 13:51:00,U1034,thomas.allen63,sharepoint.corp.local,INTERNAL,320848,WKSTN-U1034
NET008855,2026-06-09 13:34:00,U1022,sandra.brown,sharepoint.corp.local,INTERNAL,259778,WKSTN-U1022
NET004871,2026-06-09 13:22:00,U1013,emily.smith,news.com,EXTERNAL,10848,  WKSTN-U1013 
NET002148,2026-06-09 14:22:00,U1006,george.gonzalez,sharepoint.corp.local,INTERNAL,491426,WKSTN-U1006
NET010653,2026-06-09 14:07:00,U1026,elizabeth.gonzalez,vpn.corp.local,INTERNAL,388897,WKSTN-U1026
NET039128,2026-06-09 14:18:00,U1095,richard.thomas74,confluence.corp.local,INTERNAL,399008,WKSTN-U1095
NET011992,2026-06-09 14:18:00,U1029,michelle.garcia54,hr-portal.corp.local,INTERNAL,196076,WKSTN-U1029
NET039127,2026-06-09 14:00:00,U1095,richard.thomas74,confluence.corp.local,INTERNAL,186708,WKSTN-U1095
NET021224,2026-06-09 14:27:00,U1052,paul.taylor,sharepoint.corp.local,INTERNAL,,WKSTN-U1052
NET020832,2026-06-09 14:02:00,U1051,sandra.king72,confluence.corp.local,,112194,WKSTN-U1051
NET041103,2026-06-09 14:20:00,U1100,daniel.brown38,confluence.corp.local,INTERNAL,389650,WKSTN-U1100
NET024817,2026-06-09 14:15:00,U1061,jessica.rodriguez,sharepoint.corp.local,INTERNAL,320583,WKSTN-U1061
NET026847,2026-06-09 14:17:00,U1066,michelle.wright62,vpn.corp.local,INTERNAL,61718,WKSTN-U1066
NET015244,2026-06-09 14:21:00,U1037,robert.martin,jira.corp.local,INTERNAL,249988,WKSTN-U1037
NET038268,2026-06-09 14:12:00,U1093,sarah.clark44	,hr-portal.corp.local,INTERNAL,20136,WKSTN-U1093
NET041104,2026-06-09 14:10:00,U1100,daniel.brown38,confluence.corp.local,INTERNAL,357215,WKSTN-U1100
NET041105,2026-06-09 14:18:00,U1100,daniel.brown38,weather.com,EXTERNAL,12681,WKSTN-U1100
NET036051,2026-06-09 14:09:00,U1088,andrew.smith85,vpn.corp.local,INTERNAL,385416,WKSTN-U1088
NET000949,2026-06-09 14:27:00,U1003,kenneth.clark29,jira.corp.local,INTERNAL,-348090.0,WKSTN-U1003
NET000128,2026-06-09 13:57:00,U1001,linda.johnson95,vpn.corp.local,INTERNAL,231999,WKSTN-U1001
NET027606,2026-06-09 14:25:00,U1068,susan.thompson34,hr-portal.corp.local,INTERNAL,323363,WKSTN-U1068
NET038269,2026-06-09 14:00:00,U1093,sarah.clark44,sharepoint.corp.local,INTERNAL,108315,
NET038710,2026-06-09 14:18:00,U1094,elizabeth.lewis69,confluence.corp.local,INTERNAL,199040,WKSTN-U1094
NET009755,2026-06-09 14:16:00,U1024,emily.miller,news.com,EXTERNAL,17722,WKSTN-U1024
NET037385,2026-06-09 13:57:00,U1091,linda.robinson,,INTERNAL,123441,WKSTN-U1091
NET025627,2026-06-09 14:12:00,U1063,john.nguyen,jira.corp.local,INTERNAL,51720,WKSTN-U1063
NET026848,2026-06-09 13:55:00,U1066,michelle.wright62,  mail.corp.local ,INTERNAL,207181,WKSTN-U1066
NET030043,2026-06-09 14:14:00,U1074,sarah.williams7,confluence.corp.local,INTERNAL,290256,WKSTN-U1074
NET022827,2026-06-09 14:43:00,U1056,anthony.clark,mail.corp.local,INTERNAL,454141,WKSTN-U1056
NET018422,2026-06-09 14:33:00,U1045,daniel.sanchez90,vpn.corp.local,INTERNAL,227564,WKSTN-U1045
NET011990,2026-06-09 14:37:00,U1029,michelle.garcia54,sharepoint.corp.local	,INTERNAL,355400,WKSTN-U1029
NET028439,2026-06-09 14:34:00,U1070,betty.thomas40,vpn.corp.local,INTERNAL,461087,WKSTN-U1070
NET031225,2026-06-09 14:28:00,U1077,kimberly.harris58,sharepoint.corp.local,INTERNAL,161712,WKSTN-U1077
NET006110,2026-06-09 15:07:00,U1016,patricia.thomas,jira.corp.local,INTERNAL,298631,WKSTN-U1016
NET030844,2026-06-09 14:42:00,U1076,john.torres,confluence.corp.local,INTERNAL,21903,WKSTN-U1076
NET016440,2026-06-09 14:28:00,U1040,matthew.martin,hr-portal.corp.local,INTERNAL,295071,WKSTN-U1040
NET000951,2026-06-09 14:38:00,U1003,kenneth.clark29,sharepoint.corp.local,INTERNAL,111400,WKSTN-U1003
NET030044,2026-06-09 14:28:00,U1074,sarah.williams7,vpn.corp.local,INTERNAL,,WKSTN-U1074
NET030453,2026-06-09 14:34:00,U1075,steven.lewis,confluence.corp.local,INTERNAL,25861,WKSTN-U1075
NET032888,2026-06-09 14:40:00,U1081,margaret.davis,confluence.corp.local,INTERNAL,382791,WKSTN-U1081
NET038711,2026-06-09 14:44:00,U1094,elizabeth.lewis69,mail.corp.local,INTERNAL,347372,WKSTN-U1094
NET022448,2026-06-09 15:00:00,U1055,patricia.wilson54,confluence.corp.local,INTERNAL,324289,WKSTN-U1055
NET029254,2026-06-09 14:52:00,U1072,kenneth.lopez,weather.com,EXTERNAL,18248,WKSTN-U1072
NET036048,2026-06-09 14:59:00,U1088,andrew.smith85,confluence.corp.local,INTERNAL,175314,WKSTN-U1088
NET019260,2026-06-09 14:44:00,U1047,sandra.lewis,mail.corp.local	,INTERNAL,309218,WKSTN-U1047
NET041101,2026-06-09 14:36:00,U1100,daniel.brown38,vpn.corp.local,INTERNAL,78711,WKSTN-U1100
NET036049,2026-06-09 14:56:00,U1088,,hr-portal.corp.local,INTERNAL,276915,WKSTN-U1088
NET017241,2026-06-09 15:03:00,U1042,michael.hill56,hr-portal.corp.local,INTERNAL,172620,WKSTN-U1042
NET037827,2026-06-09 14:49:00,U1092,steven.thomas,confluence.corp.local,INTERNAL,268653,WKSTN-U1092
NET032039,2026-06-09 14:39:00,U1079,emily.jones,,INTERNAL,437488,
NET035118,2026-06-09 14:48:00,U1086,steven.thompson53,confluence.corp.local,internal,101697,WKSTN-U1086
NET019660,2026-06-09 14:58:00,U1048,jennifer.thomas87,hr-portal.corp.local	,INTERNAL,162627,WKSTN-U1048
NET034676,2026-06-09 14:39:00,U1085,barbara.walker67,jira.corp.local,INTERNAL,116444,WKSTN-U1085
NET004448,2026-06-09 15:21:00,U1012,linda.martinez,sharepoint.corp.local,INTERNAL,412023,WKSTN-U1012
NET015656,2026-06-09 15:50:00,U1038,emily.clark,mail.corp.local,INTERNAL,494690,WKSTN-U1038
NET006571,2026-06-09 15:17:00,U1017,emily.hernandez34,,INTERNAL,485340,WKSTN-U1017
NET018030,2026-06-09 15:23:00,U1044,lisa.ramirez9,vpn.corp.local,INTERNAL,326601,WKSTN-U1044
NET010205,2026-06-09 15:49:00,U1025,betty.brown22	,mail.corp.local,internal,302844,WKSTN-U1025
NET039946,2026-06-09 15:19:00,U1097,mark.martinez10,sharepoint.corp.local,INTERNAL,494618,WKSTN-U1097
NET000127,2026-06-09 15:17:00,U1001,linda.johnson95,jira.corp.local,INTERNAL,193854,WKSTN-U1001
NET007512,2026-06-09 15:23:00,U1019,  donna.anderson ,vpn.corp.local,INTERNAL,333130,WKSTN-U1019
NET022446,2026-06-09 15:48:00,U1055,patricia.wilson54,sharepoint.corp.local,INTERNAL,308854,WKSTN-U1055
NET020418,2026-06-09 15:22:00,U1050,michael.ramirez,sharepoint.corp.local,INTERNAL,,WKSTN-U1050
NET038267,2026-06-09 15:44:00,U1093,sarah.clark44,hr-portal.corp.local,INTERNAL,29239,WKSTN-U1093
NET008389,2026-06-09 15:09:00,U1021,jessica.walker,vpn.corp.local,INTERNAL,262914,WKSTN-U1021
NET017242,2026-06-09 15:45:00,U1042,michael.hill56,jira.corp.local,INTERNAL,467958,WKSTN-U1042
NET021223,2026-06-09 15:36:00,U1052,paul.taylor,vpn.corp.local,INTERNAL,72729,WKSTN-U1052
NET027241,2026-06-09 15:45:00,U1067,paul.thomas97,vpn.corp.local,INTERNAL,236414,WKSTN-U1067
NET002147,2026-06-09 15:17:00,U1006,george.gonzalez,hr-portal.corp.local,INTERNAL,271285,WKSTN-U1006
NET028436,2026-06-09 15:42:00,U1070,betty.thomas40,mail.corp.local	,,18700,WKSTN-U1070
NET028859,2026-06-09 15:28:00,U1071,matthew.robinson35,vpn.corp.local,INTERNAL,291312,WKSTN-U1071
NET036047,2026-06-09 15:11:00,U1088,andrew.smith85,mail.corp.local,INTERNAL,,WKSTN-U1088
NET029252,2026-06-09 15:31:00,U1072,kenneth.lopez,,INTERNAL,372199,WKSTN-U1072
NET007950,2026-06-09 15:18:00,U1020,andrew.thomas36,sharepoint.corp.local,INTERNAL,476094,WKSTN-U1020
NET037382,2026-06-09 15:31:00,U1091,linda.robinson,sharepoint.corp.local,INTERNAL,393191,WKSTN-U1091
NET028435,2026-06-09 15:26:00,U1070,betty.thomas40,hr-portal.corp.local,INTERNAL,130572,WKSTN-U1070
NET024819,2026-06-09 15:48:00,U1061,jessica.rodriguez,confluence.corp.local,INTERNAL,488863,WKSTN-U1061
NET025626,2026-06-09 15:36:00,U1063,john.nguyen,mail.corp.local,INTERNAL,297770,WKSTN-U1063
NET004870,2026-06-09 16:13:00,U1013,emily.smith,mail.corp.local,INTERNAL,115486,WKSTN-U1013
NET030450,2026-06-09 16:36:00,U1075,steven.lewis,sharepoint.corp.local,INTERNAL,254034,WKSTN-U1075
NET022447,2026-06-09 15:55:00,U1055,patricia.wilson54,jira.corp.local,,210802,WKSTN-U1055
NET008856,2026-06-09 16:32:00,U1022,sandra.brown,hr-portal.corp.local,INTERNAL,125127,WKSTN-U1022
NET010202,2026-06-09 16:08:00,U1025,betty.brown22,confluence.corp.local,INTERNAL,81671,  WKSTN-U1025 
NET000126,2026-06-09 16:24:00,U1001,linda.johnson95,mail.corp.local,INTERNAL,474942,WKSTN-U1001
NET008391,2026-06-09 15:51:00,U1021,jessica.walker,weather.com,EXTERNAL,8236,WKSTN-U1021
NET009753,2026-06-09 15:54:00,U1024,emily.miller,,INTERNAL,108213,WKSTN-U1024
NET033766,2026-06-09 16:02:00,U1083,sarah.allen70,vpn.corp.local,INTERNAL,419142,WKSTN-U1083
NET006572,2026-06-09 15:51:00,U1017,emily.hernandez34,mail.corp.local,INTERNAL,72152,WKSTN-U1017
NET026419,2026-06-09 16:22:00,U1065,michael.ramirez47,hr-portal.corp.local,,483598,WKSTN-U1065
NET031629,2026-06-09 15:55:00,U1078,michelle.miller,weather.com,EXTERNAL,13967,
NET011991,2026-06-09 16:27:00,U1029,michelle.garcia54,sharepoint.corp.local,INTERNAL,294511,WKSTN-U1029
NET012856,2026-06-09 15:59:00,U1031,john.wright28,vpn.corp.local,INTERNAL,24637,WKSTN-U1031
NET020028,2026-06-09 15:57:00,U1049,michelle.jones59	,sharepoint.corp.local,INTERNAL,36939,WKSTN-U1049
NET004054,2026-06-09 16:02:00,U1011,donna.ramirez75,hr-portal.corp.local,INTERNAL,98916,WKSTN-U1011
NET033765,2026-06-09 16:05:00,U1083,sarah.allen70,mail.corp.local,INTERNAL,,WKSTN-U1083
NET030846,2026-06-09 16:16:00,U1076,john.torres,mail.corp.local,INTERNAL,,WKSTN-U1076
NET031627,2026-06-09 16:12:00,U1078,michelle.miller,sharepoint.corp.local,INTERNAL,423727,WKSTN-U1078	
NET003701,2026-06-09 15:53:00,U1010,susan.young51,confluence.corp.local,INTERNAL,78682,WKSTN-U1010
NET028437,2026-06-09 16:02:00,U1070,BETTY.THOMAS40,sharepoint.corp.local,INTERNAL,192677,WKSTN-U1070
NET034209,2026-06-09 15:58:00,U1084,joshua.taylor,sharepoint.corp.local,INTERNAL,281407,WKSTN-U1084
NET011096,2026-06-09 16:21:00,U1027,patricia.brown75,sharepoint.corp.local,INTERNAL,211255,WKSTN-U1027
NET006574,2026-06-09 16:32:00,U1017,emily.hernandez34,sharepoint.corp.local,INTERNAL,218963,WKSTN-U1017
NET024820,2026-06-09 16:11:00,U1061,jessica.rodriguez,news.com,EXTERNAL,18393,WKSTN-U1061
NET002539,2026-06-09 16:57:00,U1007,sarah.robinson82,mail.corp.local,INTERNAL,36761,WKSTN-U1007
NET014457,2026-06-09 17:04:00,U1035,nancy.rodriguez82,vpn.corp.local,INTERNAL,134177,WKSTN-U1035
NET021242,2026-06-10 07:30:00,U1052,paul.taylor,jira.corp.local,INTERNAL,337905,WKSTN-U1052
NET011098,2026-06-09 17:30:00,U1027,patricia.brown75,confluence.corp.local,INTERNAL,185811,WKSTN-U1027	
NET020026,2026-06-09 17:45:00,U1049,michelle.jones59,,INTERNAL,126786,WKSTN-U1049
NET027240,2026-06-09 16:46:00,U1067,paul.thomas97,sharepoint.corp.local,INTERNAL,380102,WKSTN-U1067
NET009310,2026-06-09 16:46:00,U1023,richard.wright,jira.corp.local,INTERNAL,3547,WKSTN-U1023
NET008857,2026-06-09 16:40:00,U1022,sandra.brown,hr-portal.corp.local,INTERNAL,406919,WKSTN-U1022
NET017644,2026-06-09 17:05:00,U1043,thomas.williams91,confluence.corp.local,INTERNAL,104827,WKSTN-U1043
NET024023,2026-06-09 17:38:00,U1059,daniel.perez98,vpn.corp.local,INTERNAL,188939,WKSTN-U1059
NET025229,2026-06-09 18:02:00,U1062,william.martin,jira.corp.local,INTERNAL,414545,WKSTN-U1062
NET032892,2026-06-09 17:06:00,U1081,margaret.davis,sharepoint.corp.local,INTERNAL,158663,WKSTN-U1081
NET037384,2026-06-09 16:58:00,U1091,linda.robinson,hr-portal.corp.local,INTERNAL,490354,WKSTN-U1091
NET036933,2026-06-09 16:42:00,U1090,mary.hill,weather.com,EXTERNAL,7872,WKSTN-U1090
NET030473,2026-06-10 07:42:00,U1075,steven.lewis,vpn.corp.local,INTERNAL,359360,WKSTN-U1075
NET003294,2026-06-09 16:56:00,U1009,daniel.brown,jira.corp.local,INTERNAL,86593,WKSTN-U1009
NET036474,2026-06-09 17:44:00,U1089,paul.brown27,vpn.corp.local,INTERNAL,38040,WKSTN-U1089	
NET022027,2026-06-09 17:03:00,U1054,anthony.martinez,vpn.corp.local,INTERNAL,87557,WKSTN-U1054
NET029647,2026-06-09 17:05:00,U1073,michael.gonzalez,hr-portal.corp.local,INTERNAL,437704,WKSTN-U1073
NET002540,2026-06-09 16:54:00,U1007,sarah.robinson82,hr-portal.corp.local,INTERNAL,254621,WKSTN-U1007
NET037828,2026-06-09 17:10:00,U1092,steven.thomas,mail.corp.local,INTERNAL,321167,WKSTN-U1092
NET025233,2026-06-09 17:58:00,U1062,william.martin,vpn.corp.local,INTERNAL,239990,WKSTN-U1062
NET008390,2026-06-09 16:59:00,U1021,jessica.walker,sharepoint.corp.local,INTERNAL,135560,WKSTN-U1021
NET010652,2026-06-09 16:45:00,U1026,elizabeth.gonzalez,confluence.corp.local,INTERNAL,358662,WKSTN-U1026
NET021610,2026-06-09 17:34:00,U1053,john.jackson31,confluence.corp.local,INTERNAL,188685,WKSTN-U1053
NET026863,2026-06-10 08:41:00,U1066,michelle.wright62,,INTERNAL,298906,WKSTN-U1066
NET040359,2026-06-10 08:41:00,U1098,nancy.wright49,jira.corp.local,INTERNAL,94443,WKSTN-U1098
NET038735,2026-06-10 08:55:00,U1094,elizabeth.lewis69,vpn.corp.local,INTERNAL,483936,WKSTN-U1094
NET000557,2026-06-10 07:45:00,U1002,donna.ramirez,confluence.corp.local,INTERNAL,31718,WKSTN-U1002
NET013290,2026-06-10 08:39:00,U1032,paul.wright91,hr-portal.corp.local,INTERNAL,323198,WKSTN-U1032
NET033348,2026-06-10 08:16:00,U1082,karen.hill96,news.com,EXTERNAL,8605,WKSTN-U1082
NET002167,2026-06-10 08:31:00,U1006,,hr-portal.corp.local,INTERNAL,,WKSTN-U1006
NET036070,2026-06-10 08:04:00,U1088,andrew.smith85,sharepoint.corp.local,INTERNAL,19111,WKSTN-U1088
NET007530,2026-06-10 08:50:00,U1019,donna.anderson,,INTERNAL,428724,WKSTN-U1019
NET038733,2026-06-10 08:54:00,U1094,elizabeth.lewis69,jira.corp.local,INTERNAL,9769,WKSTN-U1094
NET025648,2026-06-10 08:21:00,U1063,john.nguyen,mail.corp.local,INTERNAL,255505,WKSTN-U1063
NET013688,2026-06-10 08:50:00,U1033,linda.miller,confluence.corp.local,INTERNAL,13178,WKSTN-U1033
NET026864,2026-06-10 08:32:00,U1066,michelle.wright62,hr-portal.corp.local,INTERNAL,5468,WKSTN-U1066
NET040743,2026-06-10 08:43:00,U1099,joseph.garcia,jira.corp.local,INTERNAL,103669,WKSTN-U1099
NET004465,2026-06-10 08:22:00,U1012,linda.martinez,  sharepoint.corp.local ,INTERNAL,47640,WKSTN-U1012
NET019276,2026-06-10 08:20:00,U1047,sandra.lewis,mail.corp.local,INTERNAL,401671,WKSTN-U1047
NET007532,2026-06-10 08:41:00,U1019,donna.anderson,sharepoint.corp.local,INTERNAL,437970,WKSTN-U1019
NET014860,2026-06-10 07:43:00,U1036,linda.jones,hr-portal.corp.local,INTERNAL,389295,WKSTN-U1036
NET038289,2026-06-10 08:31:00,U1093,sarah.clark44,linkedin.com,EXTERNAL,3173,WKSTN-U1093
NET007971,2026-06-10 08:39:00,U1020,andrew.thomas36,hr-portal.corp.local,INTERNAL,128507,WKSTN-U1020
NET021243,2026-06-10 08:52:00,U1052,paul.taylor,confluence.corp.local,INTERNAL,24267,WKSTN-U1052
NET011122,2026-06-10 08:43:00,U1027,patricia.brown75,hr-portal.corp.local,INTERNAL,366613,WKSTN-U1027
NET026865,2026-06-10 08:51:00,U1066,michelle.wright62,jira.corp.local,INTERNAL,378645,WKSTN-U1066
NET009328,2026-06-10 07:51:00,U1023,richard.wright,confluence.corp.local,INTERNAL,385437,WKSTN-U1023
NET041121,2026-06-10 08:21:00,U1100,daniel.brown38,,INTERNAL,353534,WKSTN-U1100
NET012450,2026-06-10 09:16:00,U1030,betty.rodriguez86,hr-portal.corp.local,INTERNAL,308259,WKSTN-U1030
NET023634,2026-06-10 09:25:00,U1058,jennifer.ramirez18,confluence.corp.local,INTERNAL,20550,WKSTN-U1058
NET005706,2026-06-10 09:21:00,U1015,lisa.hernandez,sharepoint.corp.local,INTERNAL,312426,WKSTN-U1015
NET018443,2026-06-10 09:05:00,U1045,daniel.sanchez90,hr-portal.corp.local,INTERNAL,236606,WKSTN-U1045
NET016857,2026-06-10 09:30:00,U1041,matthew.allen52,confluence.corp.local,INTERNAL,458247,WKSTN-U1041
NET028037,2026-06-10 09:37:00,U1069,jessica.clark,mail.corp.local,INTERNAL,491381,WKSTN-U1069
NET028038,2026-06-10 09:26:00,U1069,jessica.clark,sharepoint.corp.local,INTERNAL,332526,WKSTN-U1069
NET036955,2026-06-10 09:36:00,U1090,mary.hill,mail.corp.local,INTERNAL,356707,WKSTN-U1090
NET034697,2026-06-10 09:28:00,U1085,barbara.walker67,hr-portal.corp.local,INTERNAL,371294,WKSTN-U1085
NET026435,2026-06-10 09:28:00,U1065,michael.ramirez47,hr-portal.corp.local,INTERNAL,467139,WKSTN-U1065
NET024043,2026-06-10 09:25:00,U1059,daniel.perez98,,INTERNAL,104124,WKSTN-U1059
NET012452,2026-06-10 09:34:00,U1030,betty.rodriguez86,hr-portal.corp.local,INTERNAL,489647,WKSTN-U1030
NET035144,2026-06-10 09:40:00,U1086,STEVEN.THOMPSON53,vpn.corp.local,INTERNAL,435426,WKSTN-U1086
NET004468,2026-06-10 09:42:00,U1012,linda.martinez,hr-portal.corp.local,INTERNAL,138267,WKSTN-U1012
NET016063,2026-06-10 09:11:00,U1039,mark.thomas,confluence.corp.local,INTERNAL,136349,WKSTN-U1039
NET007972,2026-06-10 09:41:00,U1020,andrew.thomas36,sharepoint.corp.local,INTERNAL,266194,
NET039963,2026-06-10 09:32:00,U1097,mark.martinez10,hr-portal.corp.local,INTERNAL,265658,WKSTN-U1097
NET024042,2026-06-10 09:27:00,U1059,daniel.perez98,vpn.corp.local,INTERNAL,316678,WKSTN-U1059
NET022844,2026-06-10 08:56:00,U1056,anthony.clark,confluence.corp.local,INTERNAL,273030,WKSTN-U1056
NET005313,2026-06-10 09:04:00,U1014,james.taylor,mail.corp.local,INTERNAL,470053,WKSTN-U1014
NET041120,2026-06-10 09:04:00,U1100,daniel.brown38,sharepoint.corp.local,INTERNAL,263578,WKSTN-U1100
NET034234,2026-06-10 08:59:00,U1084,joshua.taylor,jira.corp.local,INTERNAL,233954,WKSTN-U1084
NET025647,2026-06-10 09:34:00,U1063,john.nguyen,confluence.corp.local,INTERNAL,439402,WKSTN-U1063
NET038286,2026-06-10 08:58:00,U1093,sarah.clark44,confluence.corp.local,INTERNAL,30086,WKSTN-U1093
NET008412,2026-06-10 09:36:00,U1021,jessica.walker,vpn.corp.local,INTERNAL,423910,WKSTN-U1021
NET027254,2026-06-10 10:15:00,U1067,paul.thomas97,hr-portal.corp.local,INTERNAL,29608,WKSTN-U1067
NET020435,2026-06-10 10:12:00,U1050,michael.ramirez,vpn.corp.local,INTERNAL,478826,WKSTN-U1050
NET036956,2026-06-10 09:50:00,U1090,mary.hill,confluence.corp.local,internal,193013,WKSTN-U1090
NET017665,2026-06-10 10:07:00,U1043,thomas.williams91,mail.corp.local,INTERNAL,494882,WKSTN-U1043
NET040741,2026-06-10 09:44:00,U1099,joseph.garcia	,vpn.corp.local,,407449,WKSTN-U1099	
NET039543,2026-06-10 10:06:00,U1096,david.allen76,mail.corp.local,INTERNAL,360780,WKSTN-U1096
NET013291,2026-06-10 09:45:00,U1032,paul.wright91,jira.corp.local,INTERNAL,,WKSTN-U1032
NET034233,2026-06-10 09:46:00,U1084,joshua.taylor	,vpn.corp.local,INTERNAL,104613,WKSTN-U1084
NET003715,2026-06-10 09:59:00,U1010,susan.young51,jira.corp.local,INTERNAL,351450,WKSTN-U1010
NET039545,2026-06-10 09:56:00,U1096,david.allen76,vpn.corp.local,INTERNAL,179244,WKSTN-U1096
NET024832,2026-06-10 09:45:00,U1061,jessica.rodriguez,vpn.corp.local,INTERNAL,149054,WKSTN-U1061
NET028454,2026-06-10 10:21:00,U1070,betty.thomas40,,INTERNAL,341038,WKSTN-U1070
NET024834,2026-06-10 09:59:00,U1061,jessica.rodriguez,news.com,EXTERNAL,16160,WKSTN-U1061
NET010672,2026-06-10 10:07:00,U1026,elizabeth.gonzalez,sharepoint.corp.local,INTERNAL,302800,WKSTN-U1026
NET024041,2026-06-10 10:21:00,U1059,daniel.perez98,jira.corp.local,INTERNAL,423626,WKSTN-U1059
NET013292,2026-06-10 09:54:00,U1032,paul.wright91,sharepoint.corp.local,INTERNAL,97701,WKSTN-U1032
NET001763,2026-06-10 09:53:00,U1005,robert.robinson,hr-portal.corp.local,INTERNAL,31671,WKSTN-U1005
NET016459,2026-06-10 10:06:00,U1040,matthew.martin,hr-portal.corp.local,INTERNAL,353753,WKSTN-U1040
NET019274,2026-06-10 09:46:00,U1047,sandra.lewis,mail.corp.local,INTERNAL,108805,  WKSTN-U1047 
NET005705,2026-06-10 10:23:00,U1015,lisa.hernandez,jira.corp.local,INTERNAL,346054,WKSTN-U1015
NET035142,2026-06-10 09:49:00,U1086,steven.thompson53,hr-portal.corp.local,INTERNAL,113837,WKSTN-U1086
NET000556,2026-06-10 10:13:00,U1002,donna.ramirez,vpn.corp.local,INTERNAL,115829,WKSTN-U1002
NET030064,2026-06-10 10:19:00,U1074,,jira.corp.local,INTERNAL,208055,WKSTN-U1074
NET019275,2026-06-10 09:55:00,U1047,sandra.lewis,  vpn.corp.local ,INTERNAL,402487,WKSTN-U1047
NET017664,2026-06-10 09:48:00,U1043,thomas.williams91,confluence.corp.local,INTERNAL,50083,WKSTN-U1043
NET004073,2026-06-10 10:25:00,U1011,donna.ramirez75,hr-portal.corp.local,INTERNAL,130302,WKSTN-U1011
NET007975,2026-06-10 10:42:00,U1020,andrew.thomas36,mail.corp.local,INTERNAL,42939,WKSTN-U1020
NET034698,2026-06-10 10:30:00,U1085,barbara.walker67,jira.corp.local	,INTERNAL,225772,WKSTN-U1085
NET011583,2026-06-10 10:33:00,U1028,john.hill,jira.corp.local,INTERNAL,233294,WKSTN-U1028
NET040746,2026-06-10 10:32:00,U1099,joseph.garcia,weather.com,EXTERNAL,9082,WKSTN-U1099
NET012012,2026-06-10 10:32:00,U1029,michelle.garcia54,jira.corp.local,INTERNAL,58114,WKSTN-U1029
NET029660,2026-06-10 10:47:00,U1073,michael.gonzalez,mail.corp.local,INTERNAL,116876,WKSTN-U1073
NET014069,2026-06-10 10:25:00,U1034,thomas.allen63,jira.corp.local,INTERNAL,338646,
NET037854,2026-06-10 10:29:00,U1092,steven.thomas,vpn.corp.local,internal,64151,WKSTN-U1092
NET006130,2026-06-10 10:28:00,U1016,patricia.thomas,mail.corp.local,INTERNAL,33182,WKSTN-U1016
NET019273,2026-06-10 10:45:00,U1047,sandra.lewis,jira.corp.local,INTERNAL,206727,WKSTN-U1047
NET017257,2026-06-10 10:46:00,U1042,michael.hill56,hr-portal.corp.local,INTERNAL,392475,WKSTN-U1042
NET038287,2026-06-10 10:33:00,U1093,sarah.clark44,hr-portal.corp.local,INTERNAL,306505,WKSTN-U1093
NET032061,2026-06-10 10:34:00,U1079,emily.jones,vpn.corp.local,INTERNAL,255815,WKSTN-U1079
NET012870,2026-06-10 10:40:00,U1031,john.wright28,hr-portal.corp.local,INTERNAL,171581,WKSTN-U1031
NET035575,2026-06-10 10:28:00,U1087,charles.sanchez,jira.corp.local,INTERNAL,65775,WKSTN-U1087
NET004071,2026-06-10 10:30:00,U1011,donna.ramirez75,jira.corp.local,INTERNAL,186084,WKSTN-U1011
NET020848,2026-06-10 10:25:00,U1051,sandra.king72,vpn.corp.local,INTERNAL,73465,WKSTN-U1051
NET018447,2026-06-10 10:45:00,U1045,daniel.sanchez90,vpn.corp.local,INTERNAL,343588,WKSTN-U1045
NET035146,2026-06-10 10:38:00,U1086,steven.thompson53,,INTERNAL,200633,WKSTN-U1086
NET015674,2026-06-10 10:25:00,U1038,emily.clark,vpn.corp.local,INTERNAL,207127,WKSTN-U1038
NET017256,2026-06-10 10:41:00,U1042,,confluence.corp.local,INTERNAL,16020,WKSTN-U1042
NET039964,2026-06-10 10:33:00,U1097,mark.martinez10,  jira.corp.local ,INTERNAL,425711,WKSTN-U1097
NET039547,2026-06-10 10:39:00,U1096,david.allen76,jira.corp.local,INTERNAL,227556,WKSTN-U1096
NET021629,2026-06-10 10:30:00,U1053,john.jackson31,hr-portal.corp.local,INTERNAL,146305,WKSTN-U1053
NET002168,2026-06-10 11:00:00,U1006,george.gonzalez,mail.corp.local,INTERNAL,314045,WKSTN-U1006
NET030067,2026-06-10 11:03:00,U1074,sarah.williams7,sharepoint.corp.local,INTERNAL,159804,WKSTN-U1074
NET015262,2026-06-10 10:58:00,U1037,robert.martin,sharepoint.corp.local	,INTERNAL,336127,WKSTN-U1037
NET005312,2026-06-10 10:49:00,U1014,james.taylor,sharepoint.corp.local,INTERNAL,386771,WKSTN-U1014
NET032914,2026-06-10 10:58:00,U1081,margaret.davis,jira.corp.local,INTERNAL,5730,WKSTN-U1081	
NET033788,2026-06-10 11:11:00,U1083,sarah.allen70,sharepoint.corp.local,INTERNAL,-205742.0,WKSTN-U1083
NET009774,2026-06-10 10:47:00,U1024,emily.miller,confluence.corp.local,INTERNAL,324737,WKSTN-U1024
NET005710,2026-06-10 11:00:00,U1015,lisa.hernandez,linkedin.com,EXTERNAL,15913,WKSTN-U1015
NET039141,2026-06-10 11:05:00,U1095,richard.thomas74,sharepoint.corp.local,INTERNAL,109762,WKSTN-U1095
NET000969,2026-06-10 10:59:00,U1003,kenneth.clark29,,INTERNAL,222375,WKSTN-U1003
NET041119,2026-06-10 11:06:00,U1100,daniel.brown38,hr-portal.corp.local,INTERNAL,219809,WKSTN-U1100
NET021627,2026-06-10 10:57:00,U1053,john.jackson31,confluence.corp.local,INTERNAL,,WKSTN-U1053
NET032059,2026-06-10 11:03:00,U1079,emily.jones,vpn.corp.local,INTERNAL,113989,WKSTN-U1079
NET013689,2026-06-10 11:08:00,U1033,LINDA.MILLER,hr-portal.corp.local,INTERNAL,201168,WKSTN-U1033
NET003312,2026-06-10 11:02:00,U1009,daniel.brown,sharepoint.corp.local,INTERNAL,144044,WKSTN-U1009
NET023636,2026-06-10 10:49:00,U1058,jennifer.ramirez18,vpn.corp.local,INTERNAL,35262,WKSTN-U1058
NET009773,2026-06-10 10:54:00,U1024,emily.miller,confluence.corp.local,INTERNAL,183763,WKSTN-U1024
NET038285,2026-06-10 11:04:00,U1093,sarah.clark44,hr-portal.corp.local,INTERNAL,340589,WKSTN-U1093
NET018862,2026-06-10 10:56:00,U1046,michelle.torres39,jira.corp.local,INTERNAL,135030,WKSTN-U1046
NET033347,2026-06-10 10:53:00,U1082,karen.hill96,vpn.corp.local,INTERNAL,12165,WKSTN-U1082
NET018860,2026-06-10 11:00:00,U1046,michelle.torres39,mail.corp.local,INTERNAL,185388,WKSTN-U1046
NET012871,2026-06-10 11:02:00,U1031,john.wright28,linkedin.com,EXTERNAL,19249,WKSTN-U1031
NET016461,2026-06-10 10:59:00,U1040,matthew.martin,jira.corp.local,INTERNAL,411588,WKSTN-U1040
NET031245,2026-06-10 11:00:00,U1077,kimberly.harris58,jira.corp.local,INTERNAL,312609,WKSTN-U1077
NET005708,2026-06-10 10:51:00,U1015,lisa.hernandez,mail.corp.local,INTERNAL,419759,WKSTN-U1015
NET006596,2026-06-10 11:14:00,U1017,emily.hernandez34,mail.corp.local,INTERNAL,199493,WKSTN-U1017
NET028039,2026-06-10 11:55:00,U1069,jessica.clark,hr-portal.corp.local,INTERNAL,317086,  WKSTN-U1069 
NET031242,2026-06-10 11:49:00,U1077,kimberly.harris58,confluence.corp.local,INTERNAL,352204,
NET008876,2026-06-10 11:52:00,U1022,sandra.brown,sharepoint.corp.local,INTERNAL,428075,WKSTN-U1022
NET016060,2026-06-10 11:57:00,U1039,mark.thomas,hr-portal.corp.local,INTERNAL,310055,WKSTN-U1039
NET008414,2026-06-10 11:49:00,U1021,jessica.walker,news.com,EXTERNAL,,WKSTN-U1021
NET020437,2026-06-10 11:28:00,U1050,michael.ramirez,hr-portal.corp.local,INTERNAL,,WKSTN-U1050
NET015259,2026-06-10 11:40:00,U1037,robert.martin,confluence.corp.local,INTERNAL,11134,WKSTN-U1037
NET017663,2026-06-10 11:36:00,U1043,thomas.williams91,mail.corp.local,INTERNAL,288413,WKSTN-U1043
NET020847,2026-06-10 11:12:00,U1051,SANDRA.KING72,mail.corp.local,INTERNAL,463050,WKSTN-U1051
NET036069,2026-06-10 11:34:00,U1088,andrew.smith85,hr-portal.corp.local,INTERNAL,367822,WKSTN-U1088
NET007064,2026-06-10 11:44:00,U1018,betty.white57,mail.corp.local,INTERNAL,234277,WKSTN-U1018
NET002556,2026-06-10 11:44:00,U1007,sarah.robinson82,jira.corp.local,INTERNAL,358753,WKSTN-U1007
NET038731,2026-06-10 11:42:00,U1094,elizabeth.lewis69,hr-portal.corp.local,INTERNAL,165857,WKSTN-U1094
NET011582,2026-06-10 11:39:00,U1028,john.hill,vpn.corp.local,INTERNAL,438812,WKSTN-U1028
NET034236,2026-06-10 11:25:00,U1084,joshua.taylor	,jira.corp.local,INTERNAL,350287,WKSTN-U1084
NET015670,2026-06-10 11:38:00,U1038,emily.clark,hr-portal.corp.local,INTERNAL,44348,WKSTN-U1038
NET020436,2026-06-10 11:47:00,U1050,michael.ramirez,jira.corp.local,INTERNAL,300078,WKSTN-U1050
NET026040,2026-06-10 11:13:00,U1064,matthew.wright55,confluence.corp.local,INTERNAL,254764,WKSTN-U1064
NET019277,2026-06-10 11:55:00,U1047,sandra.lewis,weather.com,EXTERNAL,17292,WKSTN-U1047
NET020044,2026-06-10 11:46:00,U1049,michelle.jones59,mail.corp.local,INTERNAL,58658,WKSTN-U1049
NET006129,2026-06-10 11:37:00,U1016,patricia.thomas,confluence.corp.local,INTERNAL,104537,WKSTN-U1016
NET033787,2026-06-10 11:23:00,U1083,sarah.allen70,jira.corp.local,INTERNAL,29685,WKSTN-U1083
NET023635,2026-06-10 11:27:00,U1058,jennifer.ramirez18,confluence.corp.local,INTERNAL,284158,WKSTN-U1058	
NET007533,2026-06-10 11:22:00,U1019,donna.anderson,sharepoint.corp.local,INTERNAL,118517,WKSTN-U1019
NET025649,2026-06-10 12:01:00,U1063,john.nguyen,vpn.corp.local,INTERNAL,193653000.0,WKSTN-U1063
NET027624,2026-06-10 12:13:00,U1068,susan.thompson34,mail.corp.local,INTERNAL,181252,WKSTN-U1068
NET030065,2026-06-10 12:10:00,U1074,sarah.williams7,hr-portal.corp.local,INTERNAL,496107,WKSTN-U1074
NET037855,2026-06-10 12:19:00,U1092,steven.thomas,confluence.corp.local,INTERNAL,311977,WKSTN-U1092
NET001372,2026-06-10 12:01:00,U1004,elizabeth.wilson98,confluence.corp.local,INTERNAL,244978,WKSTN-U1004
NET024437,2026-06-10 12:05:00,U1060,matthew.anderson,sharepoint.corp.local,INTERNAL,135409,WKSTN-U1060
NET016462,2026-06-10 12:00:00,U1040,matthew.martin,mail.corp.local,INTERNAL,132361,
NET032915,2026-06-10 12:26:00,U1081,margaret.davis	,confluence.corp.local,INTERNAL,337871,WKSTN-U1081
NET006127,2026-06-10 12:24:00,U1016,patricia.thomas,vpn.corp.local,INTERNAL,137908,WKSTN-U1016
NET038288,2026-06-10 12:17:00,U1093,sarah.clark44,hr-portal.corp.local,INTERNAL,116819,WKSTN-U1093
NET001765,2026-06-10 12:23:00,U1005,robert.robinson,jira.corp.local,INTERNAL,217438,WKSTN-U1005
NET031246,2026-06-10 12:23:00,U1077,kimberly.harris58,confluence.corp.local,INTERNAL,394289,WKSTN-U1077
NET028040,2026-06-10 12:24:00,U1069,jessica.clark,jira.corp.local,INTERNAL,475140,WKSTN-U1069
NET036495,2026-06-10 11:58:00,U1089,paul.brown27	,vpn.corp.local,INTERNAL,416895,WKSTN-U1089
NET037403,2026-06-10 12:23:00,U1091,linda.robinson,sharepoint.corp.local,INTERNAL,344551,WKSTN-U1091
NET008875,2026-06-10 12:01:00,U1022,sandra.brown,confluence.corp.local,INTERNAL,443665,WKSTN-U1022
NET024831,2026-06-10 11:59:00,U1061,jessica.rodriguez,confluence.corp.local,INTERNAL,444114,WKSTN-U1061
NET006597,2026-06-10 12:03:00,U1017,emily.hernandez34,jira.corp.local,internal,318916,WKSTN-U1017
NET016860,2026-06-10 12:06:00,U1041,matthew.allen52,mail.corp.local,INTERNAL,312160,WKSTN-U1041
NET011121,2026-06-10 12:24:00,U1027,patricia.brown75,sharepoint.corp.local,INTERNAL,365068,WKSTN-U1027
NET001764,2026-06-10 12:12:00,U1005,ROBERT.ROBINSON,mail.corp.local,INTERNAL,52770,WKSTN-U1005
NET033346,2026-06-10 12:03:00,U1082,  karen.hill96 ,hr-portal.corp.local,INTERNAL,17960,WKSTN-U1082
NET008413,2026-06-10 12:18:00,U1021,jessica.walker,mail.corp.local,INTERNAL,45460,WKSTN-U1021
NET022465,2026-06-10 12:04:00,U1055,patricia.wilson54,sharepoint.corp.local,INTERNAL,208455,WKSTN-U1055
NET006595,2026-06-10 12:06:00,U1017,emily.hernandez34,confluence.corp.local,INTERNAL,403185,WKSTN-U1017
NET014471,2026-06-10 12:49:00,U1035,nancy.rodriguez82,sharepoint.corp.local,INTERNAL,,WKSTN-U1035
NET038732,2026-06-10 12:31:00,U1094,elizabeth.lewis69,sharepoint.corp.local,INTERNAL,87598,WKSTN-U1094
NET004070,2026-06-10 12:45:00,U1011,donna.ramirez75,vpn.corp.local,INTERNAL,-207604.0,WKSTN-U1011
NET029273,2026-06-10 12:32:00,U1072,kenneth.lopez,mail.corp.local,INTERNAL,367855,WKSTN-U1072
NET023245,2026-06-10 12:36:00,U1057,nancy.sanchez,mail.corp.local,internal,458409,WKSTN-U1057
NET036494,2026-06-10 12:50:00,U1089,paul.brown27,sharepoint.corp.local,INTERNAL,426099,WKSTN-U1089
NET027623,2026-06-10 12:44:00,U1068,susan.thompson34,sharepoint.corp.local,INTERNAL,70498,WKSTN-U1068
NET018051,2026-06-10 12:44:00,U1044,lisa.ramirez9,jira.corp.local,INTERNAL,492688,WKSTN-U1044
NET009329,2026-06-10 12:27:00,U1023,richard.wright,sharepoint.corp.local,INTERNAL,383505,  WKSTN-U1023 
NET021244,2026-06-10 12:48:00,U1052,paul.taylor,jira.corp.local,INTERNAL,499081,WKSTN-U1052
NET029661,2026-06-10 12:38:00,U1073,michael.gonzalez,mail.corp.local,INTERNAL,461568,WKSTN-U1073
NET026436,2026-06-10 12:53:00,U1065,michael.ramirez47,vpn.corp.local,INTERNAL,132618,WKSTN-U1065
NET028877,2026-06-10 12:52:00,U1071,matthew.robinson35,sharepoint.corp.local,INTERNAL,410164,WKSTN-U1071
NET039144,2026-06-10 12:52:00,U1095,richard.thomas74,confluence.corp.local,INTERNAL,88199,WKSTN-U1095
NET034235,2026-06-10 12:47:00,U1084,joshua.taylor,mail.corp.local,internal,137373,WKSTN-U1084
NET034699,2026-06-10 12:31:00,U1085,barbara.walker67,sharepoint.corp.local,INTERNAL,91294,WKSTN-U1085
NET015261,2026-06-10 12:52:00,U1037,robert.martin,confluence.corp.local,INTERNAL,294813,WKSTN-U1037
NET040742,2026-06-10 12:57:00,U1099,JOSEPH.GARCIA,sharepoint.corp.local,INTERNAL,407353,WKSTN-U1099
NET003315,2026-06-10 12:52:00,U1009,daniel.brown,sharepoint.corp.local,INTERNAL,69498,WKSTN-U1009
NET021241,2026-06-10 12:35:00,U1052,paul.taylor,hr-portal.corp.local,INTERNAL,206835,WKSTN-U1052
NET004466,2026-06-10 12:28:00,U1012,linda.martinez,vpn.corp.local,INTERNAL,342809,WKSTN-U1012
NET002933,2026-06-10 12:39:00,U1008,joshua.hernandez,confluence.corp.local,INTERNAL,458223,WKSTN-U1008
NET029659,2026-06-10 12:28:00,U1073,michael.gonzalez,mail.corp.local,INTERNAL,198287,WKSTN-U1073
NET010224,2026-06-10 12:54:00,U1025,betty.brown22,sharepoint.corp.local,INTERNAL,82657,
NET026437,2026-06-10 12:27:00,U1065,michael.ramirez47,sharepoint.corp.local,INTERNAL,23199,WKSTN-U1065
NET014862,2026-06-10 13:17:00,U1036,linda.jones,news.com,EXTERNAL,15683,WKSTN-U1036
NET004883,2026-06-10 13:23:00,U1013,emily.smith,vpn.corp.local,INTERNAL,262883,WKSTN-U1013
NET021628,2026-06-10 13:00:00,U1053,john.jackson31,confluence.corp.local,INTERNAL,217216,WKSTN-U1053
NET037853,2026-06-10 13:09:00,U1092,steven.thomas,  sharepoint.corp.local ,INTERNAL,409851,WKSTN-U1092
NET007974,2026-06-10 13:12:00,U1020,andrew.thomas36,jira.corp.local,INTERNAL,436768,WKSTN-U1020
NET036497,2026-06-10 13:00:00,U1089,paul.brown27,confluence.corp.local,INTERNAL,223105,WKSTN-U1089
NET039142,2026-06-10 13:13:00,U1095,richard.thomas74,jira.corp.local,INTERNAL,197110,
NET037402,2026-06-10 12:57:00,U1091,linda.robinson,mail.corp.local,INTERNAL,315235,WKSTN-U1091
NET020846,2026-06-10 13:02:00,U1051,sandra.king72,  confluence.corp.local ,INTERNAL,72606,WKSTN-U1051
NET022466,2026-06-10 13:25:00,U1055,patricia.wilson54,mail.corp.local,INTERNAL,43129,WKSTN-U1055
NET027253,2026-06-10 13:13:00,U1067,paul.thomas97,vpn.corp.local,INTERNAL,285849,WKSTN-U1067
NET018445,2026-06-10 13:19:00,U1045,daniel.sanchez90,confluence.corp.local,INTERNAL,318716,WKSTN-U1045
NET030472,2026-06-10 12:57:00,U1075,steven.lewis,hr-portal.corp.local,INTERNAL,69194,WKSTN-U1075
NET039546,2026-06-10 13:14:00,U1096,david.allen76,mail.corp.local,INTERNAL,269776,WKSTN-U1096
NET004884,2026-06-10 13:15:00,U1013,emily.smith,confluence.corp.local,INTERNAL,469519,WKSTN-U1013
NET027625,2026-06-10 12:59:00,U1068,susan.thompson34,confluence.corp.local,INTERNAL,114261,WKSTN-U1068
NET019683,2026-06-10 13:19:00,U1048,jennifer.thomas87,sharepoint.corp.local,INTERNAL,110385,WKSTN-U1048
NET022845,2026-06-10 13:09:00,U1056,anthony.clark,hr-portal.corp.local,INTERNAL,242341,WKSTN-U1056
NET002932,2026-06-10 12:58:00,U1008,JOSHUA.HERNANDEZ,sharepoint.corp.local,INTERNAL,422363,WKSTN-U1008
NET035145,2026-06-10 13:09:00,U1086,steven.thompson53,hr-portal.corp.local,INTERNAL,383288,WKSTN-U1086
NET015673,2026-06-10 13:20:00,U1038,emily.clark,vpn.corp.local,INTERNAL,106738,WKSTN-U1038
NET036498,2026-06-10 13:06:00,U1089,paul.brown27,hr-portal.corp.local,INTERNAL,180438,WKSTN-U1089
NET035143,2026-06-10 13:09:00,U1086,steven.thompson53,hr-portal.corp.local,internal,74485,WKSTN-U1086
NET031645,2026-06-10 12:57:00,U1078,michelle.miller,mail.corp.local,INTERNAL,20484,WKSTN-U1078
NET014861,2026-06-10 13:06:00,U1036,linda.jones,,INTERNAL,341933,
NET005310,2026-06-10 14:01:00,U1014,james.taylor,hr-portal.corp.local,INTERNAL,493622,WKSTN-U1014
NET016463,2026-06-10 13:48:00,U1040,matthew.martin,linkedin.com,EXTERNAL,14726,WKSTN-U1040
NET003314,2026-06-10 13:47:00,U1009,,sharepoint.corp.local,INTERNAL,175545,
NET036496,2026-06-10 13:38:00,U1089,paul.brown27,hr-portal.corp.local,INTERNAL,201520,WKSTN-U1089
NET040358,2026-06-10 13:51:00,U1098,NANCY.WRIGHT49,vpn.corp.local,INTERNAL,492814,WKSTN-U1098
NET035574,2026-06-10 13:55:00,U1087,charles.sanchez,vpn.corp.local,INTERNAL,259240,WKSTN-U1087
NET007062,2026-06-10 13:49:00,U1018,betty.white57,hr-portal.corp.local,INTERNAL,177341,
NET005707,2026-06-10 13:55:00,U1015,lisa.hernandez,mail.corp.local,INTERNAL,17959,WKSTN-U1015
NET028452,2026-06-10 13:49:00,U1070,betty.thomas40,,INTERNAL,31633,WKSTN-U1070
NET020046,2026-06-10 13:48:00,U1049,michelle.jones59,linkedin.com,EXTERNAL,10912,WKSTN-U1049
NET029272,2026-06-10 13:36:00,U1072,kenneth.lopez,hr-portal.corp.local,INTERNAL,31606,WKSTN-U1072
NET008410,2026-06-10 13:28:00,U1021,jessica.walker,sharepoint.corp.local,INTERNAL,71648,WKSTN-U1021
NET022048,2026-06-10 14:02:00,U1054,,confluence.corp.local,INTERNAL,48677,WKSTN-U1054
NET031243,2026-06-10 13:32:00,U1077,kimberly.harris58,jira.corp.local,INTERNAL,358732,WKSTN-U1077
NET032060,2026-06-10 13:27:00,U1079,emily.jones,confluence.corp.local,INTERNAL,283292,WKSTN-U1079
NET039965,2026-06-10 13:27:00,U1097,mark.martinez10,jira.corp.local,INTERNAL,474428,WKSTN-U1097
NET007531,2026-06-10 13:27:00,U1019,donna.anderson,mail.corp.local,INTERNAL,158527,WKSTN-U1019
NET025650,2026-06-10 13:41:00,U1063,john.nguyen,sharepoint.corp.local,INTERNAL,194781,WKSTN-U1063
NET027626,2026-06-10 13:45:00,U1068,susan.thompson34,weather.com,EXTERNAL,17611,WKSTN-U1068
NET016061,2026-06-10 13:53:00,U1039,mark.thomas,sharepoint.corp.local,INTERNAL,434387,WKSTN-U1039
NET039143,2026-06-10 13:52:00,U1095,richard.thomas74,vpn.corp.local,INTERNAL,420940,WKSTN-U1095
NET028878,2026-06-10 13:38:00,U1071,,sharepoint.corp.local,INTERNAL,333401,WKSTN-U1071
NET018446,2026-06-10 13:52:00,U1045,daniel.sanchez90,jira.corp.local,INTERNAL,120133,
NET032911,2026-06-10 13:35:00,U1081,margaret.davis,confluence.corp.local,INTERNAL,284881,WKSTN-U1081
NET003713,2026-06-10 13:30:00,U1010,susan.young51,confluence.corp.local,INTERNAL,158434,WKSTN-U1010
NET022047,2026-06-10 14:27:00,U1054,anthony.martinez,hr-portal.corp.local,INTERNAL,462353,WKSTN-U1054
NET012449,2026-06-10 14:24:00,U1030,betty.rodriguez86,jira.corp.local,INTERNAL,175541,WKSTN-U1030
NET038734,2026-06-10 14:17:00,U1094,elizabeth.lewis69,mail.corp.local,INTERNAL,387063,WKSTN-U1094
NET028455,2026-06-10 14:29:00,U1070,betty.thomas40,hr-portal.corp.local,INTERNAL,144074,WKSTN-U1070
NET031244,2026-06-10 14:15:00,U1077,kimberly.harris58,sharepoint.corp.local,INTERNAL,163832,WKSTN-U1077
NET000146,2026-06-10 14:22:00,U1001,linda.johnson95,mail.corp.local,INTERNAL,99206,WKSTN-U1001
NET028876,2026-06-10 14:20:00,U1071,matthew.robinson35,confluence.corp.local,INTERNAL,335545,WKSTN-U1071
NET018861,2026-06-10 14:12:00,U1046,michelle.torres39,vpn.corp.local,INTERNAL,405694,WKSTN-U1046
NET037404,2026-06-10 14:06:00,U1091,linda.robinson,linkedin.com,EXTERNAL,4992,WKSTN-U1091
NET007529,2026-06-10 14:27:00,U1019,donna.anderson,vpn.corp.local,INTERNAL,152482,WKSTN-U1019
NET016862,2026-06-10 14:06:00,U1041,matthew.allen52,weather.com,EXTERNAL,19554,WKSTN-U1041
NET005709,2026-06-10 14:10:00,U1015,lisa.hernandez,hr-portal.corp.local,INTERNAL,84326,WKSTN-U1015
NET011123,2026-06-10 14:26:00,U1027,patricia.brown75,sharepoint.corp.local,INTERNAL,,  WKSTN-U1027 
NET004074,2026-06-10 14:14:00,U1011,donna.ramirez75,jira.corp.local,INTERNAL,359364,WKSTN-U1011
NET031644,2026-06-10 14:08:00,U1078,michelle.miller,,INTERNAL,132000,WKSTN-U1078
NET000970,2026-06-10 14:05:00,U1003,kenneth.clark29,jira.corp.local,INTERNAL,271852,WKSTN-U1003
NET002169,2026-06-10 14:22:00,U1006,george.gonzalez,sharepoint.corp.local,INTERNAL,228713,WKSTN-U1006
NET015260,2026-06-10 14:05:00,U1037,robert.martin,confluence.corp.local,INTERNAL,392883,WKSTN-U1037
NET019681,2026-06-10 14:02:00,U1048,jennifer.thomas87,confluence.corp.local,INTERNAL,186773,WKSTN-U1048
NET026041,2026-06-10 14:27:00,U1064,matthew.wright55,vpn.corp.local,INTERNAL,136568,WKSTN-U1064
NET016062,2026-06-10 14:20:00,U1039,mark.thomas,mail.corp.local,INTERNAL,290370,WKSTN-U1039
NET014470,2026-06-10 14:33:00,U1035,nancy.rodriguez82,sharepoint.corp.local,INTERNAL,200020,WKSTN-U1035
NET025651,2026-06-10 14:14:00,U1063,  john.nguyen ,hr-portal.corp.local,INTERNAL,61427,WKSTN-U1063
NET022049,2026-06-10 14:27:00,U1054,anthony.martinez,mail.corp.local,INTERNAL,61806,WKSTN-U1054
NET035576,2026-06-10 14:08:00,U1087,charles.sanchez,mail.corp.local,INTERNAL,380243,WKSTN-U1087
NET014070,2026-06-10 14:49:00,U1034,thomas.allen63,hr-portal.corp.local,INTERNAL,271446,WKSTN-U1034
NET030858,2026-06-10 14:52:00,U1076,john.torres,confluence.corp.local,INTERNAL,118121,WKSTN-U1076
NET018050,2026-06-10 14:51:00,U1044,lisa.ramirez9,hr-portal.corp.local,INTERNAL,330274,WKSTN-U1044
NET001762,2026-06-10 14:54:00,U1005,robert.robinson,confluence.corp.local,INTERNAL,96136,WKSTN-U1005
NET024040,2026-06-10 14:48:00,U1059,daniel.perez98,mail.corp.local,INTERNAL,153817,WKSTN-U1059
NET026434,2026-06-10 14:34:00,U1065,michael.ramirez47,mail.corp.local,INTERNAL,277364,WKSTN-U1065
NET033789,2026-06-10 14:39:00,U1083,sarah.allen70,hr-portal.corp.local,INTERNAL,131173,WKSTN-U1083
NET003313,2026-06-10 14:33:00,U1009,daniel.brown,hr-portal.corp.local,INTERNAL,241169,WKSTN-U1009
NET018444,2026-06-10 15:04:00,U1045,daniel.sanchez90,sharepoint.corp.local,INTERNAL,250251,WKSTN-U1045
NET032913,2026-06-10 15:01:00,U1081,margaret.davis,mail.corp.local,INTERNAL,416142,WKSTN-U1081
NET002557,2026-06-10 15:03:00,U1007,sarah.robinson82,hr-portal.corp.local,INTERNAL,337714,WKSTN-U1007
NET032062,2026-06-10 14:39:00,U1079,emily.jones,hr-portal.corp.local,INTERNAL,219467,WKSTN-U1079
NET000145,2026-06-10 14:44:00,U1001,linda.johnson95,confluence.corp.local,INTERNAL,127124,WKSTN-U1001
NET038284,2026-06-10 15:04:00,U1093,sarah.clark44,,INTERNAL,312101,WKSTN-U1093
NET020045,2026-06-10 14:55:00,U1049,michelle.jones59,confluence.corp.local,INTERNAL,449919,WKSTN-U1049
NET026438,2026-06-10 14:45:00,U1065,michael.ramirez47,sharepoint.corp.local,INTERNAL,198034,WKSTN-U1065
NET007534,2026-06-10 14:33:00,U1019,donna.anderson,news.com,EXTERNAL,11988,WKSTN-U1019
NET024438,2026-06-10 14:59:00,U1060,matthew.anderson,vpn.corp.local,INTERNAL,159776,WKSTN-U1060
NET001369,2026-06-10 15:01:00,U1004,elizabeth.wilson98,sharepoint.corp.local,INTERNAL,270870,WKSTN-U1004
NET030860,2026-06-10 14:56:00,U1076,john.torres,jira.corp.local,INTERNAL,310434,WKSTN-U1076
NET031646,2026-06-10 14:46:00,U1078,michelle.miller,linkedin.com,EXTERNAL,6251,WKSTN-U1078
NET016858,2026-06-10 15:05:00,U1041,matthew.allen52,vpn.corp.local,INTERNAL,14709,WKSTN-U1041
NET023244,2026-06-10 14:40:00,U1057,nancy.sanchez,confluence.corp.local,INTERNAL,162773,WKSTN-U1057
NET009772,2026-06-10 14:46:00,U1024,emily.miller,mail.corp.local,INTERNAL,198905,WKSTN-U1024
NET007063,2026-06-10 15:04:00,U1018,betty.white57	,vpn.corp.local,INTERNAL,250492,WKSTN-U1018	
NET019682,2026-06-10 15:37:00,U1048,jennifer.thomas87,sharepoint.corp.local,INTERNAL,121550,WKSTN-U1048
NET012011,2026-06-10 15:12:00,U1029,michelle.garcia54,confluence.corp.local,INTERNAL,151609,WKSTN-U1029
NET004072,2026-06-10 15:53:00,U1011,donna.ramirez75,vpn.corp.local,INTERNAL,155226,WKSTN-U1011
NET002931,2026-06-10 15:48:00,U1008,joshua.hernandez,mail.corp.local,INTERNAL,263256,WKSTN-U1008
NET036957,2026-06-10 15:46:00,U1090,mary.hill,hr-portal.corp.local,INTERNAL,341308,WKSTN-U1090
NET016460,2026-06-10 15:10:00,U1040,matthew.martin,sharepoint.corp.local,INTERNAL,415546,WKSTN-U1040
NET003316,2026-06-10 15:36:00,U1009,daniel.brown,vpn.corp.local,INTERNAL,6598,WKSTN-U1009
NET010673,2026-06-10 15:11:00,U1026,elizabeth.gonzalez,confluence.corp.local,INTERNAL,144219,WKSTN-U1026
NET010671,2026-06-10 15:22:00,U1026,elizabeth.gonzalez,confluence.corp.local,INTERNAL,181710,WKSTN-U1026
NET015671,2026-06-10 15:19:00,U1038,emily.clark,confluence.corp.local,INTERNAL,249177,WKSTN-U1038
NET005311,2026-06-10 15:34:00,U1014,james.taylor,,INTERNAL,47893,WKSTN-U1014
NET016859,2026-06-10 15:15:00,U1041,matthew.allen52,vpn.corp.local,INTERNAL,403231,WKSTN-U1041
NET030859,2026-06-10 15:23:00,U1076,john.torres,mail.corp.local,INTERNAL,338683,WKSTN-U1076
NET000971,2026-06-10 15:16:00,U1003,kenneth.clark29,vpn.corp.local,INTERNAL,424401,WKSTN-U1003
NET028879,2026-06-10 15:09:00,U1071,matthew.robinson35,confluence.corp.local,INTERNAL,317028,WKSTN-U1071
NET034696,2026-06-10 15:38:00,U1085,barbara.walker67,  vpn.corp.local ,INTERNAL,493211,WKSTN-U1085
NET028453,2026-06-10 15:05:00,U1070,betty.thomas40,jira.corp.local,INTERNAL,246533,WKSTN-U1070
NET009775,2026-06-10 15:48:00,U1024,emily.miller,sharepoint.corp.local,INTERNAL,110066,
NET012869,2026-06-10 15:42:00,U1031,john.wright28,hr-portal.corp.local,INTERNAL,306484,WKSTN-U1031
NET001761,2026-06-10 15:27:00,U1005,robert.robinson,jira.corp.local,INTERNAL,,WKSTN-U1005
NET040744,2026-06-10 15:40:00,U1099,,vpn.corp.local,INTERNAL,152675,WKSTN-U1099
NET040745,2026-06-10 15:28:00,U1099,joseph.garcia,vpn.corp.local,INTERNAL,91735,WKSTN-U1099
NET022468,2026-06-10 15:41:00,U1055,patricia.wilson54,hr-portal.corp.local,INTERNAL,58603,WKSTN-U1055
NET032912,2026-06-10 15:31:00,U1081,margaret.davis,vpn.corp.local,INTERNAL,129568,WKSTN-U1081
NET033786,2026-06-10 15:43:00,U1083,sarah.allen70,confluence.corp.local,INTERNAL,468378,WKSTN-U1083
NET012010,2026-06-10 16:38:00,U1029,michelle.garcia54,confluence.corp.local,INTERNAL,296250,WKSTN-U1029
NET018049,2026-06-10 17:04:00,U1044,lisa.ramirez9,mail.corp.local,INTERNAL,225324,WKSTN-U1044
NET015672,2026-06-10 16:39:00,U1038,emily.clark,sharepoint.corp.local,INTERNAL,469650,WKSTN-U1038
NET001371,2026-06-10 16:19:00,U1004,,sharepoint.corp.local,INTERNAL,59178,WKSTN-U1004
NET024833,2026-06-10 16:23:00,U1061,jessica.rodriguez,vpn.corp.local,INTERNAL,129760,WKSTN-U1061
NET001370,2026-06-10 16:49:00,U1004,ELIZABETH.WILSON98	,hr-portal.corp.local,internal,191835,  WKSTN-U1004 
NET004467,2026-06-10 16:24:00,U1012,linda.martinez,,INTERNAL,96823,WKSTN-U1012
NET008411,2026-06-10 16:44:00,U1021,jessica.walker,hr-portal.corp.local,INTERNAL,204119,WKSTN-U1021
NET029662,2026-06-10 16:09:00,U1073,michael.gonzalez,jira.corp.local,INTERNAL,72513,WKSTN-U1073	
NET012451,2026-06-10 15:53:00,U1030,betty.rodriguez86,mail.corp.local,INTERNAL,298362,WKSTN-U1030
NET028456,2026-06-10 16:08:00,U1070,betty.thomas40,linkedin.com,EXTERNAL,12219,WKSTN-U1070
NET020849,2026-06-10 16:08:00,U1051,sandra.king72,mail.corp.local,INTERNAL,331170,WKSTN-U1051
NET010225,2026-06-10 16:41:00,U1025,betty.brown22,mail.corp.local,INTERNAL,302808,WKSTN-U1025
NET016059,2026-06-10 16:01:00,U1039,mark.thomas,confluence.corp.local,INTERNAL,466877,WKSTN-U1039
NET007973,2026-06-10 16:12:00,U1020,andrew.thomas36,mail.corp.local,INTERNAL,236319,WKSTN-U1020
NET025250,2026-06-10 16:57:00,U1062,william.martin,sharepoint.corp.local,INTERNAL,154220,WKSTN-U1062
NET028880,2026-06-10 15:56:00,U1071,matthew.robinson35,mail.corp.local,INTERNAL,262034,WKSTN-U1071
NET024044,2026-06-10 16:17:00,U1059,daniel.perez98,linkedin.com,EXTERNAL,19201,WKSTN-U1059
NET016861,2026-06-10 17:13:00,U1041,matthew.allen52	,sharepoint.corp.local,INTERNAL,395603,WKSTN-U1041
NET004882,2026-06-10 17:15:00,U1013,emily.smith,mail.corp.local,INTERNAL,285919,WKSTN-U1013
NET037856,2026-06-10 17:12:00,U1092,steven.thomas,  jira.corp.local ,INTERNAL,386731,WKSTN-U1092
NET030066,2026-06-10 15:59:00,U1074,sarah.williams7,sharepoint.corp.local,INTERNAL,215005,WKSTN-U1074
NET025249,2026-06-10 16:50:00,U1062,WILLIAM.MARTIN,confluence.corp.local,INTERNAL,228024,WKSTN-U1062
NET004885,2026-06-10 16:20:00,U1013,emily.smith,weather.com,EXTERNAL,4095,WKSTN-U1013
NET035577,2026-06-10 16:24:00,U1087,charles.sanchez,weather.com,EXTERNAL,17208,WKSTN-U1087
NET011584,2026-06-10 17:15:00,U1028,john.hill,  mail.corp.local ,INTERNAL,366616,WKSTN-U1028
NET007551,2026-06-11 07:59:00,U1019,donna.anderson,vpn.corp.local,INTERNAL,369828,WKSTN-U1019
NET035594,2026-06-11 08:07:00,U1087,charles.sanchez,hr-portal.corp.local,INTERNAL,493408,WKSTN-U1087
NET023654,2026-06-11 07:54:00,U1058,jennifer.ramirez18,mail.corp.local,INTERNAL,423718,WKSTN-U1058
NET005327,2026-06-11 07:38:00,U1014,james.taylor,sharepoint.corp.local,INTERNAL,462616,WKSTN-U1014
NET019679,2026-06-10 17:36:00,U1048,jennifer.thomas87,vpn.corp.local,INTERNAL,70522,WKSTN-U1048
NET007998,2026-06-11 08:06:00,U1020,andrew.thomas36,hr-portal.corp.local,INTERNAL,86477,WKSTN-U1020
NET019680,2026-06-10 17:27:00,U1048,jennifer.thomas87,mail.corp.local,INTERNAL,45880,WKSTN-U1048
NET025251,2026-06-10 17:16:00,U1062,william.martin,linkedin.com,EXTERNAL,9246,WKSTN-U1062
NET015278,2026-06-11 07:51:00,U1037,robert.martin,mail.corp.local,INTERNAL,373941,WKSTN-U1037
NET039544,2026-06-10 17:58:00,U1096,david.allen76,jira.corp.local,INTERNAL,217485,WKSTN-U1096
NET017280,2026-06-11 08:01:00,U1042,michael.hill56,vpn.corp.local,INTERNAL,399828,WKSTN-U1042
NET003714,2026-06-10 17:16:00,U1010,,hr-portal.corp.local,INTERNAL,447779,
NET036088,2026-06-11 07:35:00,U1088,andrew.smith85,sharepoint.corp.local,INTERNAL,172010,WKSTN-U1088
NET015280,2026-06-11 07:32:00,U1037,robert.martin,vpn.corp.local,INTERNAL,213159,WKSTN-U1037
NET017680,2026-06-11 07:47:00,U1043,thomas.williams91,hr-portal.corp.local,INTERNAL,353458,WKSTN-U1043
NET003332,2026-06-11 08:06:00,U1009,daniel.brown,weather.com,EXTERNAL,,WKSTN-U1009
NET033785,2026-06-10 17:19:00,U1083,sarah.allen70,hr-portal.corp.local,INTERNAL,189083,WKSTN-U1083
NET010670,2026-06-10 17:30:00,U1026,elizabeth.gonzalez,sharepoint.corp.local,INTERNAL,453507,WKSTN-U1026
NET007550,2026-06-11 08:01:00,U1019,donna.anderson,  sharepoint.corp.local ,INTERNAL,232918,WKSTN-U1019
NET016883,2026-06-11 07:58:00,U1041,matthew.allen52,news.com,EXTERNAL,8422,WKSTN-U1041
NET032063,2026-06-10 17:22:00,U1079,emily.jones,linkedin.com,EXTERNAL,6268,WKSTN-U1079
NET027645,2026-06-11 08:04:00,U1068,susan.thompson34,mail.corp.local,INTERNAL,301614,WKSTN-U1068
NET006128,2026-06-10 17:24:00,U1016,patricia.thomas,jira.corp.local,INTERNAL,32412,WKSTN-U1016
NET022467,2026-06-10 17:18:00,U1055,patricia.wilson54,confluence.corp.local,INTERNAL,213562,WKSTN-U1055
NET035597,2026-06-11 08:35:00,U1087,charles.sanchez,jira.corp.local,INTERNAL,39007,WKSTN-U1087
NET041137,2026-06-11 08:43:00,U1100,daniel.brown38,hr-portal.corp.local,INTERNAL,3742,WKSTN-U1100
NET026456,2026-06-11 08:46:00,U1065,michael.ramirez47,  confluence.corp.local ,INTERNAL,175969,WKSTN-U1065
NET013709,2026-06-11 08:34:00,U1033,linda.miller,jira.corp.local,INTERNAL,216742,WKSTN-U1033
NET000992,2026-06-11 08:27:00,U1003,kenneth.clark29,jira.corp.local,INTERNAL,417489,WKSTN-U1003
NET021648,2026-06-11 08:24:00,U1053,john.jackson31,vpn.corp.local,INTERNAL,389328,WKSTN-U1053
NET030878,2026-06-11 08:18:00,U1076,john.torres,sharepoint.corp.local,INTERNAL,365282,  WKSTN-U1076 
NET024850,2026-06-11 08:29:00,U1061,jessica.rodriguez,hr-portal.corp.local,INTERNAL,402992,WKSTN-U1061
NET021651,2026-06-11 08:56:00,U1053,john.jackson31,jira.corp.local,INTERNAL,358840,WKSTN-U1053
NET028060,2026-06-11 08:20:00,U1069,jessica.clark,hr-portal.corp.local,INTERNAL,286308,WKSTN-U1069
NET014089,2026-06-11 08:44:00,U1034,thomas.allen63,mail.corp.local,INTERNAL,430307,WKSTN-U1034
NET029293,2026-06-11 08:42:00,U1072,kenneth.lopez,confluence.corp.local,INTERNAL,146336,WKSTN-U1072
NET020863,2026-06-11 08:45:00,U1051,sandra.king72,confluence.corp.local,,244023,WKSTN-U1051
NET017679,2026-06-11 08:46:00,U1043,thomas.williams91,hr-portal.corp.local,INTERNAL,199585,WKSTN-U1043
NET023656,2026-06-11 08:17:00,U1058,JENNIFER.RAMIREZ18,jira.corp.local,INTERNAL,30218,WKSTN-U1058
NET026882,2026-06-11 08:35:00,U1066,michelle.wright62,vpn.corp.local,INTERNAL,399380,WKSTN-U1066
NET020059,2026-06-11 08:26:00,U1049,MICHELLE.JONES59,confluence.corp.local,INTERNAL,7765,WKSTN-U1049
NET005326,2026-06-11 08:17:00,U1014,james.taylor,sharepoint.corp.local,INTERNAL,171840,WKSTN-U1014
NET013311,2026-06-11 08:34:00,U1032,paul.wright91,sharepoint.corp.local,INTERNAL,165893,WKSTN-U1032
NET022482,2026-06-11 08:41:00,U1055,patricia.wilson54,mail.corp.local,INTERNAL,447379,WKSTN-U1055
NET040763,2026-06-11 08:33:00,U1099,joseph.garcia,confluence.corp.local,INTERNAL,328868,WKSTN-U1099
NET035596,2026-06-11 08:50:00,U1087,  charles.sanchez ,vpn.corp.local,INTERNAL,229914,WKSTN-U1087
NET013710,2026-06-11 08:37:00,U1033,linda.miller,confluence.corp.local,INTERNAL,314053,WKSTN-U1033
NET029294,2026-06-11 08:53:00,U1072,kenneth.lopez,sharepoint.corp.local,INTERNAL,449518,WKSTN-U1072
NET028057,2026-06-11 08:22:00,U1069,jessica.clark,mail.corp.local,INTERNAL,378750,WKSTN-U1069
NET011147,2026-06-11 09:15:00,U1027,patricia.brown75,confluence.corp.local,INTERNAL,135568,
NET003725,2026-06-11 09:20:00,U1010,susan.young51	,jira.corp.local,INTERNAL,489155,WKSTN-U1010	
NET009343,2026-06-11 09:22:00,U1023,richard.wright,confluence.corp.local,INTERNAL,296272,WKSTN-U1023
NET017279,2026-06-11 08:58:00,U1042,michael.hill56,sharepoint.corp.local,INTERNAL,-460889.0,WKSTN-U1042
NET023657,2026-06-11 09:23:00,U1058,jennifer.ramirez18,weather.com,EXTERNAL,5584,WKSTN-U1058
NET030490,2026-06-11 09:24:00,U1075,steven.lewis,jira.corp.local,INTERNAL,12049,WKSTN-U1075
NET026060,2026-06-11 09:24:00,U1064,matthew.wright55,vpn.corp.local,INTERNAL,7843,WKSTN-U1064
NET016881,2026-06-11 09:26:00,U1041,matthew.allen52,confluence.corp.local,INTERNAL,291655,WKSTN-U1041
NET007083,2026-06-11 09:18:00,U1018,betty.white57,jira.corp.local,INTERNAL,180625,WKSTN-U1018
NET007086,2026-06-11 09:13:00,U1018,betty.white57,mail.corp.local,INTERNAL,280952,WKSTN-U1018
NET016475,2026-06-11 09:00:00,U1040,matthew.martin,  sharepoint.corp.local ,INTERNAL,56206,WKSTN-U1040
NET007997,2026-06-11 09:01:00,U1020,  andrew.thomas36 ,vpn.corp.local,,445670,WKSTN-U1020
NET020457,2026-06-11 09:02:00,U1050,michael.ramirez,jira.corp.local,INTERNAL,374914,WKSTN-U1050
NET005728,2026-06-11 09:22:00,U1015,lisa.hernandez,vpn.corp.local,INTERNAL,63005,WKSTN-U1015
NET030080,2026-06-11 09:22:00,U1074,sarah.williams7,confluence.corp.local,INTERNAL,499760,WKSTN-U1074
NET031664,2026-06-11 08:57:00,U1078,michelle.miller	,hr-portal.corp.local,INTERNAL,336296,WKSTN-U1078
NET036975,2026-06-11 08:57:00,U1090,mary.hill,vpn.corp.local	,INTERNAL,,WKSTN-U1090
NET032939,2026-06-11 09:12:00,U1081,margaret.davis,hr-portal.corp.local,INTERNAL,351789,WKSTN-U1081
NET036519,2026-06-11 09:13:00,U1089,paul.brown27,sharepoint.corp.local,INTERNAL,101392,WKSTN-U1089
NET002570,2026-06-11 08:57:00,U1007,sarah.robinson82	,confluence.corp.local,INTERNAL,466582,
NET006622,2026-06-11 09:14:00,U1017,emily.hernandez34,hr-portal.corp.local,INTERNAL,493899,WKSTN-U1017
NET041135,2026-06-11 09:21:00,U1100,daniel.brown38,jira.corp.local,INTERNAL,430409,WKSTN-U1100
NET005727,2026-06-11 09:05:00,U1015,lisa.hernandez,jira.corp.local,INTERNAL,308569,WKSTN-U1015
NET007996,2026-06-11 09:16:00,U1020,andrew.thomas36,jira.corp.local,INTERNAL,374122,WKSTN-U1020
NET030879,2026-06-11 09:05:00,U1076,john.torres,vpn.corp.local,INTERNAL,-379066.0,WKSTN-U1076
NET007999,2026-06-11 09:55:00,U1020,andrew.thomas36,vpn.corp.local,INTERNAL,316772,WKSTN-U1020
NET018882,2026-06-11 09:44:00,U1046,michelle.torres39,confluence.corp.local,INTERNAL,494760,  WKSTN-U1046 
NET002943,2026-06-11 09:30:00,U1008,joshua.hernandez,sharepoint.corp.local,,174028,WKSTN-U1008
NET002188,2026-06-11 09:29:00,U1006,george.gonzalez,hr-portal.corp.local,INTERNAL,8162,WKSTN-U1006
NET030488,2026-06-11 09:56:00,U1075,steven.lewis,mail.corp.local,INTERNAL,169168,
NET018070,2026-06-11 09:47:00,U1044,lisa.ramirez9,jira.corp.local	,internal,249946,WKSTN-U1044
NET029295,2026-06-11 09:27:00,U1072,kenneth.lopez,jira.corp.local,INTERNAL,353574,
NET017678,2026-06-11 10:01:00,U1043,thomas.williams91,  hr-portal.corp.local ,INTERNAL,,WKSTN-U1043
NET015281,2026-06-11 09:58:00,U1037,robert.martin,sharepoint.corp.local,INTERNAL,55991,WKSTN-U1037
NET029677,2026-06-11 09:47:00,U1073,michael.gonzalez,confluence.corp.local,INTERNAL,346742,WKSTN-U1073
NET028061,2026-06-11 10:00:00,U1069,jessica.clark,vpn.corp.local,INTERNAL,351370,WKSTN-U1069
NET000571,2026-06-11 09:54:00,U1002,donna.ramirez,jira.corp.local,INTERNAL,N/A,WKSTN-U1002
NET013308,2026-06-11 09:47:00,U1032,paul.wright91,,INTERNAL,223104,WKSTN-U1032
NET021650,2026-06-11 09:31:00,U1053,john.jackson31,sharepoint.corp.local,INTERNAL,327655,WKSTN-U1053
NET041134,2026-06-11 09:29:00,U1100,daniel.brown38,confluence.corp.local,INTERNAL,292710,WKSTN-U1100
NET034256,2026-06-11 09:54:00,U1084,joshua.taylor,confluence.corp.local,INTERNAL,,WKSTN-U1084
NET006623,2026-06-11 10:03:00,U1017,emily.hernandez34,hr-portal.corp.local,INTERNAL,182519,WKSTN-U1017
NET012887,2026-06-11 09:45:00,U1031,john.wright28,jira.corp.local,INTERNAL,288494,WKSTN-U1031
NET014088,2026-06-11 09:34:00,U1034,thomas.allen63,jira.corp.local,INTERNAL,491460,WKSTN-U1034
NET038306,2026-06-11 09:48:00,U1093,sarah.clark44,confluence.corp.local,INTERNAL,162887,WKSTN-U1093
NET012889,2026-06-11 09:48:00,U1031,,mail.corp.local,INTERNAL,265734,WKSTN-U1031
NET015689,2026-06-11 09:45:00,U1038,EMILY.CLARK,jira.corp.local,INTERNAL,113062,WKSTN-U1038
NET039983,2026-06-11 09:38:00,U1097,mark.martinez10,confluence.corp.local,INTERNAL,111365,WKSTN-U1097
NET030489,2026-06-11 10:02:00,U1075,steven.lewis,vpn.corp.local,INTERNAL,82417,
NET033366,2026-06-11 09:47:00,U1082,karen.hill96,,INTERNAL,201838,WKSTN-U1082
NET036087,2026-06-11 10:23:00,U1088,andrew.smith85,sharepoint.corp.local,INTERNAL,,WKSTN-U1088	
NET027267,2026-06-11 10:29:00,U1067,paul.thomas97,sharepoint.corp.local,INTERNAL,426876,WKSTN-U1067
NET037872,2026-06-11 10:03:00,U1092,steven.thomas,mail.corp.local,INTERNAL,357008,WKSTN-U1092
NET015688,2026-06-11 10:07:00,U1038,  emily.clark ,mail.corp.local	,INTERNAL,491093,WKSTN-U1038
NET039985,2026-06-11 10:18:00,U1097,mark.martinez10,hr-portal.corp.local,INTERNAL,92131,WKSTN-U1097
NET002569,2026-06-11 10:08:00,U1007,sarah.robinson82,mail.corp.local,INTERNAL,137776,WKSTN-U1007
NET040764,2026-06-11 10:18:00,U1099,joseph.garcia,hr-portal.corp.local,INTERNAL,326387,WKSTN-U1099
NET022065,2026-06-11 10:22:00,U1054,anthony.martinez,vpn.corp.local,INTERNAL,119710,WKSTN-U1054
NET037873,2026-06-11 10:06:00,U1092,steven.thomas,news.com,EXTERNAL,18847,WKSTN-U1092
NET004092,2026-06-11 10:15:00,U1011,donna.ramirez75,confluence.corp.local,INTERNAL,434900,WKSTN-U1011
NET037871,2026-06-11 10:36:00,U1092,steven.thomas,sharepoint.corp.local,INTERNAL,4845,WKSTN-U1092
NET035165,2026-06-11 10:09:00,U1086,steven.thompson53,jira.corp.local,INTERNAL,238790,WKSTN-U1086
NET040376,2026-06-11 10:10:00,U1098,nancy.wright49	,hr-portal.corp.local,,421370,WKSTN-U1098
NET009793,2026-06-11 10:25:00,U1024,emily.miller,jira.corp.local,INTERNAL,389249,WKSTN-U1024
NET008897,2026-06-11 10:37:00,U1022,  sandra.brown ,mail.corp.local,INTERNAL,382125,WKSTN-U1022
NET030877,2026-06-11 10:17:00,U1076,john.torres,sharepoint.corp.local,INTERNAL,226744,WKSTN-U1076
NET006146,2026-06-11 10:31:00,U1016,patricia.thomas,jira.corp.local,INTERNAL,337286,WKSTN-U1016
NET018465,2026-06-11 10:14:00,U1045,  daniel.sanchez90 ,jira.corp.local,INTERNAL,111121,WKSTN-U1045
NET029292,2026-06-11 10:09:00,U1072,kenneth.lopez,confluence.corp.local,INTERNAL,417622,  WKSTN-U1072 
NET020060,2026-06-11 10:16:00,U1049,michelle.jones59,confluence.corp.local,INTERNAL,18933,WKSTN-U1049
NET021258,2026-06-11 10:22:00,U1052,paul.taylor,hr-portal.corp.local,INTERNAL,395039,WKSTN-U1052
NET039160,2026-06-11 10:10:00,U1095,richard.thomas74,mail.corp.local,INTERNAL,437500,WKSTN-U1095
NET006147,2026-06-11 10:22:00,U1016,PATRICIA.THOMAS,sharepoint.corp.local,INTERNAL,183636,WKSTN-U1016
NET038304,2026-06-11 10:22:00,U1093,sarah.clark44,mail.corp.local,INTERNAL,300621,WKSTN-U1093
NET034716,2026-06-11 10:19:00,U1085,barbara.walker67	,jira.corp.local,INTERNAL,427839,WKSTN-U1085
NET031259,2026-06-11 10:59:00,U1077,kimberly.harris58,jira.corp.local,INTERNAL,438756,WKSTN-U1077
NET035164,2026-06-11 10:40:00,U1086,steven.thompson53,sharepoint.corp.local,INTERNAL,343668,WKSTN-U1086
NET026058,2026-06-11 10:38:00,U1064,matthew.wright55,confluence.corp.local,INTERNAL,45806,WKSTN-U1064
NET024852,2026-06-11 10:39:00,U1061,jessica.rodriguez,jira.corp.local,INTERNAL,144265,WKSTN-U1061
NET026458,2026-06-11 10:42:00,U1065,michael.ramirez47,sharepoint.corp.local,INTERNAL,444876,WKSTN-U1065
NET004096,2026-06-11 11:09:00,U1011,donna.ramirez75,mail.corp.local,INTERNAL,250485,WKSTN-U1011
NET002184,2026-06-11 11:03:00,U1006,george.gonzalez,,INTERNAL,53828,WKSTN-U1006
NET004486,2026-06-11 11:07:00,U1012,linda.martinez,linkedin.com,EXTERNAL,10686,WKSTN-U1012
NET022860,2026-06-11 10:43:00,U1056,anthony.clark,mail.corp.local,INTERNAL,165623,WKSTN-U1056
NET002945,2026-06-11 11:09:00,U1008,joshua.hernandez,  hr-portal.corp.local ,INTERNAL,258727,WKSTN-U1008
NET039565,2026-06-11 10:40:00,U1096,david.allen76,linkedin.com,EXTERNAL,10647,WKSTN-U1096
NET007084,2026-06-11 10:43:00,U1018,betty.white57,hr-portal.corp.local,INTERNAL,384374,WKSTN-U1018
NET023652,2026-06-11 10:43:00,U1058,jennifer.ramirez18,hr-portal.corp.local,INTERNAL,469120,WKSTN-U1058
NET023259,2026-06-11 10:58:00,U1057,nancy.sanchez,vpn.corp.local,INTERNAL,147648,WKSTN-U1057
NET024455,2026-06-11 10:48:00,U1060,matthew.anderson,linkedin.com,EXTERNAL,5595,WKSTN-U1060
NET026062,2026-06-11 10:55:00,U1064,matthew.wright55,weather.com,EXTERNAL,9878,WKSTN-U1064	
NET018071,2026-06-11 11:05:00,U1044,lisa.ramirez9,sharepoint.corp.local,INTERNAL,176808,WKSTN-U1044
NET000161,2026-06-11 10:53:00,U1001,linda.johnson95,vpn.corp.local,INTERNAL,140838,WKSTN-U1001
NET033365,2026-06-11 10:59:00,U1082,KAREN.HILL96,hr-portal.corp.local,INTERNAL,118054,WKSTN-U1082
NET003727,2026-06-11 10:59:00,U1010,susan.young51,weather.com,EXTERNAL,8924,WKSTN-U1010
NET023655,2026-06-11 10:56:00,U1058,jennifer.ramirez18,sharepoint.corp.local,INTERNAL,214591,WKSTN-U1058
NET025270,2026-06-11 10:56:00,U1062,william.martin,weather.com,,790,WKSTN-U1062
NET034257,2026-06-11 10:38:00,U1084,joshua.taylor,sharepoint.corp.local,INTERNAL,445797,WKSTN-U1084
NET015279,2026-06-11 10:44:00,U1037,robert.martin,vpn.corp.local,INTERNAL,333892,WKSTN-U1037
NET024453,2026-06-11 10:47:00,U1060,matthew.anderson,jira.corp.local,INTERNAL,274903,WKSTN-U1060
NET033364,2026-06-11 11:14:00,U1082,karen.hill96,vpn.corp.local,INTERNAL,449429,WKSTN-U1082
NET012032,2026-06-11 11:42:00,U1029,michelle.garcia54,hr-portal.corp.local,INTERNAL,351479,WKSTN-U1029
NET002187,2026-06-11 11:31:00,U1006,george.gonzalez,confluence.corp.local,INTERNAL,59473,WKSTN-U1006
NET031258,2026-06-11 11:30:00,U1077,kimberly.harris58,sharepoint.corp.local,INTERNAL,100384,WKSTN-U1077
NET038750,2026-06-11 11:56:00,U1094,elizabeth.lewis69,sharepoint.corp.local,,196101,WKSTN-U1094
NET038305,2026-06-11 11:11:00,U1093,sarah.clark44,jira.corp.local,INTERNAL,264241,WKSTN-U1093
NET017278,2026-06-11 11:21:00,U1042,michael.hill56,vpn.corp.local,INTERNAL,268936,WKSTN-U1042
NET013712,2026-06-11 11:55:00,U1033,linda.miller,weather.com,EXTERNAL,7867,WKSTN-U1033
NET004094,2026-06-11 11:10:00,U1011,donna.ramirez75,hr-portal.corp.local,INTERNAL,91969,WKSTN-U1011
NET019701,2026-06-11 11:46:00,U1048,jennifer.thomas87,vpn.corp.local,INTERNAL,367474,WKSTN-U1048
NET039984,2026-06-11 11:16:00,U1097,mark.martinez10,jira.corp.local,INTERNAL,298484,WKSTN-U1097
NET028895,2026-06-11 11:15:00,U1071,matthew.robinson35,vpn.corp.local,INTERNAL,20460,
NET012031,2026-06-11 11:31:00,U1029,michelle.garcia54,mail.corp.local,INTERNAL,45026,WKSTN-U1029
NET006143,2026-06-11 11:39:00,U1016,  patricia.thomas ,vpn.corp.local,INTERNAL,59300,WKSTN-U1016	
NET001389,2026-06-11 11:12:00,U1004,elizabeth.wilson98,mail.corp.local,INTERNAL,312090,WKSTN-U1004
NET026061,2026-06-11 11:31:00,U1064,matthew.wright55,mail.corp.local,INTERNAL,201754,WKSTN-U1064
NET011603,2026-06-11 11:20:00,U1028,john.hill,hr-portal.corp.local,INTERNAL,136805,WKSTN-U1028
NET001387,2026-06-11 11:55:00,U1004,elizabeth.wilson98,vpn.corp.local,INTERNAL,180721,WKSTN-U1004
NET007995,2026-06-11 11:45:00,U1020,andrew.thomas36,hr-portal.corp.local,INTERNAL,120676,WKSTN-U1020
NET020864,2026-06-11 11:09:00,U1051,sandra.king72,confluence.corp.local,INTERNAL,363022,WKSTN-U1051
NET015277,2026-06-11 11:45:00,U1037,robert.martin,vpn.corp.local,INTERNAL,440948,WKSTN-U1037
NET031663,2026-06-11 11:56:00,U1078,michelle.miller,vpn.corp.local,INTERNAL,209342,WKSTN-U1078
NET021649,2026-06-11 11:24:00,U1053,john.jackson31,sharepoint.corp.local	,INTERNAL,20687,WKSTN-U1053
NET016476,2026-06-11 11:49:00,U1040,matthew.martin,mail.corp.local,INTERNAL,12553,WKSTN-U1040
NET000574,2026-06-11 11:27:00,U1002,donna.ramirez,jira.corp.local,INTERNAL,371767,WKSTN-U1002
NET006620,2026-06-11 12:11:00,U1017,emily.hernandez34,mail.corp.local,INTERNAL,291954,WKSTN-U1017
NET039563,2026-06-11 12:30:00,U1096,david.allen76,hr-portal.corp.local,INTERNAL,119937,WKSTN-U1096
NET031261,2026-06-11 12:17:00,U1077,kimberly.harris58,mail.corp.local,INTERNAL,10691,WKSTN-U1077
NET002185,2026-06-11 12:20:00,U1006,george.gonzalez,jira.corp.local,INTERNAL,133258,WKSTN-U1006
NET029291,2026-06-11 12:15:00,U1072,kenneth.lopez,confluence.corp.local,INTERNAL,126486,WKSTN-U1072
NET035595,2026-06-11 12:16:00,U1087,charles.sanchez,confluence.corp.local,INTERNAL,167037,WKSTN-U1087
NET000160,2026-06-11 11:59:00,U1001,linda.johnson95,hr-portal.corp.local,INTERNAL,261845,WKSTN-U1001
NET004093,2026-06-11 12:07:00,U1011,donna.ramirez75,jira.corp.local,INTERNAL,57215,WKSTN-U1011
NET024454,2026-06-11 12:31:00,U1060,matthew.anderson,mail.corp.local,INTERNAL,375564,WKSTN-U1060
NET035166,2026-06-11 12:26:00,U1086,steven.thompson53,sharepoint.corp.local,INTERNAL,165535,WKSTN-U1086
NET024851,2026-06-11 12:07:00,U1061,jessica.rodriguez,hr-portal.corp.local,INTERNAL,359776,WKSTN-U1061
NET004910,2026-06-11 12:09:00,U1013,emily.smith,hr-portal.corp.local,INTERNAL,25333,WKSTN-U1013
NET014878,2026-06-11 11:59:00,U1036,linda.jones,mail.corp.local,INTERNAL,205668,WKSTN-U1036
NET009345,2026-06-11 12:16:00,U1023,  richard.wright ,hr-portal.corp.local,INTERNAL,432070,WKSTN-U1023
NET032937,2026-06-11 12:31:00,U1081,margaret.davis,mail.corp.local,,-357441.0,WKSTN-U1081
NET029678,2026-06-11 12:14:00,U1073,michael.gonzalez,weather.com,EXTERNAL,876,WKSTN-U1073
NET021260,2026-06-11 12:28:00,U1052,paul.taylor,sharepoint.corp.local,INTERNAL,44665,WKSTN-U1052
NET004095,2026-06-11 12:27:00,U1011,donna.ramirez75,vpn.corp.local,INTERNAL,465571000.0,WKSTN-U1011
NET016879,2026-06-11 12:23:00,U1041,matthew.allen52,sharepoint.corp.local,INTERNAL,368505,WKSTN-U1041
NET013310,2026-06-11 12:22:00,U1032,paul.wright91,vpn.corp.local,INTERNAL,377433,WKSTN-U1032
NET019292,2026-06-11 12:17:00,U1047,sandra.lewis,confluence.corp.local,INTERNAL,475009,WKSTN-U1047
NET026457,2026-06-11 12:21:00,U1065,michael.ramirez47,sharepoint.corp.local,INTERNAL,393407,WKSTN-U1065
NET031665,2026-06-11 12:31:00,U1078,michelle.miller,hr-portal.corp.local,INTERNAL,482217,WKSTN-U1078
NET020063,2026-06-11 12:30:00,U1049,michelle.jones59,vpn.corp.local,INTERNAL,407535,WKSTN-U1049
NET032086,2026-06-11 12:29:00,U1079,emily.jones,linkedin.com,EXTERNAL,11509,WKSTN-U1079
NET004485,2026-06-11 13:14:00,U1012,linda.martinez,vpn.corp.local,INTERNAL,486331,WKSTN-U1012
NET002568,2026-06-11 12:49:00,U1007,sarah.robinson82,sharepoint.corp.local,INTERNAL,17921,WKSTN-U1007
NET033804,2026-06-11 12:53:00,U1083,sarah.allen70,mail.corp.local,INTERNAL,329008,WKSTN-U1083
NET019289,2026-06-11 12:56:00,U1047,sandra.lewis,vpn.corp.local,INTERNAL,102150,  WKSTN-U1047 
NET008895,2026-06-11 12:45:00,U1022,sandra.brown,vpn.corp.local,INTERNAL,64254,WKSTN-U1022
NET022858,2026-06-11 12:54:00,U1056,anthony.clark,hr-portal.corp.local,INTERNAL,401990,WKSTN-U1056
NET038749,2026-06-11 13:05:00,U1094,elizabeth.lewis69,confluence.corp.local,INTERNAL,347786,WKSTN-U1094
NET029675,2026-06-11 13:12:00,U1073,michael.gonzalez,jira.corp.local,INTERNAL,471334,WKSTN-U1073
NET024451,2026-06-11 13:06:00,U1060,matthew.anderson,mail.corp.local,INTERNAL,164891,WKSTN-U1060
NET010246,2026-06-11 12:56:00,U1025,betty.brown22,mail.corp.local,INTERNAL,229289,WKSTN-U1025
NET024853,2026-06-11 12:36:00,U1061,jessica.rodriguez,mail.corp.local,INTERNAL,182584,WKSTN-U1061
NET021259,2026-06-11 12:46:00,U1052,paul.taylor,hr-portal.corp.local,INTERNAL,305121,WKSTN-U1052
NET027269,2026-06-11 13:00:00,U1067,paul.thomas97,hr-portal.corp.local,INTERNAL,425870,WKSTN-U1067
NET028473,2026-06-11 12:43:00,U1070,betty.thomas40,sharepoint.corp.local,INTERNAL,413831,WKSTN-U1070
NET039560,2026-06-11 12:32:00,U1096,david.allen76,jira.corp.local,INTERNAL,382200,WKSTN-U1096
NET027266,2026-06-11 12:44:00,U1067,paul.thomas97,vpn.corp.local,INTERNAL,263621,WKSTN-U1067
NET036086,2026-06-11 13:10:00,U1088,andrew.smith85,  jira.corp.local ,INTERNAL,265025,WKSTN-U1088
NET006621,2026-06-11 12:38:00,U1017,emily.hernandez34,sharepoint.corp.local,INTERNAL,466071,WKSTN-U1017
NET032938,2026-06-11 12:37:00,U1081,margaret.davis,jira.corp.local,INTERNAL,438425,WKSTN-U1081
NET039986,2026-06-11 12:39:00,U1097,mark.martinez10,sharepoint.corp.local,,18424,WKSTN-U1097
NET016880,2026-06-11 12:39:00,U1041,matthew.allen52,hr-portal.corp.local,INTERNAL,214932,WKSTN-U1041
NET017277,2026-06-11 13:12:00,U1042,michael.hill56,confluence.corp.local,INTERNAL,391554,WKSTN-U1042
NET025268,2026-06-11 13:16:00,U1062,william.martin,mail.corp.local,INTERNAL,318084,WKSTN-U1062
NET027646,2026-06-11 13:01:00,U1068,susan.thompson34,jira.corp.local,INTERNAL,299367,WKSTN-U1068
NET002944,2026-06-11 12:43:00,U1008,joshua.hernandez,hr-portal.corp.local,INTERNAL,39833,WKSTN-U1008
NET040375,2026-06-11 13:30:00,U1098,nancy.wright49,hr-portal.corp.local,INTERNAL,237160,WKSTN-U1098
NET037419,2026-06-11 13:43:00,U1091,linda.robinson,sharepoint.corp.local,INTERNAL,66498,WKSTN-U1091
NET036089,2026-06-11 13:20:00,U1088,andrew.smith85,jira.corp.local,internal,146291,WKSTN-U1088
NET010690,2026-06-11 13:35:00,U1026,elizabeth.gonzalez,confluence.corp.local,INTERNAL,335079,WKSTN-U1026
NET035168,2026-06-11 13:44:00,U1086,STEVEN.THOMPSON53,sharepoint.corp.local,INTERNAL,115297,  WKSTN-U1086 
NET014483,2026-06-11 13:25:00,U1035,nancy.rodriguez82,sharepoint.corp.local,INTERNAL,1641,WKSTN-U1035
NET013312,2026-06-11 13:27:00,U1032,paul.wright91,sharepoint.corp.local,INTERNAL,148762,WKSTN-U1032
NET010694,2026-06-11 13:43:00,U1026,elizabeth.gonzalez,  confluence.corp.local ,INTERNAL,372886,WKSTN-U1026
NET020062,2026-06-11 13:34:00,U1049,MICHELLE.JONES59,sharepoint.corp.local,INTERNAL,344803,WKSTN-U1049
NET000991,2026-06-11 13:44:00,U1003,kenneth.clark29,mail.corp.local,INTERNAL,171138,WKSTN-U1003
NET006619,2026-06-11 13:45:00,U1017,emily.hernandez34,vpn.corp.local,INTERNAL,128945,WKSTN-U1017
NET028059,2026-06-11 13:36:00,U1069,jessica.clark,sharepoint.corp.local,INTERNAL,108875,WKSTN-U1069
NET025668,2026-06-11 13:17:00,U1063,john.nguyen,,INTERNAL,,WKSTN-U1063
NET015687,2026-06-11 13:40:00,U1038,emily.clark,confluence.corp.local,INTERNAL,406601,WKSTN-U1038
NET024055,2026-06-11 13:26:00,U1059,daniel.perez98,sharepoint.corp.local,INTERNAL,357942,  WKSTN-U1059 
NET002571,2026-06-11 13:46:00,U1007,sarah.robinson82,sharepoint.corp.local,INTERNAL,74027,WKSTN-U1007
NET025269,2026-06-11 13:18:00,U1062,william.martin,hr-portal.corp.local,INTERNAL,369434,WKSTN-U1062
NET018464,2026-06-11 13:25:00,U1045,daniel.sanchez90,vpn.corp.local,INTERNAL,123945,WKSTN-U1045
NET013707,2026-06-11 13:34:00,U1033,linda.miller,mail.corp.local,INTERNAL,359442,WKSTN-U1033
NET001778,2026-06-11 13:47:00,U1005,robert.robinson,confluence.corp.local,INTERNAL,343390,WKSTN-U1005
NET038303,2026-06-11 13:27:00,U1093,sarah.clark44,mail.corp.local,INTERNAL,438232,WKSTN-U1093
NET003330,2026-06-11 13:20:00,U1009,daniel.brown,jira.corp.local,INTERNAL,105606,  WKSTN-U1009 
NET015686,2026-06-11 13:18:00,U1038,EMILY.CLARK,sharepoint.corp.local,INTERNAL,299529,WKSTN-U1038
NET022067,2026-06-11 13:46:00,U1054,anthony.martinez,hr-portal.corp.local,INTERNAL,144094,WKSTN-U1054
NET031662,2026-06-11 13:34:00,U1078,,vpn.corp.local,INTERNAL,304311,WKSTN-U1078
NET013711,2026-06-11 14:10:00,U1033,linda.miller,sharepoint.corp.local,INTERNAL,176002,WKSTN-U1033
NET034717,2026-06-11 14:04:00,U1085,barbara.walker67,vpn.corp.local,INTERNAL,497053,WKSTN-U1085
NET012888,2026-06-11 14:22:00,U1031,john.wright28,hr-portal.corp.local,INTERNAL,419809,WKSTN-U1031
NET000573,2026-06-11 14:12:00,U1002,donna.ramirez,mail.corp.local,INTERNAL,341357,WKSTN-U1002
NET008896,2026-06-11 14:22:00,U1022,sandra.brown,jira.corp.local,INTERNAL,384161,WKSTN-U1022
NET027643,2026-06-11 13:54:00,U1068,susan.thompson34,,INTERNAL,155509,WKSTN-U1068
NET040377,2026-06-11 14:10:00,U1098,nancy.wright49,,INTERNAL,160950,WKSTN-U1098
NET024452,2026-06-11 14:16:00,U1060,matthew.anderson,jira.corp.local,,191750,WKSTN-U1060	
NET018880,2026-06-11 14:25:00,U1046,michelle.torres39	,vpn.corp.local,INTERNAL,429166,WKSTN-U1046
NET028058,2026-06-11 14:10:00,U1069,jessica.clark,confluence.corp.local,INTERNAL,,WKSTN-U1069
NET008898,2026-06-11 13:54:00,U1022,sandra.brown,confluence.corp.local,INTERNAL,268172000.0,WKSTN-U1022
NET024849,2026-06-11 14:24:00,U1061,jessica.rodriguez,jira.corp.local,INTERNAL,247069,
NET001390,2026-06-11 14:05:00,U1004,ELIZABETH.WILSON98,hr-portal.corp.local,INTERNAL,278959,WKSTN-U1004
NET039982,2026-06-11 14:10:00,U1097,mark.martinez10,mail.corp.local,INTERNAL,181773,WKSTN-U1097
NET011146,2026-06-11 14:00:00,U1027,patricia.brown75,mail.corp.local,INTERNAL,219701,WKSTN-U1027
NET004908,2026-06-11 14:03:00,U1013,emily.smith,mail.corp.local,INTERNAL,99855,WKSTN-U1013
NET007085,2026-06-11 13:49:00,U1018,betty.white57,mail.corp.local,INTERNAL,163015,WKSTN-U1018
NET023653,2026-06-11 14:21:00,U1058,  jennifer.ramirez18 ,sharepoint.corp.local,INTERNAL,N/A,WKSTN-U1058
NET001388,2026-06-11 14:00:00,U1004,elizabeth.wilson98,hr-portal.corp.local,INTERNAL,413522,WKSTN-U1004
NET019290,2026-06-11 14:14:00,U1047,sandra.lewis,vpn.corp.local,INTERNAL,439877,WKSTN-U1047
NET030081,2026-06-11 13:58:00,U1074,sarah.williams7,mail.corp.local,INTERNAL,287041,  WKSTN-U1074 
NET022483,2026-06-11 14:12:00,U1055,PATRICIA.WILSON54,vpn.corp.local,INTERNAL,371454,WKSTN-U1055
NET017276,2026-06-11 14:11:00,U1042,michael.hill56,vpn.corp.local,INTERNAL,341072,WKSTN-U1042
NET035598,2026-06-11 14:24:00,U1087,charles.sanchez,jira.corp.local,INTERNAL,446354000.0,WKSTN-U1087	
NET027644,2026-06-11 14:18:00,U1068,susan.thompson34,confluence.corp.local,INTERNAL,423306,WKSTN-U1068
NET014876,2026-06-11 14:51:00,U1036,linda.jones,vpn.corp.local,INTERNAL,464911,WKSTN-U1036
NET006144,2026-06-11 14:41:00,U1016,patricia.thomas,mail.corp.local,INTERNAL,65023,WKSTN-U1016
NET029676,2026-06-11 14:56:00,U1073,michael.gonzalez,mail.corp.local,INTERNAL,161583,WKSTN-U1073
NET033806,2026-06-11 14:48:00,U1083,sarah.allen70,hr-portal.corp.local,INTERNAL,204576,WKSTN-U1083
NET039562,2026-06-11 14:36:00,U1096,david.allen76,hr-portal.corp.local,INTERNAL,216366,WKSTN-U1096
NET028896,2026-06-11 14:40:00,U1071,matthew.robinson35,sharepoint.corp.local,INTERNAL,232193,WKSTN-U1071
NET012030,2026-06-11 14:57:00,U1029,michelle.garcia54,confluence.corp.local,INTERNAL,235748,WKSTN-U1029
NET040762,2026-06-11 14:41:00,U1099,joseph.garcia,mail.corp.local,INTERNAL,64937,WKSTN-U1099
NET014877,2026-06-11 14:51:00,U1036,linda.jones,hr-portal.corp.local,INTERNAL,26246,WKSTN-U1036
NET021647,2026-06-11 14:33:00,U1053,,confluence.corp.local,INTERNAL,85269,WKSTN-U1053
NET027268,2026-06-11 14:50:00,U1067,paul.thomas97,confluence.corp.local,INTERNAL,220424,WKSTN-U1067
NET018072,2026-06-11 14:37:00,U1044,lisa.ramirez9,hr-portal.corp.local,INTERNAL,155093,WKSTN-U1044
NET019291,2026-06-11 14:28:00,U1047,sandra.lewis,jira.corp.local,INTERNAL,353165,WKSTN-U1047
NET013309,2026-06-11 15:00:00,U1032,paul.wright91,sharepoint.corp.local,INTERNAL,296976,WKSTN-U1032
NET036085,2026-06-11 14:52:00,U1088,andrew.smith85,vpn.corp.local,INTERNAL,408160,WKSTN-U1088
NET031257,2026-06-11 14:41:00,U1077,kimberly.harris58,confluence.corp.local,INTERNAL,108323,WKSTN-U1077
NET016075,2026-06-11 15:01:00,U1039,mark.thomas,vpn.corp.local,,200680,WKSTN-U1039
NET026883,2026-06-11 14:55:00,U1066,michelle.wright62,vpn.corp.local,INTERNAL,425663,WKSTN-U1066
NET015690,2026-06-11 15:01:00,U1038,emily.clark,weather.com,EXTERNAL,7207,WKSTN-U1038
NET003726,2026-06-11 14:53:00,U1010,susan.young51,hr-portal.corp.local,INTERNAL,136367,WKSTN-U1010
NET000162,2026-06-11 14:35:00,U1001,linda.johnson95,sharepoint.corp.local,INTERNAL,382200,WKSTN-U1001
NET025669,2026-06-11 14:58:00,U1063,john.nguyen,sharepoint.corp.local,INTERNAL,249854,WKSTN-U1063
NET013708,2026-06-11 14:41:00,U1033,linda.miller,confluence.corp.local,INTERNAL,393901,WKSTN-U1033
NET018069,2026-06-11 15:00:00,U1044,lisa.ramirez9,jira.corp.local,INTERNAL,226426,WKSTN-U1044
NET033367,2026-06-11 14:41:00,U1082,karen.hill96,news.com,EXTERNAL,2641,WKSTN-U1082
NET036974,2026-06-11 15:43:00,U1090,mary.hill,confluence.corp.local,INTERNAL,69832,WKSTN-U1090
NET009344,2026-06-11 15:02:00,U1023,,sharepoint.corp.local,INTERNAL,8496,WKSTN-U1023
NET026059,2026-06-11 15:05:00,U1064,matthew.wright55,confluence.corp.local,INTERNAL,245861,WKSTN-U1064
NET011604,2026-06-11 15:03:00,U1028,john.hill,hr-portal.corp.local,INTERNAL,171758,WKSTN-U1028
NET016882,2026-06-11 15:11:00,U1041,matthew.allen52,sharepoint.corp.local,INTERNAL,120599,WKSTN-U1041	
NET039162,2026-06-11 15:03:00,U1095,richard.thomas74,news.com,EXTERNAL,12715,WKSTN-U1095
NET018068,2026-06-11 15:28:00,U1044,lisa.ramirez9,jira.corp.local,INTERNAL,358656,WKSTN-U1044
NET011145,2026-06-11 15:37:00,U1027,patricia.brown75,mail.corp.local,INTERNAL,255140,WKSTN-U1027
NET001777,2026-06-11 15:26:00,U1005,robert.robinson,mail.corp.local,INTERNAL,435829,WKSTN-U1005
NET008894,2026-06-11 15:07:00,U1022,sandra.brown,mail.corp.local,INTERNAL,100162,WKSTN-U1022
NET030876,2026-06-11 15:04:00,U1076,john.torres,,INTERNAL,456466,WKSTN-U1076
NET009346,2026-06-11 15:40:00,U1023,richard.wright,linkedin.com,EXTERNAL,720,WKSTN-U1023
NET033363,2026-06-11 15:27:00,U1082,karen.hill96,jira.corp.local	,INTERNAL,217032,WKSTN-U1082
NET028474,2026-06-11 15:13:00,U1070,betty.thomas40,jira.corp.local,INTERNAL,432092,WKSTN-U1070	
NET024056,2026-06-11 15:30:00,U1059,daniel.perez98,jira.corp.local,INTERNAL,68210,WKSTN-U1059
NET030880,2026-06-11 15:30:00,U1076,john.torres,vpn.corp.local,INTERNAL,95081,WKSTN-U1076
NET006145,2026-06-11 15:45:00,U1016,patricia.thomas,vpn.corp.local,,151086,WKSTN-U1016
NET026884,2026-06-11 15:40:00,U1066,michelle.wright62,confluence.corp.local,INTERNAL,193828,WKSTN-U1066
NET026885,2026-06-11 15:36:00,U1066,  michelle.wright62 ,jira.corp.local,INTERNAL,278166,
NET032085,2026-06-11 15:29:00,U1079,emily.jones,confluence.corp.local,INTERNAL,155542,WKSTN-U1079
NET039159,2026-06-11 15:16:00,U1095,richard.thomas74,confluence.corp.local,INTERNAL,19641,WKSTN-U1095
NET004484,2026-06-11 15:16:00,U1012,linda.martinez,vpn.corp.local,INTERNAL,416776,WKSTN-U1012
NET003331,2026-06-11 15:10:00,U1009,daniel.brown,hr-portal.corp.local,INTERNAL,486785,WKSTN-U1009
NET036518,2026-06-11 15:37:00,U1089,paul.brown27,hr-portal.corp.local,INTERNAL,492971,WKSTN-U1089
NET041136,2026-06-11 15:25:00,U1100,daniel.brown38,jira.corp.local,INTERNAL,11957,WKSTN-U1100
NET039564,2026-06-11 15:55:00,U1096,david.allen76,vpn.corp.local,INTERNAL,401578,WKSTN-U1096
NET016076,2026-06-11 16:31:00,U1039,mark.thomas,sharepoint.corp.local,INTERNAL,454983,WKSTN-U1039
NET012033,2026-06-11 16:13:00,U1029,michelle.garcia54,jira.corp.local,INTERNAL,464593,WKSTN-U1029
NET014484,2026-06-11 15:47:00,U1035,nancy.rodriguez82,vpn.corp.local,INTERNAL,451684,WKSTN-U1035
NET039161,2026-06-11 15:48:00,U1095,richard.thomas74,hr-portal.corp.local,internal,209544,WKSTN-U1095
NET022066,2026-06-11 15:56:00,U1054,anthony.martinez,vpn.corp.local,,330224,WKSTN-U1054
NET024450,2026-06-11 16:05:00,U1060,matthew.anderson,confluence.corp.local,INTERNAL,348932,WKSTN-U1060
NET009794,2026-06-11 15:53:00,U1024,emily.miller,confluence.corp.local,INTERNAL,266943,WKSTN-U1024
NET016077,2026-06-11 16:33:00,U1039,mark.thomas,confluence.corp.local,INTERNAL,393691,WKSTN-U1039
NET008435,2026-06-11 16:06:00,U1021,jessica.walker,jira.corp.local,INTERNAL,381390,WKSTN-U1021
NET011148,2026-06-11 16:37:00,U1027,patricia.brown75,vpn.corp.local,INTERNAL,442806,WKSTN-U1027
NET031661,2026-06-11 16:24:00,U1078,michelle.miller,confluence.corp.local,INTERNAL,86424,WKSTN-U1078
NET018881,2026-06-11 16:31:00,U1046,michelle.torres39,mail.corp.local,INTERNAL,16804,WKSTN-U1046
NET031260,2026-06-11 16:30:00,U1077,kimberly.harris58,confluence.corp.local,INTERNAL,467491,WKSTN-U1077
NET010245,2026-06-11 16:37:00,U1025,,hr-portal.corp.local,INTERNAL,227471,WKSTN-U1025
NET020456,2026-06-11 16:03:00,U1050,michael.ramirez,confluence.corp.local,INTERNAL,259979,WKSTN-U1050
NET000990,2026-06-11 16:38:00,U1003,kenneth.clark29,sharepoint.corp.local,INTERNAL,124714,WKSTN-U1003
NET033805,2026-06-11 16:29:00,U1083,sarah.allen70,vpn.corp.local,INTERNAL,155959,WKSTN-U1083
NET036976,2026-06-11 16:31:00,U1090,mary.hill,linkedin.com,EXTERNAL,16344,WKSTN-U1090
NET019700,2026-06-11 16:08:00,U1048,JENNIFER.THOMAS87,confluence.corp.local,INTERNAL,14326,WKSTN-U1048
NET025267,2026-06-11 16:23:00,U1062,william.martin,vpn.corp.local,INTERNAL,128361,WKSTN-U1062
NET018463,2026-06-11 16:13:00,U1045,daniel.sanchez90,vpn.corp.local,INTERNAL,,WKSTN-U1045
NET020061,2026-06-11 15:47:00,U1049,michelle.jones59,hr-portal.corp.local,INTERNAL,397651,WKSTN-U1049
NET037420,2026-06-11 15:55:00,U1091,linda.robinson,confluence.corp.local,INTERNAL,105335,WKSTN-U1091
NET008436,2026-06-11 16:41:00,U1021,jessica.walker,news.com,EXTERNAL,2961,
NET010692,2026-06-11 16:48:00,U1026,elizabeth.gonzalez,hr-portal.corp.local,INTERNAL,394355,WKSTN-U1026
NET008433,2026-06-11 17:36:00,U1021,jessica.walker,,INTERNAL,143012,WKSTN-U1021
NET032083,2026-06-11 17:43:00,U1079,emily.jones,hr-portal.corp.local,INTERNAL,428065,WKSTN-U1079
NET030503,2026-06-12 07:24:00,U1075,steven.lewis,hr-portal.corp.local,INTERNAL,29897,WKSTN-U1075
NET032082,2026-06-11 17:45:00,U1079,emily.jones,jira.corp.local,INTERNAL,484499,WKSTN-U1079
NET023258,2026-06-11 17:54:00,U1057,nancy.sanchez,confluence.corp.local,INTERNAL,361966,WKSTN-U1057
NET004909,2026-06-11 16:51:00,U1013,emily.smith,,INTERNAL,,WKSTN-U1013
NET036538,2026-06-12 07:47:00,U1089,paul.brown27,vpn.corp.local,INTERNAL,,WKSTN-U1089
NET020458,2026-06-11 16:56:00,U1050,michael.ramirez,  mail.corp.local ,INTERNAL,356276,WKSTN-U1050
NET035167,2026-06-11 17:28:00,U1086,steven.thompson53,confluence.corp.local,INTERNAL,241029,  WKSTN-U1086 
NET010691,2026-06-11 16:58:00,U1026,,mail.corp.local,INTERNAL,83304,WKSTN-U1026
NET025667,2026-06-11 17:24:00,U1063,john.nguyen,confluence.corp.local,INTERNAL,383036,WKSTN-U1063
NET002186,2026-06-11 16:45:00,U1006,george.gonzalez,mail.corp.local,INTERNAL,191621,WKSTN-U1006	
NET040378,2026-06-11 17:11:00,U1098,,mail.corp.local,INTERNAL,185263,WKSTN-U1098
NET022859,2026-06-11 17:20:00,U1056,anthony.clark,mail.corp.local,INTERNAL,130720,WKSTN-U1056
NET014485,2026-06-11 16:58:00,U1035,nancy.rodriguez82,mail.corp.local,INTERNAL,262178,WKSTN-U1035
NET000572,2026-06-11 16:50:00,U1002,donna.ramirez,mail.corp.local,INTERNAL,416153,WKSTN-U1002
NET030082,2026-06-11 16:48:00,U1074,sarah.williams7,jira.corp.local,INTERNAL,80756,WKSTN-U1074
NET008434,2026-06-11 17:34:00,U1021,jessica.walker,confluence.corp.local,INTERNAL,467147,WKSTN-U1021
NET037890,2026-06-12 07:47:00,U1092,steven.thomas,mail.corp.local,INTERNAL,118682000.0,WKSTN-U1092
NET039561,2026-06-11 16:57:00,U1096,david.allen76,jira.corp.local,INTERNAL,381894,WKSTN-U1096
NET010693,2026-06-11 16:57:00,U1026,elizabeth.gonzalez,mail.corp.local,INTERNAL,215365,WKSTN-U1026
NET030504,2026-06-12 07:09:00,U1075,steven.lewis,mail.corp.local,INTERNAL,289743,WKSTN-U1075
NET032084,2026-06-11 17:32:00,U1079,emily.jones,jira.corp.local,INTERNAL,400024,WKSTN-U1079
NET006166,2026-06-12 07:26:00,U1016,patricia.thomas,sharepoint.corp.local,,155172,WKSTN-U1016
NET012910,2026-06-12 08:53:00,U1031,john.wright28,hr-portal.corp.local,INTERNAL,,WKSTN-U1031
NET020081,2026-06-12 08:14:00,U1049,michelle.jones59,sharepoint.corp.local,INTERNAL,66491,WKSTN-U1049
NET024874,2026-06-12 08:13:00,U1061,,mail.corp.local	,INTERNAL,493158,WKSTN-U1061
NET028074,2026-06-12 08:22:00,U1069,jessica.clark,vpn.corp.local,INTERNAL,162511,WKSTN-U1069
NET030505,2026-06-12 07:51:00,U1075,steven.lewis,mail.corp.local,INTERNAL,414065,WKSTN-U1075
NET011163,2026-06-12 08:33:00,U1027,patricia.brown75,confluence.corp.local,INTERNAL,142993,WKSTN-U1027
NET017696,2026-06-12 08:25:00,U1043,thomas.williams91,mail.corp.local,INTERNAL,,WKSTN-U1043
NET020882,2026-06-12 08:05:00,U1051,sandra.king72,mail.corp.local,INTERNAL,,WKSTN-U1051
NET020477,2026-06-12 07:48:00,U1050,michael.ramirez,weather.com,EXTERNAL,7350,WKSTN-U1050
NET001796,2026-06-12 08:38:00,U1005,robert.robinson,sharepoint.corp.local,INTERNAL,428966,WKSTN-U1005
NET002202,2026-06-12 08:49:00,U1006,george.gonzalez,mail.corp.local,INTERNAL,394597,WKSTN-U1006
NET017297,2026-06-12 08:35:00,U1042,michael.hill56,hr-portal.corp.local,INTERNAL,21831,WKSTN-U1042
NET016094,2026-06-12 08:45:00,U1039,mark.thomas,,INTERNAL,237368,WKSTN-U1039
NET036537,2026-06-12 08:22:00,U1089,paul.brown27,jira.corp.local,INTERNAL,266428,  WKSTN-U1089 
NET026901,2026-06-12 08:12:00,U1066,michelle.wright62,hr-portal.corp.local,INTERNAL,79521,WKSTN-U1066
NET039180,2026-06-12 08:06:00,U1095,richard.thomas74,confluence.corp.local,INTERNAL,253774000.0,WKSTN-U1095
NET017697,2026-06-12 08:46:00,U1043,thomas.williams91,jira.corp.local,INTERNAL,416306,WKSTN-U1043
NET037889,2026-06-12 08:47:00,U1092,steven.thomas,confluence.corp.local,INTERNAL,15958,WKSTN-U1092
NET024478,2026-06-12 08:05:00,U1060,MATTHEW.ANDERSON,confluence.corp.local,INTERNAL,477792,WKSTN-U1060
NET002964,2026-06-12 08:31:00,U1008,joshua.hernandez,hr-portal.corp.local,INTERNAL,444414,WKSTN-U1008
NET029315,2026-06-12 08:43:00,U1072,kenneth.lopez	,jira.corp.local,INTERNAL,430192,WKSTN-U1072
NET012909,2026-06-12 08:26:00,U1031,john.wright28,jira.corp.local,INTERNAL,324600,WKSTN-U1031
NET005745,2026-06-12 08:31:00,U1015,lisa.hernandez,sharepoint.corp.local,INTERNAL,259643,WKSTN-U1015
NET039177,2026-06-12 08:14:00,U1095,richard.thomas74,sharepoint.corp.local,INTERNAL,450821,WKSTN-U1095
NET034279,2026-06-12 08:03:00,U1084,joshua.taylor,hr-portal.corp.local,INTERNAL,73578,WKSTN-U1084
NET013727,2026-06-12 09:21:00,U1033,linda.miller,jira.corp.local,INTERNAL,149504,WKSTN-U1033
NET021666,2026-06-12 09:07:00,U1053,john.jackson31,jira.corp.local,INTERNAL,272435,WKSTN-U1053
NET027663,2026-06-12 09:38:00,U1068,susan.thompson34,sharepoint.corp.local,INTERNAL,53283,
NET014895,2026-06-12 08:54:00,U1036,linda.jones,sharepoint.corp.local,INTERNAL,88069,WKSTN-U1036
NET040782,2026-06-12 09:02:00,U1099,joseph.garcia,mail.corp.local,INTERNAL,40676,WKSTN-U1099
NET014509,2026-06-12 09:48:00,U1035,nancy.rodriguez82,linkedin.com,external,12750,WKSTN-U1035
NET010269,2026-06-12 09:04:00,U1025,betty.brown22,news.com,EXTERNAL,19747,WKSTN-U1025
NET003749,2026-06-12 09:18:00,U1010,susan.young51,sharepoint.corp.local,INTERNAL,312767,WKSTN-U1010
NET000175,2026-06-12 09:03:00,U1001,linda.johnson95,hr-portal.corp.local,INTERNAL,98542,WKSTN-U1001
NET030097,2026-06-12 09:50:00,U1074,sarah.williams7,confluence.corp.local,INTERNAL,472579,WKSTN-U1074
NET006638,2026-06-12 09:30:00,U1017,emily.hernandez34,hr-portal.corp.local,INTERNAL,384361,WKSTN-U1017
NET009366,2026-06-12 09:32:00,U1023,richard.wright,jira.corp.local,INTERNAL,3593,WKSTN-U1023
NET036109,2026-06-12 09:12:00,U1088,andrew.smith85,hr-portal.corp.local,INTERNAL,219227,WKSTN-U1088
NET017699,2026-06-12 09:19:00,U1043,thomas.williams91,vpn.corp.local,INTERNAL,112777,WKSTN-U1043
NET029690,2026-06-12 09:48:00,U1073,michael.gonzalez,mail.corp.local,INTERNAL,384549,WKSTN-U1073
NET017295,2026-06-12 09:13:00,U1042,michael.hill56,,INTERNAL,342218,WKSTN-U1042
NET009364,2026-06-12 09:33:00,U1023,richard.wright,mail.corp.local,INTERNAL,190054,WKSTN-U1023
NET032958,2026-06-12 09:47:00,U1081,margaret.davis,  jira.corp.local ,INTERNAL,347050,WKSTN-U1081
NET017698,2026-06-12 09:08:00,U1043,thomas.williams91,jira.corp.local,INTERNAL,420973,WKSTN-U1043
NET005340,2026-06-12 09:22:00,U1014,james.taylor,sharepoint.corp.local,INTERNAL,242535,WKSTN-U1014
NET014106,2026-06-12 09:03:00,U1034,thomas.allen63,jira.corp.local,INTERNAL,173874,WKSTN-U1034
NET030094,2026-06-12 09:14:00,U1074,sarah.williams7,mail.corp.local,INTERNAL,247867,WKSTN-U1074
NET032959,2026-06-12 09:41:00,U1081,margaret.davis,sharepoint.corp.local,INTERNAL,51073,WKSTN-U1081
NET027662,2026-06-12 09:41:00,U1068,susan.thompson34,  jira.corp.local ,INTERNAL,274506,WKSTN-U1068
NET026900,2026-06-12 09:35:00,U1066,michelle.wright62,sharepoint.corp.local,INTERNAL,97581,WKSTN-U1066
NET029693,2026-06-12 10:17:00,U1073,michael.gonzalez,confluence.corp.local,INTERNAL,148241,WKSTN-U1073
NET029692,2026-06-12 10:10:00,U1073,michael.gonzalez,vpn.corp.local,INTERNAL,29162,WKSTN-U1073
NET014505,2026-06-12 09:59:00,U1035,  nancy.rodriguez82 ,hr-portal.corp.local,INTERNAL,429929,WKSTN-U1035
NET039584,2026-06-12 10:04:00,U1096,david.allen76,,INTERNAL,209927,WKSTN-U1096
NET023675,2026-06-12 10:13:00,U1058,jennifer.ramirez18,  mail.corp.local ,INTERNAL,252002,WKSTN-U1058
NET016095,2026-06-12 10:21:00,U1039,mark.thomas,vpn.corp.local,INTERNAL,244178,WKSTN-U1039
NET025687,2026-06-12 10:11:00,U1063,john.nguyen,hr-portal.corp.local,INTERNAL,315119,WKSTN-U1063
NET023676,2026-06-12 10:04:00,U1058,jennifer.ramirez18,confluence.corp.local,INTERNAL,443031,
NET020078,2026-06-12 10:03:00,U1049,michelle.jones59,hr-portal.corp.local,INTERNAL,213139,WKSTN-U1049
NET000592,2026-06-12 10:17:00,U1002,donna.ramirez,sharepoint.corp.local,INTERNAL,174588,WKSTN-U1002
NET001405,2026-06-12 09:55:00,U1004,elizabeth.wilson98,vpn.corp.local,INTERNAL,382966,WKSTN-U1004
NET021668,2026-06-12 10:13:00,U1053,john.jackson31,sharepoint.corp.local,INTERNAL,220970,WKSTN-U1053
NET004503,2026-06-12 09:59:00,U1012,linda.martinez,sharepoint.corp.local,INTERNAL,259675,WKSTN-U1012
NET022498,2026-06-12 09:58:00,U1055,patricia.wilson54,vpn.corp.local,INTERNAL,286056,WKSTN-U1055
NET005341,2026-06-12 10:14:00,U1014,james.taylor,sharepoint.corp.local,INTERNAL,434539,WKSTN-U1014
NET018479,2026-06-12 10:00:00,U1045,daniel.sanchez90,sharepoint.corp.local,INTERNAL,128788,WKSTN-U1045
NET010713,2026-06-12 09:53:00,U1026,elizabeth.gonzalez,mail.corp.local,INTERNAL,20856,WKSTN-U1026
NET005747,2026-06-12 09:56:00,U1015,lisa.hernandez,hr-portal.corp.local,INTERNAL,214595,WKSTN-U1015
NET002966,2026-06-12 10:21:00,U1008,,hr-portal.corp.local,INTERNAL,107184,WKSTN-U1008
NET039179,2026-06-12 10:20:00,U1095,richard.thomas74,sharepoint.corp.local,INTERNAL,452567,  WKSTN-U1095 
NET017294,2026-06-12 09:57:00,U1042,michael.hill56,  confluence.corp.local ,INTERNAL,300794,WKSTN-U1042
NET036991,2026-06-12 10:10:00,U1090,mary.hill,mail.corp.local,INTERNAL,241413,WKSTN-U1090
NET024871,2026-06-12 10:02:00,U1061,jessica.rodriguez,mail.corp.local,INTERNAL,134819,WKSTN-U1061
NET004107,2026-06-12 10:15:00,U1011,donna.ramirez75,mail.corp.local,INTERNAL,371200,WKSTN-U1011
NET007569,2026-06-12 09:58:00,U1019,donna.anderson,vpn.corp.local,INTERNAL,198192,WKSTN-U1019
NET030096,2026-06-12 10:55:00,U1074,sarah.williams7,sharepoint.corp.local,INTERNAL,120580,WKSTN-U1074
NET040400,2026-06-12 10:34:00,U1098,nancy.wright49,linkedin.com,EXTERNAL,18984,WKSTN-U1098
NET014105,2026-06-12 10:45:00,U1034,thomas.allen63,  sharepoint.corp.local ,INTERNAL,462099,WKSTN-U1034
NET007105,2026-06-12 10:27:00,U1018,betty.white57,mail.corp.local,INTERNAL,14316,WKSTN-U1018
NET029314,2026-06-12 10:37:00,U1072,kenneth.lopez,sharepoint.corp.local,INTERNAL,100614,WKSTN-U1072
NET017298,2026-06-12 10:42:00,U1042,michael.hill56,,INTERNAL,466996,WKSTN-U1042
NET008922,2026-06-12 11:01:00,U1022,sandra.brown,  hr-portal.corp.local ,INTERNAL,379127,WKSTN-U1022
NET041153,2026-06-12 10:54:00,U1100,daniel.brown38,vpn.corp.local,INTERNAL,130330,WKSTN-U1100
NET035185,2026-06-12 10:45:00,U1086,steven.thompson53,confluence.corp.local,INTERNAL,422636,WKSTN-U1086
NET019308,2026-06-12 10:55:00,U1047,sandra.lewis,mail.corp.local,INTERNAL,449224,WKSTN-U1047
NET020079,2026-06-12 11:06:00,U1049,michelle.jones59,jira.corp.local,INTERNAL,475750,WKSTN-U1049
NET002591,2026-06-12 10:31:00,U1007,sarah.robinson82,vpn.corp.local,,209571,WKSTN-U1007
NET008921,2026-06-12 10:45:00,U1022,sandra.brown,vpn.corp.local,INTERNAL,,WKSTN-U1022
NET030098,2026-06-12 10:52:00,U1074,sarah.williams7,mail.corp.local,INTERNAL,228091,WKSTN-U1074
NET008451,2026-06-12 10:41:00,U1021,jessica.walker,confluence.corp.local,INTERNAL,155889,WKSTN-U1021
NET009365,2026-06-12 10:53:00,U1023,richard.wright,hr-portal.corp.local,INTERNAL,145637,WKSTN-U1023
NET014506,2026-06-12 10:45:00,U1035,nancy.rodriguez82,confluence.corp.local,INTERNAL,386943,WKSTN-U1035
NET005344,2026-06-12 10:44:00,U1014,james.taylor,hr-portal.corp.local,INTERNAL,253017,WKSTN-U1014
NET018087,2026-06-12 10:51:00,U1044,lisa.ramirez9,confluence.corp.local,INTERNAL,88126,WKSTN-U1044
NET040396,2026-06-12 10:58:00,U1098,nancy.wright49,confluence.corp.local,INTERNAL,250285,WKSTN-U1098
NET005748,2026-06-12 10:29:00,U1015,,sharepoint.corp.local,INTERNAL,124068,WKSTN-U1015
NET033822,2026-06-12 10:40:00,U1083,sarah.allen70,sharepoint.corp.local,INTERNAL,59268,WKSTN-U1083
NET030898,2026-06-12 10:56:00,U1076,john.torres,mail.corp.local,INTERNAL,165849,  WKSTN-U1076 
NET038320,2026-06-12 10:40:00,U1093,sarah.clark44,vpn.corp.local,INTERNAL,438120,WKSTN-U1093
NET007106,2026-06-12 11:02:00,U1018,betty.white57,vpn.corp.local,INTERNAL,433351,WKSTN-U1018
NET013728,2026-06-12 11:10:00,U1033,linda.miller,sharepoint.corp.local,internal,375135,WKSTN-U1033
NET000593,2026-06-12 11:35:00,U1002,donna.ramirez,  jira.corp.local ,INTERNAL,215580,WKSTN-U1002
NET011627,2026-06-12 11:15:00,U1028,john.hill,hr-portal.corp.local,INTERNAL,79661,WKSTN-U1028
NET028913,2026-06-12 11:32:00,U1071,matthew.robinson35,confluence.corp.local,INTERNAL,,WKSTN-U1071
NET038324,2026-06-12 11:09:00,U1093,sarah.clark44,confluence.corp.local,INTERNAL,134769,WKSTN-U1093
NET031681,2026-06-12 11:20:00,U1078,michelle.miller,jira.corp.local,INTERNAL,339533,WKSTN-U1078
NET004926,2026-06-12 11:24:00,U1013,  emily.smith ,confluence.corp.local,INTERNAL,372325,  WKSTN-U1013 
NET030900,2026-06-12 11:19:00,U1076,john.torres,sharepoint.corp.local,INTERNAL,82352,WKSTN-U1076
NET005343,2026-06-12 11:35:00,U1014,,mail.corp.local,INTERNAL,423318,WKSTN-U1014
NET010268,2026-06-12 11:11:00,U1025,betty.brown22,hr-portal.corp.local,INTERNAL,182318,WKSTN-U1025
NET019310,2026-06-12 11:10:00,U1047,sandra.lewis,hr-portal.corp.local,INTERNAL,35401,WKSTN-U1047
NET014896,2026-06-12 11:11:00,U1036,linda.jones,hr-portal.corp.local,INTERNAL,117788,WKSTN-U1036
NET021275,2026-06-12 11:38:00,U1052,PAUL.TAYLOR,confluence.corp.local,INTERNAL,5469,WKSTN-U1052
NET014107,2026-06-12 11:09:00,U1034,thomas.allen63,confluence.corp.local,INTERNAL,12482,WKSTN-U1034
NET040778,2026-06-12 11:19:00,U1099,joseph.garcia,vpn.corp.local,INTERNAL,306994,WKSTN-U1099
NET023275,2026-06-12 11:31:00,U1057,nancy.sanchez,vpn.corp.local,INTERNAL,274256,WKSTN-U1057
NET022080,2026-06-12 11:25:00,U1054,anthony.martinez,sharepoint.corp.local,INTERNAL,390086,WKSTN-U1054
NET010267,2026-06-12 11:36:00,U1025,betty.brown22,hr-portal.corp.local,INTERNAL,99087,WKSTN-U1025
NET004924,2026-06-12 11:16:00,U1013,emily.smith,hr-portal.corp.local,INTERNAL,315618,WKSTN-U1013
NET015704,2026-06-12 11:28:00,U1038,emily.clark,jira.corp.local,INTERNAL,50981,WKSTN-U1038
NET024072,2026-06-12 11:25:00,U1059,daniel.perez98,vpn.corp.local,INTERNAL,116381,WKSTN-U1059
NET006165,2026-06-12 11:08:00,U1016,patricia.thomas,sharepoint.corp.local,INTERNAL,348779,WKSTN-U1016
NET002967,2026-06-12 11:31:00,U1008,,hr-portal.corp.local,INTERNAL,18217,WKSTN-U1008
NET020082,2026-06-12 11:18:00,U1049,michelle.jones59,mail.corp.local,INTERNAL,203144,WKSTN-U1049
NET034280,2026-06-12 11:15:00,U1084,joshua.taylor,mail.corp.local,INTERNAL,19980,WKSTN-U1084
NET004108,2026-06-12 11:57:00,U1011,donna.ramirez75,vpn.corp.local	,INTERNAL,177834,WKSTN-U1011
NET019715,2026-06-12 11:42:00,U1048,jennifer.thomas87	,,INTERNAL,122810,WKSTN-U1048
NET011624,2026-06-12 11:52:00,U1028,john.hill,vpn.corp.local,INTERNAL,97632,WKSTN-U1028
NET022081,2026-06-12 11:54:00,U1054,anthony.martinez,sharepoint.corp.local,INTERNAL,71082,WKSTN-U1054
NET002203,2026-06-12 11:45:00,U1006,george.gonzalez,mail.corp.local,INTERNAL,295911,WKSTN-U1006
NET032957,2026-06-12 12:07:00,U1081,margaret.davis,confluence.corp.local,INTERNAL,485109,
NET022501,2026-06-12 11:59:00,U1055,patricia.wilson54,weather.com,EXTERNAL,13402,WKSTN-U1055
NET037892,2026-06-12 11:49:00,U1092,steven.thomas,weather.com,EXTERNAL,9272,WKSTN-U1092
NET018902,2026-06-12 12:13:00,U1046,MICHELLE.TORRES39,mail.corp.local,INTERNAL,343278,WKSTN-U1046
NET025281,2026-06-12 12:05:00,U1062,william.martin,mail.corp.local,INTERNAL,294549,WKSTN-U1062
NET025685,2026-06-12 11:55:00,U1063,john.nguyen,sharepoint.corp.local,INTERNAL,242943,WKSTN-U1063
NET001797,2026-06-12 12:14:00,U1005,robert.robinson,hr-portal.corp.local,INTERNAL,159952,WKSTN-U1005
NET018478,2026-06-12 11:50:00,U1045,daniel.sanchez90,mail.corp.local,INTERNAL,412214,WKSTN-U1045
NET028496,2026-06-12 11:50:00,U1070,betty.thomas40,weather.com,EXTERNAL,13517,WKSTN-U1070
NET035615,2026-06-12 11:44:00,U1087,charles.sanchez,sharepoint.corp.local,INTERNAL,147345,WKSTN-U1087
NET026902,2026-06-12 12:13:00,U1066,michelle.wright62,jira.corp.local,INTERNAL,344463,WKSTN-U1066
NET029316,2026-06-12 12:11:00,U1072,kenneth.lopez,sharepoint.corp.local,INTERNAL,480185,WKSTN-U1072
NET012911,2026-06-12 12:09:00,U1031,john.wright28,jira.corp.local,INTERNAL,202304,WKSTN-U1031
NET024476,2026-06-12 12:04:00,U1060,matthew.anderson,mail.corp.local,INTERNAL,272990,WKSTN-U1060
NET026473,2026-06-12 12:13:00,U1065,michael.ramirez47,confluence.corp.local,INTERNAL,61221,WKSTN-U1065
NET032105,2026-06-12 12:02:00,U1079,emily.jones,vpn.corp.local,INTERNAL,362421,WKSTN-U1079
NET020881,2026-06-12 11:52:00,U1051,sandra.king72,sharepoint.corp.local,INTERNAL,161907,WKSTN-U1051
NET017296,2026-06-12 12:04:00,U1042,michael.hill56,vpn.corp.local,INTERNAL,107138,WKSTN-U1042
NET028911,2026-06-12 11:42:00,U1071,matthew.robinson35,confluence.corp.local,INTERNAL,434182,WKSTN-U1071
NET024870,2026-06-12 11:38:00,U1061,jessica.rodriguez,vpn.corp.local,INTERNAL,181148,WKSTN-U1061
NET007108,2026-06-12 12:23:00,U1018,betty.white57,weather.com,EXTERNAL,1523,WKSTN-U1018
NET029313,2026-06-12 12:44:00,U1072,kenneth.lopez,mail.corp.local,INTERNAL,464170,WKSTN-U1072
NET036108,2026-06-12 12:35:00,U1088,andrew.smith85,hr-portal.corp.local,INTERNAL,276634,WKSTN-U1088
NET018901,2026-06-12 12:45:00,U1046,,jira.corp.local,INTERNAL,426063,WKSTN-U1046
NET016894,2026-06-12 12:15:00,U1041,matthew.allen52,vpn.corp.local,INTERNAL,191361,WKSTN-U1041
NET021667,2026-06-12 12:27:00,U1053,john.jackson31,hr-portal.corp.local,INTERNAL,73469,WKSTN-U1053
NET018086,2026-06-12 12:14:00,U1044,lisa.ramirez9,sharepoint.corp.local,INTERNAL,299898,WKSTN-U1044
NET022496,2026-06-12 12:42:00,U1055,patricia.wilson54,vpn.corp.local,INTERNAL,281377,WKSTN-U1055
NET008919,2026-06-12 12:20:00,U1022,sandra.brown,confluence.corp.local,INTERNAL,475829,WKSTN-U1022
NET015709,2026-06-12 12:32:00,U1038,emily.clark,linkedin.com,EXTERNAL,18401,WKSTN-U1038
NET014109,2026-06-12 12:43:00,U1034,thomas.allen63,weather.com,EXTERNAL,18000,WKSTN-U1034
NET040398,2026-06-12 12:37:00,U1098,nancy.wright49,sharepoint.corp.local,INTERNAL,182212,WKSTN-U1098
NET024073,2026-06-12 12:15:00,U1059,DANIEL.PEREZ98,mail.corp.local,INTERNAL,397229,WKSTN-U1059
NET028492,2026-06-12 12:25:00,U1070,betty.thomas40,mail.corp.local,INTERNAL,351027,WKSTN-U1070
NET001403,2026-06-12 12:42:00,U1004,elizabeth.wilson98,confluence.corp.local,INTERNAL,495932,WKSTN-U1004
NET034281,2026-06-12 12:33:00,U1084,joshua.taylor,jira.corp.local,INTERNAL,283768,WKSTN-U1084
NET025282,2026-06-12 12:32:00,U1062,william.martin,mail.corp.local,INTERNAL,381860,WKSTN-U1062
NET009809,2026-06-12 12:16:00,U1024,emily.miller,mail.corp.local,INTERNAL,76105,WKSTN-U1024	
NET002589,2026-06-12 12:24:00,U1007,sarah.robinson82,vpn.corp.local,INTERNAL,344518,WKSTN-U1007
NET040779,2026-06-12 12:37:00,U1099,joseph.garcia,jira.corp.local,INTERNAL,59786,WKSTN-U1099
NET034735,2026-06-12 12:28:00,U1085,barbara.walker67,mail.corp.local,INTERNAL,,WKSTN-U1085
NET020883,2026-06-12 12:27:00,U1051,sandra.king72,confluence.corp.local,INTERNAL,292445,  WKSTN-U1051 
NET007107,2026-06-12 12:43:00,U1018,betty.white57,  sharepoint.corp.local ,INTERNAL,11116,WKSTN-U1018
NET005746,2026-06-12 12:30:00,U1015,lisa.hernandez,,INTERNAL,28437,WKSTN-U1015
NET015301,2026-06-12 12:33:00,U1037,robert.martin,hr-portal.corp.local,INTERNAL,431148,WKSTN-U1037
NET034278,2026-06-12 13:12:00,U1084,joshua.taylor,sharepoint.corp.local,INTERNAL,297933,WKSTN-U1084
NET009812,2026-06-12 12:57:00,U1024,emily.miller,weather.com,EXTERNAL,1412,WKSTN-U1024
NET028493,2026-06-12 12:53:00,U1070,betty.thomas40,sharepoint.corp.local,INTERNAL,43886,WKSTN-U1070
NET001795,2026-06-12 12:48:00,U1005,robert.robinson,hr-portal.corp.local,INTERNAL,188601,WKSTN-U1005
NET033384,2026-06-12 12:46:00,U1082,karen.hill96,jira.corp.local,INTERNAL,62495,WKSTN-U1082
NET036988,2026-06-12 12:51:00,U1090,mary.hill,  mail.corp.local ,INTERNAL,56542,WKSTN-U1090
NET009363,2026-06-12 13:05:00,U1023,richard.wright,vpn.corp.local,INTERNAL,256669,WKSTN-U1023
NET016096,2026-06-12 12:48:00,U1039,mark.thomas,hr-portal.corp.local,INTERNAL,202002,WKSTN-U1039
NET016495,2026-06-12 13:02:00,U1040,matthew.martin,vpn.corp.local,INTERNAL,103956,WKSTN-U1040
NET026080,2026-06-12 13:01:00,U1064,matthew.wright55,vpn.corp.local,INTERNAL,366136,  WKSTN-U1064 
NET005342,2026-06-12 12:46:00,U1014,james.taylor	,mail.corp.local,INTERNAL,65226,WKSTN-U1014
NET016893,2026-06-12 12:53:00,U1041,MATTHEW.ALLEN52,sharepoint.corp.local,INTERNAL,295352,WKSTN-U1041
NET000176,2026-06-12 13:05:00,U1001,linda.johnson95,vpn.corp.local,INTERNAL,203892,WKSTN-U1001
NET003346,2026-06-12 12:47:00,U1009,daniel.brown,mail.corp.local,INTERNAL,42917,WKSTN-U1009
NET040781,2026-06-12 13:02:00,U1099,joseph.garcia,vpn.corp.local,INTERNAL,399889,  WKSTN-U1099 
NET038770,2026-06-12 13:14:00,U1094,elizabeth.lewis69,mail.corp.local,INTERNAL,27939,WKSTN-U1094
NET033383,2026-06-12 12:58:00,U1082,karen.hill96,mail.corp.local,INTERNAL,375315,WKSTN-U1082
NET024872,2026-06-12 12:46:00,U1061,jessica.rodriguez,vpn.corp.local,INTERNAL,68490,
NET031279,2026-06-12 13:11:00,U1077,kimberly.harris58,hr-portal.corp.local,INTERNAL,237544,WKSTN-U1077
NET028495,2026-06-12 13:13:00,U1070,betty.thomas40,confluence.corp.local,INTERNAL,335746,WKSTN-U1070
NET001010,2026-06-12 12:47:00,U1003,kenneth.clark29,,INTERNAL,169136,WKSTN-U1003
NET039582,2026-06-12 13:15:00,U1096,david.allen76,hr-portal.corp.local,INTERNAL,365904,WKSTN-U1096
NET015705,2026-06-12 12:53:00,U1038,emily.clark,confluence.corp.local,INTERNAL,,WKSTN-U1038
NET009362,2026-06-12 12:50:00,U1023,richard.wright,jira.corp.local,INTERNAL,312052,WKSTN-U1023
NET014104,2026-06-12 12:57:00,U1034,thomas.allen63,jira.corp.local,INTERNAL,331302,WKSTN-U1034
NET040399,2026-06-12 13:42:00,U1098,nancy.wright49,jira.corp.local,INTERNAL,492889,WKSTN-U1098	
NET008453,2026-06-12 13:27:00,U1021,jessica.walker,confluence.corp.local,INTERNAL,107220,WKSTN-U1021
NET014108,2026-06-12 13:16:00,U1034,thomas.allen63,vpn.corp.local,INTERNAL,123013,WKSTN-U1034
NET002592,2026-06-12 13:30:00,U1007,sarah.robinson82,hr-portal.corp.local,INTERNAL,65160,WKSTN-U1007
NET034734,2026-06-12 13:27:00,U1085,barbara.walker67,jira.corp.local,INTERNAL,433118,WKSTN-U1085
NET024474,2026-06-12 13:24:00,U1060,matthew.anderson,confluence.corp.local,INTERNAL,98974,WKSTN-U1060
NET022879,2026-06-12 13:28:00,U1056,anthony.clark,hr-portal.corp.local,INTERNAL,410245,WKSTN-U1056
NET007568,2026-06-12 13:22:00,U1019,donna.anderson,vpn.corp.local,INTERNAL,432322,WKSTN-U1019
NET014508,2026-06-12 13:24:00,U1035,nancy.rodriguez82,vpn.corp.local,INTERNAL,230695,WKSTN-U1035
NET003746,2026-06-12 13:42:00,U1010,SUSAN.YOUNG51,confluence.corp.local,INTERNAL,218859,WKSTN-U1010
NET016093,2026-06-12 13:38:00,U1039,mark.thomas,vpn.corp.local,INTERNAL,262805,WKSTN-U1039
NET027660,2026-06-12 13:26:00,U1068,susan.thompson34,hr-portal.corp.local,INTERNAL,294846,WKSTN-U1068
NET037436,2026-06-12 13:46:00,U1091,linda.robinson,confluence.corp.local,INTERNAL,367056,WKSTN-U1091
NET039583,2026-06-12 13:40:00,U1096,david.allen76,confluence.corp.local,INTERNAL,420116,WKSTN-U1096
NET036989,2026-06-12 13:45:00,U1090,mary.hill,jira.corp.local,INTERNAL,265734,WKSTN-U1090
NET028914,2026-06-12 13:30:00,U1071,matthew.robinson35,jira.corp.local,INTERNAL,241821,WKSTN-U1071
NET029689,2026-06-12 13:44:00,U1073,michael.gonzalez,jira.corp.local,INTERNAL,277929,WKSTN-U1073
NET028075,2026-06-12 13:21:00,U1069,  jessica.clark ,vpn.corp.local,INTERNAL,297839,WKSTN-U1069
NET022500,2026-06-12 13:18:00,U1055,patricia.wilson54,jira.corp.local,INTERNAL,,WKSTN-U1055
NET003347,2026-06-12 13:15:00,U1009,daniel.brown,hr-portal.corp.local,INTERNAL,234796,WKSTN-U1009
NET002963,2026-06-12 13:16:00,U1008,joshua.hernandez,  hr-portal.corp.local ,INTERNAL,476163,WKSTN-U1008
NET004925,2026-06-12 13:32:00,U1013,emily.smith,sharepoint.corp.local,INTERNAL,278010,WKSTN-U1013
NET036992,2026-06-12 13:22:00,U1090,mary.hill,weather.com,EXTERNAL,10117,WKSTN-U1090
NET020475,2026-06-12 13:46:00,U1050,michael.ramirez,mail.corp.local,INTERNAL,126625,WKSTN-U1050
NET020080,2026-06-12 13:15:00,U1049,michelle.jones59,sharepoint.corp.local,INTERNAL,383978,WKSTN-U1049
NET023677,2026-06-12 13:55:00,U1058,jennifer.ramirez18,mail.corp.local,INTERNAL,474521,WKSTN-U1058
NET022878,2026-06-12 14:17:00,U1056,anthony.clark,confluence.corp.local,INTERNAL,389827,WKSTN-U1056
NET004506,2026-06-12 14:12:00,U1012,linda.martinez,sharepoint.corp.local,INTERNAL,467345,WKSTN-U1012
NET034737,2026-06-12 13:56:00,U1085,barbara.walker67,jira.corp.local,INTERNAL,75639,WKSTN-U1085
NET038321,2026-06-12 14:20:00,U1093,sarah.clark44,jira.corp.local,INTERNAL,280977,WKSTN-U1093
NET036990,2026-06-12 13:48:00,U1090,mary.hill,jira.corp.local,INTERNAL,95090,WKSTN-U1090
NET013331,2026-06-12 14:07:00,U1032,paul.wright91,jira.corp.local,INTERNAL,465622,WKSTN-U1032
NET003348,2026-06-12 13:51:00,U1009,daniel.brown,weather.com,EXTERNAL,3391,WKSTN-U1009
NET024873,2026-06-12 14:02:00,U1061,jessica.rodriguez,mail.corp.local,INTERNAL,407154,WKSTN-U1061
NET024071,2026-06-12 13:52:00,U1059,daniel.perez98,,,157203,WKSTN-U1059
NET029317,2026-06-12 13:47:00,U1072,kenneth.lopez,,EXTERNAL,4163,WKSTN-U1072
NET013332,2026-06-12 13:56:00,U1032,paul.wright91,weather.com,EXTERNAL,4118,WKSTN-U1032
NET001798,2026-06-12 13:53:00,U1005,robert.robinson,hr-portal.corp.local,INTERNAL,116945,WKSTN-U1005
NET008918,2026-06-12 14:10:00,U1022,sandra.brown,mail.corp.local,INTERNAL,268745,WKSTN-U1022
NET015303,2026-06-12 14:11:00,U1037,robert.martin,jira.corp.local,INTERNAL,,WKSTN-U1037
NET038769,2026-06-12 13:58:00,U1094,elizabeth.lewis69,mail.corp.local,INTERNAL,406677,WKSTN-U1094
NET038323,2026-06-12 13:54:00,U1093,,sharepoint.corp.local,INTERNAL,359552,WKSTN-U1093
NET006639,2026-06-12 14:15:00,U1017,emily.hernandez34,weather.com,EXTERNAL,13172,WKSTN-U1017
NET015302,2026-06-12 14:20:00,U1037,robert.martin,jira.corp.local,INTERNAL,271134,WKSTN-U1037
NET022497,2026-06-12 14:05:00,U1055,patricia.wilson54,vpn.corp.local,INTERNAL,473937,WKSTN-U1055
NET037435,2026-06-12 14:16:00,U1091,linda.robinson,confluence.corp.local,,23602,WKSTN-U1091
NET026904,2026-06-12 13:51:00,U1066,,sharepoint.corp.local,INTERNAL,1627,WKSTN-U1066
NET014894,2026-06-12 13:54:00,U1036,linda.jones,hr-portal.corp.local,INTERNAL,476583,WKSTN-U1036
NET018477,2026-06-12 14:01:00,U1045,daniel.sanchez90,sharepoint.corp.local,INTERNAL,488475000.0,WKSTN-U1045
NET024477,2026-06-12 13:51:00,U1060,matthew.anderson,jira.corp.local,INTERNAL,15365,WKSTN-U1060
NET019309,2026-06-12 14:26:00,U1047,sandra.lewis,hr-portal.corp.local,INTERNAL,10581,WKSTN-U1047	
NET027288,2026-06-12 14:22:00,U1067,paul.thomas97,mail.corp.local,INTERNAL,142541,WKSTN-U1067
NET011161,2026-06-12 14:27:00,U1027,patricia.brown75,vpn.corp.local,INTERNAL,200972,WKSTN-U1027
NET033821,2026-06-12 14:46:00,U1083,sarah.allen70,confluence.corp.local,INTERNAL,464176,WKSTN-U1083
NET006637,2026-06-12 14:24:00,U1017,emily.hernandez34,vpn.corp.local,INTERNAL,389094,WKSTN-U1017
NET001009,2026-06-12 14:48:00,U1003,kenneth.clark29,confluence.corp.local,INTERNAL,407856,WKSTN-U1003
NET013726,2026-06-12 14:26:00,U1033,linda.miller,confluence.corp.local,INTERNAL,13316,WKSTN-U1033
NET008452,2026-06-12 14:22:00,U1021,jessica.walker,jira.corp.local,INTERNAL,68245,WKSTN-U1021
NET033385,2026-06-12 14:32:00,U1082,karen.hill96,mail.corp.local,INTERNAL,334185,WKSTN-U1082
NET004504,2026-06-12 14:27:00,U1012,,hr-portal.corp.local,INTERNAL,163253,WKSTN-U1012
NET003747,2026-06-12 14:33:00,U1010,susan.young51,sharepoint.corp.local,,166239,WKSTN-U1010
NET018088,2026-06-12 14:44:00,U1044,lisa.ramirez9,confluence.corp.local,INTERNAL,376315,WKSTN-U1044
NET028076,2026-06-12 14:41:00,U1069,jessica.clark,jira.corp.local,INTERNAL,482295,WKSTN-U1069
NET020476,2026-06-12 14:41:00,U1050,michael.ramirez,hr-portal.corp.local,INTERNAL,485658,WKSTN-U1050
NET030899,2026-06-12 14:24:00,U1076,john.torres,hr-portal.corp.local,INTERNAL,229556,WKSTN-U1076
NET011164,2026-06-12 14:25:00,U1027,patricia.brown75,confluence.corp.local,INTERNAL,48924,WKSTN-U1027
NET018903,2026-06-12 14:22:00,U1046,michelle.torres39,news.com,EXTERNAL,,WKSTN-U1046
NET013330,2026-06-12 14:44:00,U1032,paul.wright91,mail.corp.local,INTERNAL,306673,WKSTN-U1032
NET019716,2026-06-12 14:39:00,U1048,jennifer.thomas87,jira.corp.local,INTERNAL,470040,WKSTN-U1048
NET023276,2026-06-12 14:32:00,U1057,nancy.sanchez,mail.corp.local,INTERNAL,293876,WKSTN-U1057
NET011625,2026-06-12 14:21:00,U1028,john.hill,vpn.corp.local,INTERNAL,,WKSTN-U1028
NET040395,2026-06-12 14:26:00,U1098,nancy.wright49,confluence.corp.local,INTERNAL,313187,WKSTN-U1098
NET041152,2026-06-12 14:36:00,U1100,daniel.brown38,hr-portal.corp.local,INTERNAL,257900,WKSTN-U1100
NET028912,2026-06-12 14:39:00,U1071,matthew.robinson35,jira.corp.local,INTERNAL,,WKSTN-U1071
NET020083,2026-06-12 14:33:00,U1049,michelle.jones59,linkedin.com,EXTERNAL,14920,WKSTN-U1049
NET027287,2026-06-12 15:07:00,U1067,paul.thomas97,vpn.corp.local,INTERNAL,3223,WKSTN-U1067
NET015706,2026-06-12 15:18:00,U1038,emily.clark,jira.corp.local,INTERNAL,446533,WKSTN-U1038
NET040002,2026-06-12 15:14:00,U1097,mark.martinez10,jira.corp.local,,23527,WKSTN-U1097
NET009810,2026-06-12 15:08:00,U1024,emily.miller,hr-portal.corp.local,INTERNAL,181204,WKSTN-U1024
NET017695,2026-06-12 15:01:00,U1043,  thomas.williams91 ,jira.corp.local,INTERNAL,257511,WKSTN-U1043
NET018089,2026-06-12 15:06:00,U1044,lisa.ramirez9,sharepoint.corp.local,INTERNAL,450610,WKSTN-U1044
NET022499,2026-06-12 14:49:00,U1055,patricia.wilson54,hr-portal.corp.local,INTERNAL,364963,WKSTN-U1055
NET015707,2026-06-12 15:00:00,U1038,emily.clark,mail.corp.local,INTERNAL,453831,WKSTN-U1038
NET039176,2026-06-12 14:57:00,U1095,richard.thomas74,hr-portal.corp.local,INTERNAL,380724,WKSTN-U1095
NET024475,2026-06-12 15:05:00,U1060,matthew.anderson,sharepoint.corp.local,INTERNAL,251144,WKSTN-U1060
NET040004,2026-06-12 14:55:00,U1097,mark.martinez10,,INTERNAL,271740,WKSTN-U1097
NET016496,2026-06-12 14:58:00,U1040,matthew.martin,hr-portal.corp.local,INTERNAL,409489,WKSTN-U1040
NET030095,2026-06-12 15:10:00,U1074,sarah.williams7,hr-portal.corp.local,INTERNAL,66401,WKSTN-U1074
NET001404,2026-06-12 15:06:00,U1004,elizabeth.wilson98,,INTERNAL,350641,WKSTN-U1004
NET039178,2026-06-12 14:51:00,U1095,richard.thomas74,jira.corp.local,INTERNAL,39482,  WKSTN-U1095 
NET027661,2026-06-12 14:50:00,U1068,susan.thompson34,mail.corp.local,INTERNAL,425942,WKSTN-U1068
NET035616,2026-06-12 15:08:00,U1087,charles.sanchez,hr-portal.corp.local,INTERNAL,292664,  WKSTN-U1087 
NET007567,2026-06-12 14:55:00,U1019,donna.anderson,jira.corp.local,INTERNAL,,WKSTN-U1019
NET014507,2026-06-12 14:52:00,U1035,nancy.rodriguez82,mail.corp.local,INTERNAL,171854000.0,
NET001008,2026-06-12 15:02:00,U1003,kenneth.clark29,sharepoint.corp.local,INTERNAL,325919,WKSTN-U1003
NET031280,2026-06-12 14:57:00,U1077,kimberly.harris58,vpn.corp.local	,INTERNAL,343600,WKSTN-U1077
NET026903,2026-06-12 14:50:00,U1066,michelle.wright62,jira.corp.local,INTERNAL,469799,WKSTN-U1066
NET000591,2026-06-12 15:00:00,U1002,donna.ramirez,mail.corp.local,INTERNAL,83367,WKSTN-U1002
NET022082,2026-06-12 14:52:00,U1054,anthony.martinez,jira.corp.local,INTERNAL,149272,WKSTN-U1054
NET035186,2026-06-12 15:15:00,U1086,steven.thompson53,hr-portal.corp.local,INTERNAL,,WKSTN-U1086
NET011162,2026-06-12 15:25:00,U1027,patricia.brown75,confluence.corp.local,INTERNAL,466350,WKSTN-U1027
NET004505,2026-06-12 15:19:00,U1012,linda.martinez,  sharepoint.corp.local ,INTERNAL,350219,WKSTN-U1012
NET003748,2026-06-12 15:31:00,U1010,susan.young51,mail.corp.local,INTERNAL,45682,WKSTN-U1010
NET037891,2026-06-12 15:22:00,U1092,steven.thomas,sharepoint.corp.local,INTERNAL,322132,WKSTN-U1092
NET004109,2026-06-12 15:24:00,U1011,donna.ramirez75,hr-portal.corp.local,INTERNAL,147598,WKSTN-U1011
NET025686,2026-06-12 15:19:00,U1063,,confluence.corp.local,INTERNAL,122083,WKSTN-U1063
NET028915,2026-06-12 15:37:00,U1071,matthew.robinson35,confluence.corp.local,INTERNAL,210775,WKSTN-U1071
NET012050,2026-06-12 15:47:00,U1029,michelle.garcia54,hr-portal.corp.local,INTERNAL,2223,WKSTN-U1029
NET026083,2026-06-12 15:50:00,U1064,matthew.wright55,sharepoint.corp.local,INTERNAL,29657,WKSTN-U1064
NET040397,2026-06-12 15:29:00,U1098,nancy.wright49,hr-portal.corp.local,INTERNAL,172324,WKSTN-U1098
NET032956,2026-06-12 15:28:00,U1081,margaret.davis,vpn.corp.local,INTERNAL,385500,WKSTN-U1081
NET011626,2026-06-12 16:03:00,U1028,john.hill,sharepoint.corp.local,INTERNAL,419431,WKSTN-U1028
NET011165,2026-06-12 15:51:00,U1027,patricia.brown75,confluence.corp.local,INTERNAL,476076,WKSTN-U1027
NET040780,2026-06-12 15:54:00,U1099,joseph.garcia,mail.corp.local,INTERNAL,36296,WKSTN-U1099
NET022880,2026-06-12 15:35:00,U1056,anthony.clark,news.com,EXTERNAL,15124,WKSTN-U1056
NET020474,2026-06-12 15:29:00,U1050,michael.ramirez,sharepoint.corp.local,INTERNAL,172252,WKSTN-U1050
NET026082,2026-06-12 16:05:00,U1064,matthew.wright55,confluence.corp.local,INTERNAL,343254,WKSTN-U1064
NET031680,2026-06-12 15:40:00,U1078,michelle.miller,vpn.corp.local,INTERNAL,145137,WKSTN-U1078
NET040003,2026-06-12 15:38:00,U1097,mark.martinez10,hr-portal.corp.local,internal,121457,WKSTN-U1097
NET016497,2026-06-12 15:28:00,U1040,matthew.martin,mail.corp.local,INTERNAL,309182,WKSTN-U1040
NET014897,2026-06-12 15:29:00,U1036,linda.jones,weather.com,EXTERNAL,13576,WKSTN-U1036
NET010714,2026-06-12 15:31:00,U1026,elizabeth.gonzalez,jira.corp.local,INTERNAL,216166,WKSTN-U1026
NET033823,2026-06-12 16:00:00,U1083,sarah.allen70,jira.corp.local,INTERNAL,411413,WKSTN-U1083
NET007104,2026-06-12 15:30:00,U1018,betty.white57,mail.corp.local,INTERNAL,20440,WKSTN-U1018
NET002965,2026-06-12 15:24:00,U1008,joshua.hernandez,vpn.corp.local,INTERNAL,471881,WKSTN-U1008
NET008013,2026-06-12 16:39:00,U1020,andrew.thomas36,jira.corp.local,internal,109373,WKSTN-U1020
NET026081,2026-06-12 17:36:00,U1064,  matthew.wright55 ,confluence.corp.local,INTERNAL,122597,WKSTN-U1064
NET037005,2026-06-13 12:55:00,U1090,mary.hill,hr-portal.corp.local,internal,13132,WKSTN-U1090
NET034736,2026-06-12 16:48:00,U1085,barbara.walker67,hr-portal.corp.local,INTERNAL,142992,  WKSTN-U1085 
NET031281,2026-06-12 16:22:00,U1077,kimberly.harris58,sharepoint.corp.local,INTERNAL,304693,WKSTN-U1077
NET012048,2026-06-12 16:29:00,U1029,michelle.garcia54,vpn.corp.local,INTERNAL,351408,WKSTN-U1029
NET028494,2026-06-12 16:10:00,U1070,betty.thomas40,jira.corp.local,INTERNAL,104077,WKSTN-U1070
NET029691,2026-06-12 17:30:00,U1073,michael.gonzalez,jira.corp.local,INTERNAL,28268,WKSTN-U1073
NET001406,2026-06-12 16:24:00,U1004,elizabeth.wilson98,mail.corp.local,INTERNAL,178568,WKSTN-U1004	
NET031682,2026-06-12 16:33:00,U1078,michelle.miller,mail.corp.local,INTERNAL,333824,WKSTN-U1078
NET002590,2026-06-12 17:00:00,U1007,sarah.robinson82,jira.corp.local,INTERNAL,154308,WKSTN-U1007
NET037007,2026-06-13 11:47:00,U1090,mary.hill,hr-portal.corp.local,internal,147007,WKSTN-U1090
NET008012,2026-06-12 17:44:00,U1020,andrew.thomas36,sharepoint.corp.local,INTERNAL,192876,WKSTN-U1020
NET021274,2026-06-12 16:59:00,U1052,paul.taylor,confluence.corp.local,INTERNAL,175105,WKSTN-U1052
NET026472,2026-06-12 16:33:00,U1065,michael.ramirez47,confluence.corp.local,INTERNAL,149807,WKSTN-U1065
NET032106,2026-06-12 17:38:00,U1079,emily.jones,confluence.corp.local,INTERNAL,,WKSTN-U1079
NET015708,2026-06-12 17:39:00,U1038,emily.clark,confluence.corp.local,INTERNAL,106928,WKSTN-U1038
NET012049,2026-06-12 16:47:00,U1029,michelle.garcia54,mail.corp.local,INTERNAL,423630,WKSTN-U1029
NET038322,2026-06-12 16:29:00,U1093,sarah.clark44,sharepoint.corp.local,INTERNAL,65548,WKSTN-U1093
NET021276,2026-06-12 17:09:00,U1052,paul.taylor,news.com,EXTERNAL,3560,WKSTN-U1052
NET015304,2026-06-12 16:35:00,U1037,robert.martin,jira.corp.local,INTERNAL,119874,WKSTN-U1037
NET016494,2026-06-12 17:58:00,U1040,matthew.martin,jira.corp.local,INTERNAL,360850,
NET008920,2026-06-12 16:37:00,U1022,sandra.brown,sharepoint.corp.local,INTERNAL,416873,WKSTN-U1022
NET009811,2026-06-12 16:22:00,U1024,emily.miller,sharepoint.corp.local,INTERNAL,390495,WKSTN-U1024
NET026079,2026-06-12 16:06:00,U1064,matthew.wright55,mail.corp.local,INTERNAL,325174,WKSTN-U1064
NET039607,2026-06-15 07:48:00,U1096,david.allen76	,confluence.corp.local,INTERNAL,252730,WKSTN-U1096
NET006186,2026-06-15 08:07:00,U1016,patricia.thomas,sharepoint.corp.local,INTERNAL,415997,WKSTN-U1016	
NET024890,2026-06-14 09:32:00,U1061,jessica.rodriguez,confluence.corp.local,INTERNAL,391432,  WKSTN-U1061 
NET031700,2026-06-15 08:28:00,U1078,michelle.miller,linkedin.com,EXTERNAL,15274,WKSTN-U1078
NET002219,2026-06-15 08:19:00,U1006,george.gonzalez,mail.corp.local,INTERNAL,122489,WKSTN-U1006
NET037008,2026-06-13 14:44:00,U1090,mary.hill,hr-portal.corp.local,INTERNAL,378396,WKSTN-U1090
NET031297,2026-06-15 07:13:00,U1077,kimberly.harris58,vpn.corp.local,INTERNAL,432206,WKSTN-U1077
NET024889,2026-06-14 10:40:00,U1061,jessica.rodriguez,mail.corp.local,INTERNAL,9553,WKSTN-U1061
NET024887,2026-06-14 10:14:00,U1061,jessica.rodriguez,mail.corp.local,INTERNAL,390498,WKSTN-U1061
NET040024,2026-06-15 08:11:00,U1097,mark.martinez10,jira.corp.local,INTERNAL,229476,WKSTN-U1097
NET006184,2026-06-15 08:14:00,U1016,patricia.thomas,jira.corp.local,INTERNAL,402679,WKSTN-U1016
NET018492,2026-06-15 08:05:00,U1045,daniel.sanchez90,mail.corp.local,INTERNAL,293255,WKSTN-U1045
NET005768,2026-06-15 08:23:00,U1015,  lisa.hernandez ,vpn.corp.local,INTERNAL,124234,WKSTN-U1015
NET031299,2026-06-15 07:34:00,U1077,kimberly.harris58,sharepoint.corp.local,INTERNAL,,WKSTN-U1077
NET024888,2026-06-14 11:44:00,U1061,jessica.rodriguez,jira.corp.local,INTERNAL,93001,WKSTN-U1061
NET037006,2026-06-13 14:08:00,U1090,mary.hill,confluence.corp.local,INTERNAL,265409,WKSTN-U1090
NET014125,2026-06-15 08:24:00,U1034,thomas.allen63,sharepoint.corp.local,INTERNAL,374497,WKSTN-U1034
NET026100,2026-06-15 08:02:00,U1064,matthew.wright55,confluence.corp.local,INTERNAL,74484,  WKSTN-U1064 
NET022515,2026-06-15 07:42:00,U1055,patricia.wilson54,jira.corp.local,INTERNAL,496295,WKSTN-U1055
NET030912,2026-06-15 07:44:00,U1076,john.torres,mail.corp.local,INTERNAL,427382,WKSTN-U1076
NET035636,2026-06-15 08:19:00,U1087,charles.sanchez	,hr-portal.corp.local,INTERNAL,193110,WKSTN-U1087
NET021294,2026-06-15 08:25:00,U1052,paul.taylor,mail.corp.local,INTERNAL,241730,WKSTN-U1052
NET011183,2026-06-15 08:12:00,U1027,patricia.brown75,mail.corp.local,INTERNAL,479459,WKSTN-U1027
NET028514,2026-06-15 07:17:00,U1070,betty.thomas40,mail.corp.local,INTERNAL,493317,WKSTN-U1070
NET024891,2026-06-14 15:06:00,U1061,jessica.rodriguez,mail.corp.local,INTERNAL,310248,WKSTN-U1061
NET027307,2026-06-15 08:45:00,U1067,paul.thomas97,hr-portal.corp.local,INTERNAL,354101,WKSTN-U1067
NET033845,2026-06-15 09:08:00,U1083,sarah.allen70,mail.corp.local,INTERNAL,400200,WKSTN-U1083
NET038788,2026-06-15 08:45:00,U1094,elizabeth.lewis69,sharepoint.corp.local,INTERNAL,496499,WKSTN-U1094
NET040026,2026-06-15 08:55:00,U1097,mark.martinez10,jira.corp.local,INTERNAL,23226,WKSTN-U1097
NET005769,2026-06-15 08:59:00,U1015,lisa.hernandez,confluence.corp.local,INTERNAL,375070000.0,WKSTN-U1015	
NET024912,2026-06-15 08:35:00,U1061,jessica.rodriguez,vpn.corp.local,INTERNAL,111331,WKSTN-U1061
NET033850,2026-06-15 09:05:00,U1083,sarah.allen70,weather.com,EXTERNAL,8761,WKSTN-U1083
NET024911,2026-06-15 08:42:00,U1061,jessica.rodriguez,mail.corp.local	,INTERNAL,4596,WKSTN-U1061
NET020902,2026-06-15 08:30:00,U1051,sandra.king72,confluence.corp.local,INTERNAL,103142,WKSTN-U1051
NET024499,2026-06-15 09:03:00,U1060,matthew.anderson	,mail.corp.local,INTERNAL,235354,WKSTN-U1060
NET016116,2026-06-15 08:45:00,U1039,mark.thomas,mail.corp.local,INTERNAL,145536,WKSTN-U1039
NET002223,2026-06-15 08:32:00,U1006,george.gonzalez,mail.corp.local,INTERNAL,98007,WKSTN-U1006
NET041170,2026-06-15 08:44:00,U1100,daniel.brown38,sharepoint.corp.local,INTERNAL,322042,WKSTN-U1100
NET016910,2026-06-15 08:55:00,U1041,  matthew.allen52 ,jira.corp.local,INTERNAL,125065,WKSTN-U1041
NET001422,2026-06-15 08:30:00,U1004,elizabeth.wilson98,sharepoint.corp.local,INTERNAL,215675,WKSTN-U1004
NET019729,2026-06-15 09:09:00,U1048,jennifer.thomas87,hr-portal.corp.local,INTERNAL,202031,WKSTN-U1048
NET022516,2026-06-15 08:56:00,U1055,patricia.wilson54,jira.corp.local,INTERNAL,452869,WKSTN-U1055
NET004946,2026-06-15 08:51:00,U1013,,vpn.corp.local,INTERNAL,3017,WKSTN-U1013
NET020900,2026-06-15 08:52:00,U1051,sandra.king72	,confluence.corp.local,INTERNAL,295283,WKSTN-U1051
NET036561,2026-06-15 08:42:00,U1089,paul.brown27,hr-portal.corp.local,INTERNAL,21503,WKSTN-U1089
NET014911,2026-06-15 08:56:00,U1036,  linda.jones ,jira.corp.local	,INTERNAL,55443,WKSTN-U1036
NET020904,2026-06-15 08:33:00,U1051,sandra.king72,jira.corp.local,INTERNAL,276131,WKSTN-U1051
NET010729,2026-06-15 09:01:00,U1026,elizabeth.gonzalez,mail.corp.local,INTERNAL,119507,WKSTN-U1026
NET014530,2026-06-15 09:07:00,U1035,nancy.rodriguez82,linkedin.com,EXTERNAL,1813,WKSTN-U1035
NET028515,2026-06-15 08:45:00,U1070,betty.thomas40,jira.corp.local,INTERNAL,275330,WKSTN-U1070
NET032122,2026-06-15 09:35:00,U1079,emily.jones,confluence.corp.local,INTERNAL,119252,WKSTN-U1079
NET018110,2026-06-15 09:41:00,U1044,lisa.ramirez9,vpn.corp.local,INTERNAL,115240,WKSTN-U1044
NET004518,2026-06-15 09:36:00,U1012,linda.martinez,mail.corp.local,INTERNAL,370195,WKSTN-U1012
NET014123,2026-06-15 09:38:00,U1034,thomas.allen63	,sharepoint.corp.local,INTERNAL,47605,WKSTN-U1034
NET037912,2026-06-15 09:45:00,U1092,steven.thomas,sharepoint.corp.local,INTERNAL,51095,WKSTN-U1092
NET001424,2026-06-15 09:14:00,U1004,elizabeth.wilson98,vpn.corp.local,INTERNAL,243283,WKSTN-U1004
NET007130,2026-06-15 09:20:00,U1018,betty.white57,hr-portal.corp.local,INTERNAL,403466,WKSTN-U1018
NET018919,2026-06-15 09:15:00,U1046,michelle.torres39,mail.corp.local,INTERNAL,464878,WKSTN-U1046
NET012070,2026-06-15 09:47:00,U1029,michelle.garcia54,confluence.corp.local,INTERNAL,333408,WKSTN-U1029
NET038790,2026-06-15 09:10:00,U1094,elizabeth.lewis69,jira.corp.local,INTERNAL,126054,
NET004944,2026-06-15 09:12:00,U1013,emily.smith,mail.corp.local,INTERNAL,301990,WKSTN-U1013
NET038341,2026-06-15 09:36:00,U1093,sarah.clark44,confluence.corp.local,INTERNAL,448395,WKSTN-U1093
NET031298,2026-06-15 09:38:00,U1077,kimberly.harris58,hr-portal.corp.local,INTERNAL,275396,WKSTN-U1077
NET023693,2026-06-15 09:30:00,U1058,jennifer.ramirez18,jira.corp.local,INTERNAL,273427,WKSTN-U1058
NET029711,2026-06-15 09:28:00,U1073,michael.gonzalez,confluence.corp.local,INTERNAL,236906,WKSTN-U1073
NET040798,2026-06-15 09:36:00,U1099,joseph.garcia,confluence.corp.local,INTERNAL,305161,WKSTN-U1099
NET008028,2026-06-15 09:29:00,U1020,andrew.thomas36,sharepoint.corp.local,INTERNAL,320951,WKSTN-U1020
NET010289,2026-06-15 09:14:00,U1025,betty.brown22,news.com,EXTERNAL,17386,WKSTN-U1025
NET008470,2026-06-15 09:46:00,U1021,jessica.walker,hr-portal.corp.local,INTERNAL,430412,WKSTN-U1021
NET008030,2026-06-15 09:27:00,U1020,andrew.thomas36,confluence.corp.local,INTERNAL,437328,WKSTN-U1020
NET006663,2026-06-15 09:42:00,U1017,emily.hernandez34,confluence.corp.local,,191555,WKSTN-U1017
NET026098,2026-06-15 09:41:00,U1064,matthew.wright55,,INTERNAL,37462,WKSTN-U1064
NET034299,2026-06-15 09:40:00,U1084,joshua.taylor,mail.corp.local,INTERNAL,171592,WKSTN-U1084
NET038789,2026-06-15 09:43:00,U1094,elizabeth.lewis69,sharepoint.corp.local,INTERNAL,494396,WKSTN-U1094
NET018495,2026-06-15 09:31:00,U1045,daniel.sanchez90,confluence.corp.local,INTERNAL,366825,WKSTN-U1045
NET017314,2026-06-15 09:53:00,U1042,michael.hill56,vpn.corp.local,INTERNAL,312603,WKSTN-U1042
NET020903,2026-06-15 09:47:00,U1051,sandra.king72,vpn.corp.local,INTERNAL,457307,WKSTN-U1051
NET037913,2026-06-15 10:04:00,U1092,steven.thomas,sharepoint.corp.local,INTERNAL,383871,WKSTN-U1092
NET001026,2026-06-15 09:53:00,U1003,  kenneth.clark29 ,  vpn.corp.local ,INTERNAL,345392,WKSTN-U1003
NET007589,2026-06-15 09:47:00,U1019,donna.anderson,mail.corp.local,INTERNAL,37916,WKSTN-U1019
NET022519,2026-06-15 09:55:00,U1055,patricia.wilson54,confluence.corp.local,INTERNAL,31424,WKSTN-U1055
NET034302,2026-06-15 10:12:00,U1084,joshua.taylor,confluence.corp.local,INTERNAL,5745,WKSTN-U1084
NET039196,2026-06-15 09:57:00,U1095,richard.thomas74,hr-portal.corp.local	,INTERNAL,75144,WKSTN-U1095
NET039608,2026-06-15 09:47:00,U1096,david.allen76,hr-portal.corp.local,INTERNAL,331433,WKSTN-U1096
NET000198,2026-06-15 10:03:00,U1001,linda.johnson95,hr-portal.corp.local,INTERNAL,405237,WKSTN-U1001
NET018493,2026-06-15 10:14:00,U1045,daniel.sanchez90,hr-portal.corp.local,INTERNAL,267127,WKSTN-U1045
NET019730,2026-06-15 10:11:00,U1048,jennifer.thomas87,hr-portal.corp.local,INTERNAL,175093,WKSTN-U1048
NET020097,2026-06-15 09:56:00,U1049,  michelle.jones59 ,sharepoint.corp.local,INTERNAL,49431,WKSTN-U1049
NET008942,2026-06-15 09:58:00,U1022,sandra.brown,sharepoint.corp.local,INTERNAL,56996,WKSTN-U1022
NET002221,2026-06-15 10:08:00,U1006,george.gonzalez,jira.corp.local,INTERNAL,473995,WKSTN-U1006
NET015727,2026-06-15 09:51:00,U1038,emily.clark,confluence.corp.local,INTERNAL,389394,WKSTN-U1038
NET028517,2026-06-15 10:08:00,U1070,betty.thomas40,confluence.corp.local,INTERNAL,87869,WKSTN-U1070
NET007588,2026-06-15 09:52:00,U1019,donna.anderson,confluence.corp.local,INTERNAL,223367,WKSTN-U1019
NET034757,2026-06-15 10:11:00,U1085,barbara.walker67,confluence.corp.local,INTERNAL,396770,WKSTN-U1085
NET012932,2026-06-15 10:14:00,U1031,john.wright28,weather.com,EXTERNAL,9762,WKSTN-U1031
NET010285,2026-06-15 10:11:00,U1025,betty.brown22,mail.corp.local,INTERNAL,403681,WKSTN-U1025
NET029334,2026-06-15 10:12:00,U1072,kenneth.lopez,hr-portal.corp.local,INTERNAL,121419,WKSTN-U1072
NET037455,2026-06-15 10:12:00,U1091,linda.robinson,jira.corp.local,INTERNAL,446842,WKSTN-U1091
NET010728,2026-06-15 10:03:00,U1026,elizabeth.gonzalez,sharepoint.corp.local,INTERNAL,153520,WKSTN-U1026
NET005767,2026-06-15 10:09:00,U1015,lisa.hernandez,mail.corp.local,INTERNAL,465086,WKSTN-U1015
NET032979,2026-06-15 10:24:00,U1081,margaret.davis,mail.corp.local,INTERNAL,92969,WKSTN-U1081
NET032978,2026-06-15 10:21:00,U1081,margaret.davis,jira.corp.local,INTERNAL,186167,WKSTN-U1081
NET022099,2026-06-15 10:33:00,U1054,anthony.martinez,mail.corp.local,INTERNAL,342961,WKSTN-U1054
NET011185,2026-06-15 10:35:00,U1027,patricia.brown75,news.com,EXTERNAL,12381,WKSTN-U1027
NET008940,2026-06-15 10:38:00,U1022,sandra.brown,confluence.corp.local,INTERNAL,146964,WKSTN-U1022
NET021293,2026-06-15 10:36:00,U1052,,sharepoint.corp.local,INTERNAL,53688,WKSTN-U1052
NET014914,2026-06-15 10:33:00,U1036,linda.jones,sharepoint.corp.local,INTERNAL,449202,WKSTN-U1036
NET029333,2026-06-15 10:33:00,U1072,kenneth.lopez,vpn.corp.local,INTERNAL,60272,WKSTN-U1072
NET039198,2026-06-15 10:15:00,U1095,RICHARD.THOMAS74,linkedin.com,EXTERNAL,11429,WKSTN-U1095
NET028932,2026-06-15 10:16:00,U1071,matthew.robinson35,confluence.corp.local,INTERNAL,192151,WKSTN-U1071
NET020901,2026-06-15 10:18:00,U1051,sandra.king72,vpn.corp.local,INTERNAL,345471,WKSTN-U1051
NET027678,2026-06-15 10:35:00,U1068,susan.thompson34,vpn.corp.local,INTERNAL,16054,WKSTN-U1068
NET004519,2026-06-15 10:22:00,U1012,linda.martinez,jira.corp.local,INTERNAL,244110,WKSTN-U1012
NET036126,2026-06-15 10:18:00,U1088,andrew.smith85,hr-portal.corp.local,INTERNAL,113423,WKSTN-U1088
NET034756,2026-06-15 10:18:00,U1085,barbara.walker67,jira.corp.local,INTERNAL,248345,WKSTN-U1085
NET013742,2026-06-15 10:29:00,U1033,linda.miller,jira.corp.local,INTERNAL,178976,WKSTN-U1033
NET025300,2026-06-15 10:21:00,U1062,william.martin,vpn.corp.local,INTERNAL,328252,WKSTN-U1062
NET038345,2026-06-15 10:37:00,U1093,sarah.clark44,sharepoint.corp.local,INTERNAL,390772,WKSTN-U1093
NET039197,2026-06-15 10:29:00,U1095,richard.thomas74,,INTERNAL,93231,WKSTN-U1095
NET040414,2026-06-15 10:35:00,U1098,nancy.wright49,vpn.corp.local,INTERNAL,75513,WKSTN-U1098
NET036560,2026-06-15 10:22:00,U1089,paul.brown27,sharepoint.corp.local,INTERNAL,167955,WKSTN-U1089
NET013741,2026-06-15 10:25:00,U1033,linda.miller,jira.corp.local,INTERNAL,162440,WKSTN-U1033
NET001027,2026-06-15 10:22:00,U1003,kenneth.clark29,vpn.corp.local,INTERNAL,328850,WKSTN-U1003
NET006665,2026-06-15 10:20:00,U1017,emily.hernandez34,jira.corp.local,INTERNAL,286459,WKSTN-U1017
NET024497,2026-06-15 10:33:00,U1060,matthew.anderson,sharepoint.corp.local,INTERNAL,244507,WKSTN-U1060
NET022896,2026-06-15 10:53:00,U1056,anthony.clark,vpn.corp.local,INTERNAL,362037,WKSTN-U1056
NET041173,2026-06-15 10:54:00,U1100,daniel.brown38,hr-portal.corp.local,INTERNAL,281110,WKSTN-U1100
NET000607,2026-06-15 10:53:00,U1002,donna.ramirez,,INTERNAL,207991,WKSTN-U1002
NET013351,2026-06-15 10:48:00,U1032,paul.wright91,jira.corp.local,INTERNAL,387065,WKSTN-U1032
NET013350,2026-06-15 10:58:00,U1032,paul.wright91,hr-portal.corp.local,INTERNAL,497767,WKSTN-U1032
NET041172,2026-06-15 10:56:00,U1100,daniel.brown38,jira.corp.local,INTERNAL,442839,WKSTN-U1100
NET018112,2026-06-15 10:58:00,U1044,lisa.ramirez9,weather.com,EXTERNAL,2592,WKSTN-U1044
NET040025,2026-06-15 10:50:00,U1097,mark.martinez10,hr-portal.corp.local,INTERNAL,179626,WKSTN-U1097
NET008471,2026-06-15 10:47:00,U1021,jessica.walker,sharepoint.corp.local,INTERNAL,423193,WKSTN-U1021
NET015724,2026-06-15 10:51:00,U1038,emily.clark,vpn.corp.local,INTERNAL,353182,WKSTN-U1038
NET009830,2026-06-15 11:07:00,U1024,emily.miller,mail.corp.local,INTERNAL,490801,
NET022900,2026-06-15 10:45:00,U1056,anthony.clark,vpn.corp.local,INTERNAL,127267,WKSTN-U1056
NET039606,2026-06-15 10:54:00,U1096,david.allen76,mail.corp.local,INTERNAL,419000,WKSTN-U1096
NET026914,2026-06-15 11:02:00,U1066,michelle.wright62,mail.corp.local,INTERNAL,177270,WKSTN-U1066
NET037454,2026-06-15 11:04:00,U1091,linda.robinson,mail.corp.local,INTERNAL,199557,WKSTN-U1091
NET016520,2026-06-15 10:59:00,U1040,matthew.martin,mail.corp.local,internal,378553,WKSTN-U1040
NET023293,2026-06-15 11:04:00,U1057,nancy.sanchez,vpn.corp.local,INTERNAL,321545,WKSTN-U1057
NET002222,2026-06-15 11:05:00,U1006,george.gonzalez,sharepoint.corp.local,INTERNAL,261026,WKSTN-U1006
NET009387,2026-06-15 10:44:00,U1023,richard.wright,vpn.corp.local,,374318,WKSTN-U1023
NET018920,2026-06-15 10:52:00,U1046,michelle.torres39,mail.corp.local,INTERNAL,25882,WKSTN-U1046
NET014124,2026-06-15 11:07:00,U1034,thomas.allen63,jira.corp.local,INTERNAL,480083,WKSTN-U1034
NET037025,2026-06-15 10:45:00,U1090,mary.hill,mail.corp.local,INTERNAL,348846,WKSTN-U1090
NET010732,2026-06-15 11:03:00,U1026,elizabeth.gonzalez,linkedin.com,EXTERNAL,19458,WKSTN-U1026
NET012929,2026-06-15 10:57:00,U1031,john.wright28,jira.corp.local,INTERNAL,297084,WKSTN-U1031
NET001427,2026-06-15 11:00:00,U1004,elizabeth.wilson98,news.com,EXTERNAL,18649,WKSTN-U1004
NET033400,2026-06-15 11:45:00,U1082,karen.hill96,vpn.corp.local,INTERNAL,172240,WKSTN-U1082
NET024910,2026-06-15 11:38:00,U1061,jessica.rodriguez,mail.corp.local,,142242,WKSTN-U1061
NET039609,2026-06-15 11:08:00,U1096,david.allen76,vpn.corp.local,INTERNAL,341338,WKSTN-U1096
NET030517,2026-06-15 11:22:00,U1075,STEVEN.LEWIS,,INTERNAL,159305,WKSTN-U1075
NET004124,2026-06-15 11:32:00,U1011,donna.ramirez75,vpn.corp.local,INTERNAL,388316,  WKSTN-U1011 
NET031697,2026-06-15 11:26:00,U1078,michelle.miller,mail.corp.local,INTERNAL,101680,
NET018109,2026-06-15 11:49:00,U1044,lisa.ramirez9,jira.corp.local,INTERNAL,245784,WKSTN-U1044
NET016117,2026-06-15 11:22:00,U1039,mark.thomas,sharepoint.corp.local,INTERNAL,256574,WKSTN-U1039
NET009829,2026-06-15 11:39:00,U1024,,sharepoint.corp.local,INTERNAL,297575,WKSTN-U1024
NET022899,2026-06-15 11:32:00,U1056,anthony.clark,,INTERNAL,349519,WKSTN-U1056
NET023292,2026-06-15 11:17:00,U1057,nancy.sanchez,confluence.corp.local,INTERNAL,68668,WKSTN-U1057
NET035637,2026-06-15 11:37:00,U1087,charles.sanchez,mail.corp.local,INTERNAL,31457,WKSTN-U1087
NET022517,2026-06-15 11:44:00,U1055,patricia.wilson54,hr-portal.corp.local,INTERNAL,259166,WKSTN-U1055
NET011651,2026-06-15 11:19:00,U1028,john.hill,confluence.corp.local,INTERNAL,89138,WKSTN-U1028
NET022897,2026-06-15 11:39:00,U1056,  anthony.clark ,vpn.corp.local	,INTERNAL,25973,WKSTN-U1056
NET040415,2026-06-15 11:36:00,U1098,nancy.wright49,vpn.corp.local,INTERNAL,390404,WKSTN-U1098
NET023691,2026-06-15 11:38:00,U1058,jennifer.ramirez18,hr-portal.corp.local,INTERNAL,212544,
NET016119,2026-06-15 11:45:00,U1039,MARK.THOMAS,weather.com,,13388,WKSTN-U1039
NET031300,2026-06-15 11:29:00,U1077,,confluence.corp.local,INTERNAL,284481,WKSTN-U1077
NET030519,2026-06-15 11:11:00,U1075,steven.lewis,sharepoint.corp.local,INTERNAL,,WKSTN-U1075
NET023295,2026-06-15 11:16:00,U1057,nancy.sanchez,hr-portal.corp.local,INTERNAL,233942,WKSTN-U1057
NET039194,2026-06-15 11:33:00,U1095,richard.thomas74,confluence.corp.local,INTERNAL,118825,WKSTN-U1095
NET018921,2026-06-15 11:31:00,U1046,michelle.torres39,vpn.corp.local,INTERNAL,471466,WKSTN-U1046
NET009832,2026-06-15 11:13:00,U1024,emily.miller,mail.corp.local,INTERNAL,336138,WKSTN-U1024
NET022898,2026-06-15 11:41:00,U1056,anthony.clark,mail.corp.local,INTERNAL,204066,WKSTN-U1056
NET037024,2026-06-15 12:21:00,U1090,mary.hill,jira.corp.local,INTERNAL,138887,WKSTN-U1090
NET015726,2026-06-15 12:07:00,U1038,emily.clark,confluence.corp.local,INTERNAL,,WKSTN-U1038
NET040799,2026-06-15 12:14:00,U1099,joseph.garcia,  news.com ,EXTERNAL,5647,WKSTN-U1099
NET005357,2026-06-15 12:25:00,U1014,james.taylor,mail.corp.local,INTERNAL,219926,WKSTN-U1014
NET026916,2026-06-15 11:55:00,U1066,michelle.wright62,,INTERNAL,13382,WKSTN-U1066
NET034300,2026-06-15 12:21:00,U1084,joshua.taylor,,INTERNAL,243590,WKSTN-U1084
NET001816,2026-06-15 12:16:00,U1005,robert.robinson,sharepoint.corp.local,INTERNAL,481769,WKSTN-U1005
NET003365,2026-06-15 11:50:00,U1009,daniel.brown,sharepoint.corp.local,INTERNAL,36078,WKSTN-U1009
NET005766,2026-06-15 12:17:00,U1015,lisa.hernandez,jira.corp.local,INTERNAL,226278,WKSTN-U1015
NET024909,2026-06-15 12:00:00,U1061,,mail.corp.local,INTERNAL,200798,WKSTN-U1061
NET028093,2026-06-15 12:18:00,U1069,jessica.clark,vpn.corp.local,INTERNAL,-404647.0,WKSTN-U1069
NET035635,2026-06-15 12:11:00,U1087,charles.sanchez,vpn.corp.local,INTERNAL,307525,WKSTN-U1087
NET031699,2026-06-15 12:21:00,U1078,michelle.miller,mail.corp.local,INTERNAL,421704,WKSTN-U1078
NET011184,2026-06-15 12:12:00,U1027,patricia.brown75,  vpn.corp.local ,INTERNAL,132292,WKSTN-U1027
NET015325,2026-06-15 12:11:00,U1037,robert.martin,mail.corp.local,INTERNAL,140109,WKSTN-U1037
NET038342,2026-06-15 12:04:00,U1093,sarah.clark44,jira.corp.local,internal,331197,WKSTN-U1093	
NET034759,2026-06-15 12:11:00,U1085,barbara.walker67,sharepoint.corp.local,INTERNAL,172720,WKSTN-U1085
NET027306,2026-06-15 12:00:00,U1067,paul.thomas97,sharepoint.corp.local,INTERNAL,124271,WKSTN-U1067
NET015324,2026-06-15 12:01:00,U1037,robert.martin,jira.corp.local,INTERNAL,156198,WKSTN-U1037
NET031296,2026-06-15 12:12:00,U1077,kimberly.harris58,mail.corp.local,INTERNAL,188531,WKSTN-U1077
NET011650,2026-06-15 12:03:00,U1028,john.hill,sharepoint.corp.local,INTERNAL,74490,WKSTN-U1028
NET019728,2026-06-15 12:20:00,U1048,jennifer.thomas87,sharepoint.corp.local,INTERNAL,70090,WKSTN-U1048
NET041171,2026-06-15 12:07:00,U1100,daniel.brown38,vpn.corp.local,INTERNAL,214398,WKSTN-U1100
NET040023,2026-06-15 11:51:00,U1097,mark.martinez10,hr-portal.corp.local,INTERNAL,17328,WKSTN-U1097
NET004943,2026-06-15 12:16:00,U1013,,,INTERNAL,160652,WKSTN-U1013
NET000610,2026-06-15 12:44:00,U1002,donna.ramirez,vpn.corp.local,INTERNAL,356223,WKSTN-U1002
NET027676,2026-06-15 12:35:00,U1068,susan.thompson34,  jira.corp.local ,INTERNAL,477811,WKSTN-U1068
NET027309,2026-06-15 13:01:00,U1067,paul.thomas97,jira.corp.local,INTERNAL,110629,WKSTN-U1067
NET003362,2026-06-15 12:31:00,U1009,daniel.brown,mail.corp.local,INTERNAL,497674,WKSTN-U1009
NET014912,2026-06-15 12:43:00,U1036,linda.jones,vpn.corp.local,INTERNAL,100842,WKSTN-U1036
NET000609,2026-06-15 12:37:00,U1002,donna.ramirez,,INTERNAL,473097,WKSTN-U1002
NET025699,2026-06-15 12:41:00,U1063,john.nguyen,mail.corp.local,INTERNAL,125779,WKSTN-U1063
NET017315,2026-06-15 12:50:00,U1042,michael.hill56,vpn.corp.local,INTERNAL,107663,WKSTN-U1042
NET008939,2026-06-15 13:02:00,U1022,sandra.brown,confluence.corp.local,INTERNAL,,WKSTN-U1022
NET012930,2026-06-15 12:50:00,U1031,john.wright28,vpn.corp.local,INTERNAL,14783,WKSTN-U1031
NET022518,2026-06-15 12:38:00,U1055,patricia.wilson54,hr-portal.corp.local,INTERNAL,306079,WKSTN-U1055
NET028516,2026-06-15 12:50:00,U1070,betty.thomas40,hr-portal.corp.local,INTERNAL,310501,WKSTN-U1070
NET016908,2026-06-15 12:28:00,U1041,matthew.allen52,mail.corp.local,INTERNAL,138462,WKSTN-U1041
NET010730,2026-06-15 12:41:00,U1026,elizabeth.gonzalez,jira.corp.local,INTERNAL,29267,WKSTN-U1026
NET005770,2026-06-15 12:30:00,U1015,lisa.hernandez,mail.corp.local,INTERNAL,139329,WKSTN-U1015
NET037914,2026-06-15 12:31:00,U1092,steven.thomas,vpn.corp.local,INTERNAL,195893,WKSTN-U1092
NET024092,2026-06-15 12:58:00,U1059,daniel.perez98,sharepoint.corp.local,INTERNAL,316440,WKSTN-U1059
NET006185,2026-06-15 12:29:00,U1016,patricia.thomas,vpn.corp.local,INTERNAL,311404,WKSTN-U1016
NET034755,2026-06-15 12:29:00,U1085,barbara.walker67,mail.corp.local,INTERNAL,341645000.0,WKSTN-U1085
NET002980,2026-06-15 12:49:00,U1008,joshua.hernandez,jira.corp.local,INTERNAL,309772,WKSTN-U1008
NET041174,2026-06-15 12:59:00,U1100,daniel.brown38,weather.com,EXTERNAL,1154,WKSTN-U1100
NET030113,2026-06-15 13:02:00,U1074,sarah.williams7,linkedin.com,EXTERNAL,15808,WKSTN-U1074
NET001025,2026-06-15 12:47:00,U1003,kenneth.clark29,mail.corp.local,INTERNAL,100331,WKSTN-U1003
NET030112,2026-06-15 12:31:00,U1074,sarah.williams7,confluence.corp.local,,177768,WKSTN-U1074
NET024913,2026-06-15 12:29:00,U1061,jessica.rodriguez,news.com,EXTERNAL,1937,WKSTN-U1061
NET017713,2026-06-15 13:15:00,U1043,thomas.williams91,jira.corp.local,INTERNAL,,WKSTN-U1043
NET026101,2026-06-15 13:02:00,U1064,matthew.wright55,hr-portal.corp.local,INTERNAL,419593,WKSTN-U1064
NET000606,2026-06-15 13:13:00,U1002,donna.ramirez,jira.corp.local,INTERNAL,250698,WKSTN-U1002
NET013352,2026-06-15 13:39:00,U1032,paul.wright91,linkedin.com,EXTERNAL,6432,WKSTN-U1032
NET030520,2026-06-15 13:17:00,U1075,steven.lewis,mail.corp.local,INTERNAL,309466,WKSTN-U1075
NET014126,2026-06-15 13:33:00,U1034,thomas.allen63,hr-portal.corp.local,INTERNAL,213390,WKSTN-U1034
NET001423,2026-06-15 13:12:00,U1004,elizabeth.wilson98,confluence.corp.local,INTERNAL,218324,WKSTN-U1004
NET012928,2026-06-15 13:08:00,U1031,john.wright28,hr-portal.corp.local,INTERNAL,212224,WKSTN-U1031
NET016909,2026-06-15 13:14:00,U1041,matthew.allen52,confluence.corp.local,INTERNAL,364933,WKSTN-U1041
NET008472,2026-06-15 13:03:00,U1021,jessica.walker,sharepoint.corp.local,INTERNAL,146418,WKSTN-U1021
NET004947,2026-06-15 13:23:00,U1013,EMILY.SMITH,vpn.corp.local,INTERNAL,240748,WKSTN-U1013	
NET030109,2026-06-15 13:35:00,U1074,sarah.williams7,confluence.corp.local,INTERNAL,93848,WKSTN-U1074
NET035210,2026-06-15 13:23:00,U1086,steven.thompson53,hr-portal.corp.local,INTERNAL,59246,WKSTN-U1086
NET010727,2026-06-15 13:25:00,U1026,elizabeth.gonzalez,hr-portal.corp.local,INTERNAL,490084,WKSTN-U1026
NET024093,2026-06-15 13:31:00,U1059,daniel.perez98,sharepoint.corp.local,INTERNAL,32386,WKSTN-U1059
NET002220,2026-06-15 13:13:00,U1006,george.gonzalez,hr-portal.corp.local,INTERNAL,228490,WKSTN-U1006
NET032123,2026-06-15 13:19:00,U1079,emily.jones,sharepoint.corp.local,,98102,WKSTN-U1079
NET026915,2026-06-15 13:12:00,U1066,michelle.wright62,confluence.corp.local,INTERNAL,192093,WKSTN-U1066
NET002979,2026-06-15 13:28:00,U1008,joshua.hernandez,mail.corp.local,INTERNAL,408579,WKSTN-U1008
NET010731,2026-06-15 13:09:00,U1026,elizabeth.gonzalez,hr-portal.corp.local,INTERNAL,238700,WKSTN-U1026
NET021682,2026-06-15 13:11:00,U1053,john.jackson31,jira.corp.local,INTERNAL,147644,WKSTN-U1053
NET026099,2026-06-15 13:27:00,U1064,matthew.wright55,confluence.corp.local,INTERNAL,7658,WKSTN-U1064
NET020096,2026-06-15 13:18:00,U1049,michelle.jones59,mail.corp.local,INTERNAL,55456,WKSTN-U1049
NET023694,2026-06-15 13:05:00,U1058,jennifer.ramirez18,mail.corp.local,INTERNAL,491526,WKSTN-U1058
NET012927,2026-06-15 13:11:00,U1031,JOHN.WRIGHT28,jira.corp.local,INTERNAL,368305,WKSTN-U1031
NET021295,2026-06-15 13:57:00,U1052,paul.taylor,jira.corp.local,,184819,WKSTN-U1052
NET026490,2026-06-15 14:07:00,U1065,michael.ramirez47,weather.com,EXTERNAL,1728,WKSTN-U1065
NET002609,2026-06-15 13:51:00,U1007,sarah.robinson82,vpn.corp.local,INTERNAL,228580,WKSTN-U1007
NET036559,2026-06-15 14:00:00,U1089,paul.brown27,hr-portal.corp.local,INTERNAL,92522,WKSTN-U1089
NET004520,2026-06-15 13:49:00,U1012,linda.martinez,vpn.corp.local,INTERNAL,26961,WKSTN-U1012
NET004122,2026-06-15 13:54:00,U1011,donna.ramirez75,mail.corp.local,INTERNAL,79488,WKSTN-U1011
NET016115,2026-06-15 13:56:00,U1039,mark.thomas,confluence.corp.local,INTERNAL,154445,WKSTN-U1039
NET019328,2026-06-15 14:01:00,U1047,  sandra.lewis ,hr-portal.corp.local,INTERNAL,267834,WKSTN-U1047
NET023692,2026-06-15 13:44:00,U1058,jennifer.ramirez18,confluence.corp.local,INTERNAL,479419,WKSTN-U1058
NET008029,2026-06-15 14:02:00,U1020,andrew.thomas36,hr-portal.corp.local,INTERNAL,,WKSTN-U1020
NET012071,2026-06-15 13:59:00,U1029,michelle.garcia54,hr-portal.corp.local,INTERNAL,110664,WKSTN-U1029
NET035634,2026-06-15 13:54:00,U1087,charles.sanchez,mail.corp.local,INTERNAL,321536,WKSTN-U1087
NET030518,2026-06-15 14:07:00,U1075,steven.lewis,mail.corp.local,INTERNAL,104348,WKSTN-U1075
NET001425,2026-06-15 13:48:00,U1004,elizabeth.wilson98,vpn.corp.local,INTERNAL,396965,  WKSTN-U1004 
NET016118,2026-06-15 13:56:00,U1039,mark.thomas	,sharepoint.corp.local,INTERNAL,185127,WKSTN-U1039
NET009828,2026-06-15 13:51:00,U1024,emily.miller,vpn.corp.local	,INTERNAL,468395,WKSTN-U1024
NET036124,2026-06-15 13:40:00,U1088,andrew.smith85,vpn.corp.local,INTERNAL,434530,WKSTN-U1088
NET033399,2026-06-15 14:01:00,U1082,karen.hill96,vpn.corp.local	,INTERNAL,216881,WKSTN-U1082
NET009833,2026-06-15 13:56:00,U1024,emily.miller,news.com,EXTERNAL,10775,WKSTN-U1024
NET006664,2026-06-15 13:43:00,U1017,emily.hernandez34,,INTERNAL,241525,WKSTN-U1017
NET004945,2026-06-15 13:56:00,U1013,  emily.smith ,mail.corp.local,INTERNAL,254981,WKSTN-U1013
NET002608,2026-06-15 14:07:00,U1007,sarah.robinson82,sharepoint.corp.local,INTERNAL,179753,WKSTN-U1007
NET010287,2026-06-15 13:46:00,U1025,betty.brown22,hr-portal.corp.local,INTERNAL,382370,WKSTN-U1025
NET020098,2026-06-15 13:53:00,U1049,  michelle.jones59 ,confluence.corp.local,INTERNAL,390756,WKSTN-U1049
NET019727,2026-06-15 13:51:00,U1048,jennifer.thomas87,jira.corp.local,,83335,WKSTN-U1048
NET015723,2026-06-15 14:23:00,U1038,emily.clark,hr-portal.corp.local,INTERNAL,447261,WKSTN-U1038
NET004123,2026-06-15 14:47:00,U1011,donna.ramirez75,sharepoint.corp.local,INTERNAL,69019,WKSTN-U1011
NET004125,2026-06-15 14:25:00,U1011,donna.ramirez75,jira.corp.local,INTERNAL,482947,WKSTN-U1011
NET023294,2026-06-15 14:11:00,U1057,nancy.sanchez,jira.corp.local,INTERNAL,337578,WKSTN-U1057
NET021684,2026-06-15 14:12:00,U1053,john.jackson31,vpn.corp.local,,202566,WKSTN-U1053
NET032124,2026-06-15 14:19:00,U1079,emily.jones,jira.corp.local,INTERNAL,377050,WKSTN-U1079
NET000199,2026-06-15 14:35:00,U1001,linda.johnson95,confluence.corp.local,INTERNAL,342379,WKSTN-U1001
NET030911,2026-06-15 14:20:00,U1076,,mail.corp.local,INTERNAL,143113,WKSTN-U1076
NET011648,2026-06-15 14:50:00,U1028,john.hill,sharepoint.corp.local,INTERNAL,360965,WKSTN-U1028
NET026489,2026-06-15 14:43:00,U1065,michael.ramirez47,mail.corp.local,INTERNAL,224945,WKSTN-U1065
NET035208,2026-06-15 14:20:00,U1086,  steven.thompson53 ,mail.corp.local,INTERNAL,383322,WKSTN-U1086
NET019329,2026-06-15 14:12:00,U1047,sandra.lewis,confluence.corp.local,INTERNAL,124650,WKSTN-U1047
NET018108,2026-06-15 14:49:00,U1044,lisa.ramirez9,mail.corp.local,INTERNAL,53951,
NET035209,2026-06-15 14:50:00,U1086,steven.thompson53,mail.corp.local,INTERNAL,422041,WKSTN-U1086
NET002607,2026-06-15 14:34:00,U1007,sarah.robinson82,vpn.corp.local,INTERNAL,114531,
NET006662,2026-06-15 14:08:00,U1017,emily.hernandez34,jira.corp.local,INTERNAL,493807,WKSTN-U1017
NET037911,2026-06-15 14:13:00,U1092,steven.thomas,sharepoint.corp.local,INTERNAL,173672,WKSTN-U1092
NET032977,2026-06-15 14:14:00,U1081,margaret.davis,jira.corp.local,INTERNAL,188541,WKSTN-U1081
NET010286,2026-06-15 14:49:00,U1025,betty.brown22,confluence.corp.local,INTERNAL,291352,WKSTN-U1025
NET011649,2026-06-15 14:27:00,U1028,john.hill,mail.corp.local,,322651,WKSTN-U1028
NET025301,2026-06-15 14:40:00,U1062,william.martin,mail.corp.local,INTERNAL,101488,WKSTN-U1062
NET029336,2026-06-15 14:25:00,U1072,kenneth.lopez,mail.corp.local,INTERNAL,418677,WKSTN-U1072
NET028095,2026-06-15 14:12:00,U1069,jessica.clark,  news.com ,EXTERNAL,19939,WKSTN-U1069
NET039195,2026-06-15 14:53:00,U1095,richard.thomas74,jira.corp.local,INTERNAL,218121,WKSTN-U1095
NET016522,2026-06-15 14:49:00,U1040,matthew.martin,sharepoint.corp.local,INTERNAL,225936,WKSTN-U1040
NET017715,2026-06-15 14:59:00,U1043,thomas.williams91,vpn.corp.local,INTERNAL,217611,WKSTN-U1043
NET001815,2026-06-15 14:57:00,U1005,robert.robinson,jira.corp.local,INTERNAL,362522,WKSTN-U1005
NET005358,2026-06-15 14:54:00,U1014,james.taylor,jira.corp.local,INTERNAL,188765,WKSTN-U1014
NET009831,2026-06-15 15:27:00,U1024,emily.miller,jira.corp.local,INTERNAL,204428,WKSTN-U1024
NET017316,2026-06-15 15:13:00,U1042,michael.hill56,jira.corp.local,,253107,WKSTN-U1042
NET006183,2026-06-15 15:15:00,U1016,patricia.thomas,mail.corp.local,INTERNAL,487353,WKSTN-U1016
NET002610,2026-06-15 15:03:00,U1007,sarah.robinson82,mail.corp.local,internal,411314,WKSTN-U1007
NET020491,2026-06-15 14:58:00,U1050,michael.ramirez,hr-portal.corp.local,INTERNAL,233356,WKSTN-U1050
NET031696,2026-06-15 15:02:00,U1078,michelle.miller,  jira.corp.local ,INTERNAL,21932,WKSTN-U1078
NET028933,2026-06-15 15:13:00,U1071,matthew.robinson35,vpn.corp.local,INTERNAL,342994,WKSTN-U1071
NET037915,2026-06-15 15:23:00,U1092,steven.thomas,sharepoint.corp.local,INTERNAL,439141,WKSTN-U1092
NET027677,2026-06-15 15:29:00,U1068,susan.thompson34,hr-portal.corp.local,INTERNAL,441145,WKSTN-U1068
NET004522,2026-06-15 15:05:00,U1012,linda.martinez,vpn.corp.local,INTERNAL,354407,WKSTN-U1012
NET005356,2026-06-15 15:12:00,U1014,james.taylor,vpn.corp.local,INTERNAL,483788,WKSTN-U1014
NET026488,2026-06-15 15:02:00,U1065,michael.ramirez47,confluence.corp.local,INTERNAL,482394,WKSTN-U1065
NET036125,2026-06-15 15:14:00,U1088,andrew.smith85,jira.corp.local,INTERNAL,486154,  WKSTN-U1088 
NET036127,2026-06-15 15:09:00,U1088,andrew.smith85,sharepoint.corp.local,INTERNAL,215574,WKSTN-U1088
NET024908,2026-06-15 14:56:00,U1061,jessica.rodriguez,vpn.corp.local,INTERNAL,216891,WKSTN-U1061
NET016521,2026-06-15 15:07:00,U1040,  matthew.martin ,sharepoint.corp.local,INTERNAL,478155,WKSTN-U1040
NET010288,2026-06-15 15:04:00,U1025,betty.brown22,hr-portal.corp.local,INTERNAL,463267,WKSTN-U1025
NET030110,2026-06-15 15:28:00,U1074,sarah.williams7,mail.corp.local,INTERNAL,310111,WKSTN-U1074
NET033848,2026-06-15 14:55:00,U1083,,hr-portal.corp.local,INTERNAL,392700,  WKSTN-U1083 
NET018494,2026-06-15 15:29:00,U1045,daniel.sanchez90,hr-portal.corp.local,INTERNAL,334907,WKSTN-U1045
NET007131,2026-06-15 14:57:00,U1018,betty.white57,hr-portal.corp.local,INTERNAL,6769,WKSTN-U1018
NET009389,2026-06-15 15:03:00,U1023,richard.wright,hr-portal.corp.local,INTERNAL,282646,WKSTN-U1023
NET014528,2026-06-15 16:06:00,U1035,nancy.rodriguez82,sharepoint.corp.local,INTERNAL,463773,WKSTN-U1035
NET003363,2026-06-15 16:06:00,U1009,daniel.brown,jira.corp.local,INTERNAL,256507,WKSTN-U1009
NET037456,2026-06-15 15:42:00,U1091,linda.robinson,vpn.corp.local,INTERNAL,234872,WKSTN-U1091
NET021683,2026-06-15 15:29:00,U1053,john.jackson31,confluence.corp.local,INTERNAL,316755,WKSTN-U1053
NET037023,2026-06-15 15:31:00,U1090,mary.hill	,mail.corp.local,INTERNAL,184744,WKSTN-U1090
NET028094,2026-06-15 15:35:00,U1069,jessica.clark,mail.corp.local,INTERNAL,56055,WKSTN-U1069
NET013743,2026-06-15 16:06:00,U1033,linda.miller,jira.corp.local,INTERNAL,337177,WKSTN-U1033
NET034758,2026-06-15 15:47:00,U1085,barbara.walker67,vpn.corp.local,INTERNAL,410350,WKSTN-U1085
NET037026,2026-06-15 16:08:00,U1090,mary.hill,linkedin.com,,11578,  WKSTN-U1090 
NET001426,2026-06-15 15:33:00,U1004,elizabeth.wilson98,jira.corp.local,INTERNAL,105468,WKSTN-U1004
NET003762,2026-06-15 15:35:00,U1010,susan.young51,hr-portal.corp.local,INTERNAL,288800,WKSTN-U1010
NET027308,2026-06-15 15:42:00,U1067,paul.thomas97,mail.corp.local,INTERNAL,243794,  WKSTN-U1067 
NET017714,2026-06-15 16:04:00,U1043,thomas.williams91,mail.corp.local,INTERNAL,9647,WKSTN-U1043
NET008941,2026-06-15 16:10:00,U1022,sandra.brown,vpn.corp.local,INTERNAL,79776,WKSTN-U1022
NET013745,2026-06-15 15:41:00,U1033,linda.miller	,hr-portal.corp.local,internal,131497,WKSTN-U1033
NET033847,2026-06-15 16:04:00,U1083,sarah.allen70,hr-portal.corp.local,INTERNAL,111104,WKSTN-U1083
NET040797,2026-06-15 15:47:00,U1099,joseph.garcia,confluence.corp.local,INTERNAL,494810,WKSTN-U1099
NET009388,2026-06-15 15:52:00,U1023,richard.wright,vpn.corp.local,INTERNAL,187332,WKSTN-U1023
NET000608,2026-06-15 16:02:00,U1002,donna.ramirez,hr-portal.corp.local,INTERNAL,19207,WKSTN-U1002
NET008938,2026-06-15 15:39:00,U1022,sandra.brown,hr-portal.corp.local,INTERNAL,311905,WKSTN-U1022
NET034301,2026-06-15 15:58:00,U1084,joshua.taylor,hr-portal.corp.local,INTERNAL,214763,WKSTN-U1084
NET029709,2026-06-15 16:08:00,U1073,michael.gonzalez,,INTERNAL,257768,WKSTN-U1073
NET031698,2026-06-15 15:59:00,U1078,michelle.miller,mail.corp.local,INTERNAL,142700,WKSTN-U1078
NET017317,2026-06-15 15:39:00,U1042,michael.hill56,mail.corp.local,INTERNAL,494729,WKSTN-U1042
NET029335,2026-06-15 16:08:00,U1072,kenneth.lopez,,INTERNAL,407802,WKSTN-U1072
NET004521,2026-06-15 16:41:00,U1012,linda.martinez,confluence.corp.local,INTERNAL,372351,WKSTN-U1012
NET033849,2026-06-15 16:21:00,U1083,sarah.allen70,jira.corp.local,INTERNAL,448008,WKSTN-U1083
NET033846,2026-06-15 16:17:00,U1083,sarah.allen70,sharepoint.corp.local,internal,366786,WKSTN-U1083
NET024498,2026-06-15 16:36:00,U1060,matthew.anderson,hr-portal.corp.local,INTERNAL,,WKSTN-U1060
NET014529,2026-06-15 16:43:00,U1035,nancy.rodriguez82,vpn.corp.local,INTERNAL,248249,WKSTN-U1035
NET014913,2026-06-15 16:17:00,U1036,linda.jones,hr-portal.corp.local,INTERNAL,103252,WKSTN-U1036
NET008031,2026-06-15 16:24:00,U1020,andrew.thomas36,confluence.corp.local,INTERNAL,258648,WKSTN-U1020
NET029337,2026-06-15 16:35:00,U1072,kenneth.lopez,sharepoint.corp.local,INTERNAL,393620,WKSTN-U1072
NET025698,2026-06-15 16:31:00,U1063,john.nguyen,sharepoint.corp.local,INTERNAL,372615,WKSTN-U1063
NET009385,2026-06-15 16:47:00,U1023,richard.wright,vpn.corp.local,INTERNAL,227506,WKSTN-U1023
NET030111,2026-06-15 16:18:00,U1074,sarah.williams7,vpn.corp.local,INTERNAL,306526,WKSTN-U1074
NET035207,2026-06-15 16:39:00,U1086,steven.thompson53,confluence.corp.local,INTERNAL,398524,WKSTN-U1086
NET024496,2026-06-15 16:23:00,U1060,matthew.anderson,jira.corp.local,INTERNAL,316613,WKSTN-U1060
NET000197,2026-06-15 16:42:00,U1001,linda.johnson95,sharepoint.corp.local,INTERNAL,43584,WKSTN-U1001
NET038343,2026-06-15 16:17:00,U1093,sarah.clark44,confluence.corp.local,INTERNAL,349178,WKSTN-U1093
NET013744,2026-06-15 16:35:00,U1033,linda.miller,vpn.corp.local,INTERNAL,439219,WKSTN-U1033
NET003763,2026-06-15 16:38:00,U1010,susan.young51,vpn.corp.local,INTERNAL,457288,WKSTN-U1010
NET038344,2026-06-15 16:15:00,U1093,sarah.clark44,sharepoint.corp.local,INTERNAL,295490,WKSTN-U1093
NET015725,2026-06-15 16:29:00,U1038,emily.clark,jira.corp.local,INTERNAL,4001,WKSTN-U1038
NET029710,2026-06-15 16:41:00,U1073,michael.gonzalez,sharepoint.corp.local,INTERNAL,382264,WKSTN-U1073
NET017318,2026-06-15 16:24:00,U1042,michael.hill56,weather.com,EXTERNAL,19786,WKSTN-U1042
NET020490,2026-06-15 16:15:00,U1050,michael.ramirez,jira.corp.local,INTERNAL,73703,WKSTN-U1050
NET017716,2026-06-15 16:33:00,U1043,thomas.williams91,confluence.corp.local,INTERNAL,286179,WKSTN-U1043
NET022100,2026-06-15 16:44:00,U1054,anthony.martinez,confluence.corp.local,INTERNAL,4932,WKSTN-U1054
NET006666,2026-06-15 16:43:00,U1017,emily.hernandez34,vpn.corp.local,INTERNAL,251519,WKSTN-U1017
NET015741,2026-06-16 07:50:00,U1038,emily.clark,confluence.corp.local,INTERNAL,112817,WKSTN-U1038
NET013368,2026-06-16 08:01:00,U1032,paul.wright91,hr-portal.corp.local,INTERNAL,461628,WKSTN-U1032
NET037934,2026-06-16 07:50:00,U1092,steven.thomas,jira.corp.local,INTERNAL,90524,WKSTN-U1092
NET024500,2026-06-15 16:54:00,U1060,matthew.anderson,jira.corp.local,INTERNAL,414392,WKSTN-U1060
NET002241,2026-06-16 08:07:00,U1006,george.gonzalez,confluence.corp.local,INTERNAL,188332,WKSTN-U1006
NET039193,2026-06-15 17:07:00,U1095,richard.thomas74,vpn.corp.local,INTERNAL,13095,WKSTN-U1095
NET037022,2026-06-15 17:24:00,U1090,mary.hill,vpn.corp.local,INTERNAL,94807,WKSTN-U1090
NET018111,2026-06-15 17:18:00,U1044,lisa.ramirez9,sharepoint.corp.local,INTERNAL,,WKSTN-U1044
NET003364,2026-06-15 17:06:00,U1009,daniel.brown,hr-portal.corp.local,INTERNAL,32331,WKSTN-U1009
NET020511,2026-06-16 08:03:00,U1050,michael.ramirez,weather.com,EXTERNAL,3950,WKSTN-U1050
NET012931,2026-06-15 17:24:00,U1031,john.wright28,sharepoint.corp.local,INTERNAL,233203,WKSTN-U1031
NET022101,2026-06-15 16:50:00,U1054,anthony.martinez,hr-portal.corp.local,internal,159867,WKSTN-U1054
NET024094,2026-06-15 16:56:00,U1059,daniel.perez98,vpn.corp.local,INTERNAL,405818,WKSTN-U1059
NET017717,2026-06-15 17:52:00,U1043,thomas.williams91,vpn.corp.local,INTERNAL,214672,WKSTN-U1043
NET004536,2026-06-16 07:52:00,U1012,linda.martinez,vpn.corp.local,INTERNAL,203824,WKSTN-U1012
NET003366,2026-06-15 16:57:00,U1009,daniel.brown,confluence.corp.local,INTERNAL,371159,WKSTN-U1009
NET000196,2026-06-15 16:51:00,U1001,linda.johnson95,  vpn.corp.local ,INTERNAL,22597,WKSTN-U1001
NET021310,2026-06-16 08:08:00,U1052,paul.taylor,hr-portal.corp.local,INTERNAL,371334,WKSTN-U1052
NET031717,2026-06-16 08:02:00,U1078,michelle.miller,mail.corp.local,INTERNAL,266425,WKSTN-U1078
NET011647,2026-06-15 17:17:00,U1028,john.hill,jira.corp.local,INTERNAL,166663,WKSTN-U1028
NET002242,2026-06-16 07:54:00,U1006,george.gonzalez,vpn.corp.local,INTERNAL,175967,WKSTN-U1006
NET009386,2026-06-15 17:18:00,U1023,richard.wright,jira.corp.local,INTERNAL,345483,WKSTN-U1023
NET016523,2026-06-15 17:34:00,U1040,matthew.martin,jira.corp.local,INTERNAL,237968,WKSTN-U1040
NET026932,2026-06-16 07:59:00,U1066,michelle.wright62	,vpn.corp.local,INTERNAL,94396,WKSTN-U1066
NET022918,2026-06-16 07:44:00,U1056,ANTHONY.CLARK,news.com,EXTERNAL,13278,WKSTN-U1056
NET004145,2026-06-16 08:24:00,U1011,donna.ramirez75,weather.com,EXTERNAL,19075,WKSTN-U1011
NET029354,2026-06-16 08:57:00,U1072,kenneth.lopez,news.com,EXTERNAL,2970,WKSTN-U1072
NET002240,2026-06-16 08:41:00,U1006,george.gonzalez,sharepoint.corp.local,INTERNAL,118714,WKSTN-U1006
NET038371,2026-06-16 08:14:00,U1093,sarah.clark44,hr-portal.corp.local,INTERNAL,57323,WKSTN-U1093
NET029349,2026-06-16 09:09:00,U1072,kenneth.lopez,vpn.corp.local,INTERNAL,319431,WKSTN-U1072
NET025716,2026-06-16 08:32:00,U1063,john.nguyen,vpn.corp.local,INTERNAL,62323,WKSTN-U1063
NET029352,2026-06-16 08:30:00,U1072,kenneth.lopez,hr-portal.corp.local,INTERNAL,48668,WKSTN-U1072
NET040430,2026-06-16 09:10:00,U1098,nancy.wright49,jira.corp.local,INTERNAL,391209,WKSTN-U1098
NET031314,2026-06-16 08:36:00,U1077,kimberly.harris58,confluence.corp.local,INTERNAL,415522,WKSTN-U1077
NET009853,2026-06-16 09:14:00,U1024,emily.miller,sharepoint.corp.local,INTERNAL,395865,WKSTN-U1024
NET025318,2026-06-16 08:18:00,U1062,william.martin,sharepoint.corp.local,INTERNAL,256820,WKSTN-U1062
NET001442,2026-06-16 08:49:00,U1004,elizabeth.wilson98,vpn.corp.local,INTERNAL,305111,WKSTN-U1004
NET009409,2026-06-16 09:12:00,U1023,richard.wright,mail.corp.local,INTERNAL,68227,WKSTN-U1023
NET033867,2026-06-16 08:59:00,U1083,sarah.allen70,mail.corp.local,INTERNAL,344697,WKSTN-U1083
NET031315,2026-06-16 08:44:00,U1077,kimberly.harris58,mail.corp.local,INTERNAL,379796,WKSTN-U1077
NET001836,2026-06-16 08:30:00,U1005,robert.robinson,confluence.corp.local,INTERNAL,307458,WKSTN-U1005
NET007605,2026-06-16 08:56:00,U1019,donna.anderson,vpn.corp.local,INTERNAL,382280,WKSTN-U1019
NET030923,2026-06-16 09:13:00,U1076,john.torres,mail.corp.local,INTERNAL,129128,WKSTN-U1076
NET003387,2026-06-16 09:11:00,U1009,,confluence.corp.local,INTERNAL,385523,  WKSTN-U1009 
NET025718,2026-06-16 09:11:00,U1063,john.nguyen,confluence.corp.local,INTERNAL,254224,WKSTN-U1063
NET023712,2026-06-16 09:07:00,U1058,jennifer.ramirez18,jira.corp.local,INTERNAL,316622,WKSTN-U1058
NET040429,2026-06-16 08:50:00,U1098,nancy.wright49,confluence.corp.local,INTERNAL,292887,WKSTN-U1098
NET029350,2026-06-16 09:07:00,U1072,kenneth.lopez,vpn.corp.local,INTERNAL,422266,WKSTN-U1072
NET001444,2026-06-16 09:10:00,U1004,  elizabeth.wilson98 ,vpn.corp.local,INTERNAL,148543,WKSTN-U1004
NET000627,2026-06-16 08:41:00,U1002,donna.ramirez,mail.corp.local,INTERNAL,111829,WKSTN-U1002
NET038368,2026-06-16 09:25:00,U1093,sarah.clark44,jira.corp.local,INTERNAL,52447,WKSTN-U1093
NET037473,2026-06-16 09:31:00,U1091,linda.robinson,mail.corp.local,INTERNAL,178142,WKSTN-U1091
NET017336,2026-06-16 09:23:00,U1042,michael.hill56,hr-portal.corp.local,INTERNAL,269878,WKSTN-U1042
NET019743,2026-06-16 09:22:00,U1048,jennifer.thomas87,hr-portal.corp.local,INTERNAL,122553,WKSTN-U1048
NET020508,2026-06-16 09:18:00,U1050,michael.ramirez,jira.corp.local,INTERNAL,27039,WKSTN-U1050
NET023307,2026-06-16 09:26:00,U1057,nancy.sanchez,vpn.corp.local,INTERNAL,41559,WKSTN-U1057
NET028535,2026-06-16 09:25:00,U1070,betty.thomas40,hr-portal.corp.local,INTERNAL,144318,WKSTN-U1070
NET016537,2026-06-16 09:15:00,U1040,matthew.martin,mail.corp.local,INTERNAL,55860,WKSTN-U1040	
NET039630,2026-06-16 09:32:00,U1096,david.allen76,vpn.corp.local,INTERNAL,88913,WKSTN-U1096
NET041187,2026-06-16 09:29:00,U1100,daniel.brown38,jira.corp.local,INTERNAL,315064,WKSTN-U1100
NET035657,2026-06-16 09:19:00,U1087,charles.sanchez,news.com,EXTERNAL,11746,WKSTN-U1087
NET024107,2026-06-16 09:27:00,U1059,daniel.perez98,vpn.corp.local,INTERNAL,359101,WKSTN-U1059
NET004538,2026-06-16 09:29:00,U1012,linda.martinez,sharepoint.corp.local,INTERNAL,409050,WKSTN-U1012
NET035656,2026-06-16 09:18:00,U1087,charles.sanchez,hr-portal.corp.local,INTERNAL,293243,WKSTN-U1087
NET027324,2026-06-16 09:29:00,U1067,paul.thomas97,sharepoint.corp.local,INTERNAL,42453,WKSTN-U1067
NET024930,2026-06-16 09:36:00,U1061,jessica.rodriguez	,vpn.corp.local,INTERNAL,357798,WKSTN-U1061	
NET012943,2026-06-16 09:21:00,U1031,john.wright28,sharepoint.corp.local,INTERNAL,195024,WKSTN-U1031
NET023306,2026-06-16 09:17:00,U1057,nancy.sanchez,sharepoint.corp.local,INTERNAL,409666,WKSTN-U1057
NET030128,2026-06-16 09:30:00,U1074,sarah.williams7,confluence.corp.local,INTERNAL,460749,WKSTN-U1074
NET008491,2026-06-16 09:35:00,U1021,jessica.walker,jira.corp.local,INTERNAL,121120,WKSTN-U1021
NET003776,2026-06-16 09:15:00,U1010,susan.young51,mail.corp.local,,111628,WKSTN-U1010
NET002627,2026-06-16 09:25:00,U1007,sarah.robinson82,jira.corp.local,INTERNAL,61002,WKSTN-U1007
NET026509,2026-06-16 09:37:00,U1065,MICHAEL.RAMIREZ47	,vpn.corp.local,INTERNAL,132789,WKSTN-U1065
NET014929,2026-06-16 09:25:00,U1036,linda.jones,confluence.corp.local,INTERNAL,70984,WKSTN-U1036
NET031716,2026-06-16 09:24:00,U1078,michelle.miller,vpn.corp.local,,57612,WKSTN-U1078
NET008493,2026-06-16 10:25:00,U1021,jessica.walker	,vpn.corp.local,INTERNAL,22473,WKSTN-U1021
NET008053,2026-06-16 10:08:00,U1020,andrew.thomas36,jira.corp.local,INTERNAL,316006,WKSTN-U1020
NET014140,2026-06-16 09:39:00,U1034,thomas.allen63,sharepoint.corp.local,INTERNAL,343507,WKSTN-U1034
NET021309,2026-06-16 10:26:00,U1052,paul.taylor,jira.corp.local,INTERNAL,138218,WKSTN-U1052
NET029731,2026-06-16 09:54:00,U1073,michael.gonzalez,vpn.corp.local,INTERNAL,294302,WKSTN-U1073
NET025719,2026-06-16 09:44:00,U1063,john.nguyen	,mail.corp.local,INTERNAL,19077,WKSTN-U1063
NET015740,2026-06-16 09:47:00,U1038,emily.clark,jira.corp.local,INTERNAL,493344,WKSTN-U1038
NET028949,2026-06-16 10:29:00,U1071,matthew.robinson35,vpn.corp.local,INTERNAL,429636,WKSTN-U1071
NET028952,2026-06-16 09:41:00,U1071,matthew.robinson35,confluence.corp.local,,22951,WKSTN-U1071
NET030538,2026-06-16 10:22:00,U1075,steven.lewis	,sharepoint.corp.local,INTERNAL,97629,WKSTN-U1075
NET040815,2026-06-16 09:53:00,U1099,joseph.garcia,mail.corp.local,INTERNAL,404221,WKSTN-U1099
NET024932,2026-06-16 10:11:00,U1061,jessica.rodriguez,sharepoint.corp.local,INTERNAL,449459,WKSTN-U1061
NET033419,2026-06-16 10:10:00,U1082,karen.hill96,confluence.corp.local,INTERNAL,347486,WKSTN-U1082
NET040813,2026-06-16 09:53:00,U1099,joseph.garcia,mail.corp.local,INTERNAL,466705,WKSTN-U1099
NET040050,2026-06-16 09:49:00,U1097,mark.martinez10,vpn.corp.local,INTERNAL,446529,WKSTN-U1097
NET000214,2026-06-16 09:54:00,U1001,linda.johnson95,sharepoint.corp.local,INTERNAL,148511,WKSTN-U1001
NET011671,2026-06-16 09:53:00,U1028,john.hill,jira.corp.local,INTERNAL,31021,WKSTN-U1028
NET030127,2026-06-16 09:50:00,U1074,sarah.williams7,hr-portal.corp.local,INTERNAL,447467,WKSTN-U1074
NET025319,2026-06-16 10:07:00,U1062,william.martin,vpn.corp.local,INTERNAL,279733,WKSTN-U1062
NET040049,2026-06-16 10:13:00,U1097,mark.martinez10,confluence.corp.local,INTERNAL,117973,WKSTN-U1097
NET002626,2026-06-16 10:15:00,U1007,sarah.robinson82,vpn.corp.local,INTERNAL,344921,WKSTN-U1007
NET029351,2026-06-16 10:28:00,U1072,kenneth.lopez,sharepoint.corp.local,INTERNAL,50948,WKSTN-U1072
NET020506,2026-06-16 09:44:00,U1050,michael.ramirez,hr-portal.corp.local,INTERNAL,146057,WKSTN-U1050
NET001047,2026-06-16 10:24:00,U1003,kenneth.clark29,hr-portal.corp.local	,INTERNAL,171232,WKSTN-U1003
NET015742,2026-06-16 09:54:00,U1038,emily.clark,confluence.corp.local,INTERNAL,489252,WKSTN-U1038
NET011206,2026-06-16 10:33:00,U1027,patricia.brown75,mail.corp.local,INTERNAL,33646,WKSTN-U1027
NET032998,2026-06-16 10:37:00,U1081,margaret.davis,hr-portal.corp.local,INTERNAL,314186,WKSTN-U1081
NET001045,2026-06-16 10:32:00,U1003,kenneth.clark29,vpn.corp.local,INTERNAL,210609,WKSTN-U1003
NET021311,2026-06-16 10:46:00,U1052,paul.taylor,jira.corp.local,INTERNAL,196584,WKSTN-U1052
NET006205,2026-06-16 10:50:00,U1016,  patricia.thomas ,confluence.corp.local,INTERNAL,480705,WKSTN-U1016
NET038807,2026-06-16 10:29:00,U1094,elizabeth.lewis69,,INTERNAL,386815,WKSTN-U1094
NET037475,2026-06-16 10:54:00,U1091,linda.robinson,vpn.corp.local,INTERNAL,235570,WKSTN-U1091
NET010752,2026-06-16 10:54:00,U1026,  elizabeth.gonzalez ,jira.corp.local,INTERNAL,210601,WKSTN-U1026
NET010753,2026-06-16 10:45:00,U1026,elizabeth.gonzalez,vpn.corp.local,INTERNAL,439219,WKSTN-U1026
NET026115,2026-06-16 10:49:00,U1064,matthew.wright55,vpn.corp.local,INTERNAL,472884,WKSTN-U1064
NET033868,2026-06-16 10:38:00,U1083,sarah.allen70,jira.corp.local,INTERNAL,25546,WKSTN-U1083
NET013366,2026-06-16 10:49:00,U1032,paul.wright91,vpn.corp.local,INTERNAL,86612,WKSTN-U1032
NET011673,2026-06-16 10:44:00,U1028,john.hill,jira.corp.local,INTERNAL,38835,WKSTN-U1028
NET011672,2026-06-16 10:57:00,U1028,john.hill,hr-portal.corp.local,INTERNAL,112417,WKSTN-U1028
NET008051,2026-06-16 10:39:00,U1020,andrew.thomas36,,INTERNAL,373271,WKSTN-U1020
NET012097,2026-06-16 10:57:00,U1029,michelle.garcia54,sharepoint.corp.local,INTERNAL,255613,WKSTN-U1029
NET033865,2026-06-16 10:30:00,U1083,sarah.allen70,hr-portal.corp.local,INTERNAL,123351,WKSTN-U1083
NET006204,2026-06-16 10:48:00,U1016,patricia.thomas,confluence.corp.local,INTERNAL,290695,WKSTN-U1016
NET002625,2026-06-16 10:56:00,U1007,sarah.robinson82,hr-portal.corp.local,INTERNAL,92485,WKSTN-U1007
NET020510,2026-06-16 10:58:00,U1050,michael.ramirez,vpn.corp.local,INTERNAL,360821,WKSTN-U1050
NET009410,2026-06-16 10:50:00,U1023,richard.wright,jira.corp.local,INTERNAL,354158,WKSTN-U1023
NET021701,2026-06-16 10:59:00,U1053,john.jackson31,vpn.corp.local,INTERNAL,421354,WKSTN-U1053	
NET002998,2026-06-16 10:54:00,U1008,joshua.hernandez,confluence.corp.local,INTERNAL,175966,WKSTN-U1008
NET016925,2026-06-16 10:38:00,U1041,matthew.allen52,vpn.corp.local,INTERNAL,308133,  WKSTN-U1041 
NET009408,2026-06-16 10:32:00,U1023,richard.wright,jira.corp.local,INTERNAL,384670,WKSTN-U1023
NET028112,2026-06-16 11:26:00,U1069,  jessica.clark ,sharepoint.corp.local,INTERNAL,181649,
NET016132,2026-06-16 11:28:00,U1039,MARK.THOMAS,jira.corp.local,INTERNAL,66209,WKSTN-U1039
NET009856,2026-06-16 11:07:00,U1024,emily.miller,jira.corp.local,INTERNAL,245680,WKSTN-U1024
NET030924,2026-06-16 11:23:00,U1076,john.torres,vpn.corp.local,INTERNAL,91884,WKSTN-U1076
NET005377,2026-06-16 11:21:00,U1014,james.taylor,jira.corp.local,INTERNAL,30992,WKSTN-U1014
NET002624,2026-06-16 11:12:00,U1007,sarah.robinson82,mail.corp.local,INTERNAL,67701,WKSTN-U1007
NET016536,2026-06-16 11:01:00,U1040,matthew.martin,confluence.corp.local,INTERNAL,99604,WKSTN-U1040
NET021700,2026-06-16 11:29:00,U1053,john.jackson31,hr-portal.corp.local,INTERNAL,91594,WKSTN-U1053
NET006684,2026-06-16 11:17:00,U1017,emily.hernandez34,sharepoint.corp.local,INTERNAL,201960,
NET036144,2026-06-16 11:02:00,U1088,andrew.smith85,sharepoint.corp.local,INTERNAL,180174,  WKSTN-U1088 
NET001445,2026-06-16 11:10:00,U1004,elizabeth.wilson98,mail.corp.local,INTERNAL,217003,WKSTN-U1004
NET026507,2026-06-16 11:13:00,U1065,michael.ramirez47,mail.corp.local,INTERNAL,456581,WKSTN-U1065
NET005787,2026-06-16 11:28:00,U1015,lisa.hernandez,confluence.corp.local,INTERNAL,260335,WKSTN-U1015
NET032142,2026-06-16 11:06:00,U1079,emily.jones,mail.corp.local,INTERNAL,50924,
NET001443,2026-06-16 11:00:00,U1004,elizabeth.wilson98,jira.corp.local,INTERNAL,7762,WKSTN-U1004
NET010303,2026-06-16 11:16:00,U1025,betty.brown22,  confluence.corp.local ,INTERNAL,76595,WKSTN-U1025
NET027327,2026-06-16 11:05:00,U1067,paul.thomas97,sharepoint.corp.local,INTERNAL,141881,WKSTN-U1067
NET026116,2026-06-16 11:04:00,U1064,matthew.wright55,sharepoint.corp.local,INTERNAL,114616,WKSTN-U1064	
NET021702,2026-06-16 11:25:00,U1053,john.jackson31,jira.corp.local,INTERNAL,18279,WKSTN-U1053
NET018938,2026-06-16 11:17:00,U1046,,mail.corp.local,INTERNAL,5618,WKSTN-U1046
NET000213,2026-06-16 11:20:00,U1001,linda.johnson95,vpn.corp.local,INTERNAL,186018,WKSTN-U1001
NET028950,2026-06-16 11:22:00,U1071,matthew.robinson35,sharepoint.corp.local,internal,308183,WKSTN-U1071
NET007155,2026-06-16 11:30:00,U1018,betty.white57,hr-portal.corp.local,INTERNAL,71558,WKSTN-U1018
NET001837,2026-06-16 11:08:00,U1005,robert.robinson,vpn.corp.local,INTERNAL,342681,WKSTN-U1005
NET038809,2026-06-16 11:17:00,U1094,elizabeth.lewis69,sharepoint.corp.local,INTERNAL,413390,WKSTN-U1094
NET023711,2026-06-16 12:01:00,U1058,jennifer.ramirez18,vpn.corp.local,INTERNAL,175720,WKSTN-U1058
NET015343,2026-06-16 11:31:00,U1037,robert.martin,confluence.corp.local,INTERNAL,299463,WKSTN-U1037
NET014547,2026-06-16 11:43:00,U1035,nancy.rodriguez82,mail.corp.local,INTERNAL,282469,WKSTN-U1035
NET014546,2026-06-16 11:50:00,U1035,nancy.rodriguez82,mail.corp.local,INTERNAL,471458,WKSTN-U1035
NET028953,2026-06-16 11:51:00,U1071,matthew.robinson35,jira.corp.local,INTERNAL,426474,WKSTN-U1071
NET040431,2026-06-16 11:31:00,U1098,nancy.wright49,vpn.corp.local,INTERNAL,260987,WKSTN-U1098
NET022916,2026-06-16 11:58:00,U1056,anthony.clark,vpn.corp.local,INTERNAL,380312,WKSTN-U1056
NET037477,2026-06-16 11:40:00,U1091,linda.robinson,sharepoint.corp.local,INTERNAL,126495,WKSTN-U1091
NET026118,2026-06-16 11:41:00,U1064,matthew.wright55,confluence.corp.local,INTERNAL,486907,WKSTN-U1064
NET028536,2026-06-16 11:38:00,U1070,betty.thomas40,hr-portal.corp.local,INTERNAL,428488,WKSTN-U1070
NET008052,2026-06-16 11:32:00,U1020,andrew.thomas36,mail.corp.local,INTERNAL,36996,WKSTN-U1020
NET014139,2026-06-16 12:02:00,U1034,thomas.allen63,sharepoint.corp.local,INTERNAL,358631,WKSTN-U1034
NET028951,2026-06-16 11:57:00,U1071,MATTHEW.ROBINSON35,vpn.corp.local,INTERNAL,6635,WKSTN-U1071
NET035225,2026-06-16 11:37:00,U1086,steven.thompson53,sharepoint.corp.local,INTERNAL,343699,WKSTN-U1086
NET008961,2026-06-16 11:31:00,U1022,sandra.brown,vpn.corp.local,INTERNAL,406689,WKSTN-U1022
NET026934,2026-06-16 11:55:00,U1066,michelle.wright62,sharepoint.corp.local,INTERNAL,141922,WKSTN-U1066
NET027693,2026-06-16 11:58:00,U1068,,vpn.corp.local,INTERNAL,360183,WKSTN-U1068
NET007604,2026-06-16 11:45:00,U1019,donna.anderson,jira.corp.local,INTERNAL,394558,WKSTN-U1019
NET024109,2026-06-16 11:54:00,U1059,daniel.perez98,jira.corp.local,INTERNAL,50623,WKSTN-U1059
NET010304,2026-06-16 11:58:00,U1025,betty.brown22,sharepoint.corp.local,INTERNAL,79135,WKSTN-U1025	
NET005785,2026-06-16 11:36:00,U1015,lisa.hernandez,jira.corp.local,INTERNAL,271671,WKSTN-U1015
NET026508,2026-06-16 11:54:00,U1065,michael.ramirez47,vpn.corp.local,,106063,WKSTN-U1065
NET036576,2026-06-16 11:56:00,U1089,paul.brown27,confluence.corp.local,INTERNAL,351494,WKSTN-U1089
NET034322,2026-06-16 11:30:00,U1084,joshua.taylor,vpn.corp.local,INTERNAL,286497,WKSTN-U1084
NET016133,2026-06-16 11:52:00,U1039,mark.thomas,,EXTERNAL,4061,WKSTN-U1039
NET012945,2026-06-16 12:17:00,U1031,john.wright28,jira.corp.local,INTERNAL,126764,WKSTN-U1031
NET019344,2026-06-16 12:07:00,U1047,sandra.lewis,jira.corp.local,INTERNAL,312427,WKSTN-U1047
NET037046,2026-06-16 12:04:00,U1090,mary.hill,sharepoint.corp.local,INTERNAL,176122,WKSTN-U1090
NET040816,2026-06-16 12:26:00,U1099,joseph.garcia,,INTERNAL,257102,WKSTN-U1099
NET030925,2026-06-16 12:22:00,U1076,john.torres,jira.corp.local,INTERNAL,194309,WKSTN-U1076
NET035655,2026-06-16 12:08:00,U1087,charles.sanchez,mail.corp.local,INTERNAL,417294,WKSTN-U1087
NET022533,2026-06-16 12:12:00,U1055,patricia.wilson54,hr-portal.corp.local,INTERNAL,461545,WKSTN-U1055
NET037474,2026-06-16 12:04:00,U1091,linda.robinson,sharepoint.corp.local,INTERNAL,294378,WKSTN-U1091
NET028111,2026-06-16 12:15:00,U1069,jessica.clark,confluence.corp.local,INTERNAL,422752,WKSTN-U1069
NET019346,2026-06-16 12:30:00,U1047,sandra.lewis,confluence.corp.local,INTERNAL,89215,WKSTN-U1047
NET021699,2026-06-16 12:07:00,U1053,john.jackson31,confluence.corp.local,INTERNAL,326390,WKSTN-U1053
NET005786,2026-06-16 12:02:00,U1015,,confluence.corp.local,INTERNAL,73509,WKSTN-U1015
NET028534,2026-06-16 12:14:00,U1070,  betty.thomas40 ,hr-portal.corp.local,INTERNAL,245848,WKSTN-U1070
NET040048,2026-06-16 12:28:00,U1097,mark.martinez10,confluence.corp.local,INTERNAL,145035,WKSTN-U1097
NET030926,2026-06-16 12:25:00,U1076,john.torres,hr-portal.corp.local,INTERNAL,390134,WKSTN-U1076
NET024110,2026-06-16 12:22:00,U1059,daniel.perez98,hr-portal.corp.local,INTERNAL,-214245.0,WKSTN-U1059
NET040814,2026-06-16 12:21:00,U1099,joseph.garcia,hr-portal.corp.local,INTERNAL,305123,WKSTN-U1099
NET040046,2026-06-16 12:05:00,U1097,mark.martinez10,vpn.corp.local	,INTERNAL,5270,WKSTN-U1097
NET019742,2026-06-16 12:13:00,U1048,JENNIFER.THOMAS87,hr-portal.corp.local,INTERNAL,303843,WKSTN-U1048
NET024934,2026-06-16 12:21:00,U1061,jessica.rodriguez,news.com,external,8341,WKSTN-U1061
NET030540,2026-06-16 12:20:00,U1075,steven.lewis,weather.com,EXTERNAL,14906,WKSTN-U1075
NET007154,2026-06-16 12:29:00,U1018,betty.white57,sharepoint.corp.local,INTERNAL,137404,WKSTN-U1018
NET020509,2026-06-16 12:14:00,U1050,michael.ramirez,vpn.corp.local,INTERNAL,426004,WKSTN-U1050
NET022120,2026-06-16 12:17:00,U1054,anthony.martinez,confluence.corp.local,INTERNAL,219195,WKSTN-U1054
NET004143,2026-06-16 12:03:00,U1011,donna.ramirez75,jira.corp.local,,440280,  WKSTN-U1011 
NET022917,2026-06-16 12:30:00,U1056,anthony.clark,mail.corp.local,INTERNAL,128481,WKSTN-U1056
NET031316,2026-06-16 12:51:00,U1077,kimberly.harris58,linkedin.com,EXTERNAL,9757,WKSTN-U1077
NET013757,2026-06-16 12:51:00,U1033,linda.miller,hr-portal.corp.local,INTERNAL,483832,WKSTN-U1033
NET003775,2026-06-16 12:57:00,U1010,susan.young51,vpn.corp.local,INTERNAL,125734,WKSTN-U1010
NET014548,2026-06-16 12:42:00,U1035,nancy.rodriguez82	,mail.corp.local,INTERNAL,245742,WKSTN-U1035
NET038370,2026-06-16 12:36:00,U1093,sarah.clark44,sharepoint.corp.local,INTERNAL,340352,WKSTN-U1093
NET011669,2026-06-16 12:52:00,U1028,john.hill	,vpn.corp.local,INTERNAL,363677,WKSTN-U1028
NET017731,2026-06-16 12:43:00,U1043,thomas.williams91,sharepoint.corp.local,INTERNAL,393573,WKSTN-U1043
NET012944,2026-06-16 12:37:00,U1031,john.wright28,vpn.corp.local,INTERNAL,474231,WKSTN-U1031
NET029730,2026-06-16 12:46:00,U1073,michael.gonzalez,jira.corp.local,INTERNAL,477132,WKSTN-U1073
NET004960,2026-06-16 12:43:00,U1013,emily.smith,vpn.corp.local,INTERNAL,55722,WKSTN-U1013
NET023713,2026-06-16 12:39:00,U1058,jennifer.ramirez18,hr-portal.corp.local,INTERNAL,483338,WKSTN-U1058
NET039631,2026-06-16 13:05:00,U1096,david.allen76,news.com,EXTERNAL,3148,WKSTN-U1096
NET039220,2026-06-16 12:35:00,U1095,richard.thomas74,jira.corp.local,INTERNAL,13437,WKSTN-U1095
NET032141,2026-06-16 12:56:00,U1079,emily.jones,hr-portal.corp.local,INTERNAL,409105,WKSTN-U1079
NET040432,2026-06-16 12:51:00,U1098,nancy.wright49,weather.com,EXTERNAL,6170,
NET006683,2026-06-16 12:48:00,U1017,emily.hernandez34,hr-portal.corp.local	,INTERNAL,88905,WKSTN-U1017
NET039627,2026-06-16 12:58:00,U1096,david.allen76,jira.corp.local,INTERNAL,295479,WKSTN-U1096
NET034780,2026-06-16 12:42:00,U1085,barbara.walker67,sharepoint.corp.local,INTERNAL,96162,WKSTN-U1085
NET012093,2026-06-16 12:52:00,U1029,michelle.garcia54,vpn.corp.local,INTERNAL,237977,WKSTN-U1029
NET017729,2026-06-16 13:04:00,U1043,thomas.williams91,confluence.corp.local,INTERNAL,464491,WKSTN-U1043
NET027325,2026-06-16 12:50:00,U1067,paul.thomas97,confluence.corp.local,INTERNAL,312987,WKSTN-U1067
NET039218,2026-06-16 12:59:00,U1095,richard.thomas74,jira.corp.local,INTERNAL,198003,WKSTN-U1095
NET009854,2026-06-16 12:40:00,U1024,emily.miller,sharepoint.corp.local,INTERNAL,300194,WKSTN-U1024
NET022118,2026-06-16 13:06:00,U1054,anthony.martinez,sharepoint.corp.local,INTERNAL,,WKSTN-U1054
NET002997,2026-06-16 13:41:00,U1008,joshua.hernandez,confluence.corp.local,INTERNAL,195401,WKSTN-U1008
NET025320,2026-06-16 13:31:00,U1062,WILLIAM.MARTIN,confluence.corp.local,INTERNAL,9978,WKSTN-U1062
NET032999,2026-06-16 13:20:00,U1081,margaret.davis,mail.corp.local,INTERNAL,284591,
NET036145,2026-06-16 13:25:00,U1088,andrew.smith85,sharepoint.corp.local,INTERNAL,81076,WKSTN-U1088
NET015739,2026-06-16 13:38:00,U1038,emily.clark,  hr-portal.corp.local ,INTERNAL,496261,WKSTN-U1038
NET029729,2026-06-16 13:28:00,U1073,michael.gonzalez,sharepoint.corp.local,INTERNAL,482694,WKSTN-U1073
NET037047,2026-06-16 13:36:00,U1090,  mary.hill ,hr-portal.corp.local,INTERNAL,20148,WKSTN-U1090
NET010305,2026-06-16 13:41:00,U1025,betty.brown22,hr-portal.corp.local,INTERNAL,380630,WKSTN-U1025
NET018511,2026-06-16 13:29:00,U1045,,sharepoint.corp.local,INTERNAL,200392,WKSTN-U1045
NET034781,2026-06-16 13:22:00,U1085,barbara.walker67,sharepoint.corp.local,INTERNAL,110463,WKSTN-U1085
NET011670,2026-06-16 13:35:00,U1028,john.hill,confluence.corp.local,INTERNAL,204239,WKSTN-U1028
NET009857,2026-06-16 13:19:00,U1024,emily.miller,hr-portal.corp.local,INTERNAL,9902,WKSTN-U1024
NET010751,2026-06-16 13:32:00,U1026,,confluence.corp.local,INTERNAL,396062,WKSTN-U1026
NET034779,2026-06-16 13:42:00,U1085,barbara.walker67,mail.corp.local,INTERNAL,168965,WKSTN-U1085
NET039628,2026-06-16 13:41:00,U1096,david.allen76,sharepoint.corp.local,INTERNAL,64204,WKSTN-U1096
NET004537,2026-06-16 13:22:00,U1012,linda.martinez,mail.corp.local,INTERNAL,251347,WKSTN-U1012
NET004539,2026-06-16 13:11:00,U1012,linda.martinez,jira.corp.local,INTERNAL,252124,WKSTN-U1012
NET003778,2026-06-16 13:15:00,U1010,susan.young51,news.com,EXTERNAL,11780,WKSTN-U1010
NET002238,2026-06-16 13:06:00,U1006,george.gonzalez,hr-portal.corp.local,INTERNAL,432376,WKSTN-U1006
NET018510,2026-06-16 13:06:00,U1045,daniel.sanchez90,sharepoint.corp.local,INTERNAL,491177,WKSTN-U1045
NET018939,2026-06-16 13:09:00,U1046,michelle.torres39,hr-portal.corp.local,,464745,WKSTN-U1046
NET038369,2026-06-16 13:22:00,U1093,sarah.clark44,mail.corp.local,INTERNAL,382394,WKSTN-U1093
NET000215,2026-06-16 13:43:00,U1001,LINDA.JOHNSON95,  vpn.corp.local ,INTERNAL,463599,WKSTN-U1001
NET030126,2026-06-16 13:14:00,U1074,sarah.williams7,sharepoint.corp.local,INTERNAL,432131,WKSTN-U1074
NET017732,2026-06-16 13:07:00,U1043,,confluence.corp.local,INTERNAL,435581,
NET003777,2026-06-16 13:58:00,U1010,susan.young51,hr-portal.corp.local,INTERNAL,204655,WKSTN-U1010
NET004963,2026-06-16 14:24:00,U1013,emily.smith,jira.corp.local,INTERNAL,459717,WKSTN-U1013
NET025717,2026-06-16 14:06:00,U1063,john.nguyen,hr-portal.corp.local,INTERNAL,232832,WKSTN-U1063
NET020507,2026-06-16 14:09:00,U1050,michael.ramirez,jira.corp.local,INTERNAL,246211,WKSTN-U1050
NET004962,2026-06-16 14:24:00,U1013,  emily.smith ,vpn.corp.local,INTERNAL,301487,WKSTN-U1013
NET017335,2026-06-16 14:28:00,U1042,michael.hill56,hr-portal.corp.local,internal,431465,WKSTN-U1042
NET024108,2026-06-16 14:07:00,U1059,daniel.perez98,jira.corp.local,INTERNAL,329767,WKSTN-U1059
NET025321,2026-06-16 13:46:00,U1062,william.martin,hr-portal.corp.local,INTERNAL,62971,WKSTN-U1062
NET001835,2026-06-16 14:13:00,U1005,robert.robinson,sharepoint.corp.local,INTERNAL,,WKSTN-U1005	
NET024514,2026-06-16 14:05:00,U1060,matthew.anderson,mail.corp.local,INTERNAL,84964,WKSTN-U1060
NET032143,2026-06-16 14:17:00,U1079,emily.jones,hr-portal.corp.local,INTERNAL,425207,WKSTN-U1079
NET010306,2026-06-16 13:52:00,U1025,betty.brown22,confluence.corp.local,INTERNAL,297737,WKSTN-U1025
NET033418,2026-06-16 13:55:00,U1082,  karen.hill96 ,confluence.corp.local,INTERNAL,32004,WKSTN-U1082
NET026933,2026-06-16 13:52:00,U1066,michelle.wright62,hr-portal.corp.local,,55362,WKSTN-U1066
NET031313,2026-06-16 14:10:00,U1077,kimberly.harris58,vpn.corp.local,INTERNAL,189463,WKSTN-U1077
NET040817,2026-06-16 14:00:00,U1099,joseph.garcia,sharepoint.corp.local,INTERNAL,138805,WKSTN-U1099
NET020111,2026-06-16 13:46:00,U1049,michelle.jones59,vpn.corp.local,internal,361671,WKSTN-U1049
NET011205,2026-06-16 14:04:00,U1027,patricia.brown75,mail.corp.local,INTERNAL,377580,WKSTN-U1027
NET038808,2026-06-16 14:25:00,U1094,elizabeth.lewis69,vpn.corp.local,INTERNAL,206323,WKSTN-U1094
NET041186,2026-06-16 13:51:00,U1100,daniel.brown38	,hr-portal.corp.local,INTERNAL,,WKSTN-U1100
NET013367,2026-06-16 13:49:00,U1032,paul.wright91,jira.corp.local,INTERNAL,25577,WKSTN-U1032
NET020112,2026-06-16 13:43:00,U1049,michelle.jones59,sharepoint.corp.local,INTERNAL,213509,WKSTN-U1049
NET033869,2026-06-16 14:20:00,U1083,sarah.allen70,vpn.corp.local,INTERNAL,457500,WKSTN-U1083
NET027694,2026-06-16 13:57:00,U1068,susan.thompson34,sharepoint.corp.local,INTERNAL,304629,WKSTN-U1068
NET025323,2026-06-16 13:58:00,U1062,william.martin,news.com,EXTERNAL,3095,WKSTN-U1062
NET007152,2026-06-16 14:54:00,U1018,betty.white57,sharepoint.corp.local,INTERNAL,282572,WKSTN-U1018
NET016926,2026-06-16 14:38:00,U1041,matthew.allen52,weather.com,EXTERNAL,7579,WKSTN-U1041
NET020919,2026-06-16 14:37:00,U1051,sandra.king72,mail.corp.local,INTERNAL,18905,WKSTN-U1051
NET007153,2026-06-16 14:53:00,U1018,betty.white57,confluence.corp.local,INTERNAL,452912,
NET016131,2026-06-16 14:59:00,U1039,mark.thomas,mail.corp.local,INTERNAL,321129,WKSTN-U1039
NET037476,2026-06-16 14:55:00,U1091,linda.robinson,confluence.corp.local,INTERNAL,95944,WKSTN-U1091
NET008960,2026-06-16 15:01:00,U1022,sandra.brown,sharepoint.corp.local,INTERNAL,27985,WKSTN-U1022
NET030539,2026-06-16 14:44:00,U1075,steven.lewis,hr-portal.corp.local,INTERNAL,52982,WKSTN-U1075
NET030537,2026-06-16 14:43:00,U1075,STEVEN.LEWIS,confluence.corp.local,INTERNAL,269598,WKSTN-U1075
NET001046,2026-06-16 14:36:00,U1003,kenneth.clark29,jira.corp.local,INTERNAL,385966,WKSTN-U1003
NET004144,2026-06-16 14:59:00,U1011,donna.ramirez75,sharepoint.corp.local,INTERNAL,171824,WKSTN-U1011
NET029353,2026-06-16 14:39:00,U1072,kenneth.lopez,confluence.corp.local,,168183,WKSTN-U1072
NET040428,2026-06-16 14:45:00,U1098,nancy.wright49,confluence.corp.local,INTERNAL,239515,WKSTN-U1098	
NET015342,2026-06-16 15:01:00,U1037,robert.martin,vpn.corp.local,INTERNAL,204233,WKSTN-U1037
NET009855,2026-06-16 14:32:00,U1024,emily.miller,vpn.corp.local,INTERNAL,-453071.0,WKSTN-U1024
NET017338,2026-06-16 14:38:00,U1042,michael.hill56,vpn.corp.local,INTERNAL,471582,WKSTN-U1042
NET002239,2026-06-16 14:56:00,U1006,george.gonzalez,sharepoint.corp.local,INTERNAL,,WKSTN-U1006
NET000628,2026-06-16 14:52:00,U1002,donna.ramirez,mail.corp.local,INTERNAL,389468,WKSTN-U1002
NET026117,2026-06-16 14:30:00,U1064,matthew.wright55,vpn.corp.local,INTERNAL,305074,WKSTN-U1064
NET018123,2026-06-16 15:02:00,U1044,lisa.ramirez9,sharepoint.corp.local,INTERNAL,164365,WKSTN-U1044
NET011204,2026-06-16 14:37:00,U1027,patricia.brown75,sharepoint.corp.local,INTERNAL,386469,WKSTN-U1027
NET013756,2026-06-16 14:50:00,U1033,linda.miller,mail.corp.local,INTERNAL,104860,WKSTN-U1033
NET021308,2026-06-16 14:51:00,U1052,paul.taylor,confluence.corp.local,INTERNAL,259912,WKSTN-U1052
NET004142,2026-06-16 14:59:00,U1011,donna.ramirez75,vpn.corp.local,INTERNAL,344616,WKSTN-U1011
NET026935,2026-06-16 14:36:00,U1066,  michelle.wright62 ,jira.corp.local,INTERNAL,305215,WKSTN-U1066
NET037935,2026-06-16 15:22:00,U1092,steven.thomas,vpn.corp.local,INTERNAL,379230,WKSTN-U1092
NET020920,2026-06-16 15:11:00,U1051,sandra.king72,jira.corp.local,INTERNAL,,WKSTN-U1051
NET023714,2026-06-16 15:23:00,U1058,,jira.corp.local,INTERNAL,443201,WKSTN-U1058
NET033866,2026-06-16 15:15:00,U1083,sarah.allen70,hr-portal.corp.local,INTERNAL,348725,WKSTN-U1083
NET004535,2026-06-16 15:17:00,U1012,linda.martinez,vpn.corp.local,INTERNAL,31822,WKSTN-U1012
NET017339,2026-06-16 15:15:00,U1042,michael.hill56,vpn.corp.local,INTERNAL,392381,WKSTN-U1042
NET019345,2026-06-16 15:33:00,U1047,sandra.lewis,jira.corp.local,INTERNAL,318488,WKSTN-U1047
NET022532,2026-06-16 15:26:00,U1055,patricia.wilson54,sharepoint.corp.local	,INTERNAL,464092,WKSTN-U1055
NET008959,2026-06-16 15:39:00,U1022,,vpn.corp.local,INTERNAL,276507,WKSTN-U1022
NET014545,2026-06-16 15:48:00,U1035,nancy.rodriguez82,hr-portal.corp.local,INTERNAL,,WKSTN-U1035
NET002243,2026-06-16 15:07:00,U1006,george.gonzalez,linkedin.com,EXTERNAL,1920,WKSTN-U1006
NET025322,2026-06-16 15:48:00,U1062,william.martin,vpn.corp.local,INTERNAL,467490,WKSTN-U1062
NET018940,2026-06-16 15:08:00,U1046,michelle.torres39,vpn.corp.local,INTERNAL,475888,  WKSTN-U1046 
NET003385,2026-06-16 15:11:00,U1009,daniel.brown,hr-portal.corp.local,INTERNAL,99668,WKSTN-U1009
NET032140,2026-06-16 15:25:00,U1079,emily.jones,vpn.corp.local,INTERNAL,409743,WKSTN-U1079
NET034323,2026-06-16 15:17:00,U1084,joshua.taylor,confluence.corp.local,INTERNAL,247043,WKSTN-U1084
NET018124,2026-06-16 15:14:00,U1044,lisa.ramirez9,confluence.corp.local,INTERNAL,72510,WKSTN-U1044
NET007603,2026-06-16 15:44:00,U1019,donna.anderson,jira.corp.local,INTERNAL,12005,WKSTN-U1019
NET020921,2026-06-16 15:03:00,U1051,sandra.king72,weather.com,EXTERNAL,2564,WKSTN-U1051
NET027326,2026-06-16 15:48:00,U1067,paul.thomas97,sharepoint.corp.local,INTERNAL,421640,WKSTN-U1067
NET017730,2026-06-16 15:39:00,U1043,,sharepoint.corp.local,INTERNAL,39746,WKSTN-U1043
NET017733,2026-06-16 15:49:00,U1043,thomas.williams91,hr-portal.corp.local,INTERNAL,432030,WKSTN-U1043
NET003388,2026-06-16 15:43:00,U1009,daniel.brown,linkedin.com,EXTERNAL,17654,WKSTN-U1009
NET008492,2026-06-16 15:35:00,U1021,jessica.walker,vpn.corp.local,INTERNAL,,WKSTN-U1021
NET013758,2026-06-16 15:11:00,U1033,linda.miller,linkedin.com,EXTERNAL,7419,WKSTN-U1033
NET005376,2026-06-16 16:00:00,U1014,james.taylor,mail.corp.local,INTERNAL,56893,WKSTN-U1014
NET010302,2026-06-16 15:52:00,U1025,betty.brown22	,mail.corp.local,INTERNAL,435875,WKSTN-U1025
NET035228,2026-06-16 16:24:00,U1086,steven.thompson53,vpn.corp.local,INTERNAL,345053,WKSTN-U1086
NET016923,2026-06-16 16:03:00,U1041,matthew.allen52,jira.corp.local,INTERNAL,41059,WKSTN-U1041
NET017337,2026-06-16 16:34:00,U1042,michael.hill56,jira.corp.local,INTERNAL,175524,WKSTN-U1042
NET038367,2026-06-16 15:56:00,U1093,sarah.clark44,sharepoint.corp.local	,INTERNAL,261221,
NET012942,2026-06-16 16:04:00,U1031,john.wright28,sharepoint.corp.local,INTERNAL,416134,WKSTN-U1031
NET003000,2026-06-16 16:01:00,U1008,JOSHUA.HERNANDEZ,confluence.corp.local,INTERNAL,236776,WKSTN-U1008
NET027692,2026-06-16 16:13:00,U1068,,jira.corp.local,INTERNAL,214336,WKSTN-U1068
NET001048,2026-06-16 16:30:00,U1003,kenneth.clark29,  mail.corp.local ,INTERNAL,91650,WKSTN-U1003
NET022119,2026-06-16 16:06:00,U1054,anthony.martinez	,mail.corp.local,INTERNAL,215548,WKSTN-U1054	
NET016924,2026-06-16 16:41:00,U1041,matthew.allen52,sharepoint.corp.local,INTERNAL,41158,WKSTN-U1041
NET040047,2026-06-16 15:56:00,U1097,mark.martinez10,,INTERNAL,472584,WKSTN-U1097
NET012094,2026-06-16 16:51:00,U1029,michelle.garcia54,confluence.corp.local,INTERNAL,29025,WKSTN-U1029
NET003386,2026-06-16 16:20:00,U1009,daniel.brown,vpn.corp.local,INTERNAL,318236,WKSTN-U1009
NET024933,2026-06-16 16:53:00,U1061,jessica.rodriguez,hr-portal.corp.local,INTERNAL,390701,WKSTN-U1061
NET019343,2026-06-16 15:50:00,U1047,sandra.lewis,confluence.corp.local,INTERNAL,473373,WKSTN-U1047
NET024515,2026-06-16 16:25:00,U1060,matthew.anderson,jira.corp.local,internal,296742,WKSTN-U1060
NET007156,2026-06-16 16:19:00,U1018,betty.white57,linkedin.com,EXTERNAL,9053,WKSTN-U1018
NET024931,2026-06-16 16:45:00,U1061,jessica.rodriguez,mail.corp.local,INTERNAL,226948,WKSTN-U1061
NET035226,2026-06-16 16:00:00,U1086,steven.thompson53,sharepoint.corp.local,INTERNAL,380354,WKSTN-U1086
NET004961,2026-06-16 16:14:00,U1013,emily.smith,jira.corp.local,INTERNAL,1285,  WKSTN-U1013 
NET012095,2026-06-16 16:36:00,U1029,MICHELLE.GARCIA54,vpn.corp.local,INTERNAL,290494,WKSTN-U1029
NET039629,2026-06-16 16:29:00,U1096,david.allen76,vpn.corp.local,INTERNAL,240646,WKSTN-U1096
NET002999,2026-06-16 15:52:00,U1008,joshua.hernandez,confluence.corp.local,INTERNAL,435756,WKSTN-U1008	
NET033886,2026-06-17 07:31:00,U1083,sarah.allen70,mail.corp.local,INTERNAL,85342,WKSTN-U1083
NET033417,2026-06-16 17:26:00,U1082,karen.hill96,hr-portal.corp.local,INTERNAL,61987,WKSTN-U1082
NET035246,2026-06-17 07:58:00,U1086,  steven.thompson53 ,sharepoint.corp.local,INTERNAL,362904,WKSTN-U1086
NET037045,2026-06-16 17:10:00,U1090,mary.hill,mail.corp.local,INTERNAL,114878,WKSTN-U1090	
NET024950,2026-06-17 08:14:00,U1061,jessica.rodriguez,vpn.corp.local,INTERNAL,7876,WKSTN-U1061
NET016144,2026-06-17 07:18:00,U1039,mark.thomas,hr-portal.corp.local,INTERNAL,395929,WKSTN-U1039
NET035247,2026-06-17 07:56:00,U1086,steven.thompson53,jira.corp.local,INTERNAL,282661,WKSTN-U1086
NET001463,2026-06-17 07:39:00,U1004,elizabeth.wilson98,sharepoint.corp.local,INTERNAL,430699,WKSTN-U1004
NET039217,2026-06-16 17:28:00,U1095,richard.thomas74,hr-portal.corp.local,INTERNAL,380432,  WKSTN-U1095 
NET021698,2026-06-16 17:57:00,U1053,john.jackson31,mail.corp.local,INTERNAL,338457,WKSTN-U1053
NET011687,2026-06-17 07:42:00,U1028,john.hill,,INTERNAL,454812,WKSTN-U1028
NET006707,2026-06-17 07:56:00,U1017,emily.hernandez34,sharepoint.corp.local,INTERNAL,301919,WKSTN-U1017
NET014930,2026-06-16 17:00:00,U1036,linda.jones,vpn.corp.local,,85773,WKSTN-U1036
NET018528,2026-06-17 07:56:00,U1045,daniel.sanchez90,hr-portal.corp.local,INTERNAL,152544,WKSTN-U1045
NET030944,2026-06-17 07:14:00,U1076,john.torres,hr-portal.corp.local,INTERNAL,42810,WKSTN-U1076
NET024527,2026-06-17 08:05:00,U1060,matthew.anderson,vpn.corp.local,INTERNAL,125375,WKSTN-U1060
NET039219,2026-06-16 17:06:00,U1095,richard.thomas74,sharepoint.corp.local,INTERNAL,303302,WKSTN-U1095
NET022531,2026-06-16 16:59:00,U1055,patricia.wilson54,confluence.corp.local,,173973,WKSTN-U1055
NET012096,2026-06-16 17:15:00,U1029,michelle.garcia54,sharepoint.corp.local,INTERNAL,349405,WKSTN-U1029
NET020934,2026-06-17 07:22:00,U1051,sandra.king72,hr-portal.corp.local,INTERNAL,157336,WKSTN-U1051
NET035227,2026-06-16 17:03:00,U1086,steven.thompson53,  sharepoint.corp.local ,INTERNAL,152216,WKSTN-U1086
NET018509,2026-06-16 17:11:00,U1045,daniel.sanchez90,vpn.corp.local,INTERNAL,499616,WKSTN-U1045
NET040830,2026-06-17 08:04:00,U1099,joseph.garcia,sharepoint.corp.local,INTERNAL,59794,WKSTN-U1099	
NET036577,2026-06-16 17:31:00,U1089,paul.brown27,hr-portal.corp.local,INTERNAL,413297,WKSTN-U1089
NET015358,2026-06-17 08:10:00,U1037,ROBERT.MARTIN,sharepoint.corp.local,INTERNAL,183028,WKSTN-U1037
NET019760,2026-06-17 08:14:00,U1048,jennifer.thomas87,jira.corp.local,INTERNAL,423090,WKSTN-U1048
NET001853,2026-06-17 08:55:00,U1005,robert.robinson,sharepoint.corp.local,INTERNAL,188635,WKSTN-U1005
NET012963,2026-06-17 08:44:00,U1031,john.wright28,mail.corp.local,INTERNAL,470750,WKSTN-U1031
NET010324,2026-06-17 09:05:00,U1025,betty.brown22,mail.corp.local,INTERNAL,52766,WKSTN-U1025
NET001462,2026-06-17 09:08:00,U1004,elizabeth.wilson98,vpn.corp.local	,INTERNAL,299967,WKSTN-U1004
NET010771,2026-06-17 09:08:00,U1026,elizabeth.gonzalez,weather.com,EXTERNAL,15208,WKSTN-U1026
NET030556,2026-06-17 08:48:00,U1075,steven.lewis,mail.corp.local,INTERNAL,247886,WKSTN-U1075
NET013773,2026-06-17 08:14:00,U1033,linda.miller,sharepoint.corp.local,INTERNAL,11944000.0,WKSTN-U1033
NET007625,2026-06-17 08:28:00,U1019,donna.anderson,mail.corp.local,INTERNAL,136006,WKSTN-U1019
NET021332,2026-06-17 08:56:00,U1052,paul.taylor,confluence.corp.local,INTERNAL,177480,WKSTN-U1052
NET025341,2026-06-17 08:19:00,U1062,william.martin,hr-portal.corp.local,INTERNAL,146456,WKSTN-U1062
NET008513,2026-06-17 08:57:00,U1021,jessica.walker,vpn.corp.local,INTERNAL,345889,WKSTN-U1021
NET027709,2026-06-17 08:49:00,U1068,susan.thompson34,jira.corp.local,INTERNAL,115535,WKSTN-U1068
NET008515,2026-06-17 08:50:00,U1021,jessica.walker,jira.corp.local,INTERNAL,138042,WKSTN-U1021
NET027708,2026-06-17 08:23:00,U1068,susan.thompson34,vpn.corp.local,INTERNAL,277974,WKSTN-U1068
NET008516,2026-06-17 08:14:00,U1021,jessica.walker,news.com,EXTERNAL,8201,WKSTN-U1021
NET023324,2026-06-17 08:28:00,U1057,NANCY.SANCHEZ,confluence.corp.local,INTERNAL,300244,WKSTN-U1057
NET013774,2026-06-17 08:57:00,U1033,linda.miller,jira.corp.local,INTERNAL,494913,WKSTN-U1033
NET006224,2026-06-17 08:52:00,U1016,patricia.thomas,sharepoint.corp.local,INTERNAL,,WKSTN-U1016
NET001854,2026-06-17 09:05:00,U1005,robert.robinson,vpn.corp.local,INTERNAL,61392,WKSTN-U1005
NET009429,2026-06-17 08:49:00,U1023,richard.wright,jira.corp.local,INTERNAL,477649,WKSTN-U1023
NET025339,2026-06-17 08:18:00,U1062,william.martin,confluence.corp.local,INTERNAL,,WKSTN-U1062
NET028967,2026-06-17 09:11:00,U1071,matthew.robinson35,hr-portal.corp.local,INTERNAL,117055,WKSTN-U1071
NET024528,2026-06-17 09:00:00,U1060,matthew.anderson,mail.corp.local,INTERNAL,199571,WKSTN-U1060
NET003793,2026-06-17 09:06:00,U1010,susan.young51,hr-portal.corp.local,INTERNAL,450898,
NET018526,2026-06-17 09:21:00,U1045,daniel.sanchez90,jira.corp.local,INTERNAL,27450,WKSTN-U1045
NET025738,2026-06-17 09:17:00,U1063,john.nguyen,confluence.corp.local,INTERNAL,16625,WKSTN-U1063
NET006225,2026-06-17 09:30:00,U1016,patricia.thomas,mail.corp.local	,INTERNAL,372949,WKSTN-U1016
NET009879,2026-06-17 09:17:00,U1024,emily.miller,sharepoint.corp.local,INTERNAL,344860,WKSTN-U1024
NET005391,2026-06-17 09:24:00,U1014,james.taylor,mail.corp.local,INTERNAL,,WKSTN-U1014
NET003792,2026-06-17 09:15:00,U1010,susan.young51,mail.corp.local,INTERNAL,186167,WKSTN-U1010
NET000645,2026-06-17 09:29:00,U1002,donna.ramirez,jira.corp.local,INTERNAL,133325,WKSTN-U1002
NET015361,2026-06-17 09:15:00,U1037,,weather.com,EXTERNAL,13983,WKSTN-U1037
NET031732,2026-06-17 09:37:00,U1078,michelle.miller,vpn.corp.local,,68661,WKSTN-U1078
NET004554,2026-06-17 09:17:00,U1012,linda.martinez,jira.corp.local,INTERNAL,465728,WKSTN-U1012
NET019363,2026-06-17 09:20:00,U1047,,sharepoint.corp.local,INTERNAL,122403,WKSTN-U1047
NET008981,2026-06-17 09:16:00,U1022,sandra.brown,news.com,EXTERNAL,6018,WKSTN-U1022
NET015360,2026-06-17 09:14:00,U1037,robert.martin,vpn.corp.local,,384841,WKSTN-U1037
NET016940,2026-06-17 09:14:00,U1041,,hr-portal.corp.local,INTERNAL,381407,WKSTN-U1041
NET010323,2026-06-17 09:40:00,U1025,betty.brown22,sharepoint.corp.local,INTERNAL,481695,WKSTN-U1025
NET026953,2026-06-17 09:12:00,U1066,michelle.wright62,hr-portal.corp.local,INTERNAL,6425,WKSTN-U1066
NET030945,2026-06-17 09:18:00,U1076,john.torres,vpn.corp.local,INTERNAL,109971,WKSTN-U1076
NET022547,2026-06-17 09:15:00,U1055,PATRICIA.WILSON54	,mail.corp.local,INTERNAL,133871,WKSTN-U1055
NET021328,2026-06-17 09:17:00,U1052,paul.taylor,vpn.corp.local,INTERNAL,111316,WKSTN-U1052
NET012113,2026-06-17 09:15:00,U1029,michelle.garcia54,hr-portal.corp.local,INTERNAL,3708,WKSTN-U1029
NET030942,2026-06-17 09:23:00,U1076,,mail.corp.local,INTERNAL,75297,WKSTN-U1076
NET004987,2026-06-17 09:25:00,U1013,emily.smith,jira.corp.local,INTERNAL,489568,WKSTN-U1013
NET031733,2026-06-17 09:12:00,U1078,michelle.miller,mail.corp.local,INTERNAL,165912,WKSTN-U1078
NET021718,2026-06-17 09:17:00,U1053,john.jackson31	,  sharepoint.corp.local ,INTERNAL,449591,WKSTN-U1053
NET017746,2026-06-17 09:28:00,U1043,thomas.williams91	,mail.corp.local,INTERNAL,18436,WKSTN-U1043
NET001460,2026-06-17 10:05:00,U1004,elizabeth.wilson98,jira.corp.local,INTERNAL,449338,WKSTN-U1004
NET037955,2026-06-17 09:43:00,U1092,steven.thomas,vpn.corp.local,INTERNAL,336991,WKSTN-U1092
NET014565,2026-06-17 09:48:00,U1035,nancy.rodriguez82,linkedin.com,EXTERNAL,13435,WKSTN-U1035
NET001855,2026-06-17 10:02:00,U1005,robert.robinson,confluence.corp.local,INTERNAL,231900,WKSTN-U1005
NET019362,2026-06-17 09:48:00,U1047,sandra.lewis,sharepoint.corp.local,INTERNAL,94960,WKSTN-U1047
NET012114,2026-06-17 09:48:00,U1029,michelle.garcia54,hr-portal.corp.local,INTERNAL,203509,WKSTN-U1029
NET005805,2026-06-17 09:59:00,U1015,lisa.hernandez,hr-portal.corp.local,,340740,WKSTN-U1015
NET039240,2026-06-17 09:45:00,U1095,richard.thomas74,confluence.corp.local,INTERNAL,489244,WKSTN-U1095
NET036597,2026-06-17 09:58:00,U1089,paul.brown27,vpn.corp.local,INTERNAL,420660,WKSTN-U1089
NET006226,2026-06-17 09:46:00,U1016,patricia.thomas,weather.com,EXTERNAL,11346,  WKSTN-U1016 
NET026132,2026-06-17 10:00:00,U1064,matthew.wright55,vpn.corp.local,INTERNAL,403338,WKSTN-U1064
NET012115,2026-06-17 09:50:00,U1029,michelle.garcia54,hr-portal.corp.local,INTERNAL,454924,WKSTN-U1029
NET012964,2026-06-17 09:40:00,U1031,john.wright28,hr-portal.corp.local,INTERNAL,128063,WKSTN-U1031
NET009877,2026-06-17 10:07:00,U1024,emily.miller,hr-portal.corp.local,INTERNAL,349455,WKSTN-U1024
NET021330,2026-06-17 10:10:00,U1052,paul.taylor,vpn.corp.local,INTERNAL,173059,WKSTN-U1052
NET012960,2026-06-17 10:07:00,U1031,john.wright28,vpn.corp.local,INTERNAL,219953,WKSTN-U1031
NET021331,2026-06-17 10:01:00,U1052,paul.taylor,sharepoint.corp.local,INTERNAL,78409,WKSTN-U1052
NET024951,2026-06-17 09:40:00,U1061,jessica.rodriguez,confluence.corp.local,INTERNAL,434516,WKSTN-U1061
NET002647,2026-06-17 09:49:00,U1007,sarah.robinson82,confluence.corp.local,INTERNAL,122053,WKSTN-U1007
NET040834,2026-06-17 09:57:00,U1099,joseph.garcia	,vpn.corp.local,INTERNAL,33324,WKSTN-U1099
NET029371,2026-06-17 09:46:00,U1072,kenneth.lopez,hr-portal.corp.local,INTERNAL,256331,WKSTN-U1072
NET010770,2026-06-17 10:02:00,U1026,elizabeth.gonzalez,sharepoint.corp.local,INTERNAL,5090,WKSTN-U1026
NET022135,2026-06-17 09:51:00,U1054,anthony.martinez,hr-portal.corp.local,INTERNAL,499729,WKSTN-U1054
NET012962,2026-06-17 10:09:00,U1031,john.wright28,confluence.corp.local,INTERNAL,368138,WKSTN-U1031
NET025739,2026-06-17 10:10:00,U1063,john.nguyen,mail.corp.local,INTERNAL,238027,WKSTN-U1063
NET023728,2026-06-17 10:41:00,U1058,jennifer.ramirez18,confluence.corp.local,INTERNAL,176740,WKSTN-U1058
NET002644,2026-06-17 10:27:00,U1007,sarah.robinson82,confluence.corp.local,INTERNAL,103248,WKSTN-U1007
NET008514,2026-06-17 10:38:00,U1021,jessica.walker,mail.corp.local,INTERNAL,185278,  WKSTN-U1021 
NET009428,2026-06-17 10:27:00,U1023,richard.wright	,mail.corp.local,INTERNAL,492577,WKSTN-U1023
NET017745,2026-06-17 10:26:00,U1043,thomas.williams91,hr-portal.corp.local,INTERNAL,221686,WKSTN-U1043
NET016554,2026-06-17 10:36:00,U1040,matthew.martin,hr-portal.corp.local,INTERNAL,215665,WKSTN-U1040
NET014947,2026-06-17 10:29:00,U1036,linda.jones,jira.corp.local,INTERNAL,300776,  WKSTN-U1036 
NET034344,2026-06-17 10:29:00,U1084,joshua.taylor,sharepoint.corp.local,INTERNAL,385208,WKSTN-U1084
NET023726,2026-06-17 10:39:00,U1058,jennifer.ramirez18,hr-portal.corp.local,INTERNAL,46883,WKSTN-U1058
NET041202,2026-06-17 10:16:00,U1100,daniel.brown38,hr-portal.corp.local,INTERNAL,43425,WKSTN-U1100
NET018527,2026-06-17 10:20:00,U1045,daniel.sanchez90,jira.corp.local,INTERNAL,437994,WKSTN-U1045
NET024526,2026-06-17 10:35:00,U1060,matthew.anderson,confluence.corp.local,,100924,WKSTN-U1060
NET020933,2026-06-17 10:37:00,U1051,,sharepoint.corp.local,INTERNAL,58889,WKSTN-U1051
NET006223,2026-06-17 10:38:00,U1016,patricia.thomas,confluence.corp.local,INTERNAL,269584,WKSTN-U1016
NET013775,2026-06-17 10:17:00,U1033,linda.miller,confluence.corp.local,INTERNAL,32703,WKSTN-U1033
NET013385,2026-06-17 10:12:00,U1032,paul.wright91,hr-portal.corp.local,INTERNAL,312321,WKSTN-U1032
NET027339,2026-06-17 10:13:00,U1067,paul.thomas97,vpn.corp.local,INTERNAL,485049,WKSTN-U1067
NET013387,2026-06-17 10:20:00,U1032,PAUL.WRIGHT91,mail.corp.local,INTERNAL,442787,WKSTN-U1032
NET020129,2026-06-17 10:37:00,U1049,michelle.jones59,jira.corp.local,INTERNAL,106654,WKSTN-U1049
NET001851,2026-06-17 10:35:00,U1005,robert.robinson,mail.corp.local,INTERNAL,97597,WKSTN-U1005
NET032163,2026-06-17 10:17:00,U1079,emily.jones,sharepoint.corp.local,INTERNAL,332733,WKSTN-U1079
NET022138,2026-06-17 10:11:00,U1054,anthony.martinez,confluence.corp.local,INTERNAL,67603,WKSTN-U1054
NET022136,2026-06-17 10:25:00,U1054,anthony.martinez,vpn.corp.local,INTERNAL,408961,WKSTN-U1054
NET030557,2026-06-17 10:16:00,U1075,steven.lewis,vpn.corp.local,internal,314755,WKSTN-U1075
NET003412,2026-06-17 10:30:00,U1009,  daniel.brown ,vpn.corp.local,INTERNAL,168488,WKSTN-U1009
NET014158,2026-06-17 10:52:00,U1034,thomas.allen63,,INTERNAL,464324,WKSTN-U1034
NET012961,2026-06-17 11:24:00,U1031,john.wright28,vpn.corp.local,INTERNAL,389421,WKSTN-U1031
NET004557,2026-06-17 11:02:00,U1012,linda.martinez,jira.corp.local,INTERNAL,324101,WKSTN-U1012
NET016939,2026-06-17 11:19:00,U1041,matthew.allen52,vpn.corp.local,INTERNAL,144311,WKSTN-U1041
NET003790,2026-06-17 11:17:00,U1010,susan.young51,hr-portal.corp.local,INTERNAL,106669,WKSTN-U1010
NET007624,2026-06-17 10:43:00,U1019,donna.anderson,jira.corp.local,INTERNAL,116755,WKSTN-U1019
NET020530,2026-06-17 11:00:00,U1050,michael.ramirez,mail.corp.local,INTERNAL,319922,WKSTN-U1050
NET001461,2026-06-17 11:21:00,U1004,elizabeth.wilson98,hr-portal.corp.local,INTERNAL,322365,WKSTN-U1004
NET024123,2026-06-17 11:15:00,U1059,,sharepoint.corp.local,INTERNAL,260693,WKSTN-U1059
NET037954,2026-06-17 11:00:00,U1092,steven.thomas,,INTERNAL,149711,  WKSTN-U1092 
NET014161,2026-06-17 11:12:00,U1034,THOMAS.ALLEN63,sharepoint.corp.local,INTERNAL,319756,WKSTN-U1034
NET017354,2026-06-17 10:56:00,U1042,michael.hill56,mail.corp.local,INTERNAL,351241,WKSTN-U1042
NET018964,2026-06-17 11:23:00,U1046,michelle.torres39,,EXTERNAL,5277,WKSTN-U1046
NET025340,2026-06-17 10:52:00,U1062,william.martin,hr-portal.corp.local,internal,101600,WKSTN-U1062
NET014159,2026-06-17 11:11:00,U1034,thomas.allen63,vpn.corp.local,INTERNAL,21512,WKSTN-U1034
NET039648,2026-06-17 11:15:00,U1096,david.allen76,sharepoint.corp.local,INTERNAL,57031,WKSTN-U1096
NET040833,2026-06-17 10:50:00,U1099,joseph.garcia,confluence.corp.local,INTERNAL,347504,  WKSTN-U1099 
NET004161,2026-06-17 11:04:00,U1011,donna.ramirez75,mail.corp.local,INTERNAL,372153,WKSTN-U1011
NET027712,2026-06-17 11:14:00,U1068,,jira.corp.local,INTERNAL,469360,WKSTN-U1068
NET014945,2026-06-17 10:52:00,U1036,linda.jones,mail.corp.local,INTERNAL,249049,WKSTN-U1036
NET011227,2026-06-17 10:46:00,U1027,patricia.brown75,vpn.corp.local,INTERNAL,453042,WKSTN-U1027
NET014948,2026-06-17 10:50:00,U1036,linda.jones,vpn.corp.local,INTERNAL,87085,WKSTN-U1036
NET000644,2026-06-17 10:53:00,U1002,donna.ramirez,vpn.corp.local,INTERNAL,420883,WKSTN-U1002
NET033021,2026-06-17 10:47:00,U1081,margaret.davis,vpn.corp.local,INTERNAL,397294,WKSTN-U1081
NET006705,2026-06-17 10:50:00,U1017,emily.hernandez34,jira.corp.local,INTERNAL,256854,WKSTN-U1017
NET002648,2026-06-17 11:38:00,U1007,sarah.robinson82,confluence.corp.local,INTERNAL,393266,WKSTN-U1007
NET031334,2026-06-17 11:42:00,U1077,kimberly.harris58,mail.corp.local,INTERNAL,355128,WKSTN-U1077
NET020132,2026-06-17 12:01:00,U1049,michelle.jones59,vpn.corp.local,INTERNAL,371292,WKSTN-U1049
NET023323,2026-06-17 11:41:00,U1057,nancy.sanchez,vpn.corp.local,INTERNAL,157906,WKSTN-U1057
NET020130,2026-06-17 12:09:00,U1049,michelle.jones59,vpn.corp.local	,INTERNAL,375774,WKSTN-U1049
NET001064,2026-06-17 11:27:00,U1003,kenneth.clark29,confluence.corp.local,INTERNAL,,WKSTN-U1003
NET025737,2026-06-17 11:26:00,U1063,john.nguyen,confluence.corp.local,INTERNAL,28088,WKSTN-U1063
NET022934,2026-06-17 11:34:00,U1056,anthony.clark,jira.corp.local,INTERNAL,,WKSTN-U1056
NET040067,2026-06-17 11:30:00,U1097,mark.martinez10,confluence.corp.local,INTERNAL,441889,WKSTN-U1097
NET029746,2026-06-17 11:48:00,U1073,michael.gonzalez,mail.corp.local,INTERNAL,53707,WKSTN-U1073
NET028134,2026-06-17 11:28:00,U1069,jessica.clark,vpn.corp.local,INTERNAL,,WKSTN-U1069
NET013386,2026-06-17 11:34:00,U1032,paul.wright91,jira.corp.local,INTERNAL,185444,WKSTN-U1032
NET028131,2026-06-17 11:55:00,U1069,jessica.clark,confluence.corp.local,INTERNAL,372998,WKSTN-U1069
NET028551,2026-06-17 11:53:00,U1070,betty.thomas40,jira.corp.local,INTERNAL,242940,WKSTN-U1070
NET003413,2026-06-17 12:05:00,U1009,daniel.brown,mail.corp.local,INTERNAL,397342,WKSTN-U1009
NET034345,2026-06-17 11:34:00,U1084,joshua.taylor,mail.corp.local,INTERNAL,109677,WKSTN-U1084
NET033887,2026-06-17 12:02:00,U1083,,sharepoint.corp.local,INTERNAL,229010,WKSTN-U1083
NET037497,2026-06-17 11:40:00,U1091,linda.robinson,sharepoint.corp.local,INTERNAL,263779,WKSTN-U1091
NET005392,2026-06-17 11:44:00,U1014,james.taylor,jira.corp.local,INTERNAL,,WKSTN-U1014
NET033889,2026-06-17 11:33:00,U1083,  sarah.allen70 ,mail.corp.local,INTERNAL,493318,WKSTN-U1083
NET020128,2026-06-17 11:56:00,U1049,michelle.jones59,mail.corp.local,INTERNAL,495063,WKSTN-U1049
NET018138,2026-06-17 12:05:00,U1044,lisa.ramirez9,jira.corp.local,INTERNAL,462044,WKSTN-U1044
NET030149,2026-06-17 11:44:00,U1074,sarah.williams7,sharepoint.corp.local,INTERNAL,,WKSTN-U1074
NET040831,2026-06-17 11:30:00,U1099,joseph.garcia,mail.corp.local,INTERNAL,146292,WKSTN-U1099
NET035674,2026-06-17 11:39:00,U1087,charles.sanchez,vpn.corp.local	,INTERNAL,285027,WKSTN-U1087
NET004986,2026-06-17 12:36:00,U1013,emily.smith,sharepoint.corp.local,INTERNAL,174951,WKSTN-U1013
NET026528,2026-06-17 12:17:00,U1065,michael.ramirez47,confluence.corp.local,INTERNAL,249478,WKSTN-U1065
NET007175,2026-06-17 12:33:00,U1018,betty.white57,mail.corp.local,INTERNAL,135586,WKSTN-U1018
NET020131,2026-06-17 12:26:00,U1049,michelle.jones59,confluence.corp.local,INTERNAL,20391,WKSTN-U1049
NET040068,2026-06-17 12:27:00,U1097,mark.martinez10,weather.com,EXTERNAL,3967,WKSTN-U1097
NET006704,2026-06-17 12:25:00,U1017,emily.hernandez34,confluence.corp.local,INTERNAL,320187,WKSTN-U1017
NET002258,2026-06-17 12:15:00,U1006,george.gonzalez,sharepoint.corp.local,INTERNAL,107577,WKSTN-U1006
NET021716,2026-06-17 13:02:00,U1053,john.jackson31,hr-portal.corp.local,INTERNAL,308953,WKSTN-U1053
NET033440,2026-06-17 12:16:00,U1082,karen.hill96,confluence.corp.local,INTERNAL,385748,WKSTN-U1082
NET039649,2026-06-17 12:12:00,U1096,david.allen76,jira.corp.local,INTERNAL,86358,WKSTN-U1096
NET026527,2026-06-17 12:23:00,U1065,michael.ramirez47,vpn.corp.local,INTERNAL,494502,WKSTN-U1065
NET004988,2026-06-17 12:50:00,U1013,  emily.smith ,hr-portal.corp.local,internal,346981,WKSTN-U1013
NET014949,2026-06-17 12:33:00,U1036,linda.jones,vpn.corp.local,INTERNAL,53435,WKSTN-U1036
NET018962,2026-06-17 12:42:00,U1046,michelle.torres39,jira.corp.local,INTERNAL,7301,  WKSTN-U1046 
NET013776,2026-06-17 12:28:00,U1033,linda.miller,jira.corp.local,INTERNAL,27056,WKSTN-U1033
NET037495,2026-06-17 12:11:00,U1091,linda.robinson,vpn.corp.local,INTERNAL,469874,WKSTN-U1091
NET005390,2026-06-17 12:48:00,U1014,james.taylor,jira.corp.local,INTERNAL,110407,WKSTN-U1014
NET035676,2026-06-17 12:16:00,U1087,charles.sanchez,confluence.corp.local,INTERNAL,198019,  WKSTN-U1087 
NET008512,2026-06-17 12:56:00,U1021,jessica.walker,vpn.corp.local,INTERNAL,49010,WKSTN-U1021
NET004556,2026-06-17 12:26:00,U1012,linda.martinez,mail.corp.local,INTERNAL,233821,WKSTN-U1012
NET039650,2026-06-17 12:26:00,U1096,david.allen76,hr-portal.corp.local,INTERNAL,310641,WKSTN-U1096
NET001067,2026-06-17 12:49:00,U1003,  kenneth.clark29 ,vpn.corp.local,INTERNAL,431746,WKSTN-U1003
NET011229,2026-06-17 12:25:00,U1027,patricia.brown75,confluence.corp.local,INTERNAL,328060,WKSTN-U1027
NET030148,2026-06-17 13:01:00,U1074,sarah.williams7	,hr-portal.corp.local,INTERNAL,82445,WKSTN-U1074
NET028965,2026-06-17 12:45:00,U1071,matthew.robinson35,sharepoint.corp.local,INTERNAL,156070,WKSTN-U1071
NET036166,2026-06-17 13:25:00,U1088,andrew.smith85,hr-portal.corp.local,INTERNAL,264802,WKSTN-U1088
NET003013,2026-06-17 13:31:00,U1008,joshua.hernandez,jira.corp.local,INTERNAL,462818,  WKSTN-U1008 
NET024954,2026-06-17 13:20:00,U1061,jessica.rodriguez,vpn.corp.local,INTERNAL,238726,WKSTN-U1061
NET016143,2026-06-17 13:10:00,U1039,mark.thomas,confluence.corp.local,INTERNAL,208894,WKSTN-U1039
NET004160,2026-06-17 13:29:00,U1011,donna.ramirez75,hr-portal.corp.local,INTERNAL,59989,WKSTN-U1011	
NET026952,2026-06-17 13:22:00,U1066,michelle.wright62,vpn.corp.local,INTERNAL,43612,WKSTN-U1066
NET023727,2026-06-17 13:06:00,U1058,jennifer.ramirez18,mail.corp.local,INTERNAL,455773,WKSTN-U1058
NET020133,2026-06-17 13:34:00,U1049,michelle.jones59,news.com,EXTERNAL,15599,  WKSTN-U1049 
NET026526,2026-06-17 13:02:00,U1065,michael.ramirez47,jira.corp.local,INTERNAL,210635,WKSTN-U1065
NET000643,2026-06-17 13:27:00,U1002,donna.ramirez,jira.corp.local,INTERNAL,340409,WKSTN-U1002
NET013384,2026-06-17 13:32:00,U1032,paul.wright91,hr-portal.corp.local,INTERNAL,307157,  WKSTN-U1032 
NET017353,2026-06-17 13:07:00,U1042,michael.hill56,jira.corp.local,INTERNAL,49796,WKSTN-U1042
NET037496,2026-06-17 13:03:00,U1091,linda.robinson,vpn.corp.local,INTERNAL,284317,WKSTN-U1091
NET029372,2026-06-17 13:15:00,U1072,kenneth.lopez,sharepoint.corp.local,INTERNAL,58638,WKSTN-U1072
NET003012,2026-06-17 13:14:00,U1008,joshua.hernandez,confluence.corp.local,INTERNAL,59212,WKSTN-U1008
NET016555,2026-06-17 13:08:00,U1040,,linkedin.com,EXTERNAL,3816,WKSTN-U1040
NET031332,2026-06-17 13:15:00,U1077,kimberly.harris58,hr-portal.corp.local,INTERNAL,352478,
NET022134,2026-06-17 13:33:00,U1054,anthony.martinez,mail.corp.local,INTERNAL,202951,WKSTN-U1054
NET038828,2026-06-17 13:22:00,U1094,elizabeth.lewis69,hr-portal.corp.local,INTERNAL,18164,WKSTN-U1094
NET031333,2026-06-17 13:15:00,U1077,kimberly.harris58,mail.corp.local,INTERNAL,482969,WKSTN-U1077
NET004553,2026-06-17 13:31:00,U1012,linda.martinez,confluence.corp.local,INTERNAL,128389,WKSTN-U1012
NET016944,2026-06-17 13:08:00,U1041,matthew.allen52,news.com,EXTERNAL,8877,WKSTN-U1041
NET038389,2026-06-17 13:17:00,U1093,sarah.clark44,mail.corp.local,INTERNAL,64149,WKSTN-U1093
NET007174,2026-06-17 13:03:00,U1018,betty.white57,confluence.corp.local,INTERNAL,344063,WKSTN-U1018
NET031335,2026-06-17 13:23:00,U1077,kimberly.harris58,mail.corp.local	,INTERNAL,227321,WKSTN-U1077
NET008073,2026-06-17 13:49:00,U1020,andrew.thomas36,mail.corp.local,INTERNAL,153338,WKSTN-U1020
NET022137,2026-06-17 13:52:00,U1054,anthony.martinez,confluence.corp.local,INTERNAL,143440,WKSTN-U1054
NET022932,2026-06-17 13:39:00,U1056,anthony.clark,confluence.corp.local,INTERNAL,379896,WKSTN-U1056
NET002260,2026-06-17 13:55:00,U1006,george.gonzalez,mail.corp.local,INTERNAL,71041,WKSTN-U1006
NET004984,2026-06-17 13:58:00,U1013,emily.smith,jira.corp.local,INTERNAL,97593,WKSTN-U1013
NET000641,2026-06-17 13:47:00,U1002,donna.ramirez,sharepoint.corp.local,INTERNAL,454315,WKSTN-U1002
NET026955,2026-06-17 13:58:00,U1066,  michelle.wright62 ,jira.corp.local,internal,135874,WKSTN-U1066
NET014564,2026-06-17 13:40:00,U1035,nancy.rodriguez82,hr-portal.corp.local,INTERNAL,303984,WKSTN-U1035
NET022548,2026-06-17 13:58:00,U1055,patricia.wilson54,mail.corp.local,INTERNAL,23275,WKSTN-U1055
NET027710,2026-06-17 13:35:00,U1068,susan.thompson34,mail.corp.local,INTERNAL,98196,WKSTN-U1068
NET033888,2026-06-17 13:45:00,U1083,sarah.allen70	,hr-portal.corp.local,INTERNAL,131972,WKSTN-U1083
NET007626,2026-06-17 14:07:00,U1019,donna.anderson,  weather.com ,EXTERNAL,1303,WKSTN-U1019
NET026524,2026-06-17 13:46:00,U1065,michael.ramirez47,jira.corp.local,INTERNAL,91600,WKSTN-U1065
NET028964,2026-06-17 14:08:00,U1071,matthew.robinson35,vpn.corp.local,INTERNAL,421133,WKSTN-U1071
NET020531,2026-06-17 13:45:00,U1050,MICHAEL.RAMIREZ,jira.corp.local,INTERNAL,435788,WKSTN-U1050
NET022933,2026-06-17 14:09:00,U1056,anthony.clark,mail.corp.local,INTERNAL,409980,WKSTN-U1056
NET033439,2026-06-17 13:53:00,U1082,karen.hill96,jira.corp.local,INTERNAL,498037,WKSTN-U1082
NET026954,2026-06-17 13:36:00,U1066,michelle.wright62,mail.corp.local,INTERNAL,84920,WKSTN-U1066
NET039241,2026-06-17 13:59:00,U1095,richard.thomas74,jira.corp.local,INTERNAL,125836,WKSTN-U1095
NET018137,2026-06-17 14:08:00,U1044,lisa.ramirez9,hr-portal.corp.local,INTERNAL,152878,WKSTN-U1044
NET004163,2026-06-17 14:11:00,U1011,donna.ramirez75,vpn.corp.local,INTERNAL,496873,WKSTN-U1011
NET008979,2026-06-17 14:10:00,U1022,sandra.brown,hr-portal.corp.local,INTERNAL,209022,WKSTN-U1022
NET001856,2026-06-17 13:49:00,U1005,robert.robinson,news.com,EXTERNAL,1938,WKSTN-U1005
NET033890,2026-06-17 14:09:00,U1083,  sarah.allen70 ,hr-portal.corp.local,INTERNAL,156701,WKSTN-U1083
NET040446,2026-06-17 13:59:00,U1098,nancy.wright49,mail.corp.local,INTERNAL,292364,WKSTN-U1098
NET037064,2026-06-17 14:43:00,U1090,mary.hill,sharepoint.corp.local,INTERNAL,189230,WKSTN-U1090
NET040447,2026-06-17 14:14:00,U1098,nancy.wright49,mail.corp.local,INTERNAL,305090,WKSTN-U1098
NET041204,2026-06-17 14:47:00,U1100,daniel.brown38,mail.corp.local,,124399,WKSTN-U1100
NET020935,2026-06-17 14:14:00,U1051,sandra.king72,confluence.corp.local,INTERNAL,383181,WKSTN-U1051
NET015759,2026-06-17 14:14:00,U1038,emily.clark,sharepoint.corp.local	,INTERNAL,133727,WKSTN-U1038
NET024122,2026-06-17 14:24:00,U1059,daniel.perez98,mail.corp.local,INTERNAL,102642,WKSTN-U1059
NET027338,2026-06-17 14:28:00,U1067,paul.thomas97,mail.corp.local,INTERNAL,336545,WKSTN-U1067
NET000230,2026-06-17 14:45:00,U1001,linda.johnson95,mail.corp.local,,140214,WKSTN-U1001
NET008072,2026-06-17 14:46:00,U1020,andrew.thomas36,sharepoint.corp.local,INTERNAL,466492,WKSTN-U1020
NET035677,2026-06-17 14:20:00,U1087,charles.sanchez,mail.corp.local,INTERNAL,359093,WKSTN-U1087
NET006708,2026-06-17 14:29:00,U1017,emily.hernandez34,jira.corp.local,INTERNAL,276542,WKSTN-U1017
NET021717,2026-06-17 14:33:00,U1053,john.jackson31,vpn.corp.local,INTERNAL,389162,WKSTN-U1053
NET024953,2026-06-17 14:49:00,U1061,jessica.rodriguez,hr-portal.corp.local,INTERNAL,,WKSTN-U1061
NET003791,2026-06-17 14:49:00,U1010,susan.young51,hr-portal.corp.local,INTERNAL,77501,WKSTN-U1010
NET034346,2026-06-17 14:28:00,U1084,joshua.taylor,vpn.corp.local,INTERNAL,-207093.0,WKSTN-U1084	
NET015357,2026-06-17 14:17:00,U1037,robert.martin,sharepoint.corp.local,INTERNAL,242166,
NET019761,2026-06-17 14:46:00,U1048,jennifer.thomas87,hr-portal.corp.local,INTERNAL,105642,WKSTN-U1048
NET027711,2026-06-17 14:47:00,U1068,susan.thompson34,hr-portal.corp.local,INTERNAL,155609,WKSTN-U1068
NET014946,2026-06-17 14:36:00,U1036,,mail.corp.local,INTERNAL,165865,WKSTN-U1036
NET011686,2026-06-17 14:46:00,U1028,  john.hill ,vpn.corp.local,INTERNAL,164439,WKSTN-U1028
NET014562,2026-06-17 14:39:00,U1035,nancy.rodriguez82,jira.corp.local,INTERNAL,328940,WKSTN-U1035
NET034343,2026-06-17 14:42:00,U1084,joshua.taylor,confluence.corp.local,INTERNAL,13691,WKSTN-U1084
NET019759,2026-06-17 14:26:00,U1048,jennifer.thomas87,confluence.corp.local,INTERNAL,249355,WKSTN-U1048
NET016942,2026-06-17 14:51:00,U1041,matthew.allen52,mail.corp.local,INTERNAL,16351,WKSTN-U1041
NET041203,2026-06-17 14:17:00,U1100,daniel.brown38,,INTERNAL,331832,WKSTN-U1100
NET018963,2026-06-17 15:15:00,U1046,michelle.torres39,vpn.corp.local,INTERNAL,274012,WKSTN-U1046
NET008978,2026-06-17 15:12:00,U1022,sandra.brown,vpn.corp.local,INTERNAL,190696,WKSTN-U1022
NET040832,2026-06-17 15:12:00,U1099,joseph.garcia,sharepoint.corp.local,INTERNAL,16565,WKSTN-U1099
NET002645,2026-06-17 14:53:00,U1007,sarah.robinson82,vpn.corp.local	,INTERNAL,154650,WKSTN-U1007
NET014160,2026-06-17 14:59:00,U1034,thomas.allen63,mail.corp.local,INTERNAL,1839,WKSTN-U1034
NET023730,2026-06-17 15:18:00,U1058,JENNIFER.RAMIREZ18,confluence.corp.local,INTERNAL,410893,WKSTN-U1058
NET017747,2026-06-17 14:56:00,U1043,thomas.williams91,sharepoint.corp.local,INTERNAL,11937,  WKSTN-U1043 
NET028132,2026-06-17 15:21:00,U1069,jessica.clark,sharepoint.corp.local,INTERNAL,137958,WKSTN-U1069
NET011230,2026-06-17 15:12:00,U1027,patricia.brown75,sharepoint.corp.local,INTERNAL,150227,
NET037957,2026-06-17 15:27:00,U1092,steven.thomas,weather.com,EXTERNAL,1369,WKSTN-U1092
NET018961,2026-06-17 14:55:00,U1046,michelle.torres39,hr-portal.corp.local,INTERNAL,312802,WKSTN-U1046
NET023729,2026-06-17 14:52:00,U1058,jennifer.ramirez18,confluence.corp.local,INTERNAL,165721,WKSTN-U1058
NET021719,2026-06-17 15:08:00,U1053,john.jackson31,confluence.corp.local,INTERNAL,423136,WKSTN-U1053
NET030943,2026-06-17 15:02:00,U1076,john.torres,hr-portal.corp.local,INTERNAL,50532,WKSTN-U1076
NET006706,2026-06-17 15:07:00,U1017,emily.hernandez34,vpn.corp.local,INTERNAL,266875,WKSTN-U1017
NET018529,2026-06-17 15:18:00,U1045,daniel.sanchez90,news.com,EXTERNAL,15734,WKSTN-U1045
NET033019,2026-06-17 15:11:00,U1081,margaret.davis	,mail.corp.local,INTERNAL,335828,WKSTN-U1081
NET004985,2026-06-17 15:25:00,U1013,emily.smith,jira.corp.local,INTERNAL,66475,WKSTN-U1013
NET026525,2026-06-17 14:53:00,U1065,michael.ramirez47,sharepoint.corp.local,INTERNAL,399767,WKSTN-U1065
NET010321,2026-06-17 15:07:00,U1025,betty.brown22,hr-portal.corp.local,INTERNAL,290713,WKSTN-U1025
NET010322,2026-06-17 15:19:00,U1025,betty.brown22,mail.corp.local,INTERNAL,203138,WKSTN-U1025
NET001065,2026-06-17 14:54:00,U1003,kenneth.clark29,hr-portal.corp.local,INTERNAL,13691,WKSTN-U1003
NET015758,2026-06-17 15:23:00,U1038,emily.clark,confluence.corp.local,,392266,WKSTN-U1038
NET018960,2026-06-17 15:00:00,U1046,michelle.torres39,jira.corp.local,INTERNAL,171156,WKSTN-U1046	
NET029370,2026-06-17 15:22:00,U1072,kenneth.lopez,sharepoint.corp.local,INTERNAL,383696,WKSTN-U1072
NET020529,2026-06-17 15:33:00,U1050,michael.ramirez,hr-portal.corp.local,INTERNAL,263742,WKSTN-U1050
NET002646,2026-06-17 15:31:00,U1007,sarah.robinson82,jira.corp.local,INTERNAL,173325,WKSTN-U1007
NET004159,2026-06-17 15:43:00,U1011,donna.ramirez75,vpn.corp.local,INTERNAL,478449,WKSTN-U1011
NET001852,2026-06-17 15:52:00,U1005,robert.robinson,sharepoint.corp.local,INTERNAL,191220,WKSTN-U1005
NET013388,2026-06-17 15:30:00,U1032,paul.wright91,linkedin.com,EXTERNAL,9964,  WKSTN-U1032 
NET039651,2026-06-17 15:34:00,U1096,david.allen76,confluence.corp.local,INTERNAL,36241,WKSTN-U1096
NET008980,2026-06-17 15:56:00,U1022,SANDRA.BROWN,,INTERNAL,305653,WKSTN-U1022
NET011226,2026-06-17 15:59:00,U1027,patricia.brown75,sharepoint.corp.local,INTERNAL,202228,WKSTN-U1027
NET029745,2026-06-17 15:54:00,U1073,michael.gonzalez,mail.corp.local,INTERNAL,370290,WKSTN-U1073
NET041205,2026-06-17 15:56:00,U1100,daniel.brown38,news.com,EXTERNAL,13005,  WKSTN-U1100 
NET040066,2026-06-17 15:47:00,U1097,mark.martinez10,mail.corp.local,INTERNAL,436600,WKSTN-U1097
NET026956,2026-06-17 15:30:00,U1066,michelle.wright62,jira.corp.local,INTERNAL,304325,WKSTN-U1066
NET003014,2026-06-17 15:53:00,U1008,joshua.hernandez,sharepoint.corp.local,INTERNAL,171155,WKSTN-U1008
NET020532,2026-06-17 15:54:00,U1050,michael.ramirez,hr-portal.corp.local,INTERNAL,327170,WKSTN-U1050
NET032162,2026-06-17 15:59:00,U1079,emily.jones,jira.corp.local,INTERNAL,,WKSTN-U1079
NET005393,2026-06-17 15:39:00,U1014,james.taylor,confluence.corp.local,INTERNAL,,WKSTN-U1014
NET037063,2026-06-17 15:53:00,U1090,mary.hill,vpn.corp.local,INTERNAL,409710,WKSTN-U1090
NET034800,2026-06-17 15:44:00,U1085,barbara.walker67,jira.corp.local,INTERNAL,255255,WKSTN-U1085
NET032161,2026-06-17 15:43:00,U1079,emily.jones,,INTERNAL,4357,WKSTN-U1079
NET028550,2026-06-17 15:38:00,U1070,betty.thomas40,confluence.corp.local,INTERNAL,462375,WKSTN-U1070
NET036165,2026-06-17 15:35:00,U1088,andrew.smith85,confluence.corp.local,INTERNAL,425481,WKSTN-U1088
NET009878,2026-06-17 15:52:00,U1024,emily.miller,sharepoint.corp.local,INTERNAL,373334,WKSTN-U1024
NET035675,2026-06-17 15:53:00,U1087,CHARLES.SANCHEZ,mail.corp.local,INTERNAL,323125,WKSTN-U1087
NET015359,2026-06-17 15:38:00,U1037,robert.martin,mail.corp.local,INTERNAL,262031,WKSTN-U1037
NET011228,2026-06-17 15:39:00,U1027,patricia.brown75,hr-portal.corp.local,INTERNAL,129438,WKSTN-U1027
NET037956,2026-06-17 16:34:00,U1092,steven.thomas,vpn.corp.local,INTERNAL,464501,WKSTN-U1092
NET030151,2026-06-17 16:41:00,U1074,sarah.williams7,linkedin.com,EXTERNAL,2250,WKSTN-U1074
NET036596,2026-06-17 16:25:00,U1089,,vpn.corp.local,INTERNAL,493780,WKSTN-U1089
NET016943,2026-06-17 16:30:00,U1041,matthew.allen52,jira.corp.local,INTERNAL,303415,WKSTN-U1041
NET024952,2026-06-17 16:00:00,U1061,jessica.rodriguez,hr-portal.corp.local,INTERNAL,183686,WKSTN-U1061
NET008074,2026-06-17 16:26:00,U1020,andrew.thomas36,linkedin.com,EXTERNAL,4170,WKSTN-U1020
NET014162,2026-06-17 16:20:00,U1034,,mail.corp.local,INTERNAL,308714,WKSTN-U1034
NET018139,2026-06-17 16:20:00,U1044,lisa.ramirez9,jira.corp.local,internal,326961,WKSTN-U1044
NET010769,2026-06-17 16:07:00,U1026,elizabeth.gonzalez,vpn.corp.local,INTERNAL,82874,WKSTN-U1026
NET036167,2026-06-17 16:42:00,U1088,andrew.smith85,sharepoint.corp.local,INTERNAL,255180,WKSTN-U1088
NET000642,2026-06-17 16:04:00,U1002,donna.ramirez,hr-portal.corp.local,INTERNAL,5665,WKSTN-U1002	
NET024124,2026-06-17 16:07:00,U1059,daniel.perez98,vpn.corp.local,INTERNAL,287411,WKSTN-U1059
NET033020,2026-06-17 16:13:00,U1081,margaret.davis,mail.corp.local,INTERNAL,216980,WKSTN-U1081
NET031731,2026-06-17 16:13:00,U1078,michelle.miller,vpn.corp.local,INTERNAL,141749,WKSTN-U1078
NET002259,2026-06-17 16:25:00,U1006,george.gonzalez,sharepoint.corp.local,INTERNAL,191001,  WKSTN-U1006 
NET038388,2026-06-17 16:22:00,U1093,sarah.clark44,confluence.corp.local,INTERNAL,287159,WKSTN-U1093
NET027340,2026-06-17 16:16:00,U1067,paul.thomas97,sharepoint.corp.local,INTERNAL,-79907.0,WKSTN-U1067
NET009880,2026-06-17 16:21:00,U1024,emily.miller,jira.corp.local,INTERNAL,264463,WKSTN-U1024
NET030146,2026-06-17 16:10:00,U1074,sarah.williams7,confluence.corp.local,INTERNAL,188509,WKSTN-U1074
NET028552,2026-06-17 16:17:00,U1070,betty.thomas40,sharepoint.corp.local,INTERNAL,312948,WKSTN-U1070
NET005803,2026-06-17 16:02:00,U1015,lisa.hernandez,sharepoint.corp.local,INTERNAL,70350,WKSTN-U1015
NET025740,2026-06-17 16:16:00,U1063,john.nguyen,hr-portal.corp.local,INTERNAL,494811,WKSTN-U1063
NET021329,2026-06-17 16:32:00,U1052,paul.taylor,jira.corp.local,INTERNAL,409278,WKSTN-U1052
NET001066,2026-06-17 16:24:00,U1003,kenneth.clark29,confluence.corp.local,INTERNAL,89738,WKSTN-U1003
NET039239,2026-06-17 16:19:00,U1095,richard.thomas74,jira.corp.local,INTERNAL,200639,  WKSTN-U1095 
NET034799,2026-06-17 17:15:00,U1085,barbara.walker67	,jira.corp.local,INTERNAL,131242,WKSTN-U1085
NET026131,2026-06-17 17:13:00,U1064,matthew.wright55,mail.corp.local,INTERNAL,38349,WKSTN-U1064
NET038387,2026-06-17 16:49:00,U1093,sarah.clark44,vpn.corp.local,INTERNAL,426223,WKSTN-U1093
NET003411,2026-06-17 17:26:00,U1009,daniel.brown,jira.corp.local,INTERNAL,457383,WKSTN-U1009
NET039256,2026-06-18 07:33:00,U1095,richard.thomas74,sharepoint.corp.local,INTERNAL,325226,WKSTN-U1095
NET005804,2026-06-17 17:29:00,U1015,lisa.hernandez,mail.corp.local,INTERNAL,142688,WKSTN-U1015
NET028135,2026-06-17 17:42:00,U1069,jessica.clark,confluence.corp.local,INTERNAL,212040,WKSTN-U1069
NET014563,2026-06-17 17:28:00,U1035,,jira.corp.local,INTERNAL,159010,WKSTN-U1035
NET035263,2026-06-18 07:43:00,U1086,steven.thompson53,sharepoint.corp.local,INTERNAL,61864,WKSTN-U1086
NET005806,2026-06-17 17:14:00,U1015,lisa.hernandez,mail.corp.local,INTERNAL,249115,WKSTN-U1015
NET028133,2026-06-17 17:32:00,U1069,jessica.clark,sharepoint.corp.local,INTERNAL,291008,WKSTN-U1069
NET038827,2026-06-17 16:59:00,U1094,elizabeth.lewis69,sharepoint.corp.local,INTERNAL,58706,WKSTN-U1094
NET004555,2026-06-17 16:52:00,U1012,linda.martinez,sharepoint.corp.local,INTERNAL,47339,WKSTN-U1012
NET028966,2026-06-17 16:51:00,U1071,matthew.robinson35,  mail.corp.local ,INTERNAL,482424,WKSTN-U1071
NET003015,2026-06-17 17:50:00,U1008,joshua.hernandez,hr-portal.corp.local,INTERNAL,217938,WKSTN-U1008
NET038410,2026-06-18 07:35:00,U1093,sarah.clark44,jira.corp.local,INTERNAL,185534,WKSTN-U1093
NET007173,2026-06-17 17:18:00,U1018,betty.white57,hr-portal.corp.local,INTERNAL,85848,WKSTN-U1018
NET016553,2026-06-17 16:51:00,U1040,matthew.martin,vpn.corp.local,INTERNAL,56097,WKSTN-U1040
NET036617,2026-06-18 07:43:00,U1089,paul.brown27,vpn.corp.local,INTERNAL,169426,WKSTN-U1089
NET030147,2026-06-17 17:58:00,U1074,sarah.williams7,mail.corp.local,INTERNAL,235906,WKSTN-U1074
NET033018,2026-06-17 17:12:00,U1081,margaret.davis,jira.corp.local,INTERNAL,158413,WKSTN-U1081
NET000231,2026-06-17 17:55:00,U1001,linda.johnson95,hr-portal.corp.local,INTERNAL,411467,WKSTN-U1001	
NET030150,2026-06-17 17:13:00,U1074,sarah.williams7,sharepoint.corp.local,INTERNAL,99553,WKSTN-U1074
NET004162,2026-06-17 16:53:00,U1011,donna.ramirez75,confluence.corp.local,INTERNAL,73496,WKSTN-U1011
NET016941,2026-06-17 17:04:00,U1041,matthew.allen52,vpn.corp.local,INTERNAL,98393,WKSTN-U1041
NET001479,2026-06-18 08:18:00,U1004,elizabeth.wilson98,confluence.corp.local,INTERNAL,105378,WKSTN-U1004
NET001872,2026-06-18 07:56:00,U1005,robert.robinson,mail.corp.local,INTERNAL,415710,WKSTN-U1005
NET023746,2026-06-18 08:50:00,U1058,jennifer.ramirez18	,weather.com,EXTERNAL,16738,WKSTN-U1058
NET004174,2026-06-18 07:44:00,U1011,donna.ramirez75,confluence.corp.local,INTERNAL,,WKSTN-U1011
NET029388,2026-06-18 08:57:00,U1072,kenneth.lopez,sharepoint.corp.local,INTERNAL,345765,WKSTN-U1072
NET008094,2026-06-18 08:48:00,U1020,andrew.thomas36,jira.corp.local,INTERNAL,157366,WKSTN-U1020
NET037081,2026-06-18 08:05:00,U1090,mary.hill,mail.corp.local,INTERNAL,,WKSTN-U1090
NET019386,2026-06-18 08:56:00,U1047,sandra.lewis,jira.corp.local,INTERNAL,445132,WKSTN-U1047
NET021344,2026-06-18 08:36:00,U1052,paul.taylor,mail.corp.local,INTERNAL,306002,  WKSTN-U1052 
NET034820,2026-06-18 07:49:00,U1085,barbara.walker67,sharepoint.corp.local,INTERNAL,347206,WKSTN-U1085
NET038408,2026-06-18 08:46:00,U1093,sarah.clark44,vpn.corp.local,INTERNAL,403320,WKSTN-U1093
NET012134,2026-06-18 09:00:00,U1029,michelle.garcia54,hr-portal.corp.local,INTERNAL,N/A,WKSTN-U1029
NET007648,2026-06-18 08:52:00,U1019,,vpn.corp.local,INTERNAL,23524,WKSTN-U1019
NET040081,2026-06-18 08:24:00,U1097,mark.martinez10,hr-portal.corp.local,INTERNAL,429349,WKSTN-U1097
NET009444,2026-06-18 08:49:00,U1023,richard.wright,confluence.corp.local,INTERNAL,421500,WKSTN-U1023
NET006249,2026-06-18 08:38:00,U1016,patricia.thomas,news.com,EXTERNAL,17920,WKSTN-U1016
NET036616,2026-06-18 08:02:00,U1089,paul.brown27,confluence.corp.local,INTERNAL,243264,WKSTN-U1089
NET028153,2026-06-18 08:51:00,U1069,jessica.clark,sharepoint.corp.local,INTERNAL,,WKSTN-U1069
NET018546,2026-06-18 07:51:00,U1045,daniel.sanchez90,sharepoint.corp.local,INTERNAL,245366,WKSTN-U1045
NET041225,2026-06-18 08:16:00,U1100,daniel.brown38,weather.com,EXTERNAL,3273,WKSTN-U1100
NET011699,2026-06-18 08:45:00,U1028,JOHN.HILL,vpn.corp.local,INTERNAL,208516,WKSTN-U1028
NET016575,2026-06-18 08:57:00,U1040,matthew.martin,vpn.corp.local	,INTERNAL,6240,WKSTN-U1040
NET018545,2026-06-18 08:21:00,U1045,daniel.sanchez90,mail.corp.local,INTERNAL,185652,WKSTN-U1045
NET018979,2026-06-18 08:21:00,U1046,michelle.torres39,sharepoint.corp.local,INTERNAL,333770,  WKSTN-U1046 
NET000665,2026-06-18 08:47:00,U1002,donna.ramirez,hr-portal.corp.local,INTERNAL,306961,WKSTN-U1002
NET003033,2026-06-18 09:23:00,U1008,joshua.hernandez,hr-portal.corp.local,INTERNAL,302582,WKSTN-U1008
NET038848,2026-06-18 09:16:00,U1094,elizabeth.lewis69,vpn.corp.local,internal,455290,WKSTN-U1094
NET028983,2026-06-18 09:26:00,U1071,matthew.robinson35,vpn.corp.local,INTERNAL,483549,WKSTN-U1071
NET009901,2026-06-18 09:16:00,U1024,,vpn.corp.local,INTERNAL,187405,WKSTN-U1024
NET035266,2026-06-18 09:13:00,U1086,steven.thompson53,weather.com,EXTERNAL,10888,WKSTN-U1086
NET040466,2026-06-18 09:33:00,U1098,nancy.wright49,mail.corp.local,INTERNAL,74309,WKSTN-U1098
NET001084,2026-06-18 09:10:00,U1003,kenneth.clark29,jira.corp.local,INTERNAL,484535,WKSTN-U1003	
NET013404,2026-06-18 09:22:00,U1032,paul.wright91,confluence.corp.local,INTERNAL,132784,WKSTN-U1032
NET014963,2026-06-18 09:23:00,U1036,linda.jones,jira.corp.local,INTERNAL,474709,WKSTN-U1036
NET026971,2026-06-18 09:02:00,U1066,michelle.wright62,sharepoint.corp.local,INTERNAL,359127,WKSTN-U1066
NET030166,2026-06-18 09:12:00,U1074,sarah.williams7,mail.corp.local,INTERNAL,399472,WKSTN-U1074
NET028985,2026-06-18 09:21:00,U1071,matthew.robinson35,jira.corp.local	,INTERNAL,96831,WKSTN-U1071
NET004572,2026-06-18 09:22:00,U1012,linda.martinez,vpn.corp.local,INTERNAL,229867,WKSTN-U1012
NET028982,2026-06-18 09:22:00,U1071,matthew.robinson35,hr-portal.corp.local,INTERNAL,457333,WKSTN-U1071
NET033913,2026-06-18 09:25:00,U1083,sarah.allen70,mail.corp.local,INTERNAL,297360,WKSTN-U1083
NET020552,2026-06-18 09:31:00,U1050,  michael.ramirez ,vpn.corp.local,INTERNAL,302127,WKSTN-U1050
NET021739,2026-06-18 09:02:00,U1053,john.jackson31,mail.corp.local,INTERNAL,90007,WKSTN-U1053
NET005411,2026-06-18 09:15:00,U1014,james.taylor,sharepoint.corp.local,INTERNAL,475018,WKSTN-U1014
NET008537,2026-06-18 09:33:00,U1021,jessica.walker,sharepoint.corp.local,INTERNAL,43990,WKSTN-U1021
NET009002,2026-06-18 09:06:00,U1022,,hr-portal.corp.local,INTERNAL,128242,WKSTN-U1022
NET040849,2026-06-18 09:30:00,U1099,joseph.garcia,sharepoint.corp.local,INTERNAL,224829,WKSTN-U1099
NET008095,2026-06-18 09:05:00,U1020,andrew.thomas36,sharepoint.corp.local,INTERNAL,419948,WKSTN-U1020
NET017369,2026-06-18 09:07:00,U1042,michael.hill56,sharepoint.corp.local,INTERNAL,250337,WKSTN-U1042
NET034363,2026-06-18 09:15:00,U1084,joshua.taylor,mail.corp.local,,35308,WKSTN-U1084
NET013791,2026-06-18 09:25:00,U1033,linda.miller,sharepoint.corp.local,INTERNAL,94455,WKSTN-U1033
NET037973,2026-06-18 10:08:00,U1092,steven.thomas,sharepoint.corp.local,INTERNAL,243808,WKSTN-U1092
NET040080,2026-06-18 09:59:00,U1097,mark.martinez10,hr-portal.corp.local,INTERNAL,284117,WKSTN-U1097
NET026972,2026-06-18 09:38:00,U1066,  michelle.wright62 ,mail.corp.local,INTERNAL,238294,WKSTN-U1066
NET005009,2026-06-18 09:37:00,U1013,emily.smith,mail.corp.local,INTERNAL,121754,WKSTN-U1013
NET032180,2026-06-18 09:58:00,U1079,emily.jones,sharepoint.corp.local,INTERNAL,141385,WKSTN-U1079
NET002274,2026-06-18 09:37:00,U1006,george.gonzalez,vpn.corp.local,INTERNAL,264125,WKSTN-U1006
NET039673,2026-06-18 10:03:00,U1096,david.allen76,news.com,EXTERNAL,13284,WKSTN-U1096
NET017760,2026-06-18 09:46:00,U1043,thomas.williams91,mail.corp.local,INTERNAL,495787,WKSTN-U1043
NET020955,2026-06-18 10:10:00,U1051,sandra.king72,vpn.corp.local,INTERNAL,266881,WKSTN-U1051
NET015376,2026-06-18 10:10:00,U1037,  robert.martin ,jira.corp.local,INTERNAL,450231,WKSTN-U1037
NET002275,2026-06-18 10:01:00,U1006,george.gonzalez,hr-portal.corp.local,INTERNAL,120178,WKSTN-U1006
NET016957,2026-06-18 09:46:00,U1041,matthew.allen52,hr-portal.corp.local,INTERNAL,223254,WKSTN-U1041
NET028570,2026-06-18 09:40:00,U1070,betty.thomas40,hr-portal.corp.local,INTERNAL,57715,WKSTN-U1070
NET003805,2026-06-18 09:59:00,U1010,susan.young51,hr-portal.corp.local,INTERNAL,271784,WKSTN-U1010
NET022945,2026-06-18 09:43:00,U1056,anthony.clark,  vpn.corp.local ,INTERNAL,377996,WKSTN-U1056
NET009902,2026-06-18 10:01:00,U1024,emily.miller	,hr-portal.corp.local,,315254,WKSTN-U1024
NET009445,2026-06-18 09:37:00,U1023,richard.wright,sharepoint.corp.local,INTERNAL,415067,WKSTN-U1023
NET020148,2026-06-18 09:53:00,U1049,,jira.corp.local,INTERNAL,156521,WKSTN-U1049
NET039257,2026-06-18 09:59:00,U1095,richard.thomas74,confluence.corp.local,INTERNAL,436905,WKSTN-U1095
NET003429,2026-06-18 09:51:00,U1009,daniel.brown,vpn.corp.local,INTERNAL,13484,WKSTN-U1009
NET024542,2026-06-18 10:06:00,U1060,matthew.anderson,hr-portal.corp.local,INTERNAL,,
NET015776,2026-06-18 09:45:00,U1038,emily.clark,vpn.corp.local,,398104,  WKSTN-U1038 
NET036185,2026-06-18 09:37:00,U1088,andrew.smith85,vpn.corp.local,INTERNAL,196907,WKSTN-U1088
NET007192,2026-06-18 10:01:00,U1018,betty.white57,confluence.corp.local,INTERNAL,286860,WKSTN-U1018
NET029764,2026-06-18 10:06:00,U1073,michael.gonzalez,confluence.corp.local,INTERNAL,31726,WKSTN-U1073
NET031751,2026-06-18 10:24:00,U1078,michelle.miller,weather.com,EXTERNAL,11760,WKSTN-U1078
NET040850,2026-06-18 10:28:00,U1099,joseph.garcia,sharepoint.corp.local,INTERNAL,366047,WKSTN-U1099
NET021737,2026-06-18 10:34:00,U1053,john.jackson31,confluence.corp.local,INTERNAL,472280,WKSTN-U1053
NET029766,2026-06-18 10:18:00,U1073,michael.gonzalez,mail.corp.local,INTERNAL,248936,WKSTN-U1073
NET034362,2026-06-18 10:25:00,U1084,joshua.taylor,sharepoint.corp.local,INTERNAL,235207,WKSTN-U1084
NET028981,2026-06-18 10:15:00,U1071,matthew.robinson35,mail.corp.local,INTERNAL,474013,WKSTN-U1071
NET002669,2026-06-18 10:32:00,U1007,sarah.robinson82,sharepoint.corp.local,INTERNAL,312192,WKSTN-U1007
NET027728,2026-06-18 10:26:00,U1068,susan.thompson34,confluence.corp.local,INTERNAL,229028,WKSTN-U1068
NET020956,2026-06-18 10:40:00,U1051,sandra.king72,vpn.corp.local,INTERNAL,172773,WKSTN-U1051	
NET029765,2026-06-18 10:38:00,U1073,michael.gonzalez,hr-portal.corp.local,INTERNAL,316901,WKSTN-U1073
NET031349,2026-06-18 10:11:00,U1077,kimberly.harris58,sharepoint.corp.local,INTERNAL,468707,WKSTN-U1077	
NET012135,2026-06-18 10:29:00,U1029,michelle.garcia54,hr-portal.corp.local,INTERNAL,242784,WKSTN-U1029
NET001480,2026-06-18 10:38:00,U1004,elizabeth.wilson98,jira.corp.local,INTERNAL,312930,WKSTN-U1004
NET007647,2026-06-18 10:31:00,U1019,donna.anderson,sharepoint.corp.local,INTERNAL,418586,WKSTN-U1019
NET016165,2026-06-18 10:36:00,U1039,mark.thomas,sharepoint.corp.local,INTERNAL,42003,WKSTN-U1039
NET008538,2026-06-18 10:39:00,U1021,jessica.walker,vpn.corp.local,INTERNAL,56712,WKSTN-U1021
NET002666,2026-06-18 10:23:00,U1007,sarah.robinson82,hr-portal.corp.local,INTERNAL,97181,WKSTN-U1007
NET025759,2026-06-18 10:17:00,U1063,john.nguyen,sharepoint.corp.local,INTERNAL,433741,WKSTN-U1063
NET003430,2026-06-18 10:38:00,U1009,  daniel.brown ,sharepoint.corp.local,INTERNAL,114468,WKSTN-U1009
NET026549,2026-06-18 10:14:00,U1065,michael.ramirez47,vpn.corp.local,INTERNAL,186986,WKSTN-U1065
NET031749,2026-06-18 10:36:00,U1078,michelle.miller,sharepoint.corp.local,INTERNAL,28673,WKSTN-U1078
NET001082,2026-06-18 10:31:00,U1003,kenneth.clark29,vpn.corp.local,INTERNAL,241116,WKSTN-U1003
NET031748,2026-06-18 10:20:00,U1078,,sharepoint.corp.local,INTERNAL,3768,WKSTN-U1078
NET007193,2026-06-18 10:18:00,U1018,betty.white57,vpn.corp.local,INTERNAL,434877,WKSTN-U1018
NET000663,2026-06-18 10:33:00,U1002,donna.ramirez,,INTERNAL,155167,WKSTN-U1002
NET023339,2026-06-18 10:59:00,U1057,  nancy.sanchez ,hr-portal.corp.local,INTERNAL,250410,WKSTN-U1057
NET035264,2026-06-18 10:48:00,U1086,steven.thompson53	,mail.corp.local,INTERNAL,24403,
NET005412,2026-06-18 10:50:00,U1014,james.taylor,confluence.corp.local,INTERNAL,,WKSTN-U1014
NET002276,2026-06-18 11:01:00,U1006,george.gonzalez,jira.corp.local,INTERNAL,143515,WKSTN-U1006
NET008093,2026-06-18 10:50:00,U1020,andrew.thomas36,jira.corp.local,INTERNAL,131887,WKSTN-U1020
NET027357,2026-06-18 10:59:00,U1067,paul.thomas97,sharepoint.corp.local,INTERNAL,243449,WKSTN-U1067
NET033041,2026-06-18 10:48:00,U1081,margaret.davis,weather.com,EXTERNAL,13615,WKSTN-U1081
NET026148,2026-06-18 10:56:00,U1064,matthew.wright55,hr-portal.corp.local	,INTERNAL,212915,WKSTN-U1064
NET021738,2026-06-18 11:01:00,U1053,john.jackson31,hr-portal.corp.local,INTERNAL,277044,WKSTN-U1053
NET030957,2026-06-18 11:06:00,U1076,john.torres,hr-portal.corp.local,INTERNAL,439446,WKSTN-U1076
NET018548,2026-06-18 11:11:00,U1045,daniel.sanchez90,confluence.corp.local,INTERNAL,17976,WKSTN-U1045
NET025761,2026-06-18 10:49:00,U1063,john.nguyen,jira.corp.local,INTERNAL,202096,WKSTN-U1063
NET003432,2026-06-18 10:50:00,U1009,daniel.brown,jira.corp.local,INTERNAL,262930,WKSTN-U1009
NET022948,2026-06-18 10:53:00,U1056,anthony.clark,sharepoint.corp.local,INTERNAL,273232,WKSTN-U1056
NET011250,2026-06-18 10:46:00,U1027,patricia.brown75,vpn.corp.local,INTERNAL,392210,WKSTN-U1027
NET039254,2026-06-18 11:09:00,U1095,richard.thomas74,sharepoint.corp.local,INTERNAL,181134,WKSTN-U1095
NET003034,2026-06-18 10:43:00,U1008,joshua.hernandez,mail.corp.local,INTERNAL,277674,WKSTN-U1008
NET005008,2026-06-18 11:09:00,U1013,emily.smith,mail.corp.local,INTERNAL,N/A,  WKSTN-U1013 
NET030958,2026-06-18 10:56:00,U1076,john.torres,confluence.corp.local,INTERNAL,123359,WKSTN-U1076
NET010787,2026-06-18 10:58:00,U1026,elizabeth.gonzalez,mail.corp.local,INTERNAL,45800,WKSTN-U1026
NET014176,2026-06-18 11:07:00,U1034,thomas.allen63,jira.corp.local,INTERNAL,37673,WKSTN-U1034
NET007194,2026-06-18 10:52:00,U1018,betty.white57,jira.corp.local,INTERNAL,358796,WKSTN-U1018
NET038409,2026-06-18 10:50:00,U1093,sarah.clark44,hr-portal.corp.local,INTERNAL,209096,WKSTN-U1093
NET038846,2026-06-18 10:43:00,U1094,elizabeth.lewis69,sharepoint.corp.local,INTERNAL,324798,WKSTN-U1094
NET027730,2026-06-18 10:47:00,U1068,susan.thompson34,linkedin.com,EXTERNAL,5996,WKSTN-U1068
NET015377,2026-06-18 11:13:00,U1037,robert.martin,news.com,EXTERNAL,8908,WKSTN-U1037
NET003031,2026-06-18 11:41:00,U1008,joshua.hernandez,hr-portal.corp.local,INTERNAL,80799,WKSTN-U1008
NET008539,2026-06-18 11:36:00,U1021,  jessica.walker ,confluence.corp.local,INTERNAL,276612,WKSTN-U1021
NET040083,2026-06-18 11:18:00,U1097,mark.martinez10,vpn.corp.local,INTERNAL,204448,
NET001870,2026-06-18 11:35:00,U1005,robert.robinson,vpn.corp.local,INTERNAL,465432,WKSTN-U1005
NET016164,2026-06-18 11:39:00,U1039,mark.thomas,jira.corp.local,INTERNAL,251677,WKSTN-U1039
NET018547,2026-06-18 11:24:00,U1045,daniel.sanchez90,confluence.corp.local,INTERNAL,146610,WKSTN-U1045
NET009001,2026-06-18 11:46:00,U1022,sandra.brown,mail.corp.local,INTERNAL,438062,WKSTN-U1022
NET010340,2026-06-18 11:12:00,U1025,betty.brown22,jira.corp.local,INTERNAL,469722,WKSTN-U1025	
NET024974,2026-06-18 11:29:00,U1061,jessica.rodriguez,confluence.corp.local,INTERNAL,267727,WKSTN-U1061
NET040847,2026-06-18 11:36:00,U1099,joseph.garcia,  confluence.corp.local ,INTERNAL,93362,WKSTN-U1099
NET018544,2026-06-18 11:37:00,U1045,daniel.sanchez90,vpn.corp.local,INTERNAL,5621,WKSTN-U1045
NET034365,2026-06-18 11:26:00,U1084,joshua.taylor,vpn.corp.local,INTERNAL,397052,  WKSTN-U1084 
NET024976,2026-06-18 11:45:00,U1061,jessica.rodriguez,jira.corp.local,INTERNAL,15349,WKSTN-U1061
NET026150,2026-06-18 11:45:00,U1064,matthew.wright55,sharepoint.corp.local,INTERNAL,261064,WKSTN-U1064
NET024543,2026-06-18 11:26:00,U1060,matthew.anderson,sharepoint.corp.local,,326227,WKSTN-U1060
NET009898,2026-06-18 11:28:00,U1024,emily.miller,jira.corp.local,INTERNAL,149918,WKSTN-U1024
NET038411,2026-06-18 11:44:00,U1093,sarah.clark44,mail.corp.local,INTERNAL,269685,WKSTN-U1093
NET030165,2026-06-18 11:22:00,U1074,sarah.williams7,sharepoint.corp.local,INTERNAL,255275,WKSTN-U1074
NET013793,2026-06-18 11:46:00,U1033,linda.miller,confluence.corp.local,INTERNAL,303502,WKSTN-U1033
NET002665,2026-06-18 11:43:00,U1007,sarah.robinson82,,INTERNAL,368061,WKSTN-U1007
NET030164,2026-06-18 11:36:00,U1074,,mail.corp.local,INTERNAL,335308,WKSTN-U1074
NET001871,2026-06-18 11:25:00,U1005,robert.robinson,jira.corp.local,INTERNAL,382313,WKSTN-U1005
NET014964,2026-06-18 11:38:00,U1036,linda.jones,jira.corp.local,INTERNAL,232040,WKSTN-U1036
NET041224,2026-06-18 11:31:00,U1100,daniel.brown38,vpn.corp.local,INTERNAL,335290,WKSTN-U1100
NET005007,2026-06-18 12:26:00,U1013,EMILY.SMITH,sharepoint.corp.local,INTERNAL,136437,WKSTN-U1013
NET016576,2026-06-18 12:03:00,U1040,matthew.martin,sharepoint.corp.local,INTERNAL,101484,WKSTN-U1040
NET016577,2026-06-18 12:15:00,U1040,matthew.martin,jira.corp.local,INTERNAL,445994,WKSTN-U1040
NET009443,2026-06-18 12:01:00,U1023,richard.wright,hr-portal.corp.local,INTERNAL,483389,WKSTN-U1023
NET026147,2026-06-18 12:26:00,U1064,matthew.wright55,  confluence.corp.local ,INTERNAL,37532,WKSTN-U1064
NET008536,2026-06-18 11:51:00,U1021,jessica.walker,sharepoint.corp.local,INTERNAL,18384,WKSTN-U1021
NET023340,2026-06-18 12:03:00,U1057,nancy.sanchez,confluence.corp.local,INTERNAL,186853,WKSTN-U1057
NET000662,2026-06-18 11:55:00,U1002,donna.ramirez,confluence.corp.local,INTERNAL,195868,WKSTN-U1002
NET023745,2026-06-18 12:22:00,U1058,jennifer.ramirez18,confluence.corp.local,INTERNAL,395581,WKSTN-U1058
NET000664,2026-06-18 12:17:00,U1002,donna.ramirez,sharepoint.corp.local,internal,247696,WKSTN-U1002
NET011700,2026-06-18 12:16:00,U1028,john.hill,jira.corp.local,INTERNAL,29893,WKSTN-U1028
NET022566,2026-06-18 12:19:00,U1055,patricia.wilson54,jira.corp.local,INTERNAL,,WKSTN-U1055
NET000252,2026-06-18 12:09:00,U1001,linda.johnson95,jira.corp.local,INTERNAL,58266,WKSTN-U1001
NET015775,2026-06-18 11:57:00,U1038,emily.clark,sharepoint.corp.local,INTERNAL,312126,WKSTN-U1038
NET040465,2026-06-18 11:51:00,U1098,  nancy.wright49 ,jira.corp.local,INTERNAL,392109,WKSTN-U1098
NET024141,2026-06-18 12:23:00,U1059,daniel.perez98,hr-portal.corp.local,INTERNAL,125218,WKSTN-U1059	
NET012133,2026-06-18 12:08:00,U1029,michelle.garcia54,sharepoint.corp.local,INTERNAL,465728,WKSTN-U1029
NET010788,2026-06-18 12:05:00,U1026,  elizabeth.gonzalez ,confluence.corp.local,INTERNAL,101476,WKSTN-U1026
NET033038,2026-06-18 11:50:00,U1081,margaret.davis,hr-portal.corp.local,INTERNAL,422962,WKSTN-U1081
NET030167,2026-06-18 11:55:00,U1074,sarah.williams7,hr-portal.corp.local,INTERNAL,34682,WKSTN-U1074
NET004571,2026-06-18 12:07:00,U1012,linda.martinez,sharepoint.corp.local,INTERNAL,406171,WKSTN-U1012
NET002273,2026-06-18 12:08:00,U1006,george.gonzalez,hr-portal.corp.local,INTERNAL,435906,WKSTN-U1006
NET024142,2026-06-18 12:13:00,U1059,daniel.perez98,hr-portal.corp.local,INTERNAL,258089,WKSTN-U1059
NET024144,2026-06-18 12:23:00,U1059,daniel.perez98,vpn.corp.local,INTERNAL,90916,WKSTN-U1059
NET009000,2026-06-18 11:47:00,U1022,sandra.brown,jira.corp.local,,495230,WKSTN-U1022
NET016578,2026-06-18 12:38:00,U1040,matthew.martin,confluence.corp.local,INTERNAL,91673,WKSTN-U1040
NET033454,2026-06-18 12:46:00,U1082,karen.hill96,confluence.corp.local,INTERNAL,212420,WKSTN-U1082
NET029386,2026-06-18 13:02:00,U1072,kenneth.lopez,vpn.corp.local,INTERNAL,333586,WKSTN-U1072
NET014178,2026-06-18 13:02:00,U1034,thomas.allen63,weather.com,EXTERNAL,7931,WKSTN-U1034
NET037080,2026-06-18 12:59:00,U1090,mary.hill,jira.corp.local,INTERNAL,278337,WKSTN-U1090
NET005410,2026-06-18 12:44:00,U1014,james.taylor	,sharepoint.corp.local,INTERNAL,87981,WKSTN-U1014
NET012137,2026-06-18 12:29:00,U1029,,vpn.corp.local,INTERNAL,394403,WKSTN-U1029
NET027729,2026-06-18 12:40:00,U1068,susan.thompson34,hr-portal.corp.local	,INTERNAL,224524,WKSTN-U1068
NET020151,2026-06-18 13:04:00,U1049,  michelle.jones59 ,vpn.corp.local,INTERNAL,233176,WKSTN-U1049
NET034819,2026-06-18 12:30:00,U1085,barbara.walker67	,hr-portal.corp.local,INTERNAL,125272,WKSTN-U1085
NET033456,2026-06-18 13:05:00,U1082,karen.hill96,confluence.corp.local,INTERNAL,300682,WKSTN-U1082
NET025359,2026-06-18 13:00:00,U1062,william.martin,jira.corp.local,internal,354394,WKSTN-U1062
NET039672,2026-06-18 12:54:00,U1096,david.allen76,jira.corp.local,INTERNAL,331417,WKSTN-U1096
NET018980,2026-06-18 12:40:00,U1046,michelle.torres39,hr-portal.corp.local,INTERNAL,,WKSTN-U1046
NET033039,2026-06-18 12:47:00,U1081,margaret.davis,mail.corp.local,INTERNAL,144485,WKSTN-U1081
NET031747,2026-06-18 12:34:00,U1078,michelle.miller,hr-portal.corp.local,INTERNAL,314406,WKSTN-U1078
NET034366,2026-06-18 12:49:00,U1084,JOSHUA.TAYLOR,sharepoint.corp.local,INTERNAL,333711,WKSTN-U1084
NET015374,2026-06-18 12:53:00,U1037,robert.martin,jira.corp.local,INTERNAL,473600,WKSTN-U1037
NET038412,2026-06-18 12:44:00,U1093,sarah.clark44,news.com,EXTERNAL,6377,WKSTN-U1093
NET026550,2026-06-18 12:37:00,U1065,michael.ramirez47,confluence.corp.local,INTERNAL,454900,WKSTN-U1065
NET028151,2026-06-18 12:56:00,U1069,jessica.clark,mail.corp.local,internal,6493,WKSTN-U1069
NET017761,2026-06-18 12:53:00,U1043,thomas.williams91,jira.corp.local,INTERNAL,103785,WKSTN-U1043
NET028150,2026-06-18 12:50:00,U1069,jessica.clark,sharepoint.corp.local,INTERNAL,215583,WKSTN-U1069
NET035692,2026-06-18 12:27:00,U1087,charles.sanchez,sharepoint.corp.local,INTERNAL,29220,WKSTN-U1087
NET008092,2026-06-18 12:50:00,U1020,andrew.thomas36,sharepoint.corp.local,INTERNAL,294304,WKSTN-U1020
NET018978,2026-06-18 13:37:00,U1046,michelle.torres39,sharepoint.corp.local,INTERNAL,494022,WKSTN-U1046
NET015772,2026-06-18 13:17:00,U1038,emily.clark,confluence.corp.local,INTERNAL,72629,WKSTN-U1038
NET025758,2026-06-18 13:09:00,U1063,john.nguyen,confluence.corp.local,INTERNAL,306138,WKSTN-U1063
NET036618,2026-06-18 13:14:00,U1089,paul.brown27,vpn.corp.local,INTERNAL,316693,WKSTN-U1089
NET033911,2026-06-18 13:16:00,U1083,sarah.allen70,jira.corp.local,INTERNAL,321443,WKSTN-U1083
NET012979,2026-06-18 13:20:00,U1031,john.wright28,mail.corp.local,INTERNAL,152371,WKSTN-U1031
NET014586,2026-06-18 13:29:00,U1035,nancy.rodriguez82,confluence.corp.local,INTERNAL,220362,WKSTN-U1035
NET037519,2026-06-18 13:32:00,U1091,linda.robinson,mail.corp.local,INTERNAL,101997,WKSTN-U1091
NET036619,2026-06-18 13:27:00,U1089,paul.brown27,weather.com,EXTERNAL,11291,WKSTN-U1089
NET031750,2026-06-18 13:35:00,U1078,michelle.miller,sharepoint.corp.local,,467036,
NET022564,2026-06-18 13:31:00,U1055,patricia.wilson54,sharepoint.corp.local,INTERNAL,485896,WKSTN-U1055
NET041222,2026-06-18 13:12:00,U1100,daniel.brown38,vpn.corp.local,INTERNAL,14044,WKSTN-U1100
NET006726,2026-06-18 13:25:00,U1017,emily.hernandez34,jira.corp.local,INTERNAL,475272,WKSTN-U1017
NET003032,2026-06-18 13:23:00,U1008,joshua.hernandez,confluence.corp.local,INTERNAL,39286,WKSTN-U1008
NET027355,2026-06-18 13:32:00,U1067,paul.thomas97,sharepoint.corp.local,INTERNAL,307540,WKSTN-U1067
NET028569,2026-06-18 13:10:00,U1070,betty.thomas40,confluence.corp.local,INTERNAL,336655,WKSTN-U1070
NET020149,2026-06-18 13:35:00,U1049,michelle.jones59,vpn.corp.local,INTERNAL,139400,WKSTN-U1049
NET025760,2026-06-18 13:24:00,U1063,john.nguyen,mail.corp.local,INTERNAL,370623,WKSTN-U1063
NET037974,2026-06-18 13:09:00,U1092,steven.thomas,confluence.corp.local,INTERNAL,432574,WKSTN-U1092
NET024140,2026-06-18 13:30:00,U1059,,hr-portal.corp.local,INTERNAL,86368,WKSTN-U1059
NET038849,2026-06-18 13:36:00,U1094,elizabeth.lewis69,confluence.corp.local,INTERNAL,443773,WKSTN-U1094
NET034364,2026-06-18 13:06:00,U1084,joshua.taylor,confluence.corp.local,INTERNAL,7190,WKSTN-U1084
NET021346,2026-06-18 13:21:00,U1052,paul.taylor,weather.com,EXTERNAL,2476,WKSTN-U1052
NET021736,2026-06-18 13:21:00,U1053,john.jackson31,mail.corp.local,INTERNAL,78798,WKSTN-U1053
NET028152,2026-06-18 13:30:00,U1069,jessica.clark,vpn.corp.local,INTERNAL,162593,WKSTN-U1069
NET026970,2026-06-18 13:41:00,U1066,michelle.wright62,vpn.corp.local,INTERNAL,481381,WKSTN-U1066
NET017371,2026-06-18 14:06:00,U1042,michael.hill56,hr-portal.corp.local,,460016,WKSTN-U1042
NET020550,2026-06-18 13:40:00,U1050,michael.ramirez,sharepoint.corp.local,INTERNAL,139228,WKSTN-U1050
NET016163,2026-06-18 13:39:00,U1039,mark.thomas,sharepoint.corp.local,INTERNAL,405664,WKSTN-U1039
NET017370,2026-06-18 13:51:00,U1042,michael.hill56,,INTERNAL,442777,WKSTN-U1042
NET013795,2026-06-18 13:58:00,U1033,linda.miller,linkedin.com,EXTERNAL,6246,WKSTN-U1033
NET022947,2026-06-18 13:52:00,U1056,anthony.clark,hr-portal.corp.local,INTERNAL,187425,WKSTN-U1056
NET020954,2026-06-18 14:07:00,U1051,sandra.king72,mail.corp.local,INTERNAL,199543,WKSTN-U1051
NET033455,2026-06-18 14:04:00,U1082,karen.hill96,sharepoint.corp.local,INTERNAL,213752,WKSTN-U1082
NET001083,2026-06-18 13:37:00,U1003,kenneth.clark29,hr-portal.corp.local,INTERNAL,12266,WKSTN-U1003
NET004178,2026-06-18 13:48:00,U1011,donna.ramirez75,jira.corp.local,INTERNAL,338070,WKSTN-U1011
NET020150,2026-06-18 14:03:00,U1049,michelle.jones59,vpn.corp.local,INTERNAL,340375,WKSTN-U1049
NET000249,2026-06-18 13:55:00,U1001,linda.johnson95	,jira.corp.local,INTERNAL,106941,WKSTN-U1001
NET038847,2026-06-18 14:00:00,U1094,ELIZABETH.LEWIS69,hr-portal.corp.local,INTERNAL,291335,WKSTN-U1094
NET019774,2026-06-18 13:50:00,U1048,jennifer.thomas87,sharepoint.corp.local,INTERNAL,314623,WKSTN-U1048
NET030574,2026-06-18 14:06:00,U1075,steven.lewis,hr-portal.corp.local,INTERNAL,383769,WKSTN-U1075
NET011247,2026-06-18 13:43:00,U1027,patricia.brown75,vpn.corp.local,INTERNAL,249503,WKSTN-U1027
NET005825,2026-06-18 14:00:00,U1015,lisa.hernandez,confluence.corp.local,INTERNAL,295851,WKSTN-U1015
NET005010,2026-06-18 13:51:00,U1013,emily.smith,confluence.corp.local	,INTERNAL,335825,
NET036184,2026-06-18 13:50:00,U1088,andrew.smith85,sharepoint.corp.local,INTERNAL,470016,WKSTN-U1088
NET010789,2026-06-18 13:55:00,U1026,elizabeth.gonzalez,news.com,EXTERNAL,16661,WKSTN-U1026
NET026149,2026-06-18 13:44:00,U1064,matthew.wright55,confluence.corp.local,INTERNAL,146122,WKSTN-U1064
NET031348,2026-06-18 13:39:00,U1077,kimberly.harris58,vpn.corp.local,INTERNAL,165015,WKSTN-U1077
NET033910,2026-06-18 14:03:00,U1083,sarah.allen70,sharepoint.corp.local,INTERNAL,167290,WKSTN-U1083
NET026973,2026-06-18 13:47:00,U1066,michelle.wright62,sharepoint.corp.local,INTERNAL,430068,WKSTN-U1066
NET003806,2026-06-18 14:29:00,U1010,susan.young51,confluence.corp.local	,INTERNAL,392330,WKSTN-U1010
NET022156,2026-06-18 14:34:00,U1054,anthony.martinez,mail.corp.local,INTERNAL,246448,WKSTN-U1054
NET010341,2026-06-18 14:13:00,U1025,betty.brown22,sharepoint.corp.local,,47100,WKSTN-U1025
NET012980,2026-06-18 14:29:00,U1031,john.wright28,vpn.corp.local,INTERNAL,187236,WKSTN-U1031
NET033040,2026-06-18 14:38:00,U1081,margaret.davis,confluence.corp.local,INTERNAL,311478,WKSTN-U1081
NET025360,2026-06-18 14:23:00,U1062,william.martin,weather.com,EXTERNAL,12758,WKSTN-U1062
NET004175,2026-06-18 14:36:00,U1011,donna.ramirez75,jira.corp.local,INTERNAL,111127,WKSTN-U1011
NET008091,2026-06-18 14:38:00,U1020,andrew.thomas36,sharepoint.corp.local,INTERNAL,144837,WKSTN-U1020
NET018981,2026-06-18 14:20:00,U1046,michelle.torres39,confluence.corp.local,INTERNAL,,WKSTN-U1046
NET015773,2026-06-18 14:17:00,U1038,emily.clark,hr-portal.corp.local,INTERNAL,192716,  WKSTN-U1038 
NET034821,2026-06-18 14:35:00,U1085,barbara.walker67,weather.com,EXTERNAL,2043,WKSTN-U1085
NET028568,2026-06-18 14:18:00,U1070,betty.thomas40,hr-portal.corp.local,internal,73947,WKSTN-U1070
NET022949,2026-06-18 14:23:00,U1056,anthony.clark,mail.corp.local,INTERNAL,458455,WKSTN-U1056
NET021345,2026-06-18 14:11:00,U1052,paul.taylor,sharepoint.corp.local,,237193,WKSTN-U1052	
NET028567,2026-06-18 14:12:00,U1070,betty.thomas40,vpn.corp.local,INTERNAL,274107,WKSTN-U1070
NET009446,2026-06-18 14:23:00,U1023,richard.wright,sharepoint.corp.local,INTERNAL,221946,WKSTN-U1023
NET012136,2026-06-18 14:30:00,U1029,michelle.garcia54,hr-portal.corp.local,INTERNAL,168877,WKSTN-U1029
NET005824,2026-06-18 14:23:00,U1015,lisa.hernandez,sharepoint.corp.local,INTERNAL,173776,WKSTN-U1015
NET029389,2026-06-18 14:11:00,U1072,kenneth.lopez,vpn.corp.local,INTERNAL,457241,WKSTN-U1072
NET039255,2026-06-18 14:13:00,U1095,richard.thomas74,sharepoint.corp.local,INTERNAL,58453,WKSTN-U1095
NET020551,2026-06-18 14:13:00,U1050,michael.ramirez,jira.corp.local,INTERNAL,217461,WKSTN-U1050
NET004176,2026-06-18 14:36:00,U1011,,hr-portal.corp.local,INTERNAL,300114,WKSTN-U1011
NET022154,2026-06-18 14:08:00,U1054,anthony.martinez,jira.corp.local,INTERNAL,180071,WKSTN-U1054
NET040082,2026-06-18 14:33:00,U1097,mark.martinez10,sharepoint.corp.local,INTERNAL,277374,WKSTN-U1097
NET020549,2026-06-18 14:12:00,U1050,michael.ramirez,mail.corp.local,INTERNAL,392262,WKSTN-U1050
NET016574,2026-06-18 14:50:00,U1040,matthew.martin,confluence.corp.local,INTERNAL,314279,WKSTN-U1040
NET009003,2026-06-18 15:04:00,U1022,sandra.brown,jira.corp.local,INTERNAL,6257,WKSTN-U1022
NET021735,2026-06-18 14:54:00,U1053,john.jackson31,jira.corp.local,INTERNAL,108519,WKSTN-U1053
NET028984,2026-06-18 15:05:00,U1071,matthew.robinson35,mail.corp.local,INTERNAL,309495,WKSTN-U1071
NET037518,2026-06-18 14:58:00,U1091,linda.robinson,hr-portal.corp.local,INTERNAL,28938,WKSTN-U1091
NET001869,2026-06-18 14:41:00,U1005,robert.robinson,jira.corp.local,INTERNAL,447432,WKSTN-U1005
NET011248,2026-06-18 14:44:00,U1027,patricia.brown75,confluence.corp.local,INTERNAL,8056,WKSTN-U1027
NET003030,2026-06-18 14:48:00,U1008,joshua.hernandez,confluence.corp.local,INTERNAL,245168,WKSTN-U1008
NET011251,2026-06-18 14:54:00,U1027,patricia.brown75,sharepoint.corp.local,INTERNAL,460926,WKSTN-U1027
NET014585,2026-06-18 15:01:00,U1035,nancy.rodriguez82,hr-portal.corp.local,INTERNAL,252918,WKSTN-U1035
NET030573,2026-06-18 15:07:00,U1075,steven.lewis,vpn.corp.local,INTERNAL,375906,WKSTN-U1075
NET025757,2026-06-18 14:44:00,U1063,john.nguyen,mail.corp.local,INTERNAL,173822,WKSTN-U1063
NET026551,2026-06-18 14:51:00,U1065,michael.ramirez47,weather.com,EXTERNAL,5614,WKSTN-U1065
NET001481,2026-06-18 14:57:00,U1004,elizabeth.wilson98,mail.corp.local,INTERNAL,65362,
NET004177,2026-06-18 14:50:00,U1011,donna.ramirez75,sharepoint.corp.local,INTERNAL,12975,WKSTN-U1011
NET013792,2026-06-18 14:45:00,U1033,linda.miller,sharepoint.corp.local,INTERNAL,17717,WKSTN-U1033
NET018155,2026-06-18 14:53:00,U1044,lisa.ramirez9,hr-portal.corp.local,INTERNAL,289765,WKSTN-U1044
NET013403,2026-06-18 14:43:00,U1032,paul.wright91,mail.corp.local,INTERNAL,387826,WKSTN-U1032
NET022157,2026-06-18 14:46:00,U1054,,mail.corp.local,INTERNAL,200591,WKSTN-U1054
NET019772,2026-06-18 14:58:00,U1048,,jira.corp.local,INTERNAL,,WKSTN-U1048
NET007646,2026-06-18 14:58:00,U1019,donna.anderson,jira.corp.local,,108629,WKSTN-U1019
NET003431,2026-06-18 15:04:00,U1009,daniel.brown	,jira.corp.local,INTERNAL,452075,WKSTN-U1009
NET041223,2026-06-18 14:47:00,U1100,daniel.brown38	,sharepoint.corp.local,INTERNAL,151768,WKSTN-U1100
NET027358,2026-06-18 15:06:00,U1067,paul.thomas97,sharepoint.corp.local,INTERNAL,,WKSTN-U1067
NET020553,2026-06-18 14:44:00,U1050,michael.ramirez,jira.corp.local,INTERNAL,443330,WKSTN-U1050
NET013405,2026-06-18 15:27:00,U1032,paul.wright91,jira.corp.local,INTERNAL,86579,WKSTN-U1032
NET006248,2026-06-18 15:24:00,U1016,patricia.thomas,jira.corp.local,INTERNAL,308426,WKSTN-U1016
NET017373,2026-06-18 15:37:00,U1042,michael.hill56,hr-portal.corp.local,INTERNAL,337847,WKSTN-U1042
NET028566,2026-06-18 15:27:00,U1070,betty.thomas40,jira.corp.local,INTERNAL,,WKSTN-U1070
NET011249,2026-06-18 15:08:00,U1027,patricia.brown75,confluence.corp.local,INTERNAL,65007,WKSTN-U1027
NET017759,2026-06-18 15:09:00,U1043,thomas.williams91,hr-portal.corp.local,INTERNAL,182447,WKSTN-U1043
NET016166,2026-06-18 15:11:00,U1039,mark.thomas,vpn.corp.local,INTERNAL,230906,WKSTN-U1039
NET029385,2026-06-18 15:13:00,U1072,kenneth.lopez,vpn.corp.local,INTERNAL,148810,WKSTN-U1072
NET029387,2026-06-18 15:32:00,U1072,kenneth.lopez,hr-portal.corp.local,INTERNAL,315071,WKSTN-U1072
NET037520,2026-06-18 15:39:00,U1091,linda.robinson,hr-portal.corp.local,INTERNAL,249791,WKSTN-U1091
NET015375,2026-06-18 15:22:00,U1037,robert.martin,hr-portal.corp.local,INTERNAL,389038,WKSTN-U1037
NET016956,2026-06-18 15:17:00,U1041,,hr-portal.corp.local,INTERNAL,153767,WKSTN-U1041
NET040464,2026-06-18 15:22:00,U1098,nancy.wright49,hr-portal.corp.local,INTERNAL,80091,WKSTN-U1098
NET009900,2026-06-18 15:27:00,U1024,emily.miller,vpn.corp.local,INTERNAL,,WKSTN-U1024
NET037972,2026-06-18 15:22:00,U1092,steven.thomas,mail.corp.local,INTERNAL,129895,WKSTN-U1092
NET024977,2026-06-18 15:36:00,U1061,jessica.rodriguez,hr-portal.corp.local,INTERNAL,297373,WKSTN-U1061
NET025762,2026-06-18 15:12:00,U1063,john.nguyen,linkedin.com,EXTERNAL,8922,WKSTN-U1063
NET039671,2026-06-18 15:42:00,U1096,david.allen76,mail.corp.local,INTERNAL,1833,WKSTN-U1096
NET022946,2026-06-18 15:35:00,U1056,anthony.clark,sharepoint.corp.local,INTERNAL,165311,WKSTN-U1056
NET002667,2026-06-18 15:25:00,U1007,sarah.robinson82,vpn.corp.local,INTERNAL,481427,WKSTN-U1007
NET027356,2026-06-18 15:09:00,U1067,paul.thomas97,sharepoint.corp.local,INTERNAL,102563,WKSTN-U1067
NET013794,2026-06-18 15:12:00,U1033,linda.miller,sharepoint.corp.local,INTERNAL,164479,WKSTN-U1033
NET000248,2026-06-18 15:25:00,U1001,linda.johnson95,confluence.corp.local,INTERNAL,392820,WKSTN-U1001
NET022565,2026-06-18 15:18:00,U1055,patricia.wilson54,confluence.corp.local,,151387,  WKSTN-U1055 
NET035265,2026-06-18 15:22:00,U1086,steven.thompson53,hr-portal.corp.local,INTERNAL,294352,WKSTN-U1086
NET022155,2026-06-18 16:03:00,U1054,anthony.martinez,mail.corp.local,INTERNAL,484665,WKSTN-U1054
NET009899,2026-06-18 15:54:00,U1024,emily.miller,vpn.corp.local,INTERNAL,154149,WKSTN-U1024
NET027727,2026-06-18 16:24:00,U1068,susan.thompson34,hr-portal.corp.local,INTERNAL,185483,WKSTN-U1068
NET033912,2026-06-18 15:51:00,U1083,sarah.allen70,hr-portal.corp.local,INTERNAL,176748,WKSTN-U1083
NET039668,2026-06-18 16:03:00,U1096,david.allen76,vpn.corp.local,INTERNAL,249289,WKSTN-U1096
NET011701,2026-06-18 15:52:00,U1028,john.hill,vpn.corp.local	,INTERNAL,438730,WKSTN-U1028
NET023744,2026-06-18 16:03:00,U1058,jennifer.ramirez18,sharepoint.corp.local,INTERNAL,69489,WKSTN-U1058
NET015774,2026-06-18 15:44:00,U1038,emily.clark,sharepoint.corp.local,INTERNAL,335942,WKSTN-U1038
NET019385,2026-06-18 15:45:00,U1047,sandra.lewis,vpn.corp.local,INTERNAL,487862,WKSTN-U1047
NET002668,2026-06-18 16:14:00,U1007,sarah.robinson82,vpn.corp.local,INTERNAL,44929,WKSTN-U1007
NET037517,2026-06-18 16:21:00,U1091,linda.robinson,vpn.corp.local,INTERNAL,127851,WKSTN-U1091
NET024975,2026-06-18 16:17:00,U1061,jessica.rodriguez,confluence.corp.local,INTERNAL,451713,WKSTN-U1061
NET036186,2026-06-18 16:20:00,U1088,andrew.smith85,mail.corp.local,INTERNAL,130839,WKSTN-U1088
NET002277,2026-06-18 15:43:00,U1006,george.gonzalez,sharepoint.corp.local,INTERNAL,274416,WKSTN-U1006
NET035693,2026-06-18 15:43:00,U1087,charles.sanchez,confluence.corp.local,INTERNAL,288255,WKSTN-U1087
NET008535,2026-06-18 15:59:00,U1021,jessica.walker,mail.corp.local,,61283,WKSTN-U1021
NET039669,2026-06-18 16:17:00,U1096,DAVID.ALLEN76,sharepoint.corp.local,INTERNAL,412728,WKSTN-U1096
NET039670,2026-06-18 15:49:00,U1096,david.allen76,jira.corp.local,INTERNAL,481024,WKSTN-U1096
NET006728,2026-06-18 15:50:00,U1017,emily.hernandez34,jira.corp.local,INTERNAL,371497,WKSTN-U1017
NET017372,2026-06-18 16:28:00,U1042,michael.hill56,vpn.corp.local,INTERNAL,184734,WKSTN-U1042
NET033914,2026-06-18 15:50:00,U1083,  sarah.allen70 ,  sharepoint.corp.local ,INTERNAL,404981,WKSTN-U1083
NET030575,2026-06-18 16:38:00,U1075,steven.lewis,vpn.corp.local,INTERNAL,386852,WKSTN-U1075
NET019773,2026-06-18 15:42:00,U1048,jennifer.thomas87,jira.corp.local,INTERNAL,196596,WKSTN-U1048
NET006247,2026-06-18 16:32:00,U1016,,jira.corp.local,INTERNAL,64496,WKSTN-U1016
NET026548,2026-06-18 15:51:00,U1065,michael.ramirez47,confluence.corp.local,INTERNAL,188418,WKSTN-U1065
NET022563,2026-06-18 17:01:00,U1055,patricia.wilson54,confluence.corp.local,INTERNAL,60734,WKSTN-U1055
NET014587,2026-06-18 16:44:00,U1035,nancy.rodriguez82,hr-portal.corp.local,INTERNAL,314454,WKSTN-U1035
NET025358,2026-06-18 17:12:00,U1062,william.martin,mail.corp.local,INTERNAL,139130,WKSTN-U1062
NET000250,2026-06-18 16:53:00,U1001,,vpn.corp.local,INTERNAL,143151,WKSTN-U1001
NET040851,2026-06-18 16:51:00,U1099,joseph.garcia,news.com,EXTERNAL,17235,WKSTN-U1099
NET007665,2026-06-19 07:05:00,U1019,donna.anderson,mail.corp.local,INTERNAL,71590,WKSTN-U1019
NET007669,2026-06-19 07:01:00,U1019,donna.anderson,hr-portal.corp.local,INTERNAL,475173,WKSTN-U1019
NET015795,2026-06-19 07:41:00,U1038,emily.clark,vpn.corp.local,INTERNAL,112066,WKSTN-U1038
NET037975,2026-06-18 17:06:00,U1092,steven.thomas,jira.corp.local,INTERNAL,372103,WKSTN-U1092
NET006725,2026-06-18 16:56:00,U1017,emily.hernandez34,  mail.corp.local ,INTERNAL,455896,WKSTN-U1017
NET022172,2026-06-19 07:42:00,U1054,anthony.martinez,sharepoint.corp.local,INTERNAL,275907,WKSTN-U1054
NET014177,2026-06-18 17:22:00,U1034,thomas.allen63,sharepoint.corp.local,INTERNAL,,WKSTN-U1034
NET022153,2026-06-18 16:50:00,U1054,anthony.martinez,hr-portal.corp.local,INTERNAL,192458,WKSTN-U1054
NET040848,2026-06-18 16:44:00,U1099,joseph.garcia,vpn.corp.local,INTERNAL,183188,WKSTN-U1099
NET007667,2026-06-19 07:19:00,U1019,donna.anderson,jira.corp.local,,392025,WKSTN-U1019
NET037971,2026-06-18 17:14:00,U1092,steven.thomas,,INTERNAL,212518,WKSTN-U1092
NET007645,2026-06-18 16:50:00,U1019,donna.anderson,vpn.corp.local,INTERNAL,153915,WKSTN-U1019
NET009921,2026-06-19 07:52:00,U1024,emily.miller,sharepoint.corp.local,INTERNAL,304653,WKSTN-U1024
NET006729,2026-06-18 16:45:00,U1017,emily.hernandez34,linkedin.com,EXTERNAL,4481,WKSTN-U1017
NET032181,2026-06-18 17:03:00,U1079,emily.jones,hr-portal.corp.local,INTERNAL,113996,WKSTN-U1079
NET021754,2026-06-19 07:50:00,U1053,john.jackson31,  confluence.corp.local ,INTERNAL,54235,WKSTN-U1053
NET006727,2026-06-18 17:48:00,U1017,emily.hernandez34,sharepoint.corp.local,INTERNAL,430339,WKSTN-U1017
NET000251,2026-06-18 17:47:00,U1001,linda.johnson95,vpn.corp.local	,INTERNAL,365994,WKSTN-U1001
NET024143,2026-06-18 17:08:00,U1059,daniel.perez98,sharepoint.corp.local,INTERNAL,43707,WKSTN-U1059
NET018156,2026-06-18 17:37:00,U1044,lisa.ramirez9,sharepoint.corp.local,INTERNAL,308461,WKSTN-U1044
NET030181,2026-06-19 08:38:00,U1074,sarah.williams7,vpn.corp.local,INTERNAL,408197,WKSTN-U1074
NET034389,2026-06-19 08:15:00,U1084,JOSHUA.TAYLOR,sharepoint.corp.local,INTERNAL,69138,WKSTN-U1084
NET005844,2026-06-19 08:27:00,U1015,lisa.hernandez,sharepoint.corp.local,INTERNAL,52881,WKSTN-U1015
NET035716,2026-06-19 08:14:00,U1087,charles.sanchez,vpn.corp.local,INTERNAL,193298,WKSTN-U1087
NET017395,2026-06-19 07:53:00,U1042,michael.hill56,linkedin.com,EXTERNAL,9973,WKSTN-U1042
NET003447,2026-06-19 08:40:00,U1009,daniel.brown,sharepoint.corp.local	,INTERNAL,261793,WKSTN-U1009
NET018564,2026-06-19 08:21:00,U1045,daniel.sanchez90,confluence.corp.local,INTERNAL,401888,WKSTN-U1045	
NET008558,2026-06-19 08:23:00,U1021,jessica.walker,sharepoint.corp.local,INTERNAL,,  WKSTN-U1021 
NET015792,2026-06-19 08:03:00,U1038,emily.clark,jira.corp.local	,INTERNAL,478953,WKSTN-U1038
NET033932,2026-06-19 07:59:00,U1083,sarah.allen70,confluence.corp.local,INTERNAL,193506,WKSTN-U1083
NET014978,2026-06-19 08:36:00,U1036,linda.jones,mail.corp.local,INTERNAL,124852,WKSTN-U1036
NET005843,2026-06-19 08:02:00,U1015,lisa.hernandez,mail.corp.local,INTERNAL,211122,WKSTN-U1015
NET025783,2026-06-19 08:14:00,U1063,john.nguyen,confluence.corp.local,INTERNAL,8051,  WKSTN-U1063 
NET022582,2026-06-19 07:54:00,U1055,patricia.wilson54,confluence.corp.local,INTERNAL,392729,WKSTN-U1055
NET017392,2026-06-19 08:10:00,U1042,michael.hill56,mail.corp.local,INTERNAL,204268,WKSTN-U1042
NET019791,2026-06-19 08:49:00,U1048,jennifer.thomas87,vpn.corp.local,INTERNAL,81692,WKSTN-U1048
NET028170,2026-06-19 08:54:00,U1069,jessica.clark,sharepoint.corp.local,INTERNAL,77894,WKSTN-U1069
NET012995,2026-06-19 08:34:00,U1031,john.wright28,jira.corp.local,INTERNAL,209100,WKSTN-U1031
NET003449,2026-06-19 08:31:00,U1009,daniel.brown,weather.com,EXTERNAL,1942,WKSTN-U1009
NET040869,2026-06-19 08:47:00,U1099,joseph.garcia,jira.corp.local,INTERNAL,43497,WKSTN-U1099
NET007666,2026-06-19 08:06:00,U1019,donna.anderson,jira.corp.local,INTERNAL,169945,WKSTN-U1019
NET028169,2026-06-19 08:42:00,U1069,jessica.clark,vpn.corp.local,INTERNAL,7831,WKSTN-U1069
NET024158,2026-06-19 08:34:00,U1059,daniel.perez98,hr-portal.corp.local,INTERNAL,123703,WKSTN-U1059
NET006269,2026-06-19 08:06:00,U1016,patricia.thomas,hr-portal.corp.local,INTERNAL,63007,WKSTN-U1016
NET026566,2026-06-19 08:40:00,U1065,michael.ramirez47,confluence.corp.local,INTERNAL,434107,WKSTN-U1065
NET011712,2026-06-19 09:15:00,U1028,john.hill,vpn.corp.local,INTERNAL,135046,WKSTN-U1028
NET004588,2026-06-19 09:21:00,U1012,linda.martinez,sharepoint.corp.local,INTERNAL,221966,WKSTN-U1012
NET003444,2026-06-19 08:57:00,U1009,daniel.brown,hr-portal.corp.local,INTERNAL,363703,WKSTN-U1009
NET012996,2026-06-19 09:38:00,U1031,john.wright28,vpn.corp.local,INTERNAL,476512,WKSTN-U1031	
NET024560,2026-06-19 09:36:00,U1060,matthew.anderson,,INTERNAL,126856,WKSTN-U1060
NET021753,2026-06-19 09:37:00,U1053,john.jackson31,confluence.corp.local,INTERNAL,146815,WKSTN-U1053
NET005025,2026-06-19 09:15:00,U1013,emily.smith,mail.corp.local,,426809,WKSTN-U1013
NET022966,2026-06-19 08:55:00,U1056,anthony.clark,mail.corp.local,INTERNAL,226985,WKSTN-U1056
NET040100,2026-06-19 08:55:00,U1097,mark.martinez10,hr-portal.corp.local,INTERNAL,213133,WKSTN-U1097
NET017777,2026-06-19 09:18:00,U1043,thomas.williams91,sharepoint.corp.local,INTERNAL,191462,
NET009920,2026-06-19 09:21:00,U1024,EMILY.MILLER,mail.corp.local,INTERNAL,424135,WKSTN-U1024
NET000686,2026-06-19 09:16:00,U1002,donna.ramirez,vpn.corp.local,INTERNAL,265573,WKSTN-U1002
NET022584,2026-06-19 09:28:00,U1055,patricia.wilson54,confluence.corp.local,INTERNAL,102728,WKSTN-U1055
NET028168,2026-06-19 08:58:00,U1069,jessica.clark,confluence.corp.local,INTERNAL,42686,WKSTN-U1069
NET028171,2026-06-19 09:31:00,U1069,jessica.clark,vpn.corp.local,INTERNAL,135961,WKSTN-U1069
NET017394,2026-06-19 09:04:00,U1042,michael.hill56,mail.corp.local,INTERNAL,71268,
NET013424,2026-06-19 09:35:00,U1032,paul.wright91,jira.corp.local,INTERNAL,106106,WKSTN-U1032
NET034386,2026-06-19 09:37:00,U1084,joshua.taylor,vpn.corp.local,INTERNAL,71882,WKSTN-U1084
NET032200,2026-06-19 09:35:00,U1079,emily.jones,jira.corp.local,INTERNAL,462466,WKSTN-U1079
NET020166,2026-06-19 09:04:00,U1049,michelle.jones59,hr-portal.corp.local,INTERNAL,34728,WKSTN-U1049
NET014603,2026-06-19 09:05:00,U1035,nancy.rodriguez82,jira.corp.local,INTERNAL,420304,WKSTN-U1035
NET007670,2026-06-19 09:19:00,U1019,donna.anderson,weather.com,EXTERNAL,5164,WKSTN-U1019
NET018563,2026-06-19 09:22:00,U1045,daniel.sanchez90,jira.corp.local,INTERNAL,89054,WKSTN-U1045	
NET023358,2026-06-19 09:37:00,U1057,nancy.sanchez,weather.com,EXTERNAL,19833,WKSTN-U1057
NET021755,2026-06-19 09:01:00,U1053,john.jackson31,hr-portal.corp.local,INTERNAL,436795,WKSTN-U1053
NET013422,2026-06-19 09:51:00,U1032,paul.wright91,jira.corp.local,INTERNAL,409959,WKSTN-U1032
NET029002,2026-06-19 09:40:00,U1071,matthew.robinson35,hr-portal.corp.local,INTERNAL,43988,WKSTN-U1071
NET020971,2026-06-19 10:11:00,U1051,sandra.king72,hr-portal.corp.local,INTERNAL,394904,WKSTN-U1051
NET012997,2026-06-19 09:45:00,U1031,john.wright28,sharepoint.corp.local,INTERNAL,55255,WKSTN-U1031
NET003445,2026-06-19 09:43:00,U1009,daniel.brown,,INTERNAL,35161,WKSTN-U1009
NET035713,2026-06-19 10:12:00,U1087,charles.sanchez,hr-portal.corp.local,INTERNAL,42021,WKSTN-U1087
NET008115,2026-06-19 09:47:00,U1020,andrew.thomas36,confluence.corp.local,INTERNAL,188878,WKSTN-U1020
NET037537,2026-06-19 09:53:00,U1091,linda.robinson,jira.corp.local,internal,255075,WKSTN-U1091
NET037093,2026-06-19 09:48:00,U1090,  mary.hill ,mail.corp.local,INTERNAL,33564,WKSTN-U1090
NET024563,2026-06-19 10:08:00,U1060,matthew.anderson,news.com,EXTERNAL,17965,WKSTN-U1060
NET015388,2026-06-19 09:59:00,U1037,robert.martin,jira.corp.local,INTERNAL,185310,WKSTN-U1037
NET037994,2026-06-19 10:12:00,U1092,steven.thomas,mail.corp.local,INTERNAL,329726,WKSTN-U1092
NET021359,2026-06-19 09:43:00,U1052,paul.taylor,sharepoint.corp.local,INTERNAL,329359,WKSTN-U1052
NET005023,2026-06-19 10:07:00,U1013,emily.smith,hr-portal.corp.local,INTERNAL,112519,WKSTN-U1013
NET037536,2026-06-19 09:55:00,U1091,linda.robinson,hr-portal.corp.local,INTERNAL,73360,WKSTN-U1091
NET010361,2026-06-19 09:41:00,U1025,betty.brown22,hr-portal.corp.local,INTERNAL,489857,WKSTN-U1025
NET001098,2026-06-19 10:00:00,U1003,kenneth.clark29,confluence.corp.local,,36554,WKSTN-U1003
NET012994,2026-06-19 09:49:00,U1031,john.wright28,hr-portal.corp.local,INTERNAL,185149,WKSTN-U1031
NET020168,2026-06-19 10:09:00,U1049,michelle.jones59	,mail.corp.local,INTERNAL,197470,WKSTN-U1049
NET007210,2026-06-19 09:52:00,U1018,betty.white57,mail.corp.local,INTERNAL,133838,WKSTN-U1018
NET011270,2026-06-19 09:44:00,U1027,patricia.brown75,sharepoint.corp.local,INTERNAL,345869,WKSTN-U1027
NET033062,2026-06-19 09:44:00,U1081,margaret.davis,confluence.corp.local,INTERNAL,358845,WKSTN-U1081
NET027743,2026-06-19 10:10:00,U1068,susan.thompson34,hr-portal.corp.local,INTERNAL,175035,WKSTN-U1068
NET029005,2026-06-19 09:56:00,U1071,matthew.robinson35,news.com,EXTERNAL,16448,WKSTN-U1071
NET031771,2026-06-19 10:04:00,U1078,michelle.miller,mail.corp.local,INTERNAL,258093,WKSTN-U1078
NET039691,2026-06-19 10:14:00,U1096,david.allen76,hr-portal.corp.local,INTERNAL,337479,WKSTN-U1096
NET020572,2026-06-19 10:33:00,U1050,michael.ramirez,mail.corp.local,INTERNAL,363179,WKSTN-U1050	
NET024161,2026-06-19 10:37:00,U1059,daniel.perez98,mail.corp.local,INTERNAL,366975,WKSTN-U1059
NET019788,2026-06-19 10:42:00,U1048,jennifer.thomas87,mail.corp.local,INTERNAL,247829,WKSTN-U1048
NET033063,2026-06-19 10:41:00,U1081,MARGARET.DAVIS,vpn.corp.local,INTERNAL,259676,  WKSTN-U1081 
NET022585,2026-06-19 10:25:00,U1055,patricia.wilson54,jira.corp.local,INTERNAL,191065,WKSTN-U1055
NET010805,2026-06-19 10:29:00,U1026,elizabeth.gonzalez,mail.corp.local,,112787,WKSTN-U1026
NET022173,2026-06-19 10:23:00,U1054,anthony.martinez,mail.corp.local,INTERNAL,442751,WKSTN-U1054
NET037538,2026-06-19 10:34:00,U1091,linda.robinson,,INTERNAL,453598,WKSTN-U1091	
NET032199,2026-06-19 10:17:00,U1079,emily.jones,mail.corp.local,internal,435976,WKSTN-U1079
NET009018,2026-06-19 10:36:00,U1022,sandra.brown	,jira.corp.local,INTERNAL,227629,WKSTN-U1022
NET000685,2026-06-19 10:12:00,U1002,donna.ramirez,jira.corp.local,INTERNAL,385867,WKSTN-U1002
NET031770,2026-06-19 10:36:00,U1078,michelle.miller,jira.corp.local,INTERNAL,414656,WKSTN-U1078
NET016184,2026-06-19 10:12:00,U1039,mark.thomas,confluence.corp.local,,,WKSTN-U1039
NET031769,2026-06-19 10:30:00,U1078,michelle.miller,confluence.corp.local,INTERNAL,319398,WKSTN-U1078
NET036641,2026-06-19 10:29:00,U1089,paul.brown27,vpn.corp.local,INTERNAL,248934,WKSTN-U1089
NET010804,2026-06-19 10:23:00,U1026,elizabeth.gonzalez,sharepoint.corp.local,INTERNAL,353375,WKSTN-U1026
NET015389,2026-06-19 10:14:00,U1037,robert.martin,mail.corp.local,INTERNAL,231605,WKSTN-U1037
NET010362,2026-06-19 10:29:00,U1025,betty.brown22,jira.corp.local,INTERNAL,70861,WKSTN-U1025
NET034385,2026-06-19 10:16:00,U1084,joshua.taylor,vpn.corp.local,,17562,WKSTN-U1084
NET024159,2026-06-19 10:16:00,U1059,daniel.perez98,confluence.corp.local,INTERNAL,438645,WKSTN-U1059
NET017779,2026-06-19 10:32:00,U1043,thomas.williams91,  mail.corp.local ,INTERNAL,237975,WKSTN-U1043
NET022964,2026-06-19 10:36:00,U1056,anthony.clark,confluence.corp.local,INTERNAL,303076,WKSTN-U1056
NET019789,2026-06-19 10:24:00,U1048,jennifer.thomas87,jira.corp.local,INTERNAL,339106,WKSTN-U1048
NET011268,2026-06-19 10:37:00,U1027,patricia.brown75,jira.corp.local,INTERNAL,225144,WKSTN-U1027
NET032203,2026-06-19 10:55:00,U1079,emily.jones,confluence.corp.local	,INTERNAL,251572,WKSTN-U1079
NET018565,2026-06-19 10:50:00,U1045,daniel.sanchez90,jira.corp.local,INTERNAL,414777,WKSTN-U1045
NET018994,2026-06-19 10:52:00,U1046,michelle.torres39,sharepoint.corp.local,INTERNAL,239916,WKSTN-U1046
NET031367,2026-06-19 10:48:00,U1077,kimberly.harris58,confluence.corp.local,INTERNAL,190860,WKSTN-U1077
NET038431,2026-06-19 10:45:00,U1093,sarah.clark44,vpn.corp.local,INTERNAL,71007,WKSTN-U1093
NET023759,2026-06-19 11:05:00,U1058,jennifer.ramirez18,confluence.corp.local,INTERNAL,393626,WKSTN-U1058
NET040482,2026-06-19 11:04:00,U1098,nancy.wright49,,INTERNAL,,WKSTN-U1098
NET000684,2026-06-19 11:01:00,U1002,donna.ramirez,jira.corp.local,INTERNAL,382245,WKSTN-U1002
NET025374,2026-06-19 10:57:00,U1062,william.martin,mail.corp.local,INTERNAL,211682,WKSTN-U1062
NET028588,2026-06-19 10:59:00,U1070,betty.thomas40,hr-portal.corp.local,INTERNAL,42030,WKSTN-U1070
NET023758,2026-06-19 11:04:00,U1058,jennifer.ramirez18,sharepoint.corp.local,INTERNAL,409691,WKSTN-U1058
NET010363,2026-06-19 10:51:00,U1025,betty.brown22,jira.corp.local,INTERNAL,311102,WKSTN-U1025
NET037995,2026-06-19 10:42:00,U1092,steven.thomas,jira.corp.local,INTERNAL,267226,WKSTN-U1092
NET027373,2026-06-19 10:51:00,U1067,paul.thomas97,jira.corp.local,INTERNAL,47432,WKSTN-U1067
NET000267,2026-06-19 10:53:00,U1001,linda.johnson95,jira.corp.local,INTERNAL,321316,WKSTN-U1001
NET011269,2026-06-19 11:04:00,U1027,patricia.brown75,hr-portal.corp.local,INTERNAL,364510,WKSTN-U1027
NET005845,2026-06-19 10:54:00,U1015,lisa.hernandez,confluence.corp.local,INTERNAL,187818,WKSTN-U1015
NET013811,2026-06-19 11:04:00,U1033,linda.miller,mail.corp.local,INTERNAL,28008,WKSTN-U1033
NET022967,2026-06-19 10:52:00,U1056,anthony.clark,jira.corp.local,INTERNAL,493758,WKSTN-U1056
NET012153,2026-06-19 10:52:00,U1029,michelle.garcia54,vpn.corp.local,INTERNAL,490282,WKSTN-U1029
NET017778,2026-06-19 10:55:00,U1043,thomas.williams91,,INTERNAL,412092,WKSTN-U1043
NET033931,2026-06-19 10:51:00,U1083,sarah.allen70,jira.corp.local,INTERNAL,461412,WKSTN-U1083
NET018178,2026-06-19 10:46:00,U1044,lisa.ramirez9,vpn.corp.local,INTERNAL,327909,WKSTN-U1044
NET026568,2026-06-19 11:01:00,U1065,  michael.ramirez47 ,hr-portal.corp.local,INTERNAL,143145,WKSTN-U1065
NET004585,2026-06-19 10:47:00,U1012,linda.martinez,hr-portal.corp.local	,INTERNAL,111846,WKSTN-U1012
NET031368,2026-06-19 11:14:00,U1077,kimberly.harris58,confluence.corp.local,INTERNAL,131127,WKSTN-U1077
NET011266,2026-06-19 11:24:00,U1027,patricia.brown75,vpn.corp.local,INTERNAL,151556,WKSTN-U1027
NET022587,2026-06-19 11:22:00,U1055,patricia.wilson54,news.com,EXTERNAL,3174,WKSTN-U1055
NET030975,2026-06-19 11:28:00,U1076,john.torres,vpn.corp.local,INTERNAL,38335,WKSTN-U1076
NET039271,2026-06-19 11:06:00,U1095,richard.thomas74,confluence.corp.local,INTERNAL,153559,WKSTN-U1095
NET005847,2026-06-19 11:10:00,U1015,lisa.hernandez	,hr-portal.corp.local,INTERNAL,266587,WKSTN-U1015
NET022965,2026-06-19 11:12:00,U1056,anthony.clark,hr-portal.corp.local,INTERNAL,464065,WKSTN-U1056
NET009465,2026-06-19 11:15:00,U1023,richard.wright,jira.corp.local,INTERNAL,290794,WKSTN-U1023
NET024993,2026-06-19 11:14:00,U1061,jessica.rodriguez,mail.corp.local,INTERNAL,250206,WKSTN-U1061
NET004193,2026-06-19 11:31:00,U1011,donna.ramirez75,vpn.corp.local,INTERNAL,392524,WKSTN-U1011
NET016594,2026-06-19 11:25:00,U1040,matthew.martin,vpn.corp.local,INTERNAL,375563,
NET020973,2026-06-19 11:14:00,U1051,sandra.king72,vpn.corp.local,INTERNAL,137482,WKSTN-U1051
NET001497,2026-06-19 11:19:00,U1004,elizabeth.wilson98,hr-portal.corp.local,INTERNAL,204990,WKSTN-U1004
NET015794,2026-06-19 11:33:00,U1038,emily.clark,confluence.corp.local,INTERNAL,410212,WKSTN-U1038
NET014192,2026-06-19 11:08:00,U1034,thomas.allen63,hr-portal.corp.local,INTERNAL,135038,WKSTN-U1034
NET041243,2026-06-19 11:06:00,U1100,daniel.brown38,jira.corp.local,INTERNAL,316976,WKSTN-U1100
NET033065,2026-06-19 11:32:00,U1081,margaret.davis,sharepoint.corp.local,INTERNAL,315178,WKSTN-U1081
NET034836,2026-06-19 11:23:00,U1085,barbara.walker67,mail.corp.local,INTERNAL,240473,WKSTN-U1085
NET008555,2026-06-19 11:25:00,U1021,jessica.walker,hr-portal.corp.local,INTERNAL,233747,WKSTN-U1021
NET009019,2026-06-19 11:12:00,U1022,sandra.brown,confluence.corp.local,INTERNAL,465185,WKSTN-U1022
NET022586,2026-06-19 11:09:00,U1055,patricia.wilson54,confluence.corp.local,INTERNAL,32516,  WKSTN-U1055 
NET039693,2026-06-19 11:05:00,U1096,david.allen76,confluence.corp.local,INTERNAL,463310,WKSTN-U1096
NET021756,2026-06-19 11:09:00,U1053,john.jackson31,confluence.corp.local,INTERNAL,332669,WKSTN-U1053
NET024995,2026-06-19 11:13:00,U1061,jessica.rodriguez,jira.corp.local,INTERNAL,352741,WKSTN-U1061
NET038869,2026-06-19 11:15:00,U1094,elizabeth.lewis69,vpn.corp.local,INTERNAL,73312,WKSTN-U1094
NET022176,2026-06-19 11:42:00,U1054,,hr-portal.corp.local,INTERNAL,389059,WKSTN-U1054
NET009464,2026-06-19 11:52:00,U1023,richard.wright,mail.corp.local,INTERNAL,64226,WKSTN-U1023
NET006267,2026-06-19 11:45:00,U1016,patricia.thomas,hr-portal.corp.local,internal,151963,WKSTN-U1016
NET025781,2026-06-19 12:03:00,U1063,john.nguyen,jira.corp.local,INTERNAL,260545,WKSTN-U1063
NET040870,2026-06-19 12:04:00,U1099,joseph.garcia,jira.corp.local,INTERNAL,8131,WKSTN-U1099
NET009923,2026-06-19 11:40:00,U1024,emily.miller,linkedin.com,EXTERNAL,14100,WKSTN-U1024
NET022174,2026-06-19 11:54:00,U1054,anthony.martinez,confluence.corp.local,INTERNAL,235903,WKSTN-U1054
NET022177,2026-06-19 11:44:00,U1054,anthony.martinez,linkedin.com,EXTERNAL,19815,WKSTN-U1054
NET001888,2026-06-19 11:49:00,U1005,ROBERT.ROBINSON,hr-portal.corp.local,INTERNAL,41977,WKSTN-U1005
NET014601,2026-06-19 11:53:00,U1035,nancy.rodriguez82,confluence.corp.local,INTERNAL,,WKSTN-U1035
NET026988,2026-06-19 11:53:00,U1066,michelle.wright62,sharepoint.corp.local,INTERNAL,184636,WKSTN-U1066
NET015390,2026-06-19 11:59:00,U1037,robert.martin,vpn.corp.local,INTERNAL,185375,WKSTN-U1037
NET023356,2026-06-19 11:34:00,U1057,nancy.sanchez,vpn.corp.local,INTERNAL,363329,WKSTN-U1057
NET030972,2026-06-19 11:56:00,U1076,john.torres,vpn.corp.local,INTERNAL,372170,WKSTN-U1076
NET021361,2026-06-19 11:46:00,U1052,paul.taylor,linkedin.com,EXTERNAL,4999,WKSTN-U1052
NET024160,2026-06-19 11:50:00,U1059,daniel.perez98,hr-portal.corp.local,INTERNAL,175940,WKSTN-U1059
NET016595,2026-06-19 11:49:00,U1040,matthew.martin,  weather.com ,EXTERNAL,17225,WKSTN-U1040
NET040871,2026-06-19 11:45:00,U1099,joseph.garcia,sharepoint.corp.local,INTERNAL,202276,WKSTN-U1099
NET013812,2026-06-19 11:42:00,U1033,linda.miller,confluence.corp.local,INTERNAL,486499,WKSTN-U1033
NET028587,2026-06-19 11:50:00,U1070,betty.thomas40,vpn.corp.local,INTERNAL,224347,WKSTN-U1070
NET024994,2026-06-19 11:59:00,U1061,jessica.rodriguez,mail.corp.local	,INTERNAL,353448,WKSTN-U1061
NET026569,2026-06-19 11:34:00,U1065,michael.ramirez47,news.com,EXTERNAL,5480,WKSTN-U1065
NET003446,2026-06-19 11:48:00,U1009,daniel.brown,hr-portal.corp.local,INTERNAL,198879,WKSTN-U1009
NET029003,2026-06-19 12:02:00,U1071,matthew.robinson35,confluence.corp.local,INTERNAL,461695,WKSTN-U1071
NET035715,2026-06-19 12:06:00,U1087,charles.sanchez	,jira.corp.local,INTERNAL,448894,WKSTN-U1087
NET029001,2026-06-19 12:08:00,U1071,matthew.robinson35,jira.corp.local,INTERNAL,126533,WKSTN-U1071
NET005027,2026-06-19 12:09:00,U1013,emily.smith,linkedin.com,,12173,WKSTN-U1013
NET000682,2026-06-19 12:08:00,U1002,donna.ramirez,jira.corp.local,INTERNAL,87446,WKSTN-U1002
NET007668,2026-06-19 12:34:00,U1019,donna.anderson,vpn.corp.local,INTERNAL,122065,WKSTN-U1019
NET040099,2026-06-19 12:20:00,U1097,mark.martinez10,sharepoint.corp.local,INTERNAL,174523,WKSTN-U1097
NET031366,2026-06-19 12:30:00,U1077,kimberly.harris58,jira.corp.local,INTERNAL,465132,WKSTN-U1077
NET024162,2026-06-19 12:19:00,U1059,DANIEL.PEREZ98,vpn.corp.local,INTERNAL,445578,WKSTN-U1059
NET038432,2026-06-19 12:34:00,U1093,sarah.clark44,hr-portal.corp.local,INTERNAL,381428,WKSTN-U1093
NET004195,2026-06-19 12:20:00,U1011,donna.ramirez75,vpn.corp.local,INTERNAL,101896,WKSTN-U1011
NET000687,2026-06-19 12:12:00,U1002,donna.ramirez,weather.com,EXTERNAL,1724,WKSTN-U1002
NET022175,2026-06-19 12:08:00,U1054,anthony.martinez,jira.corp.local,INTERNAL,483517,WKSTN-U1054
NET025375,2026-06-19 12:29:00,U1062,william.martin	,sharepoint.corp.local,INTERNAL,437415,WKSTN-U1062
NET034388,2026-06-19 12:18:00,U1084,joshua.taylor,mail.corp.local,INTERNAL,36643,WKSTN-U1084
NET020573,2026-06-19 12:07:00,U1050,michael.ramirez,vpn.corp.local,INTERNAL,14210,WKSTN-U1050
NET016591,2026-06-19 12:28:00,U1040,matthew.martin,hr-portal.corp.local,INTERNAL,222288,WKSTN-U1040
NET029004,2026-06-19 12:30:00,U1071,MATTHEW.ROBINSON35,vpn.corp.local,INTERNAL,193810,WKSTN-U1071
NET028585,2026-06-19 12:27:00,U1070,betty.thomas40,vpn.corp.local,INTERNAL,341679,WKSTN-U1070
NET035284,2026-06-19 12:34:00,U1086,steven.thompson53,vpn.corp.local	,INTERNAL,382876,WKSTN-U1086
NET017393,2026-06-19 12:06:00,U1042,michael.hill56,jira.corp.local,INTERNAL,470072,WKSTN-U1042
NET003448,2026-06-19 12:06:00,U1009,daniel.brown,mail.corp.local,INTERNAL,217229,WKSTN-U1009
NET023756,2026-06-19 12:24:00,U1058,jennifer.ramirez18,sharepoint.corp.local,INTERNAL,489368,WKSTN-U1058
NET029782,2026-06-19 12:19:00,U1073,michael.gonzalez,jira.corp.local,INTERNAL,492378,WKSTN-U1073
NET028586,2026-06-19 12:18:00,U1070,betty.thomas40,jira.corp.local,INTERNAL,449048,WKSTN-U1070
NET023757,2026-06-19 12:09:00,U1058,jennifer.ramirez18,hr-portal.corp.local,INTERNAL,245007,WKSTN-U1058
NET036202,2026-06-19 12:25:00,U1088,andrew.smith85,vpn.corp.local,INTERNAL,158586,WKSTN-U1088
NET001885,2026-06-19 12:40:00,U1005,robert.robinson,sharepoint.corp.local,INTERNAL,189268,WKSTN-U1005
NET030589,2026-06-19 12:50:00,U1075,steven.lewis,confluence.corp.local,INTERNAL,20598,WKSTN-U1075
NET009467,2026-06-19 12:44:00,U1023,richard.wright,sharepoint.corp.local,INTERNAL,127526,WKSTN-U1023
NET036204,2026-06-19 12:58:00,U1088,andrew.smith85,sharepoint.corp.local,INTERNAL,461181,WKSTN-U1088
NET002296,2026-06-19 13:03:00,U1006,george.gonzalez,hr-portal.corp.local,INTERNAL,74852,WKSTN-U1006
NET018996,2026-06-19 12:59:00,U1046,michelle.torres39,mail.corp.local,INTERNAL,233726,WKSTN-U1046
NET013423,2026-06-19 12:53:00,U1032,paul.wright91,sharepoint.corp.local,INTERNAL,216869,WKSTN-U1032
NET023357,2026-06-19 12:53:00,U1057,nancy.sanchez,confluence.corp.local,INTERNAL,299116,WKSTN-U1057
NET035714,2026-06-19 12:56:00,U1087,charles.sanchez,sharepoint.corp.local,INTERNAL,76963,WKSTN-U1087
NET032201,2026-06-19 12:45:00,U1079,emily.jones,vpn.corp.local,INTERNAL,24705,WKSTN-U1079
NET018176,2026-06-19 12:39:00,U1044,lisa.ramirez9,jira.corp.local,INTERNAL,211889,WKSTN-U1044
NET020167,2026-06-19 12:45:00,U1049,michelle.jones59,mail.corp.local,INTERNAL,403461,WKSTN-U1049
NET024991,2026-06-19 12:57:00,U1061,jessica.rodriguez,,INTERNAL,53931,WKSTN-U1061
NET015391,2026-06-19 12:39:00,U1037,robert.martin,confluence.corp.local,INTERNAL,193001,WKSTN-U1037
NET030588,2026-06-19 12:56:00,U1075,,hr-portal.corp.local,INTERNAL,135305,WKSTN-U1075
NET009466,2026-06-19 12:46:00,U1023,richard.wright,confluence.corp.local,INTERNAL,243494,WKSTN-U1023
NET024561,2026-06-19 12:59:00,U1060,matthew.anderson,sharepoint.corp.local,INTERNAL,420483,WKSTN-U1060
NET029401,2026-06-19 12:52:00,U1072,kenneth.lopez,hr-portal.corp.local,INTERNAL,381686,WKSTN-U1072
NET018567,2026-06-19 12:39:00,U1045,daniel.sanchez90,weather.com,EXTERNAL,16431,WKSTN-U1045
NET003824,2026-06-19 12:56:00,U1010,  susan.young51 ,vpn.corp.local,INTERNAL,392337,WKSTN-U1010
NET016973,2026-06-19 12:57:00,U1041,matthew.allen52,confluence.corp.local,INTERNAL,323868,WKSTN-U1041
NET000269,2026-06-19 12:42:00,U1001,linda.johnson95,mail.corp.local,INTERNAL,271155,WKSTN-U1001
NET033935,2026-06-19 12:45:00,U1083,sarah.allen70,news.com,EXTERNAL,15963,WKSTN-U1083
NET005425,2026-06-19 12:47:00,U1014,james.taylor,confluence.corp.local,INTERNAL,394927,WKSTN-U1014
NET001498,2026-06-19 12:49:00,U1004,elizabeth.wilson98,sharepoint.corp.local,INTERNAL,299243,WKSTN-U1004
NET040097,2026-06-19 13:34:00,U1097,mark.martinez10,confluence.corp.local,INTERNAL,65083,WKSTN-U1097
NET031767,2026-06-19 13:11:00,U1078,michelle.miller,jira.corp.local,INTERNAL,207601,WKSTN-U1078	
NET014191,2026-06-19 13:08:00,U1034,thomas.allen63,vpn.corp.local,INTERNAL,298861,
NET016975,2026-06-19 13:19:00,U1041,matthew.allen52,confluence.corp.local,,223180,WKSTN-U1041	
NET016592,2026-06-19 13:28:00,U1040,matthew.martin,mail.corp.local,INTERNAL,209016,  WKSTN-U1040 
NET027744,2026-06-19 13:23:00,U1068,susan.thompson34,  mail.corp.local ,INTERNAL,,WKSTN-U1068
NET025373,2026-06-19 13:15:00,U1062,william.martin,  confluence.corp.local ,INTERNAL,319061,WKSTN-U1062
NET018175,2026-06-19 13:11:00,U1044,lisa.ramirez9,  confluence.corp.local ,INTERNAL,31874,WKSTN-U1044
NET008556,2026-06-19 13:36:00,U1021,jessica.walker,jira.corp.local,INTERNAL,83290,WKSTN-U1021
NET026168,2026-06-19 13:11:00,U1064,matthew.wright55,vpn.corp.local,INTERNAL,176193,WKSTN-U1064
NET005022,2026-06-19 13:14:00,U1013,emily.smith,confluence.corp.local,,215220,WKSTN-U1013
NET008116,2026-06-19 13:07:00,U1020,andrew.thomas36,confluence.corp.local,INTERNAL,3553,WKSTN-U1020
NET033930,2026-06-19 13:33:00,U1083,sarah.allen70,jira.corp.local,INTERNAL,144903,WKSTN-U1083
NET034837,2026-06-19 13:29:00,U1085,barbara.walker67,vpn.corp.local,INTERNAL,211957,WKSTN-U1085
NET025782,2026-06-19 13:24:00,U1063,john.nguyen	,vpn.corp.local,INTERNAL,323660,WKSTN-U1063
NET007211,2026-06-19 13:41:00,U1018,betty.white57,jira.corp.local,INTERNAL,399860,WKSTN-U1018
NET039272,2026-06-19 13:29:00,U1095,richard.thomas74,vpn.corp.local,INTERNAL,90946,WKSTN-U1095
NET019404,2026-06-19 13:20:00,U1047,sandra.lewis,hr-portal.corp.local	,INTERNAL,200295,WKSTN-U1047
NET040480,2026-06-19 13:40:00,U1098,nancy.wright49,hr-portal.corp.local,INTERNAL,117074000.0,WKSTN-U1098
NET029783,2026-06-19 13:20:00,U1073,michael.gonzalez,jira.corp.local,INTERNAL,37054,WKSTN-U1073
NET001099,2026-06-19 13:25:00,U1003,  kenneth.clark29 ,vpn.corp.local,INTERNAL,498340,WKSTN-U1003
NET019790,2026-06-19 13:26:00,U1048,jennifer.thomas87,hr-portal.corp.local,INTERNAL,380784,WKSTN-U1048
NET024559,2026-06-19 13:12:00,U1060,matthew.anderson,jira.corp.local,INTERNAL,153590,WKSTN-U1060
NET026990,2026-06-19 13:40:00,U1066,michelle.wright62,linkedin.com,EXTERNAL,19941,WKSTN-U1066
NET006270,2026-06-19 13:14:00,U1016,patricia.thomas,confluence.corp.local,INTERNAL,496442,WKSTN-U1016
NET027741,2026-06-19 13:51:00,U1068,susan.thompson34,hr-portal.corp.local,INTERNAL,212365,WKSTN-U1068
NET034387,2026-06-19 13:46:00,U1084,joshua.taylor,mail.corp.local,,492699,WKSTN-U1084
NET005426,2026-06-19 14:06:00,U1014,james.taylor,,INTERNAL,165131,WKSTN-U1014
NET027742,2026-06-19 13:45:00,U1068,susan.thompson34,confluence.corp.local,INTERNAL,406485,WKSTN-U1068
NET003051,2026-06-19 13:54:00,U1008,joshua.hernandez,sharepoint.corp.local,INTERNAL,86397,WKSTN-U1008
NET038868,2026-06-19 14:09:00,U1094,  elizabeth.lewis69 ,sharepoint.corp.local,INTERNAL,1088,WKSTN-U1094
NET041244,2026-06-19 14:05:00,U1100,daniel.brown38,confluence.corp.local,internal,147062,WKSTN-U1100
NET027374,2026-06-19 13:55:00,U1067,paul.thomas97,vpn.corp.local,INTERNAL,473422,WKSTN-U1067
NET027740,2026-06-19 13:42:00,U1068,susan.thompson34,mail.corp.local,INTERNAL,317773,WKSTN-U1068
NET033933,2026-06-19 13:44:00,U1083,sarah.allen70,sharepoint.corp.local,INTERNAL,217699,WKSTN-U1083
NET013814,2026-06-19 13:57:00,U1033,linda.miller,,INTERNAL,409351,WKSTN-U1033
NET018995,2026-06-19 13:49:00,U1046,michelle.torres39,sharepoint.corp.local,INTERNAL,217389,WKSTN-U1046
NET007213,2026-06-19 14:07:00,U1018,betty.white57,confluence.corp.local,INTERNAL,110489,  WKSTN-U1018 
NET000266,2026-06-19 14:05:00,U1001,linda.johnson95,hr-portal.corp.local,INTERNAL,398034,WKSTN-U1001
NET039270,2026-06-19 14:01:00,U1095,richard.thomas74,mail.corp.local,INTERNAL,216733,WKSTN-U1095
NET014979,2026-06-19 13:48:00,U1036,linda.jones,vpn.corp.local,INTERNAL,160063,WKSTN-U1036
NET033934,2026-06-19 14:11:00,U1083,sarah.allen70,hr-portal.corp.local,INTERNAL,379627,WKSTN-U1083
NET013813,2026-06-19 13:58:00,U1033,linda.miller,vpn.corp.local,INTERNAL,473770,WKSTN-U1033
NET011713,2026-06-19 13:53:00,U1028,john.hill,  hr-portal.corp.local ,INTERNAL,474967,WKSTN-U1028
NET026567,2026-06-19 14:07:00,U1065,michael.ramirez47,hr-portal.corp.local,INTERNAL,226110,WKSTN-U1065
NET039269,2026-06-19 13:58:00,U1095,richard.thomas74,vpn.corp.local,INTERNAL,178232,WKSTN-U1095
NET020574,2026-06-19 13:50:00,U1050,michael.ramirez,jira.corp.local,INTERNAL,311329,  WKSTN-U1050 
NET027375,2026-06-19 14:10:00,U1067,paul.thomas97,linkedin.com,EXTERNAL,,WKSTN-U1067
NET002297,2026-06-19 13:48:00,U1006,george.gonzalez,hr-portal.corp.local,INTERNAL,85435,WKSTN-U1006
NET020970,2026-06-19 13:57:00,U1051,sandra.king72,hr-portal.corp.local,INTERNAL,134451,WKSTN-U1051
NET003823,2026-06-19 14:42:00,U1010,susan.young51,confluence.corp.local,INTERNAL,415763,WKSTN-U1010
NET003048,2026-06-19 14:32:00,U1008,joshua.hernandez,sharepoint.corp.local,INTERNAL,49681,WKSTN-U1008
NET005026,2026-06-19 14:12:00,U1013,EMILY.SMITH,vpn.corp.local,INTERNAL,27215,WKSTN-U1013
NET019792,2026-06-19 14:47:00,U1048,jennifer.thomas87,news.com,EXTERNAL,1800,WKSTN-U1048
NET020575,2026-06-19 14:41:00,U1050,MICHAEL.RAMIREZ,linkedin.com,EXTERNAL,15691,WKSTN-U1050
NET038433,2026-06-19 14:34:00,U1093,sarah.clark44,weather.com,EXTERNAL,8172,WKSTN-U1093
NET026989,2026-06-19 14:24:00,U1066,michelle.wright62,vpn.corp.local,INTERNAL,451108,WKSTN-U1066
NET007212,2026-06-19 14:29:00,U1018,betty.white57,hr-portal.corp.local,INTERNAL,292126,WKSTN-U1018
NET009020,2026-06-19 14:36:00,U1022,sandra.brown,weather.com,EXTERNAL,17927,WKSTN-U1022
NET002295,2026-06-19 14:47:00,U1006,  george.gonzalez ,jira.corp.local,INTERNAL,424349,WKSTN-U1006
NET004586,2026-06-19 14:39:00,U1012,linda.martinez,jira.corp.local	,INTERNAL,485732,WKSTN-U1012
NET040101,2026-06-19 14:24:00,U1097,mark.martinez10,sharepoint.corp.local,INTERNAL,429859,WKSTN-U1097
NET009922,2026-06-19 14:24:00,U1024,emily.miller,confluence.corp.local,INTERNAL,46592,WKSTN-U1024
NET019403,2026-06-19 14:48:00,U1047,,,INTERNAL,54071,WKSTN-U1047
NET001100,2026-06-19 14:48:00,U1003,kenneth.clark29,sharepoint.corp.local,INTERNAL,97539,WKSTN-U1003
NET001499,2026-06-19 14:25:00,U1004,elizabeth.wilson98,mail.corp.local,INTERNAL,347071,WKSTN-U1004
NET034834,2026-06-19 14:36:00,U1085,barbara.walker67,hr-portal.corp.local,INTERNAL,306350,WKSTN-U1085
NET026167,2026-06-19 14:22:00,U1064,matthew.wright55,confluence.corp.local,INTERNAL,177366,WKSTN-U1064
NET019787,2026-06-19 14:22:00,U1048,jennifer.thomas87,mail.corp.local,INTERNAL,42683,WKSTN-U1048
NET015793,2026-06-19 14:46:00,U1038,emily.clark,vpn.corp.local,INTERNAL,311460,WKSTN-U1038
NET036640,2026-06-19 14:46:00,U1089,paul.brown27,confluence.corp.local,internal,340705,WKSTN-U1089
NET017390,2026-06-19 14:47:00,U1042,michael.hill56,hr-portal.corp.local,INTERNAL,368873,WKSTN-U1042
NET001887,2026-06-19 14:21:00,U1005,robert.robinson,vpn.corp.local,INTERNAL,269850,WKSTN-U1005
NET025780,2026-06-19 14:13:00,U1063,john.nguyen,sharepoint.corp.local,INTERNAL,176890,  WKSTN-U1063 
NET030182,2026-06-19 14:12:00,U1074,sarah.williams7,confluence.corp.local,INTERNAL,24061,WKSTN-U1074
NET016974,2026-06-19 15:18:00,U1041,matthew.allen52,sharepoint.corp.local,INTERNAL,244875,WKSTN-U1041
NET036203,2026-06-19 15:30:00,U1088,andrew.smith85,vpn.corp.local,INTERNAL,246192,WKSTN-U1088
NET011267,2026-06-19 15:30:00,U1027,patricia.brown75,jira.corp.local,INTERNAL,226799,WKSTN-U1027
NET006748,2026-06-19 15:15:00,U1017,emily.hernandez34,jira.corp.local,INTERNAL,386338,WKSTN-U1017
NET009016,2026-06-19 15:03:00,U1022,sandra.brown,mail.corp.local,INTERNAL,422698,WKSTN-U1022
NET030587,2026-06-19 15:20:00,U1075,steven.lewis,mail.corp.local,INTERNAL,40603,  WKSTN-U1075 
NET035717,2026-06-19 14:49:00,U1087,charles.sanchez,confluence.corp.local,INTERNAL,338537,WKSTN-U1087
NET037094,2026-06-19 14:49:00,U1090,mary.hill,vpn.corp.local,INTERNAL,120419,WKSTN-U1090
NET032202,2026-06-19 15:32:00,U1079,emily.jones,sharepoint.corp.local,INTERNAL,149688,WKSTN-U1079
NET030974,2026-06-19 15:13:00,U1076,,sharepoint.corp.local,INTERNAL,85609,WKSTN-U1076
NET006268,2026-06-19 15:08:00,U1016,patricia.thomas,jira.corp.local,INTERNAL,233751,WKSTN-U1016
NET005024,2026-06-19 15:14:00,U1013,emily.smith,confluence.corp.local,INTERNAL,383173,WKSTN-U1013
NET012152,2026-06-19 15:20:00,U1029,michelle.garcia54,hr-portal.corp.local,INTERNAL,482309,WKSTN-U1029
NET004587,2026-06-19 14:48:00,U1012,linda.martinez,vpn.corp.local,INTERNAL,393048,WKSTN-U1012
NET017391,2026-06-19 14:49:00,U1042,michael.hill56,jira.corp.local,INTERNAL,328339,WKSTN-U1042
NET008557,2026-06-19 14:53:00,U1021,jessica.walker	,mail.corp.local,INTERNAL,245792,WKSTN-U1021
NET034833,2026-06-19 14:57:00,U1085,barbara.walker67,vpn.corp.local,INTERNAL,446051,WKSTN-U1085
NET001886,2026-06-19 14:51:00,U1005,robert.robinson,sharepoint.corp.local,INTERNAL,155412,WKSTN-U1005
NET035283,2026-06-19 15:16:00,U1086,steven.thompson53,hr-portal.corp.local,INTERNAL,439127,WKSTN-U1086
NET037539,2026-06-19 15:05:00,U1091,linda.robinson,confluence.corp.local,INTERNAL,329757,WKSTN-U1091
NET041245,2026-06-19 15:26:00,U1100,daniel.brown38,jira.corp.local,INTERNAL,231365,WKSTN-U1100
NET024562,2026-06-19 15:06:00,U1060,matthew.anderson,vpn.corp.local,INTERNAL,137507,WKSTN-U1060
NET022583,2026-06-19 14:52:00,U1055,PATRICIA.WILSON54,confluence.corp.local,INTERNAL,499958,WKSTN-U1055
NET020972,2026-06-19 15:36:00,U1051,sandra.king72,hr-portal.corp.local,INTERNAL,426238,WKSTN-U1051
NET005846,2026-06-19 15:01:00,U1015,lisa.hernandez,confluence.corp.local	,INTERNAL,385017,WKSTN-U1015
NET001096,2026-06-19 16:25:00,U1003,kenneth.clark29,jira.corp.local,INTERNAL,345054,WKSTN-U1003
NET037996,2026-06-19 16:02:00,U1092,steven.thomas,sharepoint.corp.local,INTERNAL,62571,WKSTN-U1092
NET014977,2026-06-19 16:02:00,U1036,linda.jones,hr-portal.corp.local,INTERNAL,169013,WKSTN-U1036
NET014602,2026-06-19 15:36:00,U1035,nancy.rodriguez82,jira.corp.local,INTERNAL,29558,
NET016972,2026-06-19 16:02:00,U1041,matthew.allen52,sharepoint.corp.local,INTERNAL,116737,WKSTN-U1041
NET031768,2026-06-19 15:54:00,U1078,michelle.miller,sharepoint.corp.local,INTERNAL,210648,WKSTN-U1078
NET002682,2026-06-19 16:29:00,U1007,sarah.robinson82,jira.corp.local,INTERNAL,4494,WKSTN-U1007
NET004194,2026-06-19 16:03:00,U1011,donna.ramirez75,jira.corp.local,INTERNAL,20410,WKSTN-U1011
NET030973,2026-06-19 15:41:00,U1076,john.torres,sharepoint.corp.local,INTERNAL,405293,WKSTN-U1076
NET029781,2026-06-19 16:23:00,U1073,michael.gonzalez,vpn.corp.local,INTERNAL,58427,WKSTN-U1073
NET003052,2026-06-19 15:57:00,U1008,,jira.corp.local,INTERNAL,64102,WKSTN-U1008
NET039692,2026-06-19 15:59:00,U1096,david.allen76,sharepoint.corp.local,INTERNAL,73231,WKSTN-U1096
NET026987,2026-06-19 16:12:00,U1066,michelle.wright62,confluence.corp.local,INTERNAL,290532,WKSTN-U1066
NET033064,2026-06-19 15:38:00,U1081,margaret.davis,mail.corp.local,,348092,WKSTN-U1081
NET036201,2026-06-19 16:02:00,U1088,andrew.smith85,vpn.corp.local,INTERNAL,420581,
NET028172,2026-06-19 16:12:00,U1069,jessica.clark,vpn.corp.local,INTERNAL,232031,WKSTN-U1069
NET037535,2026-06-19 15:47:00,U1091,linda.robinson,sharepoint.corp.local,INTERNAL,366117,WKSTN-U1091
NET006750,2026-06-19 15:37:00,U1017,emily.hernandez34,vpn.corp.local,INTERNAL,276361,WKSTN-U1017
NET040098,2026-06-19 15:55:00,U1097,mark.martinez10,hr-portal.corp.local,INTERNAL,64584,WKSTN-U1097
NET021360,2026-06-19 16:19:00,U1052,paul.taylor,mail.corp.local,INTERNAL,256132,WKSTN-U1052
NET029780,2026-06-19 15:36:00,U1073,michael.gonzalez,sharepoint.corp.local,INTERNAL,304474,WKSTN-U1073
NET034835,2026-06-19 16:21:00,U1085,barbara.walker67,mail.corp.local,INTERNAL,126478,WKSTN-U1085
NET014190,2026-06-19 16:21:00,U1034,thomas.allen63,hr-portal.corp.local,INTERNAL,313258,WKSTN-U1034
NET018566,2026-06-19 15:49:00,U1045,daniel.sanchez90,confluence.corp.local,INTERNAL,469525,WKSTN-U1045
NET009919,2026-06-19 15:56:00,U1024,emily.miller,vpn.corp.local,INTERNAL,397684,WKSTN-U1024
NET001097,2026-06-19 16:37:00,U1003,kenneth.clark29,vpn.corp.local,INTERNAL,481830,WKSTN-U1003
NET029400,2026-06-19 16:44:00,U1072,kenneth.lopez,confluence.corp.local,INTERNAL,111652,WKSTN-U1072
NET000268,2026-06-19 16:33:00,U1001,linda.johnson95,hr-portal.corp.local,INTERNAL,471308,WKSTN-U1001
NET038430,2026-06-19 16:31:00,U1093,sarah.clark44,  jira.corp.local ,INTERNAL,469929,WKSTN-U1093
NET040481,2026-06-19 16:48:00,U1098,nancy.wright49,vpn.corp.local,INTERNAL,417642,WKSTN-U1098
NET030590,2026-06-19 17:55:00,U1075,steven.lewis,,INTERNAL,328308,WKSTN-U1075
NET030591,2026-06-19 17:19:00,U1075,steven.lewis,confluence.corp.local,INTERNAL,165196,WKSTN-U1075
NET004589,2026-06-19 16:43:00,U1012,linda.martinez,confluence.corp.local,INTERNAL,303658,WKSTN-U1012
NET003050,2026-06-19 17:17:00,U1008,joshua.hernandez,vpn.corp.local,INTERNAL,380856,WKSTN-U1008
NET030976,2026-06-19 16:50:00,U1076,john.torres,mail.corp.local,INTERNAL,6370,WKSTN-U1076
NET016971,2026-06-19 17:22:00,U1041,matthew.allen52,jira.corp.local,INTERNAL,340918,WKSTN-U1041	
NET016185,2026-06-19 16:42:00,U1039,mark.thomas,vpn.corp.local,INTERNAL,377689,WKSTN-U1039
NET009015,2026-06-19 16:29:00,U1022,sandra.brown,jira.corp.local,INTERNAL,149718,WKSTN-U1022
NET000683,2026-06-19 17:10:00,U1002,donna.ramirez,mail.corp.local,INTERNAL,11026,WKSTN-U1002
NET018177,2026-06-19 16:40:00,U1044,lisa.ramirez9,vpn.corp.local,INTERNAL,177767,WKSTN-U1044
NET033475,2026-06-19 17:21:00,U1082,karen.hill96,jira.corp.local,INTERNAL,100439,WKSTN-U1082
NET016593,2026-06-19 17:13:00,U1040,matthew.martin,mail.corp.local,INTERNAL,422742,  WKSTN-U1040 
NET006749,2026-06-19 17:00:00,U1017,emily.hernandez34,confluence.corp.local,INTERNAL,50313,WKSTN-U1017
NET009017,2026-06-19 16:34:00,U1022,sandra.brown,jira.corp.local,INTERNAL,181703,WKSTN-U1022
NET041242,2026-06-19 16:38:00,U1100,daniel.brown38,jira.corp.local,INTERNAL,83678,WKSTN-U1100
NET003049,2026-06-19 17:46:00,U1008,joshua.hernandez,jira.corp.local,INTERNAL,266658,WKSTN-U1008
NET024992,2026-06-19 16:48:00,U1061,jessica.rodriguez,hr-portal.corp.local,INTERNAL,277976,WKSTN-U1061
NET027372,2026-06-19 17:12:00,U1067,paul.thomas97,mail.corp.local,INTERNAL,288295,WKSTN-U1067
NET033474,2026-06-19 16:56:00,U1082,karen.hill96,mail.corp.local,INTERNAL,445994,  WKSTN-U1082 
NET002681,2026-06-19 17:51:00,U1007,sarah.robinson82,vpn.corp.local,INTERNAL,283022,WKSTN-U1007
NET034405,2026-06-20 09:22:00,U1084,joshua.taylor,sharepoint.corp.local,,28760,  WKSTN-U1084 
NET013011,2026-06-20 11:19:00,U1031,john.wright28,confluence.corp.local,INTERNAL,87189,WKSTN-U1031
NET004604,2026-06-21 11:50:00,U1012,linda.martinez,sharepoint.corp.local,INTERNAL,,WKSTN-U1012
NET028192,2026-06-21 09:04:00,U1069,jessica.clark,confluence.corp.local,INTERNAL,263837,WKSTN-U1069
NET020180,2026-06-22 07:49:00,U1049,michelle.jones59,jira.corp.local,INTERNAL,186347,WKSTN-U1049
NET030198,2026-06-20 07:44:00,U1074,sarah.williams7,mail.corp.local,INTERNAL,396955,WKSTN-U1074
NET036659,2026-06-22 07:35:00,U1089,paul.brown27,mail.corp.local,INTERNAL,87636,WKSTN-U1089	
NET013013,2026-06-20 11:18:00,U1031,JOHN.WRIGHT28,news.com,EXTERNAL,-15939.0,  WKSTN-U1031 
NET036219,2026-06-22 08:07:00,U1088,andrew.smith85,jira.corp.local,INTERNAL,381727,WKSTN-U1088
NET006289,2026-06-22 07:19:00,U1016,patricia.thomas,hr-portal.corp.local,INTERNAL,,WKSTN-U1016
NET004605,2026-06-21 14:24:00,U1012,linda.martinez,jira.corp.local,INTERNAL,493246,WKSTN-U1012
NET030197,2026-06-20 14:28:00,U1074,,confluence.corp.local,INTERNAL,444720,WKSTN-U1074
NET004607,2026-06-21 07:28:00,U1012,linda.martinez,news.com,EXTERNAL,13799,WKSTN-U1012
NET028190,2026-06-21 16:13:00,U1069,jessica.clark,sharepoint.corp.local,INTERNAL,30390000.0,
NET013012,2026-06-20 11:46:00,U1031,john.wright28,hr-portal.corp.local,INTERNAL,209407,WKSTN-U1031
NET013010,2026-06-20 08:48:00,U1031,john.wright28,hr-portal.corp.local,INTERNAL,210827,WKSTN-U1031
NET000282,2026-06-22 08:11:00,U1001,linda.johnson95,vpn.corp.local,INTERNAL,474373,WKSTN-U1001
NET029421,2026-06-22 07:50:00,U1072,kenneth.lopez,weather.com,EXTERNAL,4779,WKSTN-U1072
NET028209,2026-06-22 08:10:00,U1069,jessica.clark,jira.corp.local,INTERNAL,172678,WKSTN-U1069
NET028191,2026-06-21 09:11:00,U1069,jessica.clark,hr-portal.corp.local,INTERNAL,198701,WKSTN-U1069
NET006771,2026-06-22 07:48:00,U1017,emily.hernandez34,hr-portal.corp.local,INTERNAL,92488,
NET004606,2026-06-21 08:00:00,U1012,linda.martinez,mail.corp.local,INTERNAL,,WKSTN-U1012
NET034406,2026-06-20 17:03:00,U1084,joshua.taylor,hr-portal.corp.local,INTERNAL,343673,WKSTN-U1084
NET013009,2026-06-20 14:57:00,U1031,john.wright28,vpn.corp.local,INTERNAL,297962,WKSTN-U1031
NET009485,2026-06-22 07:45:00,U1023,richard.wright,confluence.corp.local,INTERNAL,76456,WKSTN-U1023
NET025390,2026-06-22 08:28:00,U1062,william.martin,confluence.corp.local,INTERNAL,384923,WKSTN-U1062
NET006288,2026-06-22 08:43:00,U1016,patricia.thomas,sharepoint.corp.local,INTERNAL,21993,WKSTN-U1016
NET016198,2026-06-22 08:18:00,U1039,mark.thomas,vpn.corp.local,INTERNAL,109253,WKSTN-U1039
NET033491,2026-06-22 08:40:00,U1082,karen.hill96,vpn.corp.local,INTERNAL,318150,WKSTN-U1082
NET019810,2026-06-22 08:52:00,U1048,jennifer.thomas87,confluence.corp.local,INTERNAL,298719,WKSTN-U1048
NET009042,2026-06-22 08:17:00,U1022,sandra.brown,  vpn.corp.local ,INTERNAL,410543,WKSTN-U1022
NET035738,2026-06-22 08:14:00,U1087,charles.sanchez,mail.corp.local,INTERNAL,165419,WKSTN-U1087
NET023774,2026-06-22 08:52:00,U1058,jennifer.ramirez18,confluence.corp.local,INTERNAL,5328,WKSTN-U1058
NET029420,2026-06-22 08:29:00,U1072,kenneth.lopez,sharepoint.corp.local,INTERNAL,128283,WKSTN-U1072
NET001907,2026-06-22 08:20:00,U1005,robert.robinson,confluence.corp.local,INTERNAL,299589,WKSTN-U1005
NET021772,2026-06-22 08:49:00,U1053,john.jackson31,hr-portal.corp.local,INTERNAL,446327,WKSTN-U1053
NET038018,2026-06-22 08:42:00,U1092,STEVEN.THOMAS,hr-portal.corp.local,INTERNAL,335575,WKSTN-U1092
NET002696,2026-06-22 08:51:00,U1007,sarah.robinson82,mail.corp.local,INTERNAL,36264,WKSTN-U1007
NET028605,2026-06-22 08:22:00,U1070,betty.thomas40,jira.corp.local,INTERNAL,,WKSTN-U1070	
NET014993,2026-06-22 08:40:00,U1036,linda.jones,jira.corp.local,INTERNAL,29137,WKSTN-U1036
NET033951,2026-06-22 08:33:00,U1083,sarah.allen70,sharepoint.corp.local,INTERNAL,163325,WKSTN-U1083
NET028603,2026-06-22 08:41:00,U1070,betty.thomas40,hr-portal.corp.local,INTERNAL,71227,WKSTN-U1070
NET013437,2026-06-22 08:50:00,U1032,PAUL.WRIGHT91,  jira.corp.local ,INTERNAL,160010,WKSTN-U1032
NET036220,2026-06-22 08:50:00,U1088,andrew.smith85,,INTERNAL,341089,  WKSTN-U1088 
NET001116,2026-06-22 08:49:00,U1003,kenneth.clark29,vpn.corp.local,INTERNAL,,WKSTN-U1003
NET016199,2026-06-22 08:16:00,U1039,mark.thomas,vpn.corp.local,INTERNAL,109265,WKSTN-U1039
NET018198,2026-06-22 08:27:00,U1044,lisa.ramirez9,jira.corp.local,INTERNAL,331361,WKSTN-U1044	
NET008131,2026-06-22 08:52:00,U1020,andrew.thomas36,vpn.corp.local,INTERNAL,217878,WKSTN-U1020
NET034428,2026-06-22 08:55:00,U1084,joshua.taylor,sharepoint.corp.local	,INTERNAL,227413,  WKSTN-U1084 
NET029799,2026-06-22 08:38:00,U1073,,hr-portal.corp.local,INTERNAL,29592,WKSTN-U1073
NET038019,2026-06-22 09:13:00,U1092,steven.thomas,vpn.corp.local,INTERNAL,16772,WKSTN-U1092
NET029801,2026-06-22 09:20:00,U1073,michael.gonzalez,vpn.corp.local,INTERNAL,489758,WKSTN-U1073
NET012172,2026-06-22 09:13:00,U1029,michelle.garcia54,confluence.corp.local,INTERNAL,241840,WKSTN-U1029
NET012170,2026-06-22 09:23:00,U1029,michelle.garcia54,hr-portal.corp.local,INTERNAL,245639,WKSTN-U1029
NET031790,2026-06-22 09:25:00,U1078,michelle.miller,jira.corp.local,INTERNAL,58047,WKSTN-U1078
NET030218,2026-06-22 09:22:00,U1074,sarah.williams7,sharepoint.corp.local,INTERNAL,355825,WKSTN-U1074
NET039709,2026-06-22 09:45:00,U1096,david.allen76,vpn.corp.local,INTERNAL,387784,WKSTN-U1096
NET033081,2026-06-22 09:25:00,U1081,margaret.davis,mail.corp.local,INTERNAL,492948,WKSTN-U1081
NET034854,2026-06-22 09:45:00,U1085,barbara.walker67,hr-portal.corp.local,INTERNAL,211733,WKSTN-U1085
NET020182,2026-06-22 09:23:00,U1049,michelle.jones59,mail.corp.local,INTERNAL,435744,WKSTN-U1049
NET030607,2026-06-22 09:42:00,U1075,steven.lewis,hr-portal.corp.local,INTERNAL,51196,WKSTN-U1075
NET027390,2026-06-22 09:13:00,U1067,paul.thomas97,jira.corp.local,INTERNAL,237616,WKSTN-U1067
NET034429,2026-06-22 09:48:00,U1084,joshua.taylor,vpn.corp.local,INTERNAL,87596,WKSTN-U1084
NET010820,2026-06-22 09:36:00,U1026,ELIZABETH.GONZALEZ,hr-portal.corp.local,INTERNAL,224047,WKSTN-U1026
NET018197,2026-06-22 09:06:00,U1044,lisa.ramirez9,jira.corp.local,INTERNAL,50130,WKSTN-U1044
NET040884,2026-06-22 09:36:00,U1099,joseph.garcia,confluence.corp.local,INTERNAL,239717,WKSTN-U1099
NET029802,2026-06-22 09:02:00,U1073,  michael.gonzalez ,vpn.corp.local,INTERNAL,290557,WKSTN-U1073
NET025796,2026-06-22 09:48:00,U1063,john.nguyen,jira.corp.local,INTERNAL,123001,WKSTN-U1063
NET009487,2026-06-22 08:59:00,U1023,richard.wright	,sharepoint.corp.local,INTERNAL,97933,WKSTN-U1023
NET039708,2026-06-22 09:39:00,U1096,david.allen76,sharepoint.corp.local,INTERNAL,263681,WKSTN-U1096
NET006769,2026-06-22 09:46:00,U1017,emily.hernandez34,jira.corp.local,INTERNAL,393874,WKSTN-U1017
NET016996,2026-06-22 09:04:00,U1041,matthew.allen52,mail.corp.local,INTERNAL,42720,WKSTN-U1041
NET039293,2026-06-22 09:27:00,U1095,richard.thomas74,sharepoint.corp.local,INTERNAL,141701,WKSTN-U1095
NET031384,2026-06-22 09:41:00,U1077,kimberly.harris58,confluence.corp.local,INTERNAL,373259,WKSTN-U1077
NET039713,2026-06-22 09:37:00,U1096,david.allen76,news.com,EXTERNAL,15673,WKSTN-U1096
NET024576,2026-06-22 10:01:00,U1060,matthew.anderson,vpn.corp.local	,INTERNAL,495898,WKSTN-U1060
NET031789,2026-06-22 09:55:00,U1078,michelle.miller,sharepoint.corp.local,INTERNAL,406376,WKSTN-U1078
NET026184,2026-06-22 10:21:00,U1064,,hr-portal.corp.local,INTERNAL,236775,WKSTN-U1064
NET028210,2026-06-22 10:01:00,U1069,jessica.clark,,INTERNAL,175735,WKSTN-U1069
NET005043,2026-06-22 09:51:00,U1013,emily.smith,  jira.corp.local ,INTERNAL,38464,WKSTN-U1013
NET038451,2026-06-22 09:56:00,U1093,sarah.clark44,vpn.corp.local,INTERNAL,132217,WKSTN-U1093
NET015411,2026-06-22 10:02:00,U1037,robert.martin,hr-portal.corp.local,INTERNAL,15959,WKSTN-U1037
NET005862,2026-06-22 10:01:00,U1015,LISA.HERNANDEZ,jira.corp.local,INTERNAL,24709,WKSTN-U1015
NET001514,2026-06-22 10:01:00,U1004,elizabeth.wilson98,hr-portal.corp.local,INTERNAL,354952,WKSTN-U1004
NET012171,2026-06-22 10:14:00,U1029,michelle.garcia54,jira.corp.local,INTERNAL,180721,WKSTN-U1029
NET013027,2026-06-22 10:17:00,U1031,john.wright28	,,INTERNAL,79022,WKSTN-U1031
NET025799,2026-06-22 10:13:00,U1063,john.nguyen,vpn.corp.local,INTERNAL,211950,WKSTN-U1063
NET010819,2026-06-22 10:09:00,U1026,elizabeth.gonzalez,jira.corp.local,internal,442953,WKSTN-U1026
NET017408,2026-06-22 10:10:00,U1042,michael.hill56,confluence.corp.local,INTERNAL,484785,WKSTN-U1042
NET024182,2026-06-22 10:07:00,U1059,daniel.perez98,jira.corp.local,internal,340962,WKSTN-U1059
NET018585,2026-06-22 09:56:00,U1045,daniel.sanchez90,mail.corp.local,INTERNAL,444865,WKSTN-U1045
NET031788,2026-06-22 10:11:00,U1078,michelle.miller	,sharepoint.corp.local,INTERNAL,68960,WKSTN-U1078
NET014615,2026-06-22 10:18:00,U1035,nancy.rodriguez82,mail.corp.local,INTERNAL,164002,WKSTN-U1035
NET020589,2026-06-22 10:00:00,U1050,,jira.corp.local,INTERNAL,441150,WKSTN-U1050
NET022604,2026-06-22 10:08:00,U1055,patricia.wilson54,vpn.corp.local,INTERNAL,494601,WKSTN-U1055
NET038020,2026-06-22 10:11:00,U1092,steven.thomas,jira.corp.local	,,66612,WKSTN-U1092
NET024578,2026-06-22 09:58:00,U1060,matthew.anderson	,hr-portal.corp.local,INTERNAL,436913,WKSTN-U1060	
NET024579,2026-06-22 10:11:00,U1060,matthew.anderson,vpn.corp.local,INTERNAL,10790,WKSTN-U1060
NET030608,2026-06-22 10:13:00,U1075,steven.lewis,confluence.corp.local,INTERNAL,211632,WKSTN-U1075
NET033952,2026-06-22 10:00:00,U1083,sarah.allen70,jira.corp.local,INTERNAL,105518,WKSTN-U1083
NET019010,2026-06-22 10:30:00,U1046,michelle.torres39,vpn.corp.local,INTERNAL,16478,WKSTN-U1046
NET017798,2026-06-22 10:37:00,U1043,thomas.williams91,sharepoint.corp.local,INTERNAL,26070,WKSTN-U1043
NET002313,2026-06-22 10:38:00,U1006,GEORGE.GONZALEZ,news.com,EXTERNAL,12814,WKSTN-U1006
NET002698,2026-06-22 10:36:00,U1007,sarah.robinson82,hr-portal.corp.local,INTERNAL,94383,WKSTN-U1007
NET025389,2026-06-22 10:23:00,U1062,william.martin,vpn.corp.local	,INTERNAL,39924,WKSTN-U1062
NET022200,2026-06-22 10:29:00,U1054,anthony.martinez,jira.corp.local,INTERNAL,104324,WKSTN-U1054
NET001517,2026-06-22 10:35:00,U1004,elizabeth.wilson98,vpn.corp.local,INTERNAL,158035,WKSTN-U1004
NET007232,2026-06-22 10:35:00,U1018,betty.white57,sharepoint.corp.local,INTERNAL,254816,WKSTN-U1018
NET019424,2026-06-22 10:29:00,U1047,sandra.lewis,sharepoint.corp.local,INTERNAL,187629,WKSTN-U1047
NET030609,2026-06-22 10:35:00,U1075,steven.lewis,confluence.corp.local,INTERNAL,364032,WKSTN-U1075
NET009041,2026-06-22 10:26:00,U1022,sandra.brown,vpn.corp.local,INTERNAL,188906,WKSTN-U1022
NET001904,2026-06-22 10:40:00,U1005,robert.robinson,jira.corp.local,INTERNAL,498388,  WKSTN-U1005 
NET007690,2026-06-22 10:28:00,U1019,donna.anderson,jira.corp.local,INTERNAL,372378,WKSTN-U1019
NET007691,2026-06-22 10:29:00,U1019,donna.anderson,confluence.corp.local,INTERNAL,84779,WKSTN-U1019
NET038017,2026-06-22 10:27:00,U1092,steven.thomas,vpn.corp.local,INTERNAL,24363,WKSTN-U1092
NET008583,2026-06-22 10:37:00,U1021,jessica.walker,weather.com,EXTERNAL,7575,WKSTN-U1021
NET035735,2026-06-22 10:22:00,U1087,charles.sanchez,confluence.corp.local,INTERNAL,310703,WKSTN-U1087
NET034855,2026-06-22 10:23:00,U1085,barbara.walker67,confluence.corp.local,INTERNAL,141492,WKSTN-U1085
NET019012,2026-06-22 10:40:00,U1046,michelle.torres39,vpn.corp.local,INTERNAL,235842,WKSTN-U1046
NET026589,2026-06-22 10:36:00,U1065,michael.ramirez47,confluence.corp.local,INTERNAL,71008,WKSTN-U1065
NET033082,2026-06-22 10:27:00,U1081,margaret.davis,hr-portal.corp.local,INTERNAL,,WKSTN-U1081
NET009942,2026-06-22 10:33:00,U1024,emily.miller,mail.corp.local,INTERNAL,469852,WKSTN-U1024
NET030610,2026-06-22 10:37:00,U1075,STEVEN.LEWIS,sharepoint.corp.local,INTERNAL,133334,WKSTN-U1075
NET037559,2026-06-22 10:37:00,U1091,linda.robinson,sharepoint.corp.local,INTERNAL,497557,WKSTN-U1091
NET039711,2026-06-22 10:32:00,U1096,david.allen76,hr-portal.corp.local,INTERNAL,360798,WKSTN-U1096
NET001906,2026-06-22 10:42:00,U1005,robert.robinson,jira.corp.local,INTERNAL,249920,WKSTN-U1005
NET035737,2026-06-22 10:54:00,U1087,charles.sanchez,jira.corp.local,INTERNAL,494532,WKSTN-U1087
NET038889,2026-06-22 11:20:00,U1094,elizabeth.lewis69,confluence.corp.local,INTERNAL,146574,WKSTN-U1094
NET006768,2026-06-22 10:46:00,U1017,emily.hernandez34,confluence.corp.local,INTERNAL,324225,WKSTN-U1017
NET029021,2026-06-22 11:18:00,U1071,MATTHEW.ROBINSON35,sharepoint.corp.local,INTERNAL,455994,WKSTN-U1071
NET010818,2026-06-22 11:25:00,U1026,elizabeth.gonzalez,vpn.corp.local,INTERNAL,77470,WKSTN-U1026
NET001515,2026-06-22 10:55:00,U1004,elizabeth.wilson98,confluence.corp.local,INTERNAL,261430,WKSTN-U1004
NET040499,2026-06-22 11:09:00,U1098,nancy.wright49,news.com,EXTERNAL,4533,WKSTN-U1098
NET028604,2026-06-22 11:16:00,U1070,betty.thomas40,mail.corp.local,INTERNAL,389829,WKSTN-U1070
NET007688,2026-06-22 11:12:00,U1019,donna.anderson,sharepoint.corp.local,INTERNAL,384153,WKSTN-U1019
NET001905,2026-06-22 10:45:00,U1005,robert.robinson,sharepoint.corp.local,INTERNAL,281226,WKSTN-U1005
NET005445,2026-06-22 11:29:00,U1014,james.taylor,mail.corp.local,INTERNAL,,WKSTN-U1014
NET019423,2026-06-22 11:29:00,U1047,sandra.lewis,confluence.corp.local,INTERNAL,199107,WKSTN-U1047
NET040497,2026-06-22 11:04:00,U1098,nancy.wright49,jira.corp.local,INTERNAL,214615,WKSTN-U1098
NET036660,2026-06-22 10:52:00,U1089,paul.brown27,jira.corp.local,INTERNAL,84468,WKSTN-U1089
NET019420,2026-06-22 11:28:00,U1047,sandra.lewis	,hr-portal.corp.local,INTERNAL,322274,WKSTN-U1047
NET005866,2026-06-22 11:24:00,U1015,lisa.hernandez,sharepoint.corp.local,INTERNAL,320141,WKSTN-U1015
NET011731,2026-06-22 11:16:00,U1028,john.hill,confluence.corp.local,INTERNAL,256792,  WKSTN-U1028 
NET004626,2026-06-22 11:27:00,U1012,linda.martinez,hr-portal.corp.local,INTERNAL,164124,WKSTN-U1012
NET021771,2026-06-22 10:59:00,U1053,john.jackson31,vpn.corp.local,,104250,WKSTN-U1053
NET018582,2026-06-22 10:57:00,U1045,daniel.sanchez90,hr-portal.corp.local,INTERNAL,387505,WKSTN-U1045
NET010382,2026-06-22 11:16:00,U1025,betty.brown22,vpn.corp.local,INTERNAL,349392,WKSTN-U1025
NET006290,2026-06-22 10:57:00,U1016,patricia.thomas,confluence.corp.local,INTERNAL,406226,WKSTN-U1016
NET034853,2026-06-22 11:26:00,U1085,barbara.walker67,mail.corp.local,INTERNAL,72102,WKSTN-U1085
NET031791,2026-06-22 11:23:00,U1078,michelle.miller,sharepoint.corp.local,INTERNAL,463917,
NET018200,2026-06-22 11:54:00,U1044,lisa.ramirez9,vpn.corp.local	,INTERNAL,273827,WKSTN-U1044
NET027759,2026-06-22 11:33:00,U1068,susan.thompson34,vpn.corp.local,INTERNAL,34038,WKSTN-U1068
NET032218,2026-06-22 11:35:00,U1079,emily.jones,jira.corp.local,INTERNAL,235333,WKSTN-U1079
NET038450,2026-06-22 12:02:00,U1093,sarah.clark44,hr-portal.corp.local,INTERNAL,185961,WKSTN-U1093
NET020593,2026-06-22 12:08:00,U1050,michael.ramirez,linkedin.com,EXTERNAL,7818,  WKSTN-U1050 
NET027760,2026-06-22 11:43:00,U1068,susan.thompson34,sharepoint.corp.local,INTERNAL,418588,WKSTN-U1068
NET000283,2026-06-22 11:58:00,U1001,linda.johnson95,jira.corp.local,INTERNAL,301260,WKSTN-U1001
NET027004,2026-06-22 11:39:00,U1066,michelle.wright62,confluence.corp.local,INTERNAL,380671,WKSTN-U1066
NET005044,2026-06-22 12:05:00,U1013,emily.smith,hr-portal.corp.local,INTERNAL,307082,WKSTN-U1013
NET031385,2026-06-22 11:30:00,U1077,kimberly.harris58,vpn.corp.local,INTERNAL,385905,
NET035736,2026-06-22 11:58:00,U1087,charles.sanchez,confluence.corp.local,INTERNAL,195034,WKSTN-U1087
NET034425,2026-06-22 12:07:00,U1084,joshua.taylor,hr-portal.corp.local,INTERNAL,307462,
NET014617,2026-06-22 11:58:00,U1035,nancy.rodriguez82,sharepoint.corp.local,INTERNAL,249368,WKSTN-U1035
NET029418,2026-06-22 12:05:00,U1072,kenneth.lopez,confluence.corp.local,INTERNAL,124290,WKSTN-U1072
NET020183,2026-06-22 11:45:00,U1049,michelle.jones59	,sharepoint.corp.local,INTERNAL,48094,WKSTN-U1049
NET014209,2026-06-22 11:44:00,U1034,thomas.allen63,mail.corp.local,INTERNAL,331079,WKSTN-U1034
NET017796,2026-06-22 11:40:00,U1043,thomas.williams91,confluence.corp.local,INTERNAL,426407,WKSTN-U1043
NET027758,2026-06-22 12:00:00,U1068,susan.thompson34,sharepoint.corp.local,INTERNAL,259868,WKSTN-U1068
NET013031,2026-06-22 11:54:00,U1031,john.wright28,confluence.corp.local,INTERNAL,44276,WKSTN-U1031
NET019811,2026-06-22 11:51:00,U1048,jennifer.thomas87,jira.corp.local,INTERNAL,,WKSTN-U1048
NET000703,2026-06-22 11:48:00,U1002,donna.ramirez,mail.corp.local,INTERNAL,156200,WKSTN-U1002
NET012173,2026-06-22 11:32:00,U1029,michelle.garcia54,mail.corp.local,INTERNAL,283260,WKSTN-U1029
NET039710,2026-06-22 11:53:00,U1096,david.allen76,sharepoint.corp.local,INTERNAL,178363,WKSTN-U1096
NET027389,2026-06-22 11:50:00,U1067,paul.thomas97,confluence.corp.local,INTERNAL,322083,WKSTN-U1067
NET041259,2026-06-22 11:34:00,U1100,daniel.brown38,confluence.corp.local,INTERNAL,489155,WKSTN-U1100
NET037557,2026-06-22 12:22:00,U1091,linda.robinson,confluence.corp.local,INTERNAL,197984,WKSTN-U1091
NET001117,2026-06-22 12:21:00,U1003,kenneth.clark29,mail.corp.local,INTERNAL,434591,WKSTN-U1003
NET021380,2026-06-22 12:24:00,U1052,paul.taylor,sharepoint.corp.local,INTERNAL,174094,WKSTN-U1052
NET022987,2026-06-22 12:35:00,U1056,anthony.clark,vpn.corp.local,INTERNAL,25049,WKSTN-U1056
NET003464,2026-06-22 12:39:00,U1009,daniel.brown,hr-portal.corp.local,INTERNAL,77048,WKSTN-U1009
NET029419,2026-06-22 12:29:00,U1072,kenneth.lopez,jira.corp.local,INTERNAL,108626,
NET014616,2026-06-22 12:28:00,U1035,nancy.rodriguez82,mail.corp.local,INTERNAL,397811,  WKSTN-U1035 
NET016995,2026-06-22 12:17:00,U1041,matthew.allen52,hr-portal.corp.local,INTERNAL,455138,WKSTN-U1041
NET008580,2026-06-22 12:25:00,U1021,jessica.walker,confluence.corp.local,INTERNAL,147621,WKSTN-U1021
NET014208,2026-06-22 12:30:00,U1034,thomas.allen63,hr-portal.corp.local,INTERNAL,,WKSTN-U1034
NET011732,2026-06-22 12:32:00,U1028,john.hill,confluence.corp.local,INTERNAL,47340,WKSTN-U1028
NET040883,2026-06-22 12:29:00,U1099,joseph.garcia,mail.corp.local,INTERNAL,311637,WKSTN-U1099
NET006770,2026-06-22 12:25:00,U1017,emily.hernandez34,vpn.corp.local,INTERNAL,92975,WKSTN-U1017
NET003835,2026-06-22 12:27:00,U1010,susan.young51,hr-portal.corp.local,INTERNAL,397670,WKSTN-U1010
NET033950,2026-06-22 12:34:00,U1083,sarah.allen70,jira.corp.local,INTERNAL,99706,WKSTN-U1083
NET017412,2026-06-22 12:17:00,U1042,michael.hill56,mail.corp.local,INTERNAL,170324,WKSTN-U1042
NET009040,2026-06-22 12:19:00,U1022,sandra.brown,sharepoint.corp.local,INTERNAL,426651,WKSTN-U1022	
NET017409,2026-06-22 12:28:00,U1042,michael.hill56,confluence.corp.local,INTERNAL,423467,WKSTN-U1042
NET001518,2026-06-22 12:16:00,U1004,elizabeth.wilson98,mail.corp.local,INTERNAL,106779,WKSTN-U1004
NET022197,2026-06-22 12:33:00,U1054,anthony.martinez,jira.corp.local,INTERNAL,179148,WKSTN-U1054
NET011730,2026-06-22 12:36:00,U1028,john.hill,hr-portal.corp.local,INTERNAL,178922,WKSTN-U1028
NET017410,2026-06-22 12:09:00,U1042,michael.hill56,sharepoint.corp.local,INTERNAL,418920,WKSTN-U1042
NET013827,2026-06-22 12:17:00,U1033,linda.miller,hr-portal.corp.local,INTERNAL,385084,WKSTN-U1033
NET023775,2026-06-22 12:23:00,U1058,jennifer.ramirez18,vpn.corp.local,INTERNAL,347711,WKSTN-U1058
NET009488,2026-06-22 12:26:00,U1023,richard.wright,mail.corp.local,INTERNAL,25242,WKSTN-U1023
NET020591,2026-06-22 12:43:00,U1050,michael.ramirez,mail.corp.local,INTERNAL,492088,WKSTN-U1050
NET041260,2026-06-22 13:00:00,U1100,daniel.brown38,hr-portal.corp.local,INTERNAL,455601,WKSTN-U1100
NET027392,2026-06-22 12:51:00,U1067,paul.thomas97,sharepoint.corp.local,INTERNAL,467956,WKSTN-U1067
NET024184,2026-06-22 12:46:00,U1059,daniel.perez98,,INTERNAL,-313831.0,WKSTN-U1059
NET019809,2026-06-22 12:50:00,U1048,jennifer.thomas87,jira.corp.local,INTERNAL,447883,WKSTN-U1048
NET003066,2026-06-22 12:44:00,U1008,joshua.hernandez,jira.corp.local,INTERNAL,161466,WKSTN-U1008
NET018583,2026-06-22 13:07:00,U1045,daniel.sanchez90,sharepoint.corp.local,INTERNAL,31352,WKSTN-U1045
NET014992,2026-06-22 12:46:00,U1036,linda.jones,sharepoint.corp.local,,108203,WKSTN-U1036
NET016994,2026-06-22 12:41:00,U1041,matthew.allen52,sharepoint.corp.local,INTERNAL,431767,WKSTN-U1041
NET026588,2026-06-22 12:50:00,U1065,michael.ramirez47,hr-portal.corp.local,INTERNAL,87850,WKSTN-U1065
NET022988,2026-06-22 12:41:00,U1056,anthony.clark,vpn.corp.local,INTERNAL,474734,WKSTN-U1056
NET004625,2026-06-22 12:53:00,U1012,linda.martinez,jira.corp.local,INTERNAL,336266,WKSTN-U1012
NET037111,2026-06-22 12:56:00,U1090,mary.hill,jira.corp.local,INTERNAL,278900,WKSTN-U1090
NET007687,2026-06-22 12:55:00,U1019,donna.anderson,vpn.corp.local,INTERNAL,370664,WKSTN-U1019
NET025798,2026-06-22 12:55:00,U1063,john.nguyen,confluence.corp.local,INTERNAL,229321,
NET039294,2026-06-22 12:55:00,U1095,richard.thomas74,vpn.corp.local,INTERNAL,399990,WKSTN-U1095
NET025012,2026-06-22 12:45:00,U1061,jessica.rodriguez,mail.corp.local,INTERNAL,232694,WKSTN-U1061
NET037555,2026-06-22 13:06:00,U1091,linda.robinson,sharepoint.corp.local,INTERNAL,122490,  WKSTN-U1091 
NET017797,2026-06-22 13:01:00,U1043,thomas.williams91,hr-portal.corp.local,INTERNAL,293811,WKSTN-U1043
NET023376,2026-06-22 12:53:00,U1057,nancy.sanchez,mail.corp.local,INTERNAL,129642,
NET030997,2026-06-22 12:51:00,U1076,john.torres,sharepoint.corp.local,INTERNAL,224473,WKSTN-U1076
NET015410,2026-06-22 12:53:00,U1037,robert.martin,vpn.corp.local,INTERNAL,257550,WKSTN-U1037
NET002697,2026-06-22 13:01:00,U1007,SARAH.ROBINSON82,vpn.corp.local,INTERNAL,321453,WKSTN-U1007
NET019422,2026-06-22 13:03:00,U1047,sandra.lewis,,INTERNAL,115686,WKSTN-U1047
NET004212,2026-06-22 12:50:00,U1011,donna.ramirez75,mail.corp.local,INTERNAL,452917,WKSTN-U1011
NET015812,2026-06-22 13:32:00,U1038,emily.clark,vpn.corp.local,INTERNAL,258238,WKSTN-U1038
NET014995,2026-06-22 13:10:00,U1036,linda.jones,jira.corp.local,INTERNAL,30314,WKSTN-U1036
NET014211,2026-06-22 13:30:00,U1034,thomas.allen63,vpn.corp.local,INTERNAL,215086,WKSTN-U1034
NET025795,2026-06-22 13:12:00,U1063,john.nguyen,vpn.corp.local,INTERNAL,495154,WKSTN-U1063
NET039712,2026-06-22 13:16:00,U1096,david.allen76,mail.corp.local,INTERNAL,386307,WKSTN-U1096
NET013826,2026-06-22 13:17:00,U1033,linda.miller,,INTERNAL,218375,WKSTN-U1033
NET001114,2026-06-22 13:34:00,U1003,kenneth.clark29,vpn.corp.local,INTERNAL,276372,WKSTN-U1003
NET003465,2026-06-22 13:26:00,U1009,daniel.brown,confluence.corp.local,INTERNAL,284226,WKSTN-U1009
NET023776,2026-06-22 13:41:00,U1058,jennifer.ramirez18,vpn.corp.local,INTERNAL,256602,WKSTN-U1058
NET037558,2026-06-22 13:32:00,U1091,linda.robinson,vpn.corp.local,INTERNAL,117614,  WKSTN-U1091 
NET031386,2026-06-22 13:16:00,U1077,kimberly.harris58,vpn.corp.local,INTERNAL,145680,WKSTN-U1077
NET019421,2026-06-22 13:15:00,U1047,sandra.lewis,mail.corp.local	,INTERNAL,9674,WKSTN-U1047
NET039291,2026-06-22 13:20:00,U1095,richard.thomas74,hr-portal.corp.local,INTERNAL,84912,WKSTN-U1095
NET035301,2026-06-22 13:38:00,U1086,steven.thompson53,hr-portal.corp.local,INTERNAL,61417,WKSTN-U1086
NET009038,2026-06-22 13:40:00,U1022,sandra.brown,mail.corp.local,INTERNAL,66664,WKSTN-U1022	
NET001516,2026-06-22 13:27:00,U1004,elizabeth.wilson98,hr-portal.corp.local,INTERNAL,179016,WKSTN-U1004	
NET033493,2026-06-22 13:11:00,U1082,,mail.corp.local	,INTERNAL,453510,WKSTN-U1082
NET009941,2026-06-22 13:17:00,U1024,emily.miller,hr-portal.corp.local,INTERNAL,180159,WKSTN-U1024
NET017799,2026-06-22 13:21:00,U1043,thomas.williams91,weather.com,EXTERNAL,13160,WKSTN-U1043
NET013029,2026-06-22 13:18:00,U1031,john.wright28	,hr-portal.corp.local,INTERNAL,398328,WKSTN-U1031
NET015412,2026-06-22 13:37:00,U1037,robert.martin,jira.corp.local,INTERNAL,374530,WKSTN-U1037
NET008132,2026-06-22 13:34:00,U1020,andrew.thomas36,jira.corp.local,INTERNAL,N/A,WKSTN-U1020
NET034426,2026-06-22 13:29:00,U1084,joshua.taylor,sharepoint.corp.local,INTERNAL,239852,WKSTN-U1084
NET037556,2026-06-22 13:28:00,U1091,linda.robinson,confluence.corp.local,,225669,WKSTN-U1091
NET008581,2026-06-22 13:23:00,U1021,jessica.walker,sharepoint.corp.local,INTERNAL,406197,WKSTN-U1021
NET022199,2026-06-22 13:58:00,U1054,anthony.martinez,mail.corp.local,INTERNAL,236953,WKSTN-U1054
NET015409,2026-06-22 13:56:00,U1037,robert.martin,hr-portal.corp.local,INTERNAL,462594,WKSTN-U1037
NET031382,2026-06-22 13:45:00,U1077,kimberly.harris58,confluence.corp.local,INTERNAL,403540,WKSTN-U1077
NET030217,2026-06-22 13:44:00,U1074,sarah.williams7,mail.corp.local,INTERNAL,397991,WKSTN-U1074
NET020181,2026-06-22 13:49:00,U1049,michelle.jones59,mail.corp.local,INTERNAL,469657,WKSTN-U1049
NET001115,2026-06-22 13:58:00,U1003,kenneth.clark29,hr-portal.corp.local,INTERNAL,413572,WKSTN-U1003
NET010385,2026-06-22 14:08:00,U1025,betty.brown22,mail.corp.local,,113852,WKSTN-U1025
NET020992,2026-06-22 14:01:00,U1051,sandra.king72,sharepoint.corp.local,INTERNAL,407033,WKSTN-U1051
NET010384,2026-06-22 13:54:00,U1025,betty.brown22,vpn.corp.local,INTERNAL,271941,WKSTN-U1025
NET029800,2026-06-22 13:47:00,U1073,michael.gonzalez,vpn.corp.local,INTERNAL,198910,WKSTN-U1073
NET024183,2026-06-22 14:00:00,U1059,daniel.perez98,sharepoint.corp.local,INTERNAL,408632,WKSTN-U1059	
NET001113,2026-06-22 13:43:00,U1003,kenneth.clark29	,hr-portal.corp.local,INTERNAL,300858,WKSTN-U1003
NET025797,2026-06-22 14:03:00,U1063,john.nguyen,sharepoint.corp.local,INTERNAL,4872,WKSTN-U1063
NET007689,2026-06-22 13:48:00,U1019,donna.anderson,jira.corp.local,INTERNAL,65051,WKSTN-U1019
NET010383,2026-06-22 14:11:00,U1025,betty.brown22,sharepoint.corp.local,INTERNAL,273534,WKSTN-U1025
NET022196,2026-06-22 13:45:00,U1054,anthony.martinez,confluence.corp.local,INTERNAL,245106,WKSTN-U1054
NET004213,2026-06-22 14:12:00,U1011,donna.ramirez75,sharepoint.corp.local,INTERNAL,217185,
NET020990,2026-06-22 14:02:00,U1051,sandra.king72,vpn.corp.local,,486565,WKSTN-U1051
NET016993,2026-06-22 14:10:00,U1041,matthew.allen52	,confluence.corp.local,INTERNAL,57660,WKSTN-U1041
NET014619,2026-06-22 14:02:00,U1035,nancy.rodriguez82,confluence.corp.local,INTERNAL,335934,WKSTN-U1035
NET011289,2026-06-22 13:51:00,U1027,patricia.brown75,sharepoint.corp.local,INTERNAL,443045,WKSTN-U1027
NET011290,2026-06-22 14:04:00,U1027,patricia.brown75,vpn.corp.local,INTERNAL,78192,WKSTN-U1027
NET010381,2026-06-22 13:47:00,U1025,betty.brown22,mail.corp.local,INTERNAL,339084,WKSTN-U1025
NET009039,2026-06-22 14:13:00,U1022,sandra.brown,sharepoint.corp.local,INTERNAL,125612,WKSTN-U1022
NET023378,2026-06-22 13:42:00,U1057,,weather.com,EXTERNAL,17104,WKSTN-U1057
NET029803,2026-06-22 14:50:00,U1073,michael.gonzalez,linkedin.com,external,10780,WKSTN-U1073
NET030996,2026-06-22 14:37:00,U1076,john.torres,jira.corp.local,INTERNAL,344656,WKSTN-U1076
NET027005,2026-06-22 14:34:00,U1066,michelle.wright62,confluence.corp.local,INTERNAL,137280,  WKSTN-U1066 
NET022989,2026-06-22 14:16:00,U1056,anthony.clark,vpn.corp.local,INTERNAL,390438,  WKSTN-U1056 
NET026185,2026-06-22 15:06:00,U1064,matthew.wright55,sharepoint.corp.local,INTERNAL,255797,WKSTN-U1064
NET025011,2026-06-22 14:47:00,U1061,jessica.rodriguez,jira.corp.local,INTERNAL,94503,  WKSTN-U1061 
NET033490,2026-06-22 14:42:00,U1082,karen.hill96,hr-portal.corp.local,INTERNAL,239158,WKSTN-U1082
NET014618,2026-06-22 15:05:00,U1035,nancy.rodriguez82,vpn.corp.local,INTERNAL,35787,WKSTN-U1035
NET030998,2026-06-22 14:26:00,U1076,john.torres,confluence.corp.local,INTERNAL,458345,WKSTN-U1076
NET032219,2026-06-22 14:47:00,U1079,  emily.jones ,vpn.corp.local,INTERNAL,136211,WKSTN-U1079
NET033492,2026-06-22 14:57:00,U1082,karen.hill96,vpn.corp.local,INTERNAL,284929,WKSTN-U1082
NET018584,2026-06-22 14:50:00,U1045,daniel.sanchez90,confluence.corp.local,INTERNAL,73846,WKSTN-U1045
NET019808,2026-06-22 14:55:00,U1048,  JENNIFER.THOMAS87 ,jira.corp.local,INTERNAL,2172,WKSTN-U1048
NET027391,2026-06-22 15:01:00,U1067,paul.thomas97,mail.corp.local,INTERNAL,421032,WKSTN-U1067
NET041261,2026-06-22 14:57:00,U1100,daniel.brown38,news.com,EXTERNAL,9011,WKSTN-U1100
NET005865,2026-06-22 14:43:00,U1015,lisa.hernandez,hr-portal.corp.local,INTERNAL,281323,WKSTN-U1015
NET002699,2026-06-22 14:42:00,U1007,sarah.robinson82,news.com,EXTERNAL,12961,WKSTN-U1007
NET037112,2026-06-22 14:13:00,U1090,  mary.hill ,vpn.corp.local,INTERNAL,16738,WKSTN-U1090
NET006291,2026-06-22 14:50:00,U1016,patricia.thomas,jira.corp.local,INTERNAL,299738,WKSTN-U1016
NET022198,2026-06-22 15:01:00,U1054,anthony.martinez,hr-portal.corp.local,INTERNAL,303156,WKSTN-U1054
NET014212,2026-06-22 14:28:00,U1034,thomas.allen63,jira.corp.local,,3498,WKSTN-U1034
NET005446,2026-06-22 14:54:00,U1014,james.taylor,vpn.corp.local,INTERNAL,242694,WKSTN-U1014
NET020184,2026-06-22 14:30:00,U1049,michelle.jones59,hr-portal.corp.local,INTERNAL,347524,WKSTN-U1049
NET016617,2026-06-22 15:06:00,U1040,matthew.martin,vpn.corp.local,INTERNAL,175383,WKSTN-U1040
NET016992,2026-06-22 14:54:00,U1041,matthew.allen52,hr-portal.corp.local,INTERNAL,231593,WKSTN-U1041
NET020991,2026-06-22 15:24:00,U1051,sandra.king72,,INTERNAL,494647,WKSTN-U1051
NET040885,2026-06-22 15:20:00,U1099,  joseph.garcia ,confluence.corp.local,INTERNAL,387766,WKSTN-U1099
NET031383,2026-06-22 15:27:00,U1077,kimberly.harris58,hr-portal.corp.local,INTERNAL,349457,WKSTN-U1077
NET018199,2026-06-22 15:29:00,U1044,lisa.ramirez9,  vpn.corp.local ,INTERNAL,283355,
NET039292,2026-06-22 15:42:00,U1095,richard.thomas74,confluence.corp.local,INTERNAL,459291,WKSTN-U1095
NET026186,2026-06-22 15:31:00,U1064,matthew.wright55,sharepoint.corp.local,INTERNAL,115764,WKSTN-U1064
NET035300,2026-06-22 15:41:00,U1086,steven.thompson53,sharepoint.corp.local,INTERNAL,498341,
NET004623,2026-06-22 15:16:00,U1012,linda.martinez,vpn.corp.local,INTERNAL,52425,WKSTN-U1012
NET013438,2026-06-22 15:40:00,U1032,paul.wright91,sharepoint.corp.local,INTERNAL,,WKSTN-U1032
NET020993,2026-06-22 15:34:00,U1051,sandra.king72,mail.corp.local,INTERNAL,322929,WKSTN-U1051
NET009486,2026-06-22 15:09:00,U1023,richard.wright,mail.corp.local,INTERNAL,161896,WKSTN-U1023
NET001908,2026-06-22 15:37:00,U1005,robert.robinson,mail.corp.local,INTERNAL,336021,WKSTN-U1005
NET024580,2026-06-22 15:52:00,U1060,matthew.anderson,news.com,EXTERNAL,,WKSTN-U1060
NET003065,2026-06-22 15:12:00,U1008,joshua.hernandez,jira.corp.local,INTERNAL,16718,WKSTN-U1008
NET021770,2026-06-22 15:45:00,U1053,JOHN.JACKSON31,jira.corp.local,INTERNAL,256896,WKSTN-U1053
NET004624,2026-06-22 15:43:00,U1012,linda.martinez,vpn.corp.local,INTERNAL,488747,WKSTN-U1012
NET016616,2026-06-22 15:12:00,U1040,matthew.martin,sharepoint.corp.local,INTERNAL,349792,WKSTN-U1040
NET003837,2026-06-22 15:11:00,U1010,susan.young51,mail.corp.local,INTERNAL,81703,WKSTN-U1010
NET029019,2026-06-22 15:18:00,U1071,matthew.robinson35,hr-portal.corp.local,INTERNAL,330785,WKSTN-U1071
NET014210,2026-06-22 15:43:00,U1034,thomas.allen63,jira.corp.local,INTERNAL,203585,WKSTN-U1034
NET038452,2026-06-22 15:11:00,U1093,sarah.clark44,confluence.corp.local,INTERNAL,328857,WKSTN-U1093
NET034427,2026-06-22 15:20:00,U1084,joshua.taylor,  hr-portal.corp.local ,INTERNAL,487027,WKSTN-U1084
NET013030,2026-06-22 15:12:00,U1031,john.wright28,hr-portal.corp.local,INTERNAL,193279,WKSTN-U1031
NET033489,2026-06-22 15:19:00,U1082,karen.hill96,jira.corp.local,INTERNAL,83269,WKSTN-U1082
NET005864,2026-06-22 15:44:00,U1015,lisa.hernandez,sharepoint.corp.local,INTERNAL,284407,WKSTN-U1015
NET003463,2026-06-22 15:55:00,U1009,daniel.brown,sharepoint.corp.local,INTERNAL,181068,WKSTN-U1009
NET024577,2026-06-22 15:53:00,U1060,matthew.anderson,confluence.corp.local,INTERNAL,237183,WKSTN-U1060
NET007231,2026-06-22 16:45:00,U1018,betty.white57,sharepoint.corp.local,INTERNAL,56147,WKSTN-U1018
NET005863,2026-06-22 16:18:00,U1015,lisa.hernandez,hr-portal.corp.local,internal,175474,WKSTN-U1015
NET021379,2026-06-22 16:19:00,U1052,paul.taylor,confluence.corp.local,INTERNAL,409155,WKSTN-U1052
NET040115,2026-06-22 16:57:00,U1097,mark.martinez10,hr-portal.corp.local,INTERNAL,387436,WKSTN-U1097
NET040116,2026-06-22 16:38:00,U1097,mark.martinez10,hr-portal.corp.local,INTERNAL,278911,WKSTN-U1097
NET008582,2026-06-22 16:55:00,U1021,jessica.walker,mail.corp.local,INTERNAL,276239,WKSTN-U1021
NET002312,2026-06-22 16:45:00,U1006,george.gonzalez,vpn.corp.local,INTERNAL,5164,WKSTN-U1006
NET014994,2026-06-22 16:11:00,U1036,,confluence.corp.local,INTERNAL,460274,WKSTN-U1036
NET029018,2026-06-22 16:26:00,U1071,matthew.robinson35,vpn.corp.local,INTERNAL,88085,WKSTN-U1071
NET002311,2026-06-22 16:04:00,U1006,george.gonzalez,jira.corp.local,INTERNAL,367868,WKSTN-U1006
NET015813,2026-06-22 15:56:00,U1038,emily.clark,jira.corp.local,INTERNAL,349294,WKSTN-U1038
NET020590,2026-06-22 16:31:00,U1050,michael.ramirez,jira.corp.local,INTERNAL,123331,WKSTN-U1050
NET022603,2026-06-22 16:34:00,U1055,patricia.wilson54,mail.corp.local,INTERNAL,474010,WKSTN-U1055
NET027393,2026-06-22 16:26:00,U1067,paul.thomas97,hr-portal.corp.local,INTERNAL,341072,WKSTN-U1067
NET020592,2026-06-22 16:48:00,U1050,michael.ramirez,sharepoint.corp.local,INTERNAL,219544,WKSTN-U1050
NET038888,2026-06-22 16:40:00,U1094,elizabeth.lewis69,vpn.corp.local,INTERNAL,329207,WKSTN-U1094
NET007230,2026-06-22 16:31:00,U1018,betty.white57	,mail.corp.local,INTERNAL,217822,WKSTN-U1018
NET019011,2026-06-22 16:54:00,U1046,michelle.torres39,hr-portal.corp.local,INTERNAL,347827,WKSTN-U1046
NET018581,2026-06-22 16:12:00,U1045,daniel.sanchez90,sharepoint.corp.local,INTERNAL,356523,WKSTN-U1045
NET023377,2026-06-22 16:02:00,U1057,nancy.sanchez,hr-portal.corp.local,INTERNAL,119704,WKSTN-U1057
NET040498,2026-06-22 16:45:00,U1098,nancy.wright49,  hr-portal.corp.local ,INTERNAL,369836,WKSTN-U1098
NET024185,2026-06-22 15:56:00,U1059,daniel.perez98,linkedin.com,EXTERNAL,17277,WKSTN-U1059
NET003836,2026-06-22 16:50:00,U1010,susan.young51,confluence.corp.local,INTERNAL,438647,WKSTN-U1010
NET018601,2026-06-23 07:57:00,U1045,daniel.sanchez90,confluence.corp.local,INTERNAL,488231,WKSTN-U1045
NET016216,2026-06-23 08:23:00,U1039,mark.thomas,jira.corp.local,INTERNAL,480913,WKSTN-U1039
NET035323,2026-06-23 07:54:00,U1086,steven.thompson53,mail.corp.local,INTERNAL,480356,WKSTN-U1086
NET016615,2026-06-22 17:35:00,U1040,matthew.martin,hr-portal.corp.local,INTERNAL,79262,  WKSTN-U1040 
NET000702,2026-06-22 17:33:00,U1002,donna.ramirez,confluence.corp.local,INTERNAL,338818,WKSTN-U1002
NET029020,2026-06-22 17:37:00,U1071,matthew.robinson35,jira.corp.local,INTERNAL,319103,WKSTN-U1071
NET034875,2026-06-23 08:01:00,U1085,barbara.walker67,mail.corp.local,INTERNAL,214936,WKSTN-U1085
NET007233,2026-06-22 17:48:00,U1018,,vpn.corp.local,INTERNAL,,WKSTN-U1018
NET038473,2026-06-23 07:53:00,U1093,sarah.clark44,sharepoint.corp.local,INTERNAL,451259,WKSTN-U1093
NET034856,2026-06-22 17:08:00,U1085,barbara.walker67,vpn.corp.local,INTERNAL,123921,WKSTN-U1085
NET017411,2026-06-22 17:39:00,U1042,michael.hill56,confluence.corp.local,INTERNAL,362333,WKSTN-U1042
NET035327,2026-06-23 07:59:00,U1086,steven.thompson53,weather.com,EXTERNAL,3829,WKSTN-U1086
NET013028,2026-06-22 17:54:00,U1031,john.wright28,vpn.corp.local,INTERNAL,450472,WKSTN-U1031
NET020610,2026-06-23 07:49:00,U1050,michael.ramirez,  weather.com ,EXTERNAL,1736,WKSTN-U1050
NET034442,2026-06-23 08:10:00,U1084,joshua.taylor,vpn.corp.local,INTERNAL,497568,WKSTN-U1084
NET004622,2026-06-22 17:30:00,U1012,linda.martinez,vpn.corp.local,INTERNAL,499268,WKSTN-U1012
NET000724,2026-06-23 07:30:00,U1002,donna.ramirez,vpn.corp.local,INTERNAL,117762,WKSTN-U1002
NET027779,2026-06-23 07:58:00,U1068,susan.thompson34,confluence.corp.local,INTERNAL,450701,WKSTN-U1068
NET001136,2026-06-23 07:51:00,U1003,kenneth.clark29,mail.corp.local,INTERNAL,261900,WKSTN-U1003
NET033516,2026-06-23 07:51:00,U1082,karen.hill96,confluence.corp.local,INTERNAL,481586,WKSTN-U1082
NET011288,2026-06-22 17:37:00,U1027,patricia.brown75,mail.corp.local,INTERNAL,102466,WKSTN-U1027
NET000722,2026-06-23 07:43:00,U1002,donna.ramirez,mail.corp.local,INTERNAL,169104,WKSTN-U1002
NET000300,2026-06-23 08:22:00,U1001,linda.johnson95,sharepoint.corp.local,INTERNAL,425399,WKSTN-U1001
NET024181,2026-06-22 17:23:00,U1059,daniel.perez98,  sharepoint.corp.local ,INTERNAL,205017,WKSTN-U1059
NET013047,2026-06-23 08:04:00,U1031,john.wright28,mail.corp.local,INTERNAL,213449,WKSTN-U1031
NET030235,2026-06-23 09:09:00,U1074,sarah.williams7,sharepoint.corp.local,INTERNAL,427563,WKSTN-U1074
NET011749,2026-06-23 09:06:00,U1028,john.hill,news.com,EXTERNAL,11084,WKSTN-U1028
NET009508,2026-06-23 09:14:00,U1023,richard.wright,mail.corp.local,INTERNAL,200398,WKSTN-U1023
NET031403,2026-06-23 08:59:00,U1077,kimberly.harris58,jira.corp.local,INTERNAL,339081,WKSTN-U1077
NET030236,2026-06-23 08:32:00,U1074,sarah.williams7,vpn.corp.local,INTERNAL,333071,WKSTN-U1074
NET000298,2026-06-23 08:44:00,U1001,linda.johnson95,confluence.corp.local,INTERNAL,99818,WKSTN-U1001
NET031014,2026-06-23 08:34:00,U1076,john.torres,vpn.corp.local,INTERNAL,375622,WKSTN-U1076
NET015831,2026-06-23 08:48:00,U1038,emily.clark,mail.corp.local,INTERNAL,167397,WKSTN-U1038
NET021394,2026-06-23 09:06:00,U1052,paul.taylor,hr-portal.corp.local,INTERNAL,175314,WKSTN-U1052
NET034873,2026-06-23 09:00:00,U1085,barbara.walker67,mail.corp.local,INTERNAL,455426,WKSTN-U1085
NET029038,2026-06-23 09:01:00,U1071,matthew.robinson35,vpn.corp.local,INTERNAL,161022,WKSTN-U1071
NET040135,2026-06-23 08:36:00,U1097,mark.martinez10,jira.corp.local,INTERNAL,367803,WKSTN-U1097
NET025031,2026-06-23 09:04:00,U1061,jessica.rodriguez,  vpn.corp.local ,INTERNAL,395477,WKSTN-U1061
NET024200,2026-06-23 09:14:00,U1059,daniel.perez98,jira.corp.local,INTERNAL,356579,WKSTN-U1059
NET037579,2026-06-23 09:17:00,U1091,linda.robinson,vpn.corp.local,INTERNAL,419264,WKSTN-U1091
NET000723,2026-06-23 09:08:00,U1002,donna.ramirez,confluence.corp.local,INTERNAL,146834,WKSTN-U1002
NET013049,2026-06-23 08:42:00,U1031,john.wright28,jira.corp.local,INTERNAL,352214,WKSTN-U1031
NET005882,2026-06-23 08:25:00,U1015,lisa.hernandez,jira.corp.local,INTERNAL,51525,WKSTN-U1015
NET018602,2026-06-23 08:41:00,U1045,daniel.sanchez90,sharepoint.corp.local,INTERNAL,91851,WKSTN-U1045
NET037578,2026-06-23 08:44:00,U1091,linda.robinson,mail.corp.local,INTERNAL,199690,WKSTN-U1091
NET008604,2026-06-23 08:43:00,U1021,jessica.walker,mail.corp.local,INTERNAL,,WKSTN-U1021
NET033515,2026-06-23 09:00:00,U1082,karen.hill96	,confluence.corp.local,INTERNAL,313170,WKSTN-U1082
NET040136,2026-06-23 09:01:00,U1097,mark.martinez10,linkedin.com,EXTERNAL,13950,
NET019439,2026-06-23 09:15:00,U1047,sandra.lewis,sharepoint.corp.local,INTERNAL,462234,WKSTN-U1047
NET010839,2026-06-23 09:04:00,U1026,elizabeth.gonzalez,hr-portal.corp.local,INTERNAL,354202,WKSTN-U1026
NET029439,2026-06-23 09:39:00,U1072,kenneth.lopez,hr-portal.corp.local,INTERNAL,231554,WKSTN-U1072
NET025405,2026-06-23 09:26:00,U1062,william.martin,jira.corp.local,INTERNAL,61018,WKSTN-U1062
NET031402,2026-06-23 09:25:00,U1077,kimberly.harris58,sharepoint.corp.local,INTERNAL,379896,WKSTN-U1077
NET020200,2026-06-23 09:35:00,U1049,michelle.jones59,mail.corp.local,INTERNAL,229639,WKSTN-U1049
NET007704,2026-06-23 09:44:00,U1019,donna.anderson,confluence.corp.local,INTERNAL,434490,WKSTN-U1019
NET014636,2026-06-23 09:57:00,U1035,nancy.rodriguez82,mail.corp.local,,64590,WKSTN-U1035
NET029437,2026-06-23 10:02:00,U1072,kenneth.lopez,hr-portal.corp.local,,280825,WKSTN-U1072
NET034445,2026-06-23 10:00:00,U1084,joshua.taylor,weather.com,,18121,WKSTN-U1084
NET021397,2026-06-23 10:05:00,U1052,  paul.taylor ,hr-portal.corp.local,INTERNAL,318187,WKSTN-U1052
NET041275,2026-06-23 09:49:00,U1100,daniel.brown38,sharepoint.corp.local,INTERNAL,496033,WKSTN-U1100
NET031809,2026-06-23 09:17:00,U1078,michelle.miller,vpn.corp.local,,294891,WKSTN-U1078
NET018214,2026-06-23 09:38:00,U1044,lisa.ramirez9,vpn.corp.local,INTERNAL,433386,WKSTN-U1044
NET001924,2026-06-23 09:17:00,U1005,robert.robinson,jira.corp.local,INTERNAL,472840,WKSTN-U1005
NET029041,2026-06-23 09:30:00,U1071,matthew.robinson35,news.com,EXTERNAL,5286,WKSTN-U1071
NET022219,2026-06-23 09:44:00,U1054,anthony.martinez,sharepoint.corp.local,INTERNAL,264128,WKSTN-U1054
NET013050,2026-06-23 09:32:00,U1031,john.wright28,confluence.corp.local,INTERNAL,441743,WKSTN-U1031
NET008149,2026-06-23 09:51:00,U1020,andrew.thomas36,jira.corp.local,INTERNAL,312383,WKSTN-U1020
NET029440,2026-06-23 09:20:00,U1072,,sharepoint.corp.local,INTERNAL,298513,WKSTN-U1072
NET005881,2026-06-23 09:42:00,U1015,lisa.hernandez,confluence.corp.local,INTERNAL,81512,
NET014234,2026-06-23 10:04:00,U1034,thomas.allen63,hr-portal.corp.local,INTERNAL,,WKSTN-U1034
NET025030,2026-06-23 09:34:00,U1061,jessica.rodriguez,vpn.corp.local,INTERNAL,21496,WKSTN-U1061
NET016629,2026-06-23 09:54:00,U1040,matthew.martin,vpn.corp.local,INTERNAL,64258,WKSTN-U1040
NET025814,2026-06-23 09:53:00,U1063,john.nguyen,mail.corp.local,INTERNAL,367137,WKSTN-U1063
NET019442,2026-06-23 09:51:00,U1047,sandra.lewis,hr-portal.corp.local,INTERNAL,147934,WKSTN-U1047
NET025813,2026-06-23 09:43:00,U1063,john.nguyen,sharepoint.corp.local,INTERNAL,142721,WKSTN-U1063
NET007255,2026-06-23 10:23:00,U1018,betty.white57,jira.corp.local,INTERNAL,359828,WKSTN-U1018
NET027026,2026-06-23 10:15:00,U1066,michelle.wright62,confluence.corp.local,INTERNAL,197353,WKSTN-U1066
NET034874,2026-06-23 10:27:00,U1085,barbara.walker67,confluence.corp.local,INTERNAL,390180,
NET009061,2026-06-23 10:21:00,U1022,sandra.brown,sharepoint.corp.local,INTERNAL,474514,WKSTN-U1022
NET020203,2026-06-23 10:29:00,U1049,michelle.jones59,vpn.corp.local,INTERNAL,297852,WKSTN-U1049
NET025406,2026-06-23 10:05:00,U1062,william.martin,confluence.corp.local,INTERNAL,77173,WKSTN-U1062
NET035753,2026-06-23 10:15:00,U1087,charles.sanchez,hr-portal.corp.local,INTERNAL,443547,WKSTN-U1087
NET021788,2026-06-23 10:10:00,U1053,john.jackson31,jira.corp.local,INTERNAL,315407,WKSTN-U1053
NET017429,2026-06-23 10:17:00,U1042,michael.hill56,weather.com,EXTERNAL,17242,WKSTN-U1042
NET001922,2026-06-23 10:30:00,U1005,robert.robinson,vpn.corp.local,INTERNAL,432714,WKSTN-U1005
NET004645,2026-06-23 10:18:00,U1012,linda.martinez,confluence.corp.local,INTERNAL,413366,WKSTN-U1012
NET021789,2026-06-23 10:05:00,U1053,john.jackson31,hr-portal.corp.local,INTERNAL,413412,WKSTN-U1053
NET020204,2026-06-23 10:10:00,U1049,michelle.jones59,confluence.corp.local,INTERNAL,,WKSTN-U1049
NET013845,2026-06-23 10:20:00,U1033,linda.miller,jira.corp.local,INTERNAL,424598,WKSTN-U1033
NET006311,2026-06-23 10:20:00,U1016,patricia.thomas,confluence.corp.local,INTERNAL,4047,WKSTN-U1016
NET008148,2026-06-23 10:06:00,U1020,andrew.thomas36,hr-portal.corp.local,INTERNAL,66071,WKSTN-U1020
NET038470,2026-06-23 10:14:00,U1093,sarah.clark44,jira.corp.local,INTERNAL,493534,WKSTN-U1093
NET005465,2026-06-23 10:30:00,U1014,james.taylor,hr-portal.corp.local,INTERNAL,459697,WKSTN-U1014
NET020201,2026-06-23 10:27:00,U1049,michelle.jones59,mail.corp.local,INTERNAL,299577,WKSTN-U1049
NET003077,2026-06-23 10:15:00,U1008,joshua.hernandez,hr-portal.corp.local,INTERNAL,44090,WKSTN-U1008
NET012187,2026-06-23 10:26:00,U1029,michelle.garcia54,mail.corp.local,INTERNAL,66905,WKSTN-U1029
NET031016,2026-06-23 10:08:00,U1076,john.torres,mail.corp.local,INTERNAL,71566,WKSTN-U1076
NET023797,2026-06-23 10:15:00,U1058,jennifer.ramirez18,mail.corp.local,,161322,WKSTN-U1058
NET026613,2026-06-23 10:12:00,U1065,michael.ramirez47,hr-portal.corp.local,INTERNAL,239280,WKSTN-U1065
NET035325,2026-06-23 10:29:00,U1086,steven.thompson53,sharepoint.corp.local,INTERNAL,93397,WKSTN-U1086
NET010840,2026-06-23 10:55:00,U1026,elizabeth.gonzalez,hr-portal.corp.local,INTERNAL,451188,WKSTN-U1026
NET023395,2026-06-23 10:56:00,U1057,nancy.sanchez,sharepoint.corp.local	,INTERNAL,56379,WKSTN-U1057
NET010842,2026-06-23 10:35:00,U1026,elizabeth.gonzalez,mail.corp.local,INTERNAL,161663,WKSTN-U1026
NET013048,2026-06-23 10:31:00,U1031,john.wright28,hr-portal.corp.local,INTERNAL,255050,WKSTN-U1031
NET025816,2026-06-23 10:35:00,U1063,john.nguyen	,linkedin.com,EXTERNAL,16213,WKSTN-U1063
NET002331,2026-06-23 10:51:00,U1006,george.gonzalez,hr-portal.corp.local,INTERNAL,300010,WKSTN-U1006
NET016214,2026-06-23 11:01:00,U1039,mark.thomas,jira.corp.local,INTERNAL,442514,WKSTN-U1039
NET009062,2026-06-23 10:42:00,U1022,sandra.brown,mail.corp.local,INTERNAL,393798,WKSTN-U1022
NET013842,2026-06-23 10:48:00,U1033,linda.miller,sharepoint.corp.local,INTERNAL,151192,WKSTN-U1033
NET038474,2026-06-23 11:03:00,U1093,sarah.clark44,weather.com,,3972,WKSTN-U1093
NET007254,2026-06-23 10:52:00,U1018,betty.white57,jira.corp.local,INTERNAL,86964,WKSTN-U1018
NET018218,2026-06-23 10:41:00,U1044,lisa.ramirez9,confluence.corp.local,INTERNAL,101893,WKSTN-U1044
NET027023,2026-06-23 10:54:00,U1066,michelle.wright62,sharepoint.corp.local,INTERNAL,312052,WKSTN-U1066
NET036680,2026-06-23 10:41:00,U1089,paul.brown27,,INTERNAL,227196,WKSTN-U1089
NET004644,2026-06-23 10:39:00,U1012,linda.martinez,mail.corp.local,INTERNAL,313446,WKSTN-U1012
NET017426,2026-06-23 10:53:00,U1042,michael.hill56,vpn.corp.local,INTERNAL,86036,WKSTN-U1042
NET022620,2026-06-23 11:02:00,U1055,patricia.wilson54,jira.corp.local,INTERNAL,200312,WKSTN-U1055
NET016628,2026-06-23 10:49:00,U1040,matthew.martin,confluence.corp.local,internal,39408,WKSTN-U1040
NET006790,2026-06-23 10:47:00,U1017,emily.hernandez34,jira.corp.local,INTERNAL,179271,WKSTN-U1017
NET038908,2026-06-23 10:36:00,U1094,elizabeth.lewis69	,confluence.corp.local,INTERNAL,228469,WKSTN-U1094
NET036238,2026-06-23 10:47:00,U1088,andrew.smith85,jira.corp.local,INTERNAL,268043,WKSTN-U1088	
NET040517,2026-06-23 10:55:00,U1098,nancy.wright49,vpn.corp.local,INTERNAL,488418,WKSTN-U1098
NET023394,2026-06-23 10:43:00,U1057,nancy.sanchez,,INTERNAL,316031,WKSTN-U1057
NET024595,2026-06-23 10:47:00,U1060,matthew.anderson,vpn.corp.local,INTERNAL,171590,WKSTN-U1060
NET018605,2026-06-23 10:58:00,U1045,daniel.sanchez90,news.com,EXTERNAL,3080,WKSTN-U1045
NET006789,2026-06-23 11:25:00,U1017,emily.hernandez34,sharepoint.corp.local,INTERNAL,236807,WKSTN-U1017
NET026612,2026-06-23 11:24:00,U1065,michael.ramirez47	,mail.corp.local,INTERNAL,210632,WKSTN-U1065
NET022621,2026-06-23 11:06:00,U1055,patricia.wilson54,vpn.corp.local	,INTERNAL,242992,WKSTN-U1055
NET013455,2026-06-23 11:11:00,U1032,paul.wright91,vpn.corp.local,INTERNAL,142626,WKSTN-U1032
NET040515,2026-06-23 11:12:00,U1098,nancy.wright49,sharepoint.corp.local,INTERNAL,418577,  WKSTN-U1098 
NET002332,2026-06-23 11:09:00,U1006,george.gonzalez,sharepoint.corp.local,INTERNAL,295077,WKSTN-U1006
NET023795,2026-06-23 11:30:00,U1058,jennifer.ramirez18,jira.corp.local,INTERNAL,348156,WKSTN-U1058
NET039730,2026-06-23 11:28:00,U1096,david.allen76,mail.corp.local,INTERNAL,,WKSTN-U1096
NET019440,2026-06-23 11:10:00,U1047,sandra.lewis,jira.corp.local,INTERNAL,193647,WKSTN-U1047
NET035322,2026-06-23 11:20:00,U1086,steven.thompson53,mail.corp.local,INTERNAL,190059,WKSTN-U1086
NET028622,2026-06-23 11:17:00,U1070,betty.thomas40,confluence.corp.local,INTERNAL,459825,WKSTN-U1070
NET033968,2026-06-23 11:36:00,U1083,sarah.allen70,hr-portal.corp.local,INTERNAL,57715,WKSTN-U1083
NET017012,2026-06-23 11:13:00,U1041,matthew.allen52,hr-portal.corp.local,INTERNAL,177277,WKSTN-U1041
NET035324,2026-06-23 11:25:00,U1086,STEVEN.THOMPSON53,confluence.corp.local,INTERNAL,346040,WKSTN-U1086
NET033969,2026-06-23 11:30:00,U1083,sarah.allen70	,mail.corp.local,INTERNAL,102148,WKSTN-U1083
NET025812,2026-06-23 11:17:00,U1063,john.nguyen,hr-portal.corp.local,INTERNAL,284623,WKSTN-U1063
NET004231,2026-06-23 11:17:00,U1011,donna.ramirez75,sharepoint.corp.local,INTERNAL,103490,WKSTN-U1011
NET009953,2026-06-23 11:27:00,U1024,emily.miller,vpn.corp.local,INTERNAL,266535,WKSTN-U1024
NET039311,2026-06-23 11:05:00,U1095,richard.thomas74,jira.corp.local,INTERNAL,395034,WKSTN-U1095
NET005466,2026-06-23 11:23:00,U1014,JAMES.TAYLOR,hr-portal.corp.local,INTERNAL,196681,WKSTN-U1014
NET038040,2026-06-23 11:35:00,U1092,steven.thomas,,INTERNAL,285520,WKSTN-U1092
NET032233,2026-06-23 11:06:00,U1079,emily.jones,hr-portal.corp.local,INTERNAL,176365,WKSTN-U1079
NET021787,2026-06-23 11:37:00,U1053,john.jackson31,sharepoint.corp.local,INTERNAL,273367,WKSTN-U1053
NET033101,2026-06-23 11:03:00,U1081,  margaret.davis ,hr-portal.corp.local,INTERNAL,N/A,WKSTN-U1081
NET011748,2026-06-23 11:19:00,U1028,john.hill,sharepoint.corp.local,INTERNAL,88770,  WKSTN-U1028 
NET011747,2026-06-23 11:51:00,U1028,john.hill,sharepoint.corp.local,INTERNAL,412226,WKSTN-U1028
NET033105,2026-06-23 12:07:00,U1081,margaret.davis,hr-portal.corp.local,INTERNAL,246462,WKSTN-U1081
NET003079,2026-06-23 11:46:00,U1008,joshua.hernandez,confluence.corp.local,INTERNAL,466000,WKSTN-U1008
NET013051,2026-06-23 11:46:00,U1031,john.wright28,vpn.corp.local,INTERNAL,453258,WKSTN-U1031
NET009063,2026-06-23 12:02:00,U1022,sandra.brown,vpn.corp.local,INTERNAL,,WKSTN-U1022
NET003482,2026-06-23 11:45:00,U1009,daniel.brown,mail.corp.local,INTERNAL,325669,WKSTN-U1009
NET001530,2026-06-23 12:12:00,U1004,elizabeth.wilson98,jira.corp.local,,191984,WKSTN-U1004
NET026614,2026-06-23 11:42:00,U1065,michael.ramirez47,jira.corp.local,,386143,WKSTN-U1065
NET005464,2026-06-23 11:45:00,U1014,james.taylor	,confluence.corp.local,INTERNAL,485430,WKSTN-U1014
NET027403,2026-06-23 11:43:00,U1067,paul.thomas97,jira.corp.local,INTERNAL,48174,WKSTN-U1067
NET020202,2026-06-23 12:14:00,U1049,michelle.jones59,mail.corp.local,INTERNAL,440528,WKSTN-U1049
NET006310,2026-06-23 11:47:00,U1016,,mail.corp.local,INTERNAL,328928,WKSTN-U1016
NET034444,2026-06-23 12:08:00,U1084,joshua.taylor	,mail.corp.local,INTERNAL,159406,WKSTN-U1084
NET041276,2026-06-23 11:41:00,U1100,daniel.brown38,sharepoint.corp.local,INTERNAL,411649,WKSTN-U1100
NET024202,2026-06-23 12:07:00,U1059,daniel.perez98,,INTERNAL,111949,WKSTN-U1059
NET040900,2026-06-23 11:55:00,U1099,joseph.garcia,vpn.corp.local,INTERNAL,292831,WKSTN-U1099
NET030624,2026-06-23 11:39:00,U1075,steven.lewis,jira.corp.local,INTERNAL,193299,WKSTN-U1075
NET024596,2026-06-23 11:39:00,U1060,matthew.anderson,jira.corp.local,INTERNAL,,WKSTN-U1060
NET004232,2026-06-23 11:40:00,U1011,donna.ramirez75,sharepoint.corp.local,INTERNAL,215217,WKSTN-U1011
NET029818,2026-06-23 12:09:00,U1073,michael.gonzalez,jira.corp.local,INTERNAL,256138,WKSTN-U1073
NET014637,2026-06-23 11:50:00,U1035,nancy.rodriguez82,mail.corp.local,INTERNAL,281332,WKSTN-U1035
NET025815,2026-06-23 11:51:00,U1063,john.nguyen,confluence.corp.local,INTERNAL,211738,WKSTN-U1063
NET020609,2026-06-23 12:10:00,U1050,michael.ramirez,jira.corp.local,INTERNAL,476386,WKSTN-U1050
NET021395,2026-06-23 12:08:00,U1052,paul.taylor,sharepoint.corp.local,INTERNAL,228569,WKSTN-U1052
NET001531,2026-06-23 11:41:00,U1004,elizabeth.wilson98,jira.corp.local,INTERNAL,127025,WKSTN-U1004
NET004647,2026-06-23 12:20:00,U1012,linda.martinez,mail.corp.local,INTERNAL,159380,WKSTN-U1012
NET015426,2026-06-23 12:20:00,U1037,robert.martin,confluence.corp.local,INTERNAL,130378,WKSTN-U1037
NET040134,2026-06-23 12:31:00,U1097,mark.martinez10,vpn.corp.local,INTERNAL,463335,WKSTN-U1097
NET031808,2026-06-23 12:19:00,U1078,michelle.miller,jira.corp.local,INTERNAL,90749,WKSTN-U1078
NET016217,2026-06-23 12:18:00,U1039,mark.thomas,confluence.corp.local,INTERNAL,447466,
NET022619,2026-06-23 12:18:00,U1055,patricia.wilson54,mail.corp.local,INTERNAL,271199,WKSTN-U1055
NET011311,2026-06-23 12:36:00,U1027,patricia.brown75,hr-portal.corp.local,INTERNAL,3298,WKSTN-U1027
NET023396,2026-06-23 12:31:00,U1057,nancy.sanchez,jira.corp.local,INTERNAL,400693,WKSTN-U1057
NET029438,2026-06-23 12:28:00,U1072,kenneth.lopez,hr-portal.corp.local,INTERNAL,398767,WKSTN-U1072
NET038907,2026-06-23 12:16:00,U1094,elizabeth.lewis69,vpn.corp.local,INTERNAL,266377,WKSTN-U1094
NET024203,2026-06-23 12:21:00,U1059,daniel.perez98,news.com,EXTERNAL,17437,WKSTN-U1059
NET023397,2026-06-23 12:30:00,U1057,nancy.sanchez,sharepoint.corp.local,INTERNAL,242830,WKSTN-U1057
NET016213,2026-06-23 12:21:00,U1039,mark.thomas,confluence.corp.local,INTERNAL,79213,WKSTN-U1039
NET008607,2026-06-23 12:34:00,U1021,jessica.walker,hr-portal.corp.local,INTERNAL,247065,WKSTN-U1021
NET009507,2026-06-23 12:32:00,U1023,richard.wright,mail.corp.local,INTERNAL,416632,WKSTN-U1023
NET033103,2026-06-23 12:29:00,U1081,margaret.davis,sharepoint.corp.local,INTERNAL,47804,WKSTN-U1081
NET009509,2026-06-23 12:29:00,U1023,richard.wright,jira.corp.local,INTERNAL,111475,WKSTN-U1023
NET001925,2026-06-23 12:26:00,U1005,robert.robinson,hr-portal.corp.local,INTERNAL,227532,WKSTN-U1005
NET003851,2026-06-23 12:26:00,U1010,susan.young51,mail.corp.local,INTERNAL,207887,WKSTN-U1010
NET035754,2026-06-23 12:26:00,U1087,charles.sanchez,hr-portal.corp.local,INTERNAL,325203,WKSTN-U1087
NET015427,2026-06-23 12:15:00,U1037,robert.martin,jira.corp.local,INTERNAL,448935,WKSTN-U1037
NET017428,2026-06-23 12:16:00,U1042,michael.hill56,,INTERNAL,408119,WKSTN-U1042
NET033517,2026-06-23 12:36:00,U1082,karen.hill96,news.com,EXTERNAL,9875,WKSTN-U1082
NET018216,2026-06-23 12:35:00,U1044,lisa.ramirez9,jira.corp.local,,69763,WKSTN-U1044
NET031013,2026-06-23 12:35:00,U1076,john.torres,vpn.corp.local,INTERNAL,N/A,  WKSTN-U1076 
NET038041,2026-06-23 12:54:00,U1092,steven.thomas,sharepoint.corp.local,INTERNAL,445698000.0,WKSTN-U1092
NET038472,2026-06-23 12:58:00,U1093,sarah.clark44,hr-portal.corp.local,INTERNAL,483491,WKSTN-U1093
NET005883,2026-06-23 12:53:00,U1015,lisa.hernandez,hr-portal.corp.local,INTERNAL,231696000.0,WKSTN-U1015
NET033102,2026-06-23 13:10:00,U1081,margaret.davis,vpn.corp.local,INTERNAL,399566,WKSTN-U1081
NET005059,2026-06-23 12:59:00,U1013,emily.smith,confluence.corp.local,INTERNAL,78493,WKSTN-U1013
NET027024,2026-06-23 12:59:00,U1066,,confluence.corp.local,INTERNAL,452266,WKSTN-U1066
NET002716,2026-06-23 12:38:00,U1007,sarah.robinson82,jira.corp.local,INTERNAL,318173,WKSTN-U1007
NET009955,2026-06-23 13:00:00,U1024,emily.miller,mail.corp.local,INTERNAL,482125,WKSTN-U1024
NET019824,2026-06-23 13:05:00,U1048,jennifer.thomas87,vpn.corp.local,INTERNAL,200179,WKSTN-U1048	
NET008606,2026-06-23 12:48:00,U1021,jessica.walker,mail.corp.local,INTERNAL,250443,WKSTN-U1021
NET014236,2026-06-23 13:06:00,U1034,thomas.allen63,jira.corp.local,INTERNAL,311661,WKSTN-U1034
NET019441,2026-06-23 12:57:00,U1047,sandra.lewis,jira.corp.local,INTERNAL,329117,WKSTN-U1047
NET025407,2026-06-23 13:11:00,U1062,william.martin,jira.corp.local,INTERNAL,175665,WKSTN-U1062
NET010405,2026-06-23 12:52:00,U1025,betty.brown22,sharepoint.corp.local,INTERNAL,332594,WKSTN-U1025
NET040899,2026-06-23 13:12:00,U1099,joseph.garcia,jira.corp.local,INTERNAL,65140,WKSTN-U1099
NET017815,2026-06-23 12:56:00,U1043,thomas.williams91,mail.corp.local,INTERNAL,236909,WKSTN-U1043
NET037577,2026-06-23 12:51:00,U1091,linda.robinson,confluence.corp.local,INTERNAL,466692,WKSTN-U1091
NET011312,2026-06-23 13:06:00,U1027,patricia.brown75,vpn.corp.local,INTERNAL,480260,WKSTN-U1027
NET000301,2026-06-23 13:03:00,U1001,linda.johnson95,mail.corp.local,INTERNAL,323396,WKSTN-U1001
NET030237,2026-06-23 13:15:00,U1074,sarah.williams7,jira.corp.local,INTERNAL,422069,WKSTN-U1074
NET029039,2026-06-23 13:06:00,U1071,matthew.robinson35,  jira.corp.local ,INTERNAL,21476,WKSTN-U1071
NET030238,2026-06-23 13:13:00,U1074,sarah.williams7,confluence.corp.local,INTERNAL,315215,WKSTN-U1074
NET014233,2026-06-23 12:41:00,U1034,thomas.allen63,vpn.corp.local,INTERNAL,437416,WKSTN-U1034
NET030623,2026-06-23 13:14:00,U1075,steven.lewis,hr-portal.corp.local,INTERNAL,146659,WKSTN-U1075
NET036681,2026-06-23 12:42:00,U1089,paul.brown27,vpn.corp.local,INTERNAL,326118,WKSTN-U1089
NET010404,2026-06-23 13:54:00,U1025,betty.brown22	,hr-portal.corp.local,INTERNAL,209424,WKSTN-U1025
NET005880,2026-06-23 13:17:00,U1015,lisa.hernandez,,INTERNAL,246704,WKSTN-U1015
NET005058,2026-06-23 13:49:00,U1013,,vpn.corp.local,INTERNAL,25638,WKSTN-U1013
NET023007,2026-06-23 13:39:00,U1056,anthony.clark,jira.corp.local,INTERNAL,3511,WKSTN-U1056
NET015012,2026-06-23 13:53:00,U1036,linda.jones,hr-portal.corp.local,INTERNAL,173102,WKSTN-U1036
NET015011,2026-06-23 13:48:00,U1036,linda.jones,sharepoint.corp.local,INTERNAL,224446,WKSTN-U1036
NET023794,2026-06-23 13:54:00,U1058,jennifer.ramirez18,sharepoint.corp.local,INTERNAL,466838,WKSTN-U1058
NET018217,2026-06-23 13:41:00,U1044,lisa.ramirez9,vpn.corp.local,INTERNAL,465873,WKSTN-U1044
NET033104,2026-06-23 13:22:00,U1081,margaret.davis,vpn.corp.local,INTERNAL,88680,WKSTN-U1081
NET001532,2026-06-23 13:35:00,U1004,elizabeth.wilson98,news.com,EXTERNAL,14766,WKSTN-U1004
NET021009,2026-06-23 13:19:00,U1051,sandra.king72,hr-portal.corp.local	,INTERNAL,362770,WKSTN-U1051
NET019031,2026-06-23 13:34:00,U1046,michelle.torres39,sharepoint.corp.local,INTERNAL,300388,WKSTN-U1046
NET019030,2026-06-23 13:51:00,U1046,michelle.torres39,confluence.corp.local,INTERNAL,10341,WKSTN-U1046
NET008147,2026-06-23 13:19:00,U1020,andrew.thomas36,hr-portal.corp.local,INTERNAL,303200,WKSTN-U1020
NET013452,2026-06-23 13:45:00,U1032,paul.wright91,confluence.corp.local,INTERNAL,248189,WKSTN-U1032
NET039309,2026-06-23 13:29:00,U1095,richard.thomas74,mail.corp.local,INTERNAL,345975,WKSTN-U1095
NET037137,2026-06-23 13:19:00,U1090,mary.hill,sharepoint.corp.local,INTERNAL,291722,WKSTN-U1090
NET026611,2026-06-23 13:29:00,U1065,michael.ramirez47,mail.corp.local	,INTERNAL,260572,WKSTN-U1065
NET040901,2026-06-23 13:22:00,U1099,joseph.garcia,mail.corp.local,INTERNAL,115438,WKSTN-U1099	
NET027407,2026-06-23 13:44:00,U1067,paul.thomas97,vpn.corp.local,INTERNAL,356648,
NET030625,2026-06-23 13:47:00,U1075,steven.lewis,sharepoint.corp.local,internal,171246,WKSTN-U1075
NET027405,2026-06-23 13:18:00,U1067,paul.thomas97,confluence.corp.local,INTERNAL,74282,WKSTN-U1067
NET038469,2026-06-23 13:34:00,U1093,sarah.clark44,vpn.corp.local,INTERNAL,494563,WKSTN-U1093
NET028222,2026-06-23 13:48:00,U1069,jessica.clark,mail.corp.local,INTERNAL,369619,WKSTN-U1069
NET005467,2026-06-23 13:39:00,U1014,james.taylor,news.com,EXTERNAL,6030,WKSTN-U1014
NET013846,2026-06-23 14:26:00,U1033,linda.miller,,INTERNAL,258589,
NET036678,2026-06-23 14:24:00,U1089,paul.brown27,sharepoint.corp.local,INTERNAL,401868,WKSTN-U1089
NET007706,2026-06-23 14:21:00,U1019,donna.anderson,jira.corp.local,INTERNAL,193925,WKSTN-U1019
NET003483,2026-06-23 14:11:00,U1009,daniel.brown,mail.corp.local,INTERNAL,334038,WKSTN-U1009
NET014235,2026-06-23 14:15:00,U1034,thomas.allen63,sharepoint.corp.local,INTERNAL,364976,WKSTN-U1034
NET018215,2026-06-23 13:57:00,U1044,lisa.ramirez9,hr-portal.corp.local,INTERNAL,256264,WKSTN-U1044
NET037134,2026-06-23 14:17:00,U1090,mary.hill,confluence.corp.local,INTERNAL,494421,WKSTN-U1090
NET014635,2026-06-23 14:11:00,U1035,nancy.rodriguez82,hr-portal.corp.local,INTERNAL,198066,WKSTN-U1035
NET023798,2026-06-23 14:17:00,U1058,jennifer.ramirez18,confluence.corp.local,INTERNAL,280969,WKSTN-U1058
NET025404,2026-06-23 14:16:00,U1062,william.martin,,INTERNAL,364957,WKSTN-U1062
NET040903,2026-06-23 14:14:00,U1099,joseph.garcia,  mail.corp.local ,INTERNAL,434347,WKSTN-U1099
NET027777,2026-06-23 13:58:00,U1068,susan.thompson34,hr-portal.corp.local,INTERNAL,190690,WKSTN-U1068
NET035326,2026-06-23 14:03:00,U1086,steven.thompson53,vpn.corp.local,INTERNAL,329072,WKSTN-U1086
NET018603,2026-06-23 14:01:00,U1045,daniel.sanchez90,jira.corp.local,INTERNAL,115931,WKSTN-U1045
NET039310,2026-06-23 14:20:00,U1095,richard.thomas74,,INTERNAL,472223,WKSTN-U1095
NET016627,2026-06-23 14:16:00,U1040,matthew.martin,sharepoint.corp.local,INTERNAL,,  WKSTN-U1040 
NET006313,2026-06-23 14:00:00,U1016,patricia.thomas,news.com,EXTERNAL,11214,WKSTN-U1016
NET011314,2026-06-23 14:01:00,U1027,patricia.brown75,confluence.corp.local,INTERNAL,135957,WKSTN-U1027
NET024199,2026-06-23 14:15:00,U1059,daniel.perez98,confluence.corp.local,INTERNAL,490651,WKSTN-U1059
NET003484,2026-06-23 14:24:00,U1009,daniel.brown,vpn.corp.local,INTERNAL,22954,WKSTN-U1009
NET027022,2026-06-23 14:05:00,U1066,michelle.wright62,hr-portal.corp.local,INTERNAL,,WKSTN-U1066
NET001923,2026-06-23 14:04:00,U1005,robert.robinson,jira.corp.local,INTERNAL,218607,WKSTN-U1005
NET019825,2026-06-23 13:57:00,U1048,jennifer.thomas87,sharepoint.corp.local,INTERNAL,418044,WKSTN-U1048
NET013454,2026-06-23 14:09:00,U1032,paul.wright91,mail.corp.local,INTERNAL,338064,WKSTN-U1032
NET020608,2026-06-23 14:19:00,U1050,michael.ramirez,hr-portal.corp.local,INTERNAL,122872,WKSTN-U1050
NET031807,2026-06-23 14:29:00,U1078,michelle.miller,vpn.corp.local,INTERNAL,16416,WKSTN-U1078
NET038910,2026-06-23 14:56:00,U1094,elizabeth.lewis69,mail.corp.local,INTERNAL,118110,WKSTN-U1094
NET028621,2026-06-23 14:50:00,U1070,BETTY.THOMAS40,jira.corp.local,INTERNAL,7460,WKSTN-U1070
NET027025,2026-06-23 14:59:00,U1066,michelle.wright62,hr-portal.corp.local,INTERNAL,90343,WKSTN-U1066
NET036679,2026-06-23 14:44:00,U1089,paul.brown27,confluence.corp.local,INTERNAL,,WKSTN-U1089
NET041277,2026-06-23 14:59:00,U1100,daniel.brown38,confluence.corp.local,INTERNAL,32168,WKSTN-U1100
NET022618,2026-06-23 14:48:00,U1055,patricia.wilson54,hr-portal.corp.local	,INTERNAL,260375,WKSTN-U1055
NET021010,2026-06-23 14:32:00,U1051,SANDRA.KING72,mail.corp.local,INTERNAL,419213,WKSTN-U1051
NET003078,2026-06-23 14:40:00,U1008,joshua.hernandez,sharepoint.corp.local,INTERNAL,377055,WKSTN-U1008
NET028224,2026-06-23 15:00:00,U1069,jessica.clark,sharepoint.corp.local,INTERNAL,120645,  WKSTN-U1069 
NET013844,2026-06-23 14:27:00,U1033,linda.miller,mail.corp.local,INTERNAL,222190,WKSTN-U1033
NET028223,2026-06-23 14:41:00,U1069,jessica.clark,confluence.corp.local,INTERNAL,407003,WKSTN-U1069
NET038471,2026-06-23 14:49:00,U1093,sarah.clark44,confluence.corp.local,INTERNAL,428375,WKSTN-U1093
NET030626,2026-06-23 14:52:00,U1075,steven.lewis,linkedin.com,EXTERNAL,11023,WKSTN-U1075
NET026200,2026-06-23 14:36:00,U1064,matthew.wright55,jira.corp.local,INTERNAL,472643,WKSTN-U1064
NET040516,2026-06-23 14:48:00,U1098,nancy.wright49,hr-portal.corp.local,INTERNAL,344779,WKSTN-U1098
NET024198,2026-06-23 14:52:00,U1059,daniel.perez98,sharepoint.corp.local,INTERNAL,127157,WKSTN-U1059	
NET023393,2026-06-23 14:34:00,U1057,nancy.sanchez,jira.corp.local,INTERNAL,170591,WKSTN-U1057
NET031015,2026-06-23 14:40:00,U1076,john.torres,sharepoint.corp.local,INTERNAL,88304,WKSTN-U1076
NET012189,2026-06-23 14:36:00,U1029,michelle.garcia54,hr-portal.corp.local,INTERNAL,477402,WKSTN-U1029
NET018604,2026-06-23 14:58:00,U1045,daniel.sanchez90,mail.corp.local,INTERNAL,406327,WKSTN-U1045
NET029040,2026-06-23 14:34:00,U1071,matthew.robinson35,hr-portal.corp.local,INTERNAL,48811,WKSTN-U1071
NET009957,2026-06-23 15:02:00,U1024,emily.miller,confluence.corp.local,INTERNAL,382924,WKSTN-U1024
NET027778,2026-06-23 14:57:00,U1068,susan.thompson34,confluence.corp.local,INTERNAL,,WKSTN-U1068
NET001138,2026-06-23 14:38:00,U1003,kenneth.clark29,sharepoint.corp.local,INTERNAL,319758,WKSTN-U1003
NET026615,2026-06-23 15:39:00,U1065,michael.ramirez47,mail.corp.local,internal,105770,WKSTN-U1065
NET040902,2026-06-23 15:43:00,U1099,joseph.garcia,mail.corp.local,INTERNAL,223863,WKSTN-U1099
NET041278,2026-06-23 15:44:00,U1100,daniel.brown38,confluence.corp.local,INTERNAL,67584,WKSTN-U1100
NET013843,2026-06-23 15:24:00,U1033,linda.miller,vpn.corp.local,INTERNAL,80005,WKSTN-U1033
NET006791,2026-06-23 15:30:00,U1017,emily.hernandez34,sharepoint.corp.local,INTERNAL,303838,WKSTN-U1017
NET034872,2026-06-23 15:21:00,U1085,barbara.walker67,confluence.corp.local,INTERNAL,171578,WKSTN-U1085
NET031012,2026-06-23 15:13:00,U1076,john.torres,vpn.corp.local,INTERNAL,107377,WKSTN-U1076
NET027404,2026-06-23 15:32:00,U1067,PAUL.THOMAS97,jira.corp.local,INTERNAL,320308,WKSTN-U1067
NET012191,2026-06-23 15:56:00,U1029,michelle.garcia54,weather.com,EXTERNAL,3353,WKSTN-U1029
NET023796,2026-06-23 15:32:00,U1058,jennifer.ramirez18,jira.corp.local,INTERNAL,122045,WKSTN-U1058
NET003852,2026-06-23 15:25:00,U1010,susan.young51,hr-portal.corp.local,INTERNAL,305434,WKSTN-U1010
NET036239,2026-06-23 15:07:00,U1088,andrew.smith85,hr-portal.corp.local,INTERNAL,330694,WKSTN-U1088
NET001137,2026-06-23 15:02:00,U1003,kenneth.clark29,mail.corp.local,,285951,WKSTN-U1003
NET006792,2026-06-23 15:51:00,U1017,emily.hernandez34,confluence.corp.local,INTERNAL,86505,
NET027780,2026-06-23 15:10:00,U1068,susan.thompson34,news.com,EXTERNAL,17149,WKSTN-U1068
NET011313,2026-06-23 15:05:00,U1027,patricia.brown75,confluence.corp.local	,INTERNAL,465011,WKSTN-U1027
NET017427,2026-06-23 15:13:00,U1042,michael.hill56,  sharepoint.corp.local ,INTERNAL,32525,WKSTN-U1042
NET008150,2026-06-23 15:23:00,U1020,andrew.thomas36,confluence.corp.local,INTERNAL,134736,WKSTN-U1020
NET000299,2026-06-23 15:24:00,U1001,linda.johnson95,hr-portal.corp.local,INTERNAL,402337,WKSTN-U1001
NET029817,2026-06-23 15:40:00,U1073,michael.gonzalez,confluence.corp.local,INTERNAL,93166,WKSTN-U1073
NET032232,2026-06-23 15:11:00,U1079,emily.jones,mail.corp.local,INTERNAL,228925,WKSTN-U1079
NET018600,2026-06-23 15:05:00,U1045,daniel.sanchez90,sharepoint.corp.local,INTERNAL,467145,WKSTN-U1045
NET037576,2026-06-23 15:44:00,U1091,linda.robinson,sharepoint.corp.local,INTERNAL,31522,WKSTN-U1091
NET037136,2026-06-23 15:49:00,U1090,mary.hill,confluence.corp.local,INTERNAL,146954,WKSTN-U1090
NET001139,2026-06-23 15:16:00,U1003,kenneth.clark29,mail.corp.local,INTERNAL,125716,WKSTN-U1003
NET010841,2026-06-23 16:25:00,U1026,elizabeth.gonzalez,confluence.corp.local,INTERNAL,335876,WKSTN-U1026
NET013453,2026-06-23 16:30:00,U1032,paul.wright91,confluence.corp.local,INTERNAL,126386,WKSTN-U1032
NET005057,2026-06-23 16:56:00,U1013,emily.smith,sharepoint.corp.local,INTERNAL,234462,WKSTN-U1013
NET017816,2026-06-23 16:51:00,U1043,thomas.williams91,hr-portal.corp.local,INTERNAL,200953,WKSTN-U1043
NET034443,2026-06-23 16:06:00,U1084,joshua.taylor,jira.corp.local,INTERNAL,67801,WKSTN-U1084
NET021396,2026-06-23 16:51:00,U1052,paul.taylor,hr-portal.corp.local,INTERNAL,406430,WKSTN-U1052
NET038909,2026-06-23 16:26:00,U1094,elizabeth.lewis69,vpn.corp.local,INTERNAL,208148,WKSTN-U1094
NET009060,2026-06-23 16:49:00,U1022,sandra.brown,jira.corp.local,INTERNAL,431494,WKSTN-U1022
NET022220,2026-06-23 16:08:00,U1054,anthony.martinez,vpn.corp.local,INTERNAL,271913,WKSTN-U1054
NET017013,2026-06-23 16:54:00,U1041,matthew.allen52,vpn.corp.local,INTERNAL,280636,WKSTN-U1041
NET007705,2026-06-23 16:51:00,U1019,donna.anderson,jira.corp.local,INTERNAL,94370,WKSTN-U1019
NET039729,2026-06-23 16:22:00,U1096,david.allen76,jira.corp.local	,internal,430957,WKSTN-U1096
NET026199,2026-06-23 16:03:00,U1064,matthew.wright55,jira.corp.local,INTERNAL,480806,WKSTN-U1064
NET015832,2026-06-23 16:04:00,U1038,emily.clark,jira.corp.local,INTERNAL,417198000.0,WKSTN-U1038
NET007256,2026-06-23 16:27:00,U1018,betty.white57,,INTERNAL,28203,WKSTN-U1018
NET004646,2026-06-23 17:06:00,U1012,linda.martinez,confluence.corp.local,INTERNAL,302841,WKSTN-U1012
NET024201,2026-06-23 16:29:00,U1059,daniel.perez98,hr-portal.corp.local,INTERNAL,274670,WKSTN-U1059
NET008605,2026-06-23 16:05:00,U1021,jessica.walker,vpn.corp.local,INTERNAL,138557,WKSTN-U1021
NET002330,2026-06-23 16:04:00,U1006,george.gonzalez,hr-portal.corp.local,INTERNAL,230000,WKSTN-U1006
NET037135,2026-06-23 16:21:00,U1090,mary.hill,confluence.corp.local,INTERNAL,334576,WKSTN-U1090
NET009956,2026-06-23 16:08:00,U1024,emily.miller,hr-portal.corp.local,INTERNAL,122526,WKSTN-U1024
NET013451,2026-06-23 16:30:00,U1032,paul.wright91,mail.corp.local,INTERNAL,394426,WKSTN-U1032
NET006309,2026-06-23 16:15:00,U1016,patricia.thomas,sharepoint.corp.local,INTERNAL,12366,WKSTN-U1016
NET027406,2026-06-23 16:45:00,U1067,paul.thomas97,confluence.corp.local,INTERNAL,185014,WKSTN-U1067
NET016215,2026-06-23 16:05:00,U1039,mark.thomas,vpn.corp.local,INTERNAL,324871,WKSTN-U1039
NET009954,2026-06-23 17:40:00,U1024,emily.miller,confluence.corp.local,INTERNAL,136073,WKSTN-U1024
NET041583,2026-06-24 00:25:00,U1088,andrew.smith85,gmail.com,EXTERNAL,323494240,WKSTN-U1088
NET007274,2026-06-24 08:11:00,U1018,betty.white57,jira.corp.local,INTERNAL,379591,WKSTN-U1018
NET020630,2026-06-24 08:02:00,U1050,michael.ramirez,vpn.corp.local,INTERNAL,13034,WKSTN-U1050
NET008623,2026-06-24 07:19:00,U1021,jessica.walker,confluence.corp.local,INTERNAL,481597,WKSTN-U1021
NET027427,2026-06-24 07:50:00,U1067,paul.thomas97,hr-portal.corp.local,INTERNAL,350779,WKSTN-U1067
NET027428,2026-06-24 07:40:00,U1067,paul.thomas97,confluence.corp.local,INTERNAL,71688,WKSTN-U1067
NET012188,2026-06-23 17:33:00,U1029,michelle.garcia54,hr-portal.corp.local,INTERNAL,428986,WKSTN-U1029
NET038060,2026-06-24 07:25:00,U1092,steven.thomas,sharepoint.corp.local,INTERNAL,435993,WKSTN-U1092
NET019032,2026-06-23 17:13:00,U1046,michelle.torres39,jira.corp.local,INTERNAL,261461,WKSTN-U1046
NET012653,2026-06-24 07:09:00,U1030,betty.rodriguez86,  hr-portal.corp.local ,INTERNAL,446287,
NET028623,2026-06-23 17:14:00,U1070,betty.thomas40,sharepoint.corp.local,INTERNAL,271343,WKSTN-U1070
NET038927,2026-06-24 07:48:00,U1094,elizabeth.lewis69,jira.corp.local,INTERNAL,120650,WKSTN-U1094
NET033993,2026-06-24 07:27:00,U1083,sarah.allen70,confluence.corp.local,internal,113345,WKSTN-U1083
NET004668,2026-06-24 07:06:00,U1012,linda.martinez,sharepoint.corp.local,INTERNAL,147096,WKSTN-U1012
NET015013,2026-06-23 17:38:00,U1036,linda.jones,mail.corp.local,internal,157469,WKSTN-U1036
NET012190,2026-06-23 17:21:00,U1029,michelle.garcia54,sharepoint.corp.local,INTERNAL,228755,WKSTN-U1029
NET028643,2026-06-24 08:11:00,U1070,betty.thomas40,confluence.corp.local,INTERNAL,258797,
NET007708,2026-06-23 17:21:00,U1019,donna.anderson,hr-portal.corp.local,INTERNAL,403740,WKSTN-U1019
NET007707,2026-06-23 17:20:00,U1019,donna.anderson,hr-portal.corp.local,INTERNAL,173216,
NET011768,2026-06-24 08:06:00,U1028,john.hill,sharepoint.corp.local,INTERNAL,76630,WKSTN-U1028	
NET023006,2026-06-23 17:18:00,U1056,anthony.clark,confluence.corp.local,INTERNAL,322375,
NET006312,2026-06-23 17:20:00,U1016,,mail.corp.local,INTERNAL,304350,WKSTN-U1016
NET002715,2026-06-23 17:55:00,U1007,sarah.robinson82,vpn.corp.local,INTERNAL,N/A,WKSTN-U1007
NET031033,2026-06-24 08:05:00,U1076,john.torres	,jira.corp.local,INTERNAL,281614,WKSTN-U1076
NET009083,2026-06-24 08:25:00,U1022,sandra.brown,confluence.corp.local,INTERNAL,443213,WKSTN-U1022
NET027796,2026-06-24 08:43:00,U1068,susan.thompson34,hr-portal.corp.local,INTERNAL,440741,WKSTN-U1068
NET004667,2026-06-24 08:41:00,U1012,linda.martinez,jira.corp.local,INTERNAL,246382,WKSTN-U1012
NET029837,2026-06-24 09:06:00,U1073,michael.gonzalez,hr-portal.corp.local	,INTERNAL,44731,WKSTN-U1073
NET024611,2026-06-24 08:58:00,U1060,MATTHEW.ANDERSON,confluence.corp.local,INTERNAL,65502,WKSTN-U1060
NET040534,2026-06-24 08:26:00,U1098,nancy.wright49,sharepoint.corp.local	,INTERNAL,499794,WKSTN-U1098
NET009527,2026-06-24 08:27:00,U1023,richard.wright,mail.corp.local,INTERNAL,304721,WKSTN-U1023
NET016646,2026-06-24 08:15:00,U1040,matthew.martin,jira.corp.local,INTERNAL,446812,WKSTN-U1040
NET014254,2026-06-24 08:52:00,U1034,thomas.allen63,sharepoint.corp.local,INTERNAL,91794,WKSTN-U1034
NET021418,2026-06-24 08:45:00,U1052,,confluence.corp.local,INTERNAL,246504,WKSTN-U1052
NET033534,2026-06-24 08:39:00,U1082,karen.hill96,mail.corp.local,INTERNAL,105902,WKSTN-U1082
NET011771,2026-06-24 09:07:00,U1028,john.hill,vpn.corp.local,INTERNAL,355515,WKSTN-U1028
NET027797,2026-06-24 08:37:00,U1068,susan.thompson34,jira.corp.local,INTERNAL,416101,WKSTN-U1068
NET013861,2026-06-24 08:23:00,U1033,linda.miller,sharepoint.corp.local,INTERNAL,304963,WKSTN-U1033
NET027040,2026-06-24 08:53:00,U1066,michelle.wright62,mail.corp.local,INTERNAL,,WKSTN-U1066
NET010421,2026-06-24 09:00:00,U1025,betty.brown22,mail.corp.local,INTERNAL,479392,WKSTN-U1025
NET003868,2026-06-24 08:21:00,U1010,susan.young51,sharepoint.corp.local	,INTERNAL,287143,WKSTN-U1010
NET017449,2026-06-24 08:18:00,U1042,michael.hill56,,INTERNAL,323541,WKSTN-U1042
NET007276,2026-06-24 08:52:00,U1018,betty.white57,  jira.corp.local ,INTERNAL,466417,WKSTN-U1018
NET015031,2026-06-24 08:16:00,U1036,,sharepoint.corp.local,INTERNAL,24635,WKSTN-U1036
NET015852,2026-06-24 08:12:00,U1038,emily.clark,vpn.corp.local,INTERNAL,499311,WKSTN-U1038
NET012652,2026-06-24 08:26:00,U1030,betty.rodriguez86,hr-portal.corp.local,INTERNAL,201049,WKSTN-U1030
NET010862,2026-06-24 08:45:00,U1026,elizabeth.gonzalez,hr-portal.corp.local,INTERNAL,256835,WKSTN-U1026
NET013865,2026-06-24 08:55:00,U1033,linda.miller,linkedin.com,EXTERNAL,9980,WKSTN-U1033
NET016232,2026-06-24 08:13:00,U1039,mark.thomas,vpn.corp.local,INTERNAL,,
NET024610,2026-06-24 09:44:00,U1060,matthew.anderson,confluence.corp.local,INTERNAL,368168,
NET025832,2026-06-24 09:16:00,U1063,  john.nguyen ,hr-portal.corp.local,INTERNAL,238846,WKSTN-U1063
NET023816,2026-06-24 09:20:00,U1058,jennifer.ramirez18,vpn.corp.local,INTERNAL,253199,WKSTN-U1058
NET005480,2026-06-24 09:35:00,U1014,james.taylor,hr-portal.corp.local,INTERNAL,399594,WKSTN-U1014
NET015442,2026-06-24 09:20:00,U1037,ROBERT.MARTIN,hr-portal.corp.local,,168489,WKSTN-U1037
NET034891,2026-06-24 09:11:00,U1085,barbara.walker67,jira.corp.local,INTERNAL,11927,WKSTN-U1085
NET036700,2026-06-24 09:35:00,U1089,paul.brown27,hr-portal.corp.local,INTERNAL,172190,WKSTN-U1089
NET015439,2026-06-24 09:44:00,U1037,robert.martin,vpn.corp.local,INTERNAL,282731,WKSTN-U1037
NET023815,2026-06-24 09:26:00,U1058,jennifer.ramirez18,jira.corp.local,INTERNAL,164451,WKSTN-U1058
NET018627,2026-06-24 09:23:00,U1045,daniel.sanchez90,weather.com	,EXTERNAL,12234,WKSTN-U1045
NET022633,2026-06-24 09:07:00,U1055,patricia.wilson54,mail.corp.local,INTERNAL,384322,WKSTN-U1055
NET005898,2026-06-24 09:36:00,U1015,lisa.hernandez,confluence.corp.local,INTERNAL,409388,WKSTN-U1015
NET012208,2026-06-24 09:49:00,U1029,michelle.garcia54,mail.corp.local,INTERNAL,74324,WKSTN-U1029
NET001941,2026-06-24 09:49:00,U1005,robert.robinson,hr-portal.corp.local,INTERNAL,401340,  WKSTN-U1005 
NET034464,2026-06-24 09:24:00,U1084,joshua.taylor,confluence.corp.local,INTERNAL,8145,WKSTN-U1084
NET020629,2026-06-24 09:08:00,U1050,michael.ramirez,jira.corp.local,INTERNAL,471051,WKSTN-U1050
NET006326,2026-06-24 09:32:00,U1016,patricia.thomas,confluence.corp.local,INTERNAL,238388,WKSTN-U1016
NET013066,2026-06-24 09:43:00,U1031,john.wright28,hr-portal.corp.local,INTERNAL,214720,WKSTN-U1031
NET036256,2026-06-24 09:47:00,U1088,andrew.smith85,vpn.corp.local,INTERNAL,,WKSTN-U1088
NET027039,2026-06-24 09:47:00,U1066,michelle.wright62,hr-portal.corp.local,,76572,WKSTN-U1066
NET028242,2026-06-24 09:31:00,U1069,jessica.clark,jira.corp.local,INTERNAL,290482,WKSTN-U1069
NET030642,2026-06-24 09:45:00,U1075,steven.lewis,confluence.corp.local,INTERNAL,25951,WKSTN-U1075
NET005481,2026-06-24 09:53:00,U1014,JAMES.TAYLOR,vpn.corp.local,INTERNAL,116136,WKSTN-U1014
NET019460,2026-06-24 09:46:00,U1047,sandra.lewis,linkedin.com,EXTERNAL,8123,WKSTN-U1047
NET033535,2026-06-24 09:26:00,U1082,karen.hill96,hr-portal.corp.local,INTERNAL,90810,WKSTN-U1082
NET019838,2026-06-24 10:07:00,U1048,jennifer.thomas87,mail.corp.local,INTERNAL,372596,WKSTN-U1048
NET005082,2026-06-24 10:05:00,U1013,emily.smith,confluence.corp.local,INTERNAL,182779,WKSTN-U1013
NET000317,2026-06-24 10:24:00,U1001,linda.johnson95,sharepoint.corp.local,INTERNAL,281827,WKSTN-U1001
NET018624,2026-06-24 10:23:00,U1045,daniel.sanchez90,jira.corp.local,INTERNAL,499688,WKSTN-U1045
NET031419,2026-06-24 10:20:00,U1077,kimberly.harris58,sharepoint.corp.local,INTERNAL,70355,WKSTN-U1077
NET017832,2026-06-24 10:13:00,U1043,thomas.williams91,sharepoint.corp.local,INTERNAL,228734,WKSTN-U1043
NET015853,2026-06-24 10:31:00,U1038,emily.clark,mail.corp.local,INTERNAL,376831,WKSTN-U1038
NET020628,2026-06-24 10:01:00,U1050,michael.ramirez,vpn.corp.local,INTERNAL,140943,WKSTN-U1050
NET017037,2026-06-24 10:22:00,U1041,matthew.allen52,confluence.corp.local,INTERNAL,,WKSTN-U1041
NET003501,2026-06-24 10:14:00,U1009,daniel.brown,jira.corp.local,INTERNAL,118137,WKSTN-U1009
NET012210,2026-06-24 10:15:00,U1029,michelle.garcia54,jira.corp.local,INTERNAL,54518,WKSTN-U1029
NET030257,2026-06-24 09:59:00,U1074,sarah.williams7,hr-portal.corp.local,INTERNAL,126351,WKSTN-U1074
NET022636,2026-06-24 10:19:00,U1055,patricia.wilson54,jira.corp.local,INTERNAL,80527,WKSTN-U1055
NET036255,2026-06-24 10:22:00,U1088,andrew.smith85,,INTERNAL,144819,WKSTN-U1088
NET023813,2026-06-24 09:58:00,U1058,jennifer.ramirez18,confluence.corp.local,,127001,WKSTN-U1058
NET038059,2026-06-24 10:12:00,U1092,steven.thomas,jira.corp.local,INTERNAL,164348,WKSTN-U1092
NET040154,2026-06-24 10:26:00,U1097,mark.martinez10,mail.corp.local,INTERNAL,366657,WKSTN-U1097
NET025045,2026-06-24 09:58:00,U1061,jessica.rodriguez,hr-portal.corp.local,INTERNAL,387597,WKSTN-U1061
NET040918,2026-06-24 10:24:00,U1099,joseph.garcia,jira.corp.local,INTERNAL,421140,WKSTN-U1099	
NET029058,2026-06-24 10:17:00,U1071,,confluence.corp.local,INTERNAL,489739,WKSTN-U1071
NET024221,2026-06-24 10:13:00,U1059,daniel.perez98,vpn.corp.local,INTERNAL,340233,WKSTN-U1059
NET011770,2026-06-24 09:56:00,U1028,john.hill,sharepoint.corp.local,INTERNAL,132535,WKSTN-U1028
NET013863,2026-06-24 10:27:00,U1033,LINDA.MILLER,vpn.corp.local,INTERNAL,135035,WKSTN-U1033
NET017446,2026-06-24 10:20:00,U1042,michael.hill56,mail.corp.local,INTERNAL,79271,WKSTN-U1042
NET025426,2026-06-24 09:59:00,U1062,william.martin,sharepoint.corp.local,INTERNAL,75959,WKSTN-U1062
NET015855,2026-06-24 11:01:00,U1038,  emily.clark ,sharepoint.corp.local,INTERNAL,263678,WKSTN-U1038
NET015030,2026-06-24 11:19:00,U1036,linda.jones,confluence.corp.local,INTERNAL,370858,WKSTN-U1036
NET022634,2026-06-24 10:31:00,U1055,patricia.wilson54,confluence.corp.local,INTERNAL,107133,WKSTN-U1055
NET033536,2026-06-24 11:06:00,U1082,karen.hill96,mail.corp.local,INTERNAL,214574,WKSTN-U1082
NET031825,2026-06-24 10:47:00,U1078,michelle.miller,confluence.corp.local,,84300,WKSTN-U1078
NET012207,2026-06-24 10:45:00,U1029,michelle.garcia54,vpn.corp.local,INTERNAL,414989,WKSTN-U1029
NET004664,2026-06-24 11:01:00,U1012,linda.martinez,mail.corp.local,INTERNAL,70235,WKSTN-U1012
NET021801,2026-06-24 10:47:00,U1053,john.jackson31,sharepoint.corp.local,INTERNAL,326294,WKSTN-U1053
NET026634,2026-06-24 10:58:00,U1065,,jira.corp.local,INTERNAL,50380,
NET030641,2026-06-24 11:06:00,U1075,steven.lewis,confluence.corp.local,INTERNAL,36305,WKSTN-U1075
NET040153,2026-06-24 10:45:00,U1097,mark.martinez10,jira.corp.local,INTERNAL,373923,WKSTN-U1097
NET037594,2026-06-24 10:39:00,U1091,linda.robinson,hr-portal.corp.local,INTERNAL,144183,WKSTN-U1091
NET039328,2026-06-24 11:10:00,U1095,richard.thomas74,news.com,EXTERNAL,17247,WKSTN-U1095
NET027426,2026-06-24 11:10:00,U1067,paul.thomas97,vpn.corp.local,INTERNAL,208473,WKSTN-U1067
NET020218,2026-06-24 10:45:00,U1049,michelle.jones59,mail.corp.local,INTERNAL,137274,WKSTN-U1049
NET010424,2026-06-24 10:33:00,U1025,BETTY.BROWN22,vpn.corp.local,INTERNAL,16647,
NET018233,2026-06-24 10:34:00,U1044,lisa.ramirez9,,INTERNAL,373297,WKSTN-U1044
NET013469,2026-06-24 11:14:00,U1032,paul.wright91,confluence.corp.local,INTERNAL,472532,WKSTN-U1032
NET008622,2026-06-24 10:45:00,U1021,jessica.walker	,  vpn.corp.local ,INTERNAL,234777,WKSTN-U1021
NET024220,2026-06-24 10:52:00,U1059,daniel.perez98,sharepoint.corp.local,INTERNAL,440632,WKSTN-U1059
NET016644,2026-06-24 10:57:00,U1040,matthew.martin,sharepoint.corp.local,INTERNAL,15598,WKSTN-U1040
NET040533,2026-06-24 10:31:00,U1098,nancy.wright49,mail.corp.local,INTERNAL,274816,WKSTN-U1098
NET025046,2026-06-24 11:06:00,U1061,jessica.rodriguez,sharepoint.corp.local,INTERNAL,227985,  WKSTN-U1061 
NET037595,2026-06-24 11:01:00,U1091,linda.robinson,sharepoint.corp.local,INTERNAL,191980,WKSTN-U1091
NET003502,2026-06-24 10:34:00,U1009,daniel.brown	,hr-portal.corp.local,INTERNAL,306958,WKSTN-U1009
NET003099,2026-06-24 11:44:00,U1008,joshua.hernandez,vpn.corp.local,INTERNAL,409911,WKSTN-U1008
NET011338,2026-06-24 11:23:00,U1027,patricia.brown75,linkedin.com,EXTERNAL,14935,WKSTN-U1027
NET016645,2026-06-24 11:25:00,U1040,matthew.martin,confluence.corp.local,INTERNAL,271385,WKSTN-U1040
NET006815,2026-06-24 11:29:00,U1017,emily.hernandez34,confluence.corp.local,INTERNAL,365010,WKSTN-U1017
NET002346,2026-06-24 11:40:00,U1006,george.gonzalez,hr-portal.corp.local,INTERNAL,361998,WKSTN-U1006
NET006816,2026-06-24 11:31:00,U1017,emily.hernandez34,confluence.corp.local,INTERNAL,321180,WKSTN-U1017
NET010863,2026-06-24 11:37:00,U1026,elizabeth.gonzalez	,hr-portal.corp.local,INTERNAL,,WKSTN-U1026
NET019456,2026-06-24 11:30:00,U1047,sandra.lewis,mail.corp.local,INTERNAL,7093,WKSTN-U1047
NET010865,2026-06-24 11:36:00,U1026,elizabeth.gonzalez,vpn.corp.local,INTERNAL,386722,WKSTN-U1026
NET035771,2026-06-24 11:37:00,U1087,charles.sanchez,hr-portal.corp.local,INTERNAL,357982,WKSTN-U1087
NET024612,2026-06-24 11:34:00,U1060,matthew.anderson,jira.corp.local,INTERNAL,184372,WKSTN-U1060
NET034890,2026-06-24 11:28:00,U1085,barbara.walker67,jira.corp.local,INTERNAL,260174,WKSTN-U1085
NET011769,2026-06-24 11:31:00,U1028,JOHN.HILL,confluence.corp.local,INTERNAL,330589,WKSTN-U1028
NET037157,2026-06-24 11:30:00,U1090,mary.hill,mail.corp.local,,123900,WKSTN-U1090
NET026214,2026-06-24 11:24:00,U1064,matthew.wright55,sharepoint.corp.local,internal,369970,WKSTN-U1064
NET020220,2026-06-24 11:31:00,U1049,michelle.jones59,sharepoint.corp.local,INTERNAL,26464,WKSTN-U1049
NET025428,2026-06-24 11:37:00,U1062,,vpn.corp.local,INTERNAL,109570,WKSTN-U1062
NET029459,2026-06-24 11:27:00,U1072,KENNETH.LOPEZ,vpn.corp.local,INTERNAL,188736,WKSTN-U1072
NET005899,2026-06-24 11:35:00,U1015,lisa.hernandez,news.com,EXTERNAL,11637,WKSTN-U1015
NET001939,2026-06-24 11:40:00,U1005,robert.robinson,sharepoint.corp.local,INTERNAL,281312,WKSTN-U1005
NET017831,2026-06-24 11:44:00,U1043,thomas.williams91,vpn.corp.local,INTERNAL,23728,WKSTN-U1043
NET019055,2026-06-24 11:44:00,U1046,michelle.torres39,vpn.corp.local,INTERNAL,78678,WKSTN-U1046
NET002730,2026-06-24 11:39:00,U1007,sarah.robinson82	,confluence.corp.local,INTERNAL,223902,WKSTN-U1007
NET001942,2026-06-24 11:29:00,U1005,robert.robinson,linkedin.com,EXTERNAL,14939,WKSTN-U1005
NET027429,2026-06-24 11:31:00,U1067,paul.thomas97,confluence.corp.local,INTERNAL,325828,
NET004665,2026-06-24 12:00:00,U1012,LINDA.MARTINEZ,mail.corp.local,INTERNAL,210875,WKSTN-U1012
NET038494,2026-06-24 12:09:00,U1093,sarah.clark44,jira.corp.local,INTERNAL,394456,WKSTN-U1093
NET040155,2026-06-24 12:09:00,U1097,mark.martinez10,vpn.corp.local,INTERNAL,317307,WKSTN-U1097
NET023029,2026-06-24 11:54:00,U1056,anthony.clark,sharepoint.corp.local,INTERNAL,443787,WKSTN-U1056
NET030643,2026-06-24 11:49:00,U1075,steven.lewis,mail.corp.local,INTERNAL,,WKSTN-U1075
NET037160,2026-06-24 12:02:00,U1090,mary.hill,mail.corp.local,INTERNAL,340821,WKSTN-U1090
NET006813,2026-06-24 11:58:00,U1017,emily.hernandez34,vpn.corp.local,INTERNAL,465948,WKSTN-U1017
NET030644,2026-06-24 11:58:00,U1075,steven.lewis,confluence.corp.local,INTERNAL,405851,WKSTN-U1075
NET015854,2026-06-24 12:04:00,U1038,emily.clark,confluence.corp.local,INTERNAL,473994,WKSTN-U1038
NET017834,2026-06-24 11:56:00,U1043,THOMAS.WILLIAMS91,mail.corp.local,INTERNAL,9515,WKSTN-U1043
NET016233,2026-06-24 12:06:00,U1039,mark.thomas,mail.corp.local,INTERNAL,134929,WKSTN-U1039
NET005084,2026-06-24 11:44:00,U1013,emily.smith,confluence.corp.local,INTERNAL,130026,WKSTN-U1013
NET029835,2026-06-24 11:46:00,U1073,michael.gonzalez,mail.corp.local,INTERNAL,345198,WKSTN-U1073
NET037596,2026-06-24 12:05:00,U1091,linda.robinson,hr-portal.corp.local,INTERNAL,294734,WKSTN-U1091
NET029836,2026-06-24 11:50:00,U1073,michael.gonzalez,confluence.corp.local,internal,57551,WKSTN-U1073
NET023413,2026-06-24 12:01:00,U1057,nancy.sanchez,mail.corp.local,INTERNAL,268469,WKSTN-U1057
NET007277,2026-06-24 11:56:00,U1018,betty.white57,linkedin.com,EXTERNAL,3548,WKSTN-U1018
NET017835,2026-06-24 11:59:00,U1043,thomas.williams91,hr-portal.corp.local,INTERNAL,318846,WKSTN-U1043
NET014253,2026-06-24 11:58:00,U1034,thomas.allen63,hr-portal.corp.local,INTERNAL,231184,WKSTN-U1034
NET039325,2026-06-24 11:56:00,U1095,richard.thomas74,jira.corp.local,INTERNAL,283896,
NET039744,2026-06-24 11:44:00,U1096,david.allen76,vpn.corp.local,INTERNAL,212895,WKSTN-U1096
NET035343,2026-06-24 11:46:00,U1086,steven.thompson53,jira.corp.local,INTERNAL,374481,WKSTN-U1086
NET008168,2026-06-24 12:10:00,U1020,andrew.thomas36,hr-portal.corp.local	,INTERNAL,184817,WKSTN-U1020	
NET033125,2026-06-24 11:56:00,U1081,margaret.davis,vpn.corp.local,INTERNAL,167491,WKSTN-U1081
NET020627,2026-06-24 11:58:00,U1050,michael.ramirez,jira.corp.local,INTERNAL,315065000.0,WKSTN-U1050
NET005897,2026-06-24 12:19:00,U1015,,vpn.corp.local,INTERNAL,263486,WKSTN-U1015
NET017448,2026-06-24 12:22:00,U1042,MICHAEL.HILL56,hr-portal.corp.local,INTERNAL,138410,WKSTN-U1042
NET025044,2026-06-24 12:33:00,U1061,jessica.rodriguez,mail.corp.local,INTERNAL,192208,WKSTN-U1061
NET025430,2026-06-24 12:35:00,U1062,william.martin,hr-portal.corp.local,INTERNAL,,WKSTN-U1062
NET034892,2026-06-24 12:36:00,U1085,barbara.walker67,hr-portal.corp.local,INTERNAL,116938,WKSTN-U1085
NET012209,2026-06-24 12:14:00,U1029,michelle.garcia54,mail.corp.local,INTERNAL,475889,WKSTN-U1029
NET021027,2026-06-24 12:34:00,U1051,  sandra.king72 ,confluence.corp.local,INTERNAL,255123,  WKSTN-U1051 
NET037161,2026-06-24 12:39:00,U1090,mary.hill,hr-portal.corp.local,INTERNAL,52549,WKSTN-U1090
NET036257,2026-06-24 12:23:00,U1088,andrew.smith85,sharepoint.corp.local,INTERNAL,264963,WKSTN-U1088
NET027425,2026-06-24 12:12:00,U1067,paul.thomas97,confluence.corp.local,INTERNAL,188791,WKSTN-U1067
NET028243,2026-06-24 12:28:00,U1069,jessica.clark,sharepoint.corp.local,INTERNAL,136911,WKSTN-U1069
NET037159,2026-06-24 12:16:00,U1090,mary.hill,sharepoint.corp.local,INTERNAL,423449,WKSTN-U1090
NET026635,2026-06-24 12:37:00,U1065,michael.ramirez47,weather.com,EXTERNAL,18318,WKSTN-U1065
NET012654,2026-06-24 12:32:00,U1030,betty.rodriguez86,news.com,EXTERNAL,14009,WKSTN-U1030
NET028642,2026-06-24 12:39:00,U1070,BETTY.THOMAS40,hr-portal.corp.local,INTERNAL,430978,WKSTN-U1070
NET023412,2026-06-24 12:16:00,U1057,nancy.sanchez,confluence.corp.local,INTERNAL,44734,WKSTN-U1057
NET001155,2026-06-24 12:22:00,U1003,kenneth.clark29,confluence.corp.local,,276456,WKSTN-U1003
NET039742,2026-06-24 12:32:00,U1096,david.allen76,  jira.corp.local ,INTERNAL,396280,WKSTN-U1096
NET011337,2026-06-24 12:14:00,U1027,patricia.brown75,mail.corp.local,,71706,WKSTN-U1027
NET013862,2026-06-24 12:24:00,U1033,linda.miller,vpn.corp.local,INTERNAL,14141,WKSTN-U1033
NET022243,2026-06-24 12:20:00,U1054,anthony.martinez,hr-portal.corp.local,INTERNAL,412434,WKSTN-U1054
NET011334,2026-06-24 12:35:00,U1027,patricia.brown75,jira.corp.local,INTERNAL,379751,WKSTN-U1027
NET021800,2026-06-24 12:33:00,U1053,john.jackson31,vpn.corp.local,internal,344331,WKSTN-U1053
NET013466,2026-06-24 12:18:00,U1032,paul.wright91,mail.corp.local,INTERNAL,117674,WKSTN-U1032
NET034463,2026-06-24 12:13:00,U1084,joshua.taylor,confluence.corp.local,INTERNAL,187349,WKSTN-U1084
NET014653,2026-06-24 13:12:00,U1035,nancy.rodriguez82,mail.corp.local,INTERNAL,295854,WKSTN-U1035
NET017447,2026-06-24 12:59:00,U1042,michael.hill56,sharepoint.corp.local,INTERNAL,242815,WKSTN-U1042
NET014252,2026-06-24 13:00:00,U1034,thomas.allen63,sharepoint.corp.local,INTERNAL,309075,WKSTN-U1034
NET022635,2026-06-24 12:50:00,U1055,patricia.wilson54,hr-portal.corp.local	,INTERNAL,279396,WKSTN-U1055
NET003870,2026-06-24 12:42:00,U1010,susan.young51,vpn.corp.local,INTERNAL,284122,WKSTN-U1010
NET037597,2026-06-24 12:51:00,U1091,linda.robinson,mail.corp.local,INTERNAL,248438,WKSTN-U1091
NET017033,2026-06-24 13:08:00,U1041,matthew.allen52,jira.corp.local,INTERNAL,382352,WKSTN-U1041
NET026633,2026-06-24 13:19:00,U1065,michael.ramirez47,mail.corp.local,INTERNAL,221126,WKSTN-U1065
NET029833,2026-06-24 13:11:00,U1073,michael.gonzalez,confluence.corp.local,INTERNAL,43588,  WKSTN-U1073 
NET025427,2026-06-24 13:21:00,U1062,william.martin,hr-portal.corp.local,INTERNAL,1003,WKSTN-U1062
NET033124,2026-06-24 13:17:00,U1081,margaret.davis,confluence.corp.local,INTERNAL,483612,WKSTN-U1081
NET001546,2026-06-24 12:39:00,U1004,elizabeth.wilson98,sharepoint.corp.local,INTERNAL,125820,WKSTN-U1004
NET015851,2026-06-24 12:52:00,U1038,emily.clark,confluence.corp.local,INTERNAL,423827,WKSTN-U1038
NET019457,2026-06-24 13:10:00,U1047,sandra.lewis,sharepoint.corp.local,INTERNAL,128778,WKSTN-U1047
NET010422,2026-06-24 13:04:00,U1025,betty.brown22,sharepoint.corp.local,INTERNAL,331064,WKSTN-U1025
NET015440,2026-06-24 13:23:00,U1037,robert.martin,vpn.corp.local,INTERNAL,493610,  WKSTN-U1037 
NET001154,2026-06-24 13:18:00,U1003,kenneth.clark29,vpn.corp.local,INTERNAL,445490,WKSTN-U1003
NET019839,2026-06-24 13:08:00,U1048,jennifer.thomas87,hr-portal.corp.local,INTERNAL,210844,WKSTN-U1048
NET000744,2026-06-24 13:13:00,U1002,donna.ramirez,mail.corp.local,INTERNAL,440781,WKSTN-U1002
NET007730,2026-06-24 12:46:00,U1019,donna.anderson,sharepoint.corp.local,INTERNAL,,WKSTN-U1019
NET013468,2026-06-24 13:13:00,U1032,,sharepoint.corp.local,INTERNAL,156658,WKSTN-U1032
NET002731,2026-06-24 13:22:00,U1007,sarah.robinson82,hr-portal.corp.local,,13285,WKSTN-U1007
NET029057,2026-06-24 12:49:00,U1071,matthew.robinson35,vpn.corp.local,INTERNAL,395514,WKSTN-U1071
NET007275,2026-06-24 12:52:00,U1018,betty.white57,jira.corp.local,INTERNAL,89491,WKSTN-U1018
NET004666,2026-06-24 12:54:00,U1012,linda.martinez,confluence.corp.local,INTERNAL,214247,WKSTN-U1012
NET000745,2026-06-24 13:29:00,U1002,donna.ramirez,mail.corp.local,INTERNAL,485636,WKSTN-U1002
NET003098,2026-06-24 13:30:00,U1008,,hr-portal.corp.local,INTERNAL,186564,WKSTN-U1008
NET022239,2026-06-24 13:30:00,U1054,anthony.martinez,jira.corp.local,INTERNAL,432170,WKSTN-U1054
NET017036,2026-06-24 13:31:00,U1041,matthew.allen52,confluence.corp.local,INTERNAL,12778,WKSTN-U1041
NET005081,2026-06-24 13:29:00,U1013,emily.smith,mail.corp.local,INTERNAL,298847,WKSTN-U1013
NET022241,2026-06-24 13:38:00,U1054,anthony.martinez,sharepoint.corp.local,INTERNAL,199129,WKSTN-U1054
NET006327,2026-06-24 13:29:00,U1016,patricia.thomas,hr-portal.corp.local,INTERNAL,441861,WKSTN-U1016
NET021414,2026-06-24 13:24:00,U1052,paul.taylor,confluence.corp.local,INTERNAL,242845,WKSTN-U1052
NET013065,2026-06-24 13:26:00,U1031,john.wright28,jira.corp.local,INTERNAL,331752,WKSTN-U1031
NET040156,2026-06-24 13:34:00,U1097,mark.martinez10,mail.corp.local,INTERNAL,217077,WKSTN-U1097
NET017034,2026-06-24 13:25:00,U1041,matthew.allen52,jira.corp.local,INTERNAL,76784,WKSTN-U1041
NET027038,2026-06-24 13:33:00,U1066,michelle.wright62,hr-portal.corp.local,INTERNAL,203633,WKSTN-U1066
NET023027,2026-06-24 13:27:00,U1056,anthony.clark,confluence.corp.local,INTERNAL,409174,WKSTN-U1056
NET018625,2026-06-24 13:30:00,U1045,daniel.sanchez90,hr-portal.corp.local,INTERNAL,54110,WKSTN-U1045
NET003867,2026-06-24 13:25:00,U1010,susan.young51,confluence.corp.local,INTERNAL,137736,WKSTN-U1010
NET010866,2026-06-24 13:36:00,U1026,elizabeth.gonzalez,hr-portal.corp.local,INTERNAL,29272,WKSTN-U1026
NET019057,2026-06-24 13:27:00,U1046,michelle.torres39,weather.com,EXTERNAL,6398,WKSTN-U1046
NET040917,2026-06-24 13:36:00,U1099,joseph.garcia,confluence.corp.local,INTERNAL,215149,WKSTN-U1099
NET004250,2026-06-24 13:27:00,U1011,donna.ramirez75,hr-portal.corp.local,INTERNAL,450797,WKSTN-U1011
NET039326,2026-06-24 13:41:00,U1095,richard.thomas74,sharepoint.corp.local,INTERNAL,349994,WKSTN-U1095
NET031826,2026-06-24 13:26:00,U1078,michelle.miller,confluence.corp.local	,INTERNAL,100024,WKSTN-U1078
NET019459,2026-06-24 13:32:00,U1047,sandra.lewis,confluence.corp.local,INTERNAL,314189,WKSTN-U1047
NET001547,2026-06-24 13:32:00,U1004,elizabeth.wilson98,sharepoint.corp.local,INTERNAL,406374,WKSTN-U1004
NET007728,2026-06-24 13:23:00,U1019,donna.anderson,sharepoint.corp.local,INTERNAL,333084,WKSTN-U1019
NET033990,2026-06-24 13:35:00,U1083,sarah.allen70,jira.corp.local,INTERNAL,292177,WKSTN-U1083
NET016234,2026-06-24 13:54:00,U1039,mark.thomas,confluence.corp.local,INTERNAL,221938,WKSTN-U1039
NET009528,2026-06-24 13:44:00,U1023,richard.wright,jira.corp.local	,INTERNAL,141433,WKSTN-U1023
NET028641,2026-06-24 13:59:00,U1070,betty.thomas40,sharepoint.corp.local,INTERNAL,361264,WKSTN-U1070
NET019458,2026-06-24 14:06:00,U1047,sandra.lewis,confluence.corp.local,INTERNAL,58718,WKSTN-U1047
NET020219,2026-06-24 14:05:00,U1049,michelle.jones59,hr-portal.corp.local,INTERNAL,305448,WKSTN-U1049
NET033991,2026-06-24 14:01:00,U1083,sarah.allen70,sharepoint.corp.local,INTERNAL,36502,WKSTN-U1083
NET003097,2026-06-24 13:52:00,U1008,joshua.hernandez,sharepoint.corp.local,INTERNAL,105164,WKSTN-U1008
NET014654,2026-06-24 13:46:00,U1035,nancy.rodriguez82,mail.corp.local,INTERNAL,428778,WKSTN-U1035
NET038497,2026-06-24 13:59:00,U1093,sarah.clark44,jira.corp.local,INTERNAL,50610,WKSTN-U1093
NET006812,2026-06-24 13:56:00,U1017,emily.hernandez34,hr-portal.corp.local,INTERNAL,154370,WKSTN-U1017
NET041296,2026-06-24 13:55:00,U1100,daniel.brown38,weather.com,EXTERNAL,,WKSTN-U1100
NET031824,2026-06-24 13:49:00,U1078,michelle.miller,mail.corp.local,INTERNAL,479073,WKSTN-U1078
NET023026,2026-06-24 13:48:00,U1056,anthony.clark,sharepoint.corp.local	,internal,276001,WKSTN-U1056
NET032248,2026-06-24 13:50:00,U1079,emily.jones,mail.corp.local,INTERNAL,417922,WKSTN-U1079
NET003869,2026-06-24 13:56:00,U1010,susan.young51,jira.corp.local,INTERNAL,315755,WKSTN-U1010
NET004249,2026-06-24 14:00:00,U1011,donna.ramirez75,  hr-portal.corp.local ,INTERNAL,296132,WKSTN-U1011
NET029461,2026-06-24 14:06:00,U1072,kenneth.lopez,linkedin.com,EXTERNAL,18547,WKSTN-U1072
NET023814,2026-06-24 13:44:00,U1058,jennifer.ramirez18,confluence.corp.local,INTERNAL,51069,WKSTN-U1058
NET002345,2026-06-24 13:52:00,U1006,george.gonzalez,mail.corp.local,INTERNAL,201049,WKSTN-U1006
NET021416,2026-06-24 14:07:00,U1052,paul.taylor,mail.corp.local,INTERNAL,13194,WKSTN-U1052
NET039743,2026-06-24 14:05:00,U1096,david.allen76,hr-portal.corp.local,INTERNAL,,WKSTN-U1096
NET010420,2026-06-24 14:06:00,U1025,betty.brown22,sharepoint.corp.local,internal,135616,WKSTN-U1025
NET033992,2026-06-24 14:06:00,U1083,sarah.allen70,sharepoint.corp.local,INTERNAL,481946,WKSTN-U1083
NET028244,2026-06-24 13:55:00,U1069,  jessica.clark ,jira.corp.local,INTERNAL,196211,WKSTN-U1069
NET025831,2026-06-24 14:01:00,U1063,john.nguyen,,INTERNAL,137285,WKSTN-U1063
NET040535,2026-06-24 14:21:00,U1098,nancy.wright49,confluence.corp.local,INTERNAL,382489,WKSTN-U1098
NET018623,2026-06-24 14:19:00,U1045,daniel.sanchez90,vpn.corp.local,INTERNAL,406743,WKSTN-U1045
NET019052,2026-06-24 14:42:00,U1046,michelle.torres39,  hr-portal.corp.local ,INTERNAL,306470,WKSTN-U1046
NET025829,2026-06-24 14:43:00,U1063,john.nguyen,hr-portal.corp.local,INTERNAL,410300,WKSTN-U1063
NET031034,2026-06-24 14:54:00,U1076,john.torres,vpn.corp.local,INTERNAL,175902,WKSTN-U1076
NET019054,2026-06-24 14:58:00,U1046,michelle.torres39,sharepoint.corp.local,INTERNAL,48090,WKSTN-U1046
NET003500,2026-06-24 14:15:00,U1009,daniel.brown,mail.corp.local,INTERNAL,24002,WKSTN-U1009
NET007727,2026-06-24 14:20:00,U1019,donna.anderson,vpn.corp.local,INTERNAL,67398,WKSTN-U1019
NET037158,2026-06-24 14:24:00,U1090,mary.hill,vpn.corp.local,INTERNAL,N/A,  WKSTN-U1090 
NET011336,2026-06-24 14:17:00,U1027,patricia.brown75,vpn.corp.local,INTERNAL,251396,WKSTN-U1027
NET023025,2026-06-24 14:17:00,U1056,anthony.clark,hr-portal.corp.local,INTERNAL,319235,WKSTN-U1056
NET015032,2026-06-24 14:32:00,U1036,linda.jones,hr-portal.corp.local,INTERNAL,465805,WKSTN-U1036
NET014251,2026-06-24 14:34:00,U1034,thomas.allen63	,vpn.corp.local,INTERNAL,323125,WKSTN-U1034
NET031827,2026-06-24 14:39:00,U1078,michelle.miller,vpn.corp.local,INTERNAL,446812,WKSTN-U1078
NET013067,2026-06-24 14:40:00,U1031,john.wright28,hr-portal.corp.local,INTERNAL,264875,WKSTN-U1031
NET035342,2026-06-24 14:56:00,U1086,steven.thompson53,vpn.corp.local,INTERNAL,208127,WKSTN-U1086
NET038928,2026-06-24 14:13:00,U1094,elizabeth.lewis69,jira.corp.local,INTERNAL,,WKSTN-U1094
NET020631,2026-06-24 14:11:00,U1050,michael.ramirez,news.com,EXTERNAL,7833,WKSTN-U1050
NET010864,2026-06-24 14:51:00,U1026,elizabeth.gonzalez,vpn.corp.local,INTERNAL,14594,WKSTN-U1026
NET024222,2026-06-24 14:24:00,U1059,daniel.perez98,jira.corp.local,,64290,WKSTN-U1059
NET023415,2026-06-24 14:53:00,U1057,nancy.sanchez,jira.corp.local,INTERNAL,181133,WKSTN-U1057
NET022632,2026-06-24 14:35:00,U1055,patricia.wilson54,sharepoint.corp.local,INTERNAL,9999,WKSTN-U1055
NET001156,2026-06-24 14:34:00,U1003,kenneth.clark29,vpn.corp.local,INTERNAL,186521,WKSTN-U1003
NET011772,2026-06-24 14:24:00,U1028,john.hill,jira.corp.local,INTERNAL,169995,WKSTN-U1028
NET003100,2026-06-24 14:35:00,U1008,joshua.hernandez,weather.com,EXTERNAL,17704,WKSTN-U1008
NET018235,2026-06-24 15:04:00,U1044,lisa.ramirez9,confluence.corp.local,,,WKSTN-U1044
NET022242,2026-06-24 15:19:00,U1054,anthony.martinez,jira.corp.local,INTERNAL,154138,WKSTN-U1054
NET027037,2026-06-24 15:24:00,U1066,michelle.wright62,mail.corp.local,INTERNAL,423255,WKSTN-U1066
NET025429,2026-06-24 15:00:00,U1062,william.martin,hr-portal.corp.local,INTERNAL,,WKSTN-U1062
NET019053,2026-06-24 15:12:00,U1046,michelle.torres39,hr-portal.corp.local,INTERNAL,70692,WKSTN-U1046
NET009974,2026-06-24 15:07:00,U1024,emily.miller,jira.corp.local,INTERNAL,410521,WKSTN-U1024
NET032247,2026-06-24 15:17:00,U1079,emily.jones,jira.corp.local,INTERNAL,55020,WKSTN-U1079
NET000316,2026-06-24 15:07:00,U1001,linda.johnson95,mail.corp.local,INTERNAL,445141,WKSTN-U1001
NET021417,2026-06-24 14:59:00,U1052,paul.taylor,vpn.corp.local,INTERNAL,486698,WKSTN-U1052
NET008621,2026-06-24 15:00:00,U1021,jessica.walker,jira.corp.local,INTERNAL,262215,WKSTN-U1021
NET001548,2026-06-24 15:18:00,U1004,elizabeth.wilson98	,confluence.corp.local,INTERNAL,173640,  WKSTN-U1004 
NET026632,2026-06-24 15:13:00,U1065,michael.ramirez47,confluence.corp.local,INTERNAL,,WKSTN-U1065
NET027795,2026-06-24 15:22:00,U1068,susan.thompson34,sharepoint.corp.local,INTERNAL,163866,WKSTN-U1068
NET025833,2026-06-24 15:04:00,U1063,john.nguyen,jira.corp.local,internal,487044,WKSTN-U1063
NET005083,2026-06-24 15:14:00,U1013,emily.smith,sharepoint.corp.local,INTERNAL,54090,WKSTN-U1013
NET014651,2026-06-24 15:23:00,U1035,nancy.rodriguez82,sharepoint.corp.local,INTERNAL,486802,WKSTN-U1035
NET017833,2026-06-24 15:17:00,U1043,thomas.williams91,vpn.corp.local,INTERNAL,337975,WKSTN-U1043	
NET029834,2026-06-24 15:25:00,U1073,michael.gonzalez,confluence.corp.local,INTERNAL,288119,WKSTN-U1073	
NET013467,2026-06-24 15:00:00,U1032,paul.wright91,sharepoint.corp.local,INTERNAL,227752,WKSTN-U1032
NET021415,2026-06-24 15:25:00,U1052,paul.taylor,hr-portal.corp.local,INTERNAL,178436,WKSTN-U1052
NET017035,2026-06-24 15:14:00,U1041,matthew.allen52,hr-portal.corp.local,INTERNAL,480858,WKSTN-U1041
NET023411,2026-06-24 15:05:00,U1057,nancy.sanchez,sharepoint.corp.local,INTERNAL,494233,WKSTN-U1057
NET014652,2026-06-24 15:10:00,U1035,,hr-portal.corp.local,INTERNAL,93123,WKSTN-U1035
NET002347,2026-06-24 15:03:00,U1006,george.gonzalez,mail.corp.local,INTERNAL,333454,WKSTN-U1006
NET013864,2026-06-24 15:07:00,U1033,linda.miller,vpn.corp.local,INTERNAL,212746,WKSTN-U1033
NET018234,2026-06-24 15:30:00,U1044,lisa.ramirez9,jira.corp.local,INTERNAL,-80299.0,WKSTN-U1044
NET025830,2026-06-24 15:36:00,U1063,john.nguyen,hr-portal.corp.local,INTERNAL,259451,WKSTN-U1063
NET017836,2026-06-24 15:49:00,U1043,thomas.williams91,news.com,EXTERNAL,14641,WKSTN-U1043
NET001940,2026-06-24 15:29:00,U1005,robert.robinson,  mail.corp.local ,INTERNAL,89318,WKSTN-U1005
NET005080,2026-06-24 15:30:00,U1013,emily.smith,mail.corp.local,INTERNAL,126519,WKSTN-U1013	
NET018232,2026-06-24 16:00:00,U1044,lisa.ramirez9,vpn.corp.local,INTERNAL,307531,WKSTN-U1044
NET031418,2026-06-24 15:36:00,U1077,kimberly.harris58,jira.corp.local,INTERNAL,144420,  WKSTN-U1077 
NET009975,2026-06-24 15:35:00,U1024,emily.miller,confluence.corp.local,INTERNAL,9753,WKSTN-U1024
NET008169,2026-06-24 16:06:00,U1020,andrew.thomas36,jira.corp.local,INTERNAL,,WKSTN-U1020
NET023414,2026-06-24 15:30:00,U1057,nancy.sanchez,sharepoint.corp.local,INTERNAL,348722,  WKSTN-U1057 
NET035772,2026-06-24 16:34:00,U1087,  charles.sanchez ,vpn.corp.local,INTERNAL,69358,WKSTN-U1087
NET002729,2026-06-24 16:05:00,U1007,sarah.robinson82,vpn.corp.local,INTERNAL,451522,WKSTN-U1007
NET007731,2026-06-24 16:05:00,U1019,donna.anderson,jira.corp.local,INTERNAL,111752,WKSTN-U1019
NET038495,2026-06-24 15:35:00,U1093,sarah.clark44,vpn.corp.local,INTERNAL,103990,WKSTN-U1093
NET018626,2026-06-24 15:31:00,U1045,daniel.sanchez90,vpn.corp.local,INTERNAL,229272,WKSTN-U1045
NET039327,2026-06-24 16:00:00,U1095,richard.thomas74,mail.corp.local,INTERNAL,77393,WKSTN-U1095
NET015438,2026-06-24 16:36:00,U1037,robert.martin,sharepoint.corp.local,INTERNAL,342809,WKSTN-U1037
NET021028,2026-06-24 15:50:00,U1051,sandra.king72,hr-portal.corp.local,INTERNAL,453282,WKSTN-U1051
NET019837,2026-06-24 15:33:00,U1048,jennifer.thomas87,hr-portal.corp.local,INTERNAL,97981,WKSTN-U1048
NET011335,2026-06-24 15:38:00,U1027,patricia.brown75,sharepoint.corp.local,INTERNAL,185474,WKSTN-U1027
NET009082,2026-06-24 15:40:00,U1022,sandra.brown,sharepoint.corp.local,INTERNAL,422941,WKSTN-U1022
NET015441,2026-06-24 16:25:00,U1037,robert.martin,jira.corp.local,INTERNAL,184402,
NET006814,2026-06-24 15:55:00,U1017,emily.hernandez34,hr-portal.corp.local,INTERNAL,95739,WKSTN-U1017
NET036701,2026-06-24 16:33:00,U1089,paul.brown27,sharepoint.corp.local,INTERNAL,181910,WKSTN-U1089
NET001549,2026-06-24 15:31:00,U1004,elizabeth.wilson98,vpn.corp.local,INTERNAL,387524,WKSTN-U1004
NET030256,2026-06-24 17:02:00,U1074,sarah.williams7,confluence.corp.local,INTERNAL,310436,WKSTN-U1074
NET012232,2026-06-25 07:32:00,U1029,michelle.garcia54,hr-portal.corp.local,INTERNAL,100089,WKSTN-U1029
NET038493,2026-06-24 17:01:00,U1093,sarah.clark44,  confluence.corp.local ,INTERNAL,450871,WKSTN-U1093
NET034013,2026-06-25 07:16:00,U1083,sarah.allen70,vpn.corp.local,INTERNAL,371763,WKSTN-U1083
NET010884,2026-06-25 07:38:00,U1026,elizabeth.gonzalez,vpn.corp.local,INTERNAL,372672,WKSTN-U1026
NET041294,2026-06-24 17:36:00,U1100,daniel.brown38,mail.corp.local,INTERNAL,146477,WKSTN-U1100
NET041295,2026-06-24 17:07:00,U1100,daniel.brown38,,INTERNAL,,WKSTN-U1100
NET038496,2026-06-24 16:40:00,U1093,sarah.clark44,hr-portal.corp.local,INTERNAL,,WKSTN-U1093
NET007729,2026-06-24 17:09:00,U1019,,confluence.corp.local,INTERNAL,365868,
NET010423,2026-06-24 16:38:00,U1025,betty.brown22,hr-portal.corp.local,INTERNAL,330122,WKSTN-U1025
NET001157,2026-06-24 17:34:00,U1003,kenneth.clark29,jira.corp.local,INTERNAL,,WKSTN-U1003
NET026215,2026-06-24 16:59:00,U1064,matthew.wright55,mail.corp.local,INTERNAL,481435,WKSTN-U1064
NET011333,2026-06-24 17:04:00,U1027,patricia.brown75,vpn.corp.local,INTERNAL,84387,WKSTN-U1027
NET019056,2026-06-24 16:59:00,U1046,michelle.torres39,vpn.corp.local,INTERNAL,89037,  WKSTN-U1046 
NET008170,2026-06-24 17:04:00,U1020,andrew.thomas36,vpn.corp.local,INTERNAL,106902,WKSTN-U1020
NET023028,2026-06-24 16:46:00,U1056,anthony.clark,mail.corp.local,INTERNAL,256843,  WKSTN-U1056 
NET029460,2026-06-24 17:35:00,U1072,kenneth.lopez,confluence.corp.local,INTERNAL,168194,WKSTN-U1072
NET041602,2026-06-25 00:47:00,U1088,andrew.smith85,wetransfer.com,external,426762376,WKSTN-U1088
NET013486,2026-06-25 07:17:00,U1032,paul.wright91,sharepoint.corp.local,INTERNAL,183080,WKSTN-U1032
NET021802,2026-06-24 17:12:00,U1053,john.jackson31,linkedin.com,EXTERNAL,8215,WKSTN-U1053
NET029458,2026-06-24 17:19:00,U1072,kenneth.lopez,hr-portal.corp.local,INTERNAL,395982,WKSTN-U1072
NET037598,2026-06-24 17:07:00,U1091,linda.robinson,confluence.corp.local,internal,70358,WKSTN-U1091
NET006328,2026-06-24 16:49:00,U1016,patricia.thomas,jira.corp.local,INTERNAL,406888,WKSTN-U1016
NET022240,2026-06-24 16:58:00,U1054,anthony.martinez,sharepoint.corp.local,INTERNAL,270358,WKSTN-U1054
NET013487,2026-06-25 07:26:00,U1032,paul.wright91,hr-portal.corp.local,INTERNAL,389670,WKSTN-U1032
NET025060,2026-06-25 08:30:00,U1061,jessica.rodriguez,vpn.corp.local,INTERNAL,36245,WKSTN-U1061
NET000332,2026-06-25 08:26:00,U1001,linda.johnson95,jira.corp.local,INTERNAL,378651,WKSTN-U1001
NET021435,2026-06-25 08:58:00,U1052,paul.taylor,confluence.corp.local,INTERNAL,399043,WKSTN-U1052
NET035356,2026-06-25 09:08:00,U1086,steven.thompson53,confluence.corp.local,INTERNAL,5108,WKSTN-U1086
NET016250,2026-06-25 08:38:00,U1039,mark.thomas,confluence.corp.local,INTERNAL,218734,WKSTN-U1039
NET032263,2026-06-25 08:49:00,U1079,emily.jones,confluence.corp.local,,121151,WKSTN-U1079
NET015047,2026-06-25 08:32:00,U1036,linda.jones,mail.corp.local,INTERNAL,291809,WKSTN-U1036
NET000760,2026-06-25 09:04:00,U1002,donna.ramirez,sharepoint.corp.local,INTERNAL,363070,
NET012229,2026-06-25 08:29:00,U1029,michelle.garcia54,confluence.corp.local,INTERNAL,434119,WKSTN-U1029
NET001956,2026-06-25 09:02:00,U1005,robert.robinson,hr-portal.corp.local,INTERNAL,282113,WKSTN-U1005
NET020238,2026-06-25 08:16:00,U1049,michelle.jones59,vpn.corp.local,INTERNAL,20710,WKSTN-U1049
NET037621,2026-06-25 08:54:00,U1091,linda.robinson,weather.com,EXTERNAL,11561,WKSTN-U1091
NET008193,2026-06-25 08:54:00,U1020,andrew.thomas36,hr-portal.corp.local,INTERNAL,382196,WKSTN-U1020
NET029853,2026-06-25 07:47:00,U1073,michael.gonzalez,jira.corp.local,INTERNAL,61808,WKSTN-U1073
NET020651,2026-06-25 08:41:00,U1050,MICHAEL.RAMIREZ	,hr-portal.corp.local,INTERNAL,402141,WKSTN-U1050
NET012231,2026-06-25 08:25:00,U1029,michelle.garcia54,mail.corp.local,INTERNAL,458520,WKSTN-U1029
NET021823,2026-06-25 08:44:00,U1053,john.jackson31,jira.corp.local,INTERNAL,476842,WKSTN-U1053
NET003517,2026-06-25 08:37:00,U1009,daniel.brown,vpn.corp.local,INTERNAL,350129,WKSTN-U1009
NET034479,2026-06-25 08:55:00,U1084,joshua.taylor,vpn.corp.local,INTERNAL,405444,WKSTN-U1084
NET040932,2026-06-25 09:03:00,U1099,joseph.garcia	,sharepoint.corp.local,INTERNAL,316346,WKSTN-U1099
NET021822,2026-06-25 09:01:00,U1053,john.jackson31,sharepoint.corp.local,INTERNAL,389858,  WKSTN-U1053 
NET028661,2026-06-25 08:30:00,U1070,,vpn.corp.local,INTERNAL,233651,WKSTN-U1070
NET006834,2026-06-25 08:50:00,U1017,emily.hernandez34,confluence.corp.local,INTERNAL,337960,WKSTN-U1017
NET015869,2026-06-25 08:51:00,U1038,  emily.clark ,confluence.corp.local,INTERNAL,365139,WKSTN-U1038
NET008641,2026-06-25 07:52:00,U1021,jessica.walker,jira.corp.local,INTERNAL,98617,WKSTN-U1021
NET004265,2026-06-25 09:33:00,U1011,donna.ramirez75,jira.corp.local,INTERNAL,245983,WKSTN-U1011
NET039760,2026-06-25 09:14:00,U1096,david.allen76,hr-portal.corp.local,INTERNAL,94767,WKSTN-U1096
NET010886,2026-06-25 10:00:00,U1026,elizabeth.gonzalez,sharepoint.corp.local,INTERNAL,451588,WKSTN-U1026
NET018642,2026-06-25 09:58:00,U1045,DANIEL.SANCHEZ90,sharepoint.corp.local,INTERNAL,138067,WKSTN-U1045	
NET010441,2026-06-25 09:35:00,U1025,betty.brown22,mail.corp.local,INTERNAL,175978,WKSTN-U1025
NET036719,2026-06-25 09:26:00,U1089,paul.brown27,linkedin.com,EXTERNAL,19604,WKSTN-U1089
NET013880,2026-06-25 09:38:00,U1033,linda.miller,jira.corp.local,INTERNAL,305255,WKSTN-U1033
NET031851,2026-06-25 09:27:00,U1078,michelle.miller,weather.com,EXTERNAL,19541,WKSTN-U1078
NET025449,2026-06-25 09:44:00,U1062,william.martin,sharepoint.corp.local,INTERNAL,446663,WKSTN-U1062
NET029476,2026-06-25 09:49:00,U1072,kenneth.lopez,hr-portal.corp.local,INTERNAL,478065,WKSTN-U1072
NET037182,2026-06-25 09:50:00,U1090,mary.hill,jira.corp.local,INTERNAL,450622,WKSTN-U1090
NET025847,2026-06-25 10:01:00,U1063,john.nguyen,sharepoint.corp.local,INTERNAL,362975,WKSTN-U1063
NET017853,2026-06-25 09:34:00,U1043,thomas.williams91,vpn.corp.local,INTERNAL,144327,WKSTN-U1043
NET030276,2026-06-25 09:54:00,U1074,sarah.williams7,confluence.corp.local,INTERNAL,84867,WKSTN-U1074
NET011794,2026-06-25 09:41:00,U1028,john.hill,vpn.corp.local,INTERNAL,480564,WKSTN-U1028
NET005918,2026-06-25 09:28:00,U1015,lisa.hernandez,weather.com,,16195,WKSTN-U1015
NET039344,2026-06-25 09:57:00,U1095,richard.thomas74,vpn.corp.local,INTERNAL,439509,
NET003518,2026-06-25 09:56:00,U1009,daniel.brown,vpn.corp.local,INTERNAL,279144,WKSTN-U1009
NET013485,2026-06-25 09:38:00,U1032,PAUL.WRIGHT91,jira.corp.local,INTERNAL,134728,WKSTN-U1032
NET033551,2026-06-25 09:24:00,U1082,karen.hill96,confluence.corp.local,INTERNAL,227424,WKSTN-U1082	
NET004266,2026-06-25 09:46:00,U1011,donna.ramirez75,vpn.corp.local,INTERNAL,242561,WKSTN-U1011
NET013488,2026-06-25 09:28:00,U1032,paul.wright91,jira.corp.local,internal,441726,WKSTN-U1032
NET009104,2026-06-25 09:23:00,U1022,sandra.brown,sharepoint.corp.local,INTERNAL,283355,WKSTN-U1022
NET011359,2026-06-25 09:50:00,U1027,patricia.brown75,jira.corp.local,,189954,WKSTN-U1027
NET024632,2026-06-25 09:11:00,U1060,matthew.anderson,vpn.corp.local,INTERNAL,354167,WKSTN-U1060
NET002746,2026-06-25 10:32:00,U1007,sarah.robinson82,hr-portal.corp.local,INTERNAL,110693,WKSTN-U1007
NET021043,2026-06-25 10:16:00,U1051,sandra.king72,vpn.corp.local,INTERNAL,239945,WKSTN-U1051
NET002362,2026-06-25 10:10:00,U1006,george.gonzalez,hr-portal.corp.local,INTERNAL,205688,WKSTN-U1006
NET003115,2026-06-25 10:24:00,U1008,joshua.hernandez,vpn.corp.local,internal,54798,WKSTN-U1008
NET024239,2026-06-25 10:10:00,U1059,daniel.perez98,confluence.corp.local,INTERNAL,167968,  WKSTN-U1059 
NET021045,2026-06-25 10:33:00,U1051,sandra.king72,mail.corp.local,INTERNAL,313532,WKSTN-U1051
NET027815,2026-06-25 10:17:00,U1068,susan.thompson34,confluence.corp.local,INTERNAL,186103,WKSTN-U1068
NET007293,2026-06-25 10:07:00,U1018,betty.white57,hr-portal.corp.local,INTERNAL,466277,WKSTN-U1018
NET015870,2026-06-25 10:10:00,U1038,emily.clark,sharepoint.corp.local,INTERNAL,234122,WKSTN-U1038
NET016252,2026-06-25 10:07:00,U1039,mark.thomas,sharepoint.corp.local,INTERNAL,220379,WKSTN-U1039
NET031848,2026-06-25 10:18:00,U1078,,hr-portal.corp.local,INTERNAL,232899,WKSTN-U1078
NET035790,2026-06-25 10:02:00,U1087,charles.sanchez,jira.corp.local	,INTERNAL,102005,WKSTN-U1087
NET026233,2026-06-25 10:26:00,U1064,matthew.wright55,confluence.corp.local,INTERNAL,387209,WKSTN-U1064
NET028660,2026-06-25 10:25:00,U1070,betty.thomas40,jira.corp.local,INTERNAL,299294,WKSTN-U1070
NET005102,2026-06-25 10:12:00,U1013,emily.smith	,mail.corp.local,INTERNAL,260678,WKSTN-U1013
NET013881,2026-06-25 10:24:00,U1033,linda.miller,sharepoint.corp.local,INTERNAL,210828,WKSTN-U1033
NET038075,2026-06-25 10:23:00,U1092,steven.thomas,hr-portal.corp.local,INTERNAL,462461,WKSTN-U1092
NET001958,2026-06-25 10:18:00,U1005,robert.robinson,sharepoint.corp.local,INTERNAL,315503,WKSTN-U1005
NET008191,2026-06-25 10:14:00,U1020,andrew.thomas36,jira.corp.local,INTERNAL,176287,WKSTN-U1020
NET034481,2026-06-25 10:08:00,U1084,joshua.taylor,confluence.corp.local,INTERNAL,183459,WKSTN-U1084
NET017854,2026-06-25 10:32:00,U1043,thomas.williams91,sharepoint.corp.local,INTERNAL,415535,
NET003889,2026-06-25 10:24:00,U1010,susan.young51,mail.corp.local,INTERNAL,377533,WKSTN-U1010
NET000759,2026-06-25 10:16:00,U1002,donna.ramirez,  hr-portal.corp.local ,INTERNAL,132366,WKSTN-U1002
NET006352,2026-06-25 10:20:00,U1016,,weather.com,EXTERNAL,2732,WKSTN-U1016
NET030663,2026-06-25 10:02:00,U1075,steven.lewis,mail.corp.local,INTERNAL,215329,WKSTN-U1075
NET027816,2026-06-25 10:52:00,U1068,susan.thompson34,mail.corp.local,INTERNAL,120495,WKSTN-U1068
NET004268,2026-06-25 10:47:00,U1011,donna.ramirez75,sharepoint.corp.local,INTERNAL,47673,WKSTN-U1011
NET015463,2026-06-25 10:50:00,U1037,robert.martin	,confluence.corp.local,INTERNAL,474049,WKSTN-U1037
NET025059,2026-06-25 10:46:00,U1061,jessica.rodriguez,vpn.corp.local,INTERNAL,60653,WKSTN-U1061
NET005496,2026-06-25 10:43:00,U1014,james.taylor,confluence.corp.local,INTERNAL,472821,  WKSTN-U1014 
NET001959,2026-06-25 10:56:00,U1005,robert.robinson,hr-portal.corp.local,INTERNAL,366069,WKSTN-U1005
NET003892,2026-06-25 11:02:00,U1010,susan.young51,jira.corp.local,INTERNAL,82191,WKSTN-U1010
NET025450,2026-06-25 10:47:00,U1062,william.martin,news.com,EXTERNAL,19355,WKSTN-U1062
NET020237,2026-06-25 10:41:00,U1049,michelle.jones59,sharepoint.corp.local,INTERNAL,340390,WKSTN-U1049
NET015872,2026-06-25 11:02:00,U1038,emily.clark,hr-portal.corp.local,INTERNAL,322623,WKSTN-U1038
NET024631,2026-06-25 10:36:00,U1060,matthew.anderson,confluence.corp.local,INTERNAL,368011,WKSTN-U1060
NET018644,2026-06-25 10:45:00,U1045,daniel.sanchez90,jira.corp.local,INTERNAL,25182,WKSTN-U1045
NET020650,2026-06-25 10:57:00,U1050,michael.ramirez,hr-portal.corp.local,INTERNAL,328745,WKSTN-U1050
NET021044,2026-06-25 10:39:00,U1051,sandra.king72,sharepoint.corp.local,INTERNAL,360712,WKSTN-U1051
NET027820,2026-06-25 10:58:00,U1068,susan.thompson34,linkedin.com,EXTERNAL,14702,WKSTN-U1068
NET027817,2026-06-25 10:51:00,U1068,susan.thompson34,hr-portal.corp.local,INTERNAL,219676,WKSTN-U1068
NET030665,2026-06-25 11:02:00,U1075,steven.lewis,jira.corp.local,INTERNAL,490212,WKSTN-U1075
NET005913,2026-06-25 10:45:00,U1015,lisa.hernandez,mail.corp.local,INTERNAL,434467,WKSTN-U1015
NET023431,2026-06-25 11:05:00,U1057,nancy.sanchez,confluence.corp.local,INTERNAL,412069,WKSTN-U1057
NET026654,2026-06-25 10:49:00,U1065,michael.ramirez47,vpn.corp.local,INTERNAL,229085,WKSTN-U1065
NET021436,2026-06-25 10:44:00,U1052,paul.taylor,vpn.corp.local,INTERNAL,307825000.0,WKSTN-U1052
NET011795,2026-06-25 10:56:00,U1028,john.hill,vpn.corp.local,INTERNAL,86720,WKSTN-U1028
NET021437,2026-06-25 10:34:00,U1052,paul.taylor,vpn.corp.local,INTERNAL,448723,WKSTN-U1052
NET002365,2026-06-25 11:03:00,U1006,george.gonzalez,linkedin.com,EXTERNAL,4639,WKSTN-U1006
NET023829,2026-06-25 10:44:00,U1058,jennifer.ramirez18,hr-portal.corp.local,INTERNAL,227877,WKSTN-U1058
NET017852,2026-06-25 11:21:00,U1043,thomas.williams91,sharepoint.corp.local,INTERNAL,213457,WKSTN-U1043
NET019475,2026-06-25 11:34:00,U1047,sandra.lewis,hr-portal.corp.local	,INTERNAL,4589,WKSTN-U1047
NET009106,2026-06-25 11:15:00,U1022,sandra.brown,vpn.corp.local,INTERNAL,345625,WKSTN-U1022
NET038947,2026-06-25 11:15:00,U1094,elizabeth.lewis69,mail.corp.local,INTERNAL,,WKSTN-U1094
NET001175,2026-06-25 11:15:00,U1003,kenneth.clark29,vpn.corp.local,INTERNAL,62260,WKSTN-U1003
NET005915,2026-06-25 11:34:00,U1015,lisa.hernandez,vpn.corp.local,INTERNAL,269292,WKSTN-U1015
NET019850,2026-06-25 11:12:00,U1048,jennifer.thomas87,mail.corp.local	,INTERNAL,323814,WKSTN-U1048
NET007752,2026-06-25 11:33:00,U1019,donna.anderson,mail.corp.local,INTERNAL,350172,WKSTN-U1019
NET038074,2026-06-25 11:20:00,U1092,steven.thomas,jira.corp.local,INTERNAL,493822,WKSTN-U1092
NET015460,2026-06-25 11:16:00,U1037,robert.martin,jira.corp.local,INTERNAL,236260,WKSTN-U1037
NET026234,2026-06-25 11:15:00,U1064,matthew.wright55,confluence.corp.local,INTERNAL,135444,WKSTN-U1064
NET040553,2026-06-25 11:16:00,U1098,nancy.wright49,sharepoint.corp.local,INTERNAL,231734,  WKSTN-U1098 
NET016667,2026-06-25 11:14:00,U1040,matthew.martin,mail.corp.local,INTERNAL,193912,WKSTN-U1040
NET024241,2026-06-25 11:13:00,U1059,daniel.perez98,jira.corp.local,INTERNAL,311606,WKSTN-U1059
NET028659,2026-06-25 11:26:00,U1070,betty.thomas40,jira.corp.local,INTERNAL,470876,WKSTN-U1070
NET023432,2026-06-25 11:21:00,U1057,nancy.sanchez,hr-portal.corp.local,INTERNAL,274932,WKSTN-U1057
NET030666,2026-06-25 11:14:00,U1075,steven.lewis,confluence.corp.local,INTERNAL,44500,WKSTN-U1075
NET034911,2026-06-25 11:35:00,U1085,barbara.walker67,mail.corp.local,INTERNAL,450707,WKSTN-U1085
NET007755,2026-06-25 11:23:00,U1019,donna.anderson,jira.corp.local,INTERNAL,161737,WKSTN-U1019
NET011793,2026-06-25 11:13:00,U1028,john.hill,  mail.corp.local ,INTERNAL,319915,WKSTN-U1028
NET031434,2026-06-25 11:23:00,U1077,kimberly.harris58	,hr-portal.corp.local,INTERNAL,424318,WKSTN-U1077
NET031850,2026-06-25 11:05:00,U1078,michelle.miller,hr-portal.corp.local,INTERNAL,252956,WKSTN-U1078
NET001960,2026-06-25 11:28:00,U1005,robert.robinson,hr-portal.corp.local,INTERNAL,485732,WKSTN-U1005
NET027447,2026-06-25 11:18:00,U1067,PAUL.THOMAS97,hr-portal.corp.local,INTERNAL,457431,WKSTN-U1067
NET025849,2026-06-25 11:09:00,U1063,john.nguyen,news.com,EXTERNAL,7533,WKSTN-U1063
NET005500,2026-06-25 11:45:00,U1014,james.taylor,hr-portal.corp.local	,INTERNAL,470111,WKSTN-U1014
NET025846,2026-06-25 11:42:00,U1063,john.nguyen,mail.corp.local,INTERNAL,126491,WKSTN-U1063
NET029070,2026-06-25 12:08:00,U1071,matthew.robinson35,confluence.corp.local,INTERNAL,87123,WKSTN-U1071
NET030277,2026-06-25 11:42:00,U1074,sarah.williams7,jira.corp.local,INTERNAL,342820,WKSTN-U1074
NET016251,2026-06-25 11:55:00,U1039,  mark.thomas ,jira.corp.local,INTERNAL,184890,WKSTN-U1039
NET008643,2026-06-25 11:36:00,U1021,jessica.walker,hr-portal.corp.local,INTERNAL,466287,WKSTN-U1021
NET000333,2026-06-25 11:39:00,U1001,linda.johnson95,mail.corp.local,INTERNAL,97494,WKSTN-U1001
NET041312,2026-06-25 11:56:00,U1100,daniel.brown38,confluence.corp.local,INTERNAL,290336,WKSTN-U1100
NET018251,2026-06-25 12:03:00,U1044,lisa.ramirez9,confluence.corp.local,INTERNAL,489640,WKSTN-U1044
NET037619,2026-06-25 11:40:00,U1091,linda.robinson,  jira.corp.local ,INTERNAL,123184,WKSTN-U1091
NET034909,2026-06-25 11:51:00,U1085,barbara.walker67,mail.corp.local,INTERNAL,356275,WKSTN-U1085
NET031438,2026-06-25 12:08:00,U1077,kimberly.harris58,sharepoint.corp.local,INTERNAL,107968,WKSTN-U1077
NET025845,2026-06-25 11:51:00,U1063,john.nguyen,confluence.corp.local	,INTERNAL,215749,WKSTN-U1063
NET038518,2026-06-25 11:41:00,U1093,sarah.clark44,mail.corp.local,INTERNAL,490771,WKSTN-U1093
NET015045,2026-06-25 11:53:00,U1036,linda.jones,hr-portal.corp.local,INTERNAL,403601,WKSTN-U1036
NET005499,2026-06-25 11:40:00,U1014,james.taylor,jira.corp.local,INTERNAL,244228,WKSTN-U1014
NET014268,2026-06-25 11:54:00,U1034,thomas.allen63,sharepoint.corp.local,INTERNAL,496160,WKSTN-U1034
NET024237,2026-06-25 11:51:00,U1059,daniel.perez98,vpn.corp.local,INTERNAL,9309,WKSTN-U1059
NET038519,2026-06-25 11:52:00,U1093,sarah.clark44,jira.corp.local,INTERNAL,97521,WKSTN-U1093
NET007754,2026-06-25 11:58:00,U1019,donna.anderson,mail.corp.local,INTERNAL,276905,WKSTN-U1019
NET041313,2026-06-25 12:02:00,U1100,daniel.brown38,hr-portal.corp.local,INTERNAL,85760,WKSTN-U1100
NET009105,2026-06-25 11:44:00,U1022,sandra.brown,hr-portal.corp.local,INTERNAL,17054,WKSTN-U1022
NET006836,2026-06-25 11:58:00,U1017,emily.hernandez34,jira.corp.local,INTERNAL,476293,WKSTN-U1017
NET030274,2026-06-25 11:39:00,U1074,sarah.williams7,confluence.corp.local,INTERNAL,407801,WKSTN-U1074
NET040554,2026-06-25 11:43:00,U1098,nancy.wright49,mail.corp.local	,INTERNAL,364314,WKSTN-U1098
NET019070,2026-06-25 12:26:00,U1046,michelle.torres39,vpn.corp.local,INTERNAL,368964,WKSTN-U1046
NET010885,2026-06-25 12:20:00,U1026,elizabeth.gonzalez,confluence.corp.local,INTERNAL,76221,WKSTN-U1026
NET039758,2026-06-25 12:39:00,U1096,david.allen76,confluence.corp.local,INTERNAL,446381,WKSTN-U1096
NET028658,2026-06-25 12:19:00,U1070,betty.thomas40,vpn.corp.local,INTERNAL,26718,WKSTN-U1070
NET029478,2026-06-25 12:14:00,U1072,kenneth.lopez,jira.corp.local,INTERNAL,256098,WKSTN-U1072
NET013078,2026-06-25 12:44:00,U1031,john.wright28,mail.corp.local,INTERNAL,122933,WKSTN-U1031
NET010883,2026-06-25 12:37:00,U1026,elizabeth.gonzalez,vpn.corp.local,INTERNAL,239731,WKSTN-U1026
NET040931,2026-06-25 12:30:00,U1099,joseph.garcia,jira.corp.local,INTERNAL,329822,WKSTN-U1099
NET018253,2026-06-25 12:36:00,U1044,lisa.ramirez9,sharepoint.corp.local,INTERNAL,1892,WKSTN-U1044
NET019476,2026-06-25 12:26:00,U1047,sandra.lewis,sharepoint.corp.local,INTERNAL,424976,WKSTN-U1047
NET029854,2026-06-25 12:21:00,U1073,michael.gonzalez,vpn.corp.local,INTERNAL,197458,WKSTN-U1073
NET021433,2026-06-25 12:12:00,U1052,paul.taylor,vpn.corp.local,INTERNAL,13088,WKSTN-U1052
NET016666,2026-06-25 12:36:00,U1040,matthew.martin,sharepoint.corp.local,INTERNAL,403890,WKSTN-U1040
NET038520,2026-06-25 12:09:00,U1093,sarah.clark44,confluence.corp.local,INTERNAL,117661,
NET002364,2026-06-25 12:31:00,U1006,george.gonzalez,confluence.corp.local,INTERNAL,272202,WKSTN-U1006
NET011360,2026-06-25 12:45:00,U1027,patricia.brown75,confluence.corp.local,INTERNAL,261695,WKSTN-U1027
NET024633,2026-06-25 12:09:00,U1060,matthew.anderson,vpn.corp.local,INTERNAL,15256,WKSTN-U1060
NET035358,2026-06-25 12:35:00,U1086,steven.thompson53,confluence.corp.local	,INTERNAL,,WKSTN-U1086
NET034910,2026-06-25 12:14:00,U1085,barbara.walker67,jira.corp.local,INTERNAL,388650,WKSTN-U1085
NET006350,2026-06-25 12:30:00,U1016,patricia.thomas,vpn.corp.local,INTERNAL,335979,WKSTN-U1016
NET021046,2026-06-25 12:12:00,U1051,sandra.king72,sharepoint.corp.local,INTERNAL,14029,WKSTN-U1051
NET027444,2026-06-25 12:28:00,U1067,paul.thomas97,jira.corp.local,INTERNAL,38347,WKSTN-U1067
NET027446,2026-06-25 12:44:00,U1067,paul.thomas97,jira.corp.local,INTERNAL,260627,WKSTN-U1067
NET028258,2026-06-25 12:20:00,U1069,jessica.clark,vpn.corp.local,INTERNAL,306490,WKSTN-U1069
NET033139,2026-06-25 12:29:00,U1081,  margaret.davis ,confluence.corp.local,INTERNAL,318148,WKSTN-U1081
NET011792,2026-06-25 13:21:00,U1028,john.hill,confluence.corp.local,INTERNAL,217610,WKSTN-U1028
NET027058,2026-06-25 13:16:00,U1066,michelle.wright62,mail.corp.local,INTERNAL,429071,WKSTN-U1066
NET003114,2026-06-25 13:11:00,U1008,joshua.hernandez,sharepoint.corp.local,INTERNAL,273954,WKSTN-U1008
NET003888,2026-06-25 13:00:00,U1010,susan.young51,jira.corp.local,INTERNAL,271356,WKSTN-U1010
NET005101,2026-06-25 13:20:00,U1013,emily.smith,vpn.corp.local,INTERNAL,419008,WKSTN-U1013
NET023828,2026-06-25 13:07:00,U1058,jennifer.ramirez18,hr-portal.corp.local,INTERNAL,166880,WKSTN-U1058
NET034014,2026-06-25 12:56:00,U1083,sarah.allen70,mail.corp.local,INTERNAL,87778,WKSTN-U1083
NET031047,2026-06-25 13:12:00,U1076,john.torres,confluence.corp.local,INTERNAL,239685,WKSTN-U1076
NET034012,2026-06-25 13:06:00,U1083,sarah.allen70,hr-portal.corp.local,INTERNAL,327016,WKSTN-U1083
NET017057,2026-06-25 13:03:00,U1041,matthew.allen52,vpn.corp.local,INTERNAL,162895,WKSTN-U1041
NET025448,2026-06-25 12:56:00,U1062,william.martin,mail.corp.local,INTERNAL,435182,WKSTN-U1062
NET015046,2026-06-25 12:58:00,U1036,linda.jones,sharepoint.corp.local,INTERNAL,330542,WKSTN-U1036
NET009994,2026-06-25 13:03:00,U1024,emily.miller,mail.corp.local,INTERNAL,,WKSTN-U1024
NET015461,2026-06-25 13:27:00,U1037,robert.martin,jira.corp.local,INTERNAL,394818,WKSTN-U1037
NET033553,2026-06-25 13:25:00,U1082,karen.hill96,jira.corp.local,INTERNAL,423721,WKSTN-U1082
NET027448,2026-06-25 12:48:00,U1067,paul.thomas97,sharepoint.corp.local,INTERNAL,459894,WKSTN-U1067
NET040552,2026-06-25 13:15:00,U1098,  nancy.wright49 ,vpn.corp.local,INTERNAL,141086,WKSTN-U1098
NET004679,2026-06-25 13:25:00,U1012,linda.martinez,mail.corp.local,INTERNAL,93280,WKSTN-U1012
NET036718,2026-06-25 13:16:00,U1089,paul.brown27,confluence.corp.local,INTERNAL,467418,WKSTN-U1089
NET005916,2026-06-25 13:06:00,U1015,lisa.hernandez,,INTERNAL,108669,WKSTN-U1015
NET034478,2026-06-25 12:59:00,U1084,joshua.taylor,vpn.corp.local,INTERNAL,333279,WKSTN-U1084
NET020240,2026-06-25 13:19:00,U1049,michelle.jones59,linkedin.com,EXTERNAL,14208,WKSTN-U1049
NET024240,2026-06-25 13:18:00,U1059,daniel.perez98,confluence.corp.local,INTERNAL,426655,WKSTN-U1059
NET036275,2026-06-25 13:03:00,U1088,andrew.smith85,confluence.corp.local,INTERNAL,191450,WKSTN-U1088
NET026232,2026-06-25 13:25:00,U1064,matthew.wright55,jira.corp.local,INTERNAL,60611,WKSTN-U1064
NET034912,2026-06-25 13:47:00,U1085,barbara.walker67,vpn.corp.local,INTERNAL,213409,WKSTN-U1085
NET017055,2026-06-25 13:42:00,U1041,matthew.allen52,vpn.corp.local	,INTERNAL,460395,WKSTN-U1041
NET007294,2026-06-25 13:35:00,U1018,betty.white57,confluence.corp.local,INTERNAL,157005,WKSTN-U1018
NET005917,2026-06-25 13:48:00,U1015,LISA.HERNANDEZ,sharepoint.corp.local,INTERNAL,452540,WKSTN-U1015
NET023830,2026-06-25 13:36:00,U1058,jennifer.ramirez18,hr-portal.corp.local,INTERNAL,343143,
NET014670,2026-06-25 13:40:00,U1035,nancy.rodriguez82,mail.corp.local,INTERNAL,396563,WKSTN-U1035
NET023045,2026-06-25 13:28:00,U1056,,sharepoint.corp.local,INTERNAL,439640,WKSTN-U1056
NET039345,2026-06-25 13:34:00,U1095,richard.thomas74,vpn.corp.local,INTERNAL,361529,WKSTN-U1095
NET017466,2026-06-25 13:43:00,U1042,michael.hill56,hr-portal.corp.local,INTERNAL,161029,WKSTN-U1042
NET019072,2026-06-25 13:58:00,U1046,michelle.torres39,hr-portal.corp.local,INTERNAL,326156,WKSTN-U1046
NET034015,2026-06-25 13:52:00,U1083,sarah.allen70,hr-portal.corp.local,INTERNAL,N/A,WKSTN-U1083
NET025447,2026-06-25 13:32:00,U1062,william.martin,sharepoint.corp.local,INTERNAL,73790,WKSTN-U1062
NET012672,2026-06-25 13:53:00,U1030,betty.rodriguez86,mail.corp.local,INTERNAL,282657,WKSTN-U1030
NET025061,2026-06-25 13:34:00,U1061,jessica.rodriguez,sharepoint.corp.local,INTERNAL,254336,WKSTN-U1061
NET028259,2026-06-25 14:00:00,U1069,jessica.clark,confluence.corp.local,INTERNAL,129054,WKSTN-U1069
NET034913,2026-06-25 13:29:00,U1085,barbara.walker67,mail.corp.local	,INTERNAL,225845,WKSTN-U1085
NET023046,2026-06-25 13:45:00,U1056,anthony.clark,confluence.corp.local,INTERNAL,476459,WKSTN-U1056
NET041314,2026-06-25 13:56:00,U1100,daniel.brown38,sharepoint.corp.local,INTERNAL,468462,WKSTN-U1100
NET029477,2026-06-25 13:58:00,U1072,kenneth.lopez,vpn.corp.local,INTERNAL,153730,WKSTN-U1072
NET028662,2026-06-25 13:41:00,U1070,betty.thomas40,mail.corp.local,INTERNAL,111410,WKSTN-U1070
NET017851,2026-06-25 13:57:00,U1043,thomas.williams91,confluence.corp.local,INTERNAL,411856,WKSTN-U1043
NET031048,2026-06-25 13:34:00,U1076,john.torres,mail.corp.local,INTERNAL,75555,
NET035357,2026-06-25 13:46:00,U1086,steven.thompson53,mail.corp.local,INTERNAL,44276,WKSTN-U1086
NET037620,2026-06-25 13:37:00,U1091,linda.robinson	,sharepoint.corp.local,INTERNAL,470749,WKSTN-U1091
NET008640,2026-06-25 14:00:00,U1021,jessica.walker,vpn.corp.local,INTERNAL,114042,WKSTN-U1021
NET014671,2026-06-25 14:14:00,U1035,nancy.rodriguez82,jira.corp.local,INTERNAL,154692,WKSTN-U1035
NET040169,2026-06-25 14:24:00,U1097,mark.martinez10,mail.corp.local,INTERNAL,74037,WKSTN-U1097
NET000761,2026-06-25 14:31:00,U1002,donna.ramirez,confluence.corp.local,INTERNAL,107955,WKSTN-U1002
NET036717,2026-06-25 14:19:00,U1089,paul.brown27	,confluence.corp.local,INTERNAL,416647,WKSTN-U1089
NET029069,2026-06-25 14:21:00,U1071,matthew.robinson35,mail.corp.local,INTERNAL,9645,WKSTN-U1071
NET007756,2026-06-25 14:31:00,U1019,donna.anderson,sharepoint.corp.local,INTERNAL,257274,WKSTN-U1019
NET005914,2026-06-25 14:01:00,U1015,lisa.hernandez,jira.corp.local,INTERNAL,266042,WKSTN-U1015
NET003891,2026-06-25 14:16:00,U1010,susan.young51,sharepoint.corp.local,INTERNAL,210562,WKSTN-U1010
NET039761,2026-06-25 14:00:00,U1096,david.allen76,mail.corp.local,INTERNAL,19508,WKSTN-U1096
NET032262,2026-06-25 14:21:00,U1079,emily.jones,jira.corp.local,INTERNAL,128125,WKSTN-U1079
NET021434,2026-06-25 14:18:00,U1052,  paul.taylor ,sharepoint.corp.local,INTERNAL,257534,WKSTN-U1052
NET038073,2026-06-25 14:08:00,U1092,steven.thomas	,confluence.corp.local,INTERNAL,410229,WKSTN-U1092
NET022259,2026-06-25 14:03:00,U1054,anthony.martinez,vpn.corp.local,INTERNAL,132338,WKSTN-U1054
NET039348,2026-06-25 14:14:00,U1095,richard.thomas74,vpn.corp.local,INTERNAL,165310,WKSTN-U1095
NET028257,2026-06-25 14:21:00,U1069,jessica.clark,mail.corp.local,INTERNAL,493402,WKSTN-U1069
NET022261,2026-06-25 14:07:00,U1054,anthony.martinez,jira.corp.local,INTERNAL,400083,WKSTN-U1054
NET001174,2026-06-25 14:32:00,U1003,KENNETH.CLARK29,vpn.corp.local,INTERNAL,205244,WKSTN-U1003
NET035793,2026-06-25 14:10:00,U1087,charles.sanchez,confluence.corp.local,INTERNAL,251217,WKSTN-U1087
NET015871,2026-06-25 14:07:00,U1038,emily.clark,mail.corp.local,INTERNAL,168509,WKSTN-U1038
NET000336,2026-06-25 14:13:00,U1001,linda.johnson95,linkedin.com,EXTERNAL,2089,WKSTN-U1001
NET004681,2026-06-25 14:07:00,U1012,linda.martinez,hr-portal.corp.local,INTERNAL,98772,WKSTN-U1012
NET032261,2026-06-25 14:04:00,U1079,emily.jones	,mail.corp.local,INTERNAL,249261,WKSTN-U1079	
NET009995,2026-06-25 14:21:00,U1024,emily.miller,mail.corp.local,INTERNAL,59072,WKSTN-U1024
NET031437,2026-06-25 14:12:00,U1077,kimberly.harris58,vpn.corp.local,INTERNAL,37980,WKSTN-U1077
NET034011,2026-06-25 14:33:00,U1083,sarah.allen70,jira.corp.local,INTERNAL,182751,WKSTN-U1083
NET002747,2026-06-25 14:41:00,U1007,sarah.robinson82,vpn.corp.local,INTERNAL,417649,
NET001957,2026-06-25 14:55:00,U1005,,vpn.corp.local,INTERNAL,90893,WKSTN-U1005
NET015462,2026-06-25 14:37:00,U1037,robert.martin,hr-portal.corp.local,INTERNAL,429554,WKSTN-U1037
NET000334,2026-06-25 14:49:00,U1001,linda.johnson95,vpn.corp.local,INTERNAL,337492,WKSTN-U1001
NET026655,2026-06-25 14:50:00,U1065,michael.ramirez47,hr-portal.corp.local,INTERNAL,360482,WKSTN-U1065
NET006351,2026-06-25 14:37:00,U1016,patricia.thomas,hr-portal.corp.local,INTERNAL,386507,WKSTN-U1016
NET019851,2026-06-25 15:03:00,U1048,jennifer.thomas87,sharepoint.corp.local,INTERNAL,292970,WKSTN-U1048
NET008194,2026-06-25 14:44:00,U1020,andrew.thomas36,vpn.corp.local,INTERNAL,435274,WKSTN-U1020
NET001570,2026-06-25 14:43:00,U1004,elizabeth.wilson98,jira.corp.local,INTERNAL,331383,WKSTN-U1004
NET025446,2026-06-25 14:38:00,U1062,william.martin,mail.corp.local,INTERNAL,202930,WKSTN-U1062
NET022653,2026-06-25 14:39:00,U1055,patricia.wilson54,vpn.corp.local,INTERNAL,164167,WKSTN-U1055
NET039759,2026-06-25 14:54:00,U1096,david.allen76,sharepoint.corp.local,INTERNAL,467544,WKSTN-U1096
NET019477,2026-06-25 15:06:00,U1047,sandra.lewis,vpn.corp.local,INTERNAL,45291,WKSTN-U1047
NET009545,2026-06-25 14:44:00,U1023,  richard.wright ,mail.corp.local,INTERNAL,255781,WKSTN-U1023
NET028260,2026-06-25 14:54:00,U1069,jessica.clark,linkedin.com,EXTERNAL,14126,WKSTN-U1069
NET039347,2026-06-25 14:37:00,U1095,richard.thomas74,confluence.corp.local,INTERNAL,358059,  WKSTN-U1095 
NET005497,2026-06-25 14:43:00,U1014,james.taylor,confluence.corp.local,INTERNAL,61976,WKSTN-U1014
NET027059,2026-06-25 14:59:00,U1066,michelle.wright62,hr-portal.corp.local	,INTERNAL,193811,WKSTN-U1066
NET025844,2026-06-25 14:53:00,U1063,john.nguyen,confluence.corp.local,INTERNAL,473913,
NET030664,2026-06-25 14:49:00,U1075,steven.lewis	,vpn.corp.local,INTERNAL,112796,WKSTN-U1075
NET017467,2026-06-25 14:45:00,U1042,michael.hill56,sharepoint.corp.local,INTERNAL,380357,WKSTN-U1042
NET010440,2026-06-25 14:39:00,U1025,betty.brown22,vpn.corp.local,INTERNAL,208020,WKSTN-U1025
NET040168,2026-06-25 15:05:00,U1097,mark.martinez10,vpn.corp.local,INTERNAL,147308,WKSTN-U1097
NET037183,2026-06-25 14:59:00,U1090,mary.hill,  confluence.corp.local ,INTERNAL,379997,WKSTN-U1090
NET030667,2026-06-25 14:39:00,U1075,steven.lewis,confluence.corp.local,INTERNAL,34534,WKSTN-U1075
NET023430,2026-06-25 15:22:00,U1057,nancy.sanchez,sharepoint.corp.local,INTERNAL,85054,WKSTN-U1057
NET020236,2026-06-25 15:25:00,U1049,michelle.jones59,jira.corp.local,INTERNAL,1082,WKSTN-U1049
NET003890,2026-06-25 15:16:00,U1010,susan.young51,jira.corp.local,INTERNAL,277992,WKSTN-U1010
NET013080,2026-06-25 15:25:00,U1031,john.wright28,hr-portal.corp.local,INTERNAL,371179,WKSTN-U1031
NET035355,2026-06-25 15:24:00,U1086,steven.thompson53,sharepoint.corp.local,INTERNAL,369271,WKSTN-U1086
NET031849,2026-06-25 15:09:00,U1078,michelle.miller	,confluence.corp.local,INTERNAL,226919,WKSTN-U1078
NET035792,2026-06-25 15:15:00,U1087,charles.sanchez,  vpn.corp.local ,INTERNAL,15495,WKSTN-U1087
NET030275,2026-06-25 15:08:00,U1074,sarah.williams7,confluence.corp.local,INTERNAL,188275,WKSTN-U1074
NET003519,2026-06-25 15:10:00,U1009,daniel.brown,linkedin.com,EXTERNAL,10970,  WKSTN-U1009 
NET022263,2026-06-25 15:22:00,U1054,anthony.martinez,confluence.corp.local,INTERNAL,438704,WKSTN-U1054
NET007753,2026-06-25 15:33:00,U1019,DONNA.ANDERSON,vpn.corp.local,INTERNAL,38771,WKSTN-U1019
NET039346,2026-06-25 15:16:00,U1095,richard.thomas74,jira.corp.local,INTERNAL,174760,WKSTN-U1095
NET018252,2026-06-25 15:13:00,U1044,lisa.ramirez9,jira.corp.local,INTERNAL,343367,WKSTN-U1044
NET034480,2026-06-25 15:34:00,U1084,joshua.taylor,sharepoint.corp.local,INTERNAL,453013,WKSTN-U1084
NET022262,2026-06-25 15:27:00,U1054,anthony.martinez,mail.corp.local,INTERNAL,390154,WKSTN-U1054
NET020239,2026-06-25 15:16:00,U1049,michelle.jones59,sharepoint.corp.local,INTERNAL,20073,WKSTN-U1049
NET012230,2026-06-25 15:33:00,U1029,michelle.garcia54,vpn.corp.local,INTERNAL,282412,  WKSTN-U1029 
NET031435,2026-06-25 15:20:00,U1077,kimberly.harris58,hr-portal.corp.local,INTERNAL,408880,WKSTN-U1077
NET036276,2026-06-25 15:24:00,U1088,andrew.smith85,hr-portal.corp.local,INTERNAL,383352,WKSTN-U1088
NET023831,2026-06-25 15:13:00,U1058,jennifer.ramirez18,confluence.corp.local,INTERNAL,325560,WKSTN-U1058
NET000335,2026-06-25 15:10:00,U1001,,sharepoint.corp.local,INTERNAL,275697,WKSTN-U1001
NET033554,2026-06-25 15:25:00,U1082,karen.hill96,confluence.corp.local,internal,,WKSTN-U1082
NET014267,2026-06-25 15:24:00,U1034,thomas.allen63,vpn.corp.local,INTERNAL,402968,WKSTN-U1034
NET005498,2026-06-25 15:33:00,U1014,james.taylor,hr-portal.corp.local,INTERNAL,104089,WKSTN-U1014	
NET033552,2026-06-25 15:35:00,U1082,karen.hill96,vpn.corp.local,INTERNAL,16763,WKSTN-U1082
NET008642,2026-06-25 15:57:00,U1021,jessica.walker,hr-portal.corp.local,INTERNAL,18655,WKSTN-U1021
NET025848,2026-06-25 16:30:00,U1063,john.nguyen,vpn.corp.local,INTERNAL,,WKSTN-U1063
NET013079,2026-06-25 16:13:00,U1031,john.wright28,jira.corp.local,INTERNAL,362499,WKSTN-U1031
NET040555,2026-06-25 16:17:00,U1098,nancy.wright49,confluence.corp.local,INTERNAL,455389,WKSTN-U1098
NET012671,2026-06-25 16:22:00,U1030,betty.rodriguez86,vpn.corp.local,INTERNAL,88000,WKSTN-U1030
NET015459,2026-06-25 15:52:00,U1037,robert.martin,mail.corp.local,INTERNAL,,WKSTN-U1037
NET017058,2026-06-25 15:36:00,U1041,matthew.allen52,news.com,EXTERNAL,9601,WKSTN-U1041
NET008192,2026-06-25 16:06:00,U1020,andrew.thomas36,sharepoint.corp.local,INTERNAL,83221,WKSTN-U1020
NET027445,2026-06-25 15:52:00,U1067,paul.thomas97,mail.corp.local,internal,145936,WKSTN-U1067
NET018645,2026-06-25 16:03:00,U1045,daniel.sanchez90,news.com,EXTERNAL,13428,WKSTN-U1045
NET018643,2026-06-25 15:48:00,U1045,daniel.sanchez90,mail.corp.local,INTERNAL,357982,WKSTN-U1045
NET031436,2026-06-25 16:12:00,U1077,kimberly.harris58,vpn.corp.local,INTERNAL,481838,WKSTN-U1077
NET012674,2026-06-25 15:38:00,U1030,betty.rodriguez86,jira.corp.local,INTERNAL,155876,WKSTN-U1030
NET006349,2026-06-25 16:17:00,U1016,patricia.thomas,vpn.corp.local,,385695,WKSTN-U1016
NET004264,2026-06-25 16:34:00,U1011,donna.ramirez75,hr-portal.corp.local,INTERNAL,74173,WKSTN-U1011
NET014266,2026-06-25 16:10:00,U1034,thomas.allen63,sharepoint.corp.local,INTERNAL,273433,WKSTN-U1034
NET001569,2026-06-25 15:45:00,U1004,elizabeth.wilson98,sharepoint.corp.local,INTERNAL,337264,WKSTN-U1004
NET002360,2026-06-25 16:09:00,U1006,george.gonzalez,sharepoint.corp.local,INTERNAL,421128,WKSTN-U1006
NET012673,2026-06-25 16:24:00,U1030,betty.rodriguez86,confluence.corp.local,INTERNAL,83349,WKSTN-U1030
NET038948,2026-06-25 15:42:00,U1094,elizabeth.lewis69,mail.corp.local,INTERNAL,74897,WKSTN-U1094
NET031847,2026-06-25 16:30:00,U1078,michelle.miller,hr-portal.corp.local,INTERNAL,427128,WKSTN-U1078
NET033140,2026-06-25 15:45:00,U1081,,jira.corp.local,INTERNAL,417253,WKSTN-U1081
NET016665,2026-06-25 16:01:00,U1040,matthew.martin,vpn.corp.local,INTERNAL,465983,WKSTN-U1040
NET008195,2026-06-25 16:26:00,U1020,andrew.thomas36,linkedin.com,,5939,WKSTN-U1020
NET004267,2026-06-25 16:19:00,U1011,donna.ramirez75,vpn.corp.local,INTERNAL,443630,WKSTN-U1011
NET035791,2026-06-25 17:59:00,U1087,charles.sanchez,jira.corp.local,INTERNAL,30672,WKSTN-U1087
NET017056,2026-06-25 17:19:00,U1041,matthew.allen52,sharepoint.corp.local,INTERNAL,32230,WKSTN-U1041
NET005100,2026-06-25 17:44:00,U1013,emily.smith,sharepoint.corp.local,,302646,WKSTN-U1013
NET004680,2026-06-25 16:44:00,U1012,linda.martinez,hr-portal.corp.local,INTERNAL,15045,WKSTN-U1012
NET038521,2026-06-25 17:36:00,U1093,sarah.clark44,jira.corp.local,INTERNAL,446144,
NET023047,2026-06-25 16:50:00,U1056,anthony.clark,hr-portal.corp.local,INTERNAL,261848,WKSTN-U1056
NET031049,2026-06-25 16:36:00,U1076,john.torres,linkedin.com,EXTERNAL,7311,WKSTN-U1076
NET023064,2026-06-26 07:27:00,U1056,anthony.clark,vpn.corp.local,INTERNAL,380717,WKSTN-U1056
NET023044,2026-06-25 16:35:00,U1056,anthony.clark,confluence.corp.local,INTERNAL,105919,WKSTN-U1056
NET036277,2026-06-25 16:46:00,U1088,andrew.smith85,jira.corp.local,INTERNAL,316711,WKSTN-U1088
NET024630,2026-06-25 16:43:00,U1060,matthew.anderson,hr-portal.corp.local,INTERNAL,128683,WKSTN-U1060
NET009544,2026-06-25 16:44:00,U1023,richard.wright,jira.corp.local,INTERNAL,52214,WKSTN-U1023
NET024238,2026-06-25 17:21:00,U1059,daniel.perez98,confluence.corp.local,INTERNAL,56767,WKSTN-U1059
NET027818,2026-06-25 17:01:00,U1068,susan.thompson34,sharepoint.corp.local,,321730,WKSTN-U1068
NET022652,2026-06-25 17:12:00,U1055,patricia.wilson54,sharepoint.corp.local,INTERNAL,323353,WKSTN-U1055
NET038522,2026-06-25 17:39:00,U1093,sarah.clark44,confluence.corp.local,INTERNAL,241616,WKSTN-U1093
NET041625,2026-06-26 01:12:00,U1088,andrew.smith85,gmail.com,EXTERNAL,354152282,WKSTN-U1088
NET019071,2026-06-25 16:56:00,U1046,michelle.torres39,sharepoint.corp.local,INTERNAL,8036,WKSTN-U1046
NET027819,2026-06-25 17:21:00,U1068,susan.thompson34,confluence.corp.local,INTERNAL,42448,WKSTN-U1068
NET002361,2026-06-25 17:02:00,U1006,george.gonzalez,vpn.corp.local,INTERNAL,225973,WKSTN-U1006
NET002363,2026-06-25 17:25:00,U1006,george.gonzalez,hr-portal.corp.local,INTERNAL,92077,WKSTN-U1006
NET001176,2026-06-25 17:02:00,U1003,kenneth.clark29,confluence.corp.local,INTERNAL,370762,WKSTN-U1003
NET014269,2026-06-25 16:41:00,U1034,thomas.allen63,hr-portal.corp.local,INTERNAL,,WKSTN-U1034
NET022260,2026-06-25 16:49:00,U1054,anthony.martinez,jira.corp.local,INTERNAL,106245,WKSTN-U1054
NET006835,2026-06-25 16:41:00,U1017,emily.hernandez34,vpn.corp.local,INTERNAL,451706,WKSTN-U1017
NET032284,2026-06-26 08:16:00,U1079,emily.jones,sharepoint.corp.local,INTERNAL,235094,
NET034932,2026-06-26 08:21:00,U1085,barbara.walker67,hr-portal.corp.local,INTERNAL,183962,WKSTN-U1085
NET021452,2026-06-26 08:22:00,U1052,paul.taylor,jira.corp.local,INTERNAL,462358,WKSTN-U1052
NET039362,2026-06-26 08:49:00,U1095,richard.thomas74,jira.corp.local,INTERNAL,140550,WKSTN-U1095
NET014291,2026-06-26 07:40:00,U1034,thomas.allen63,jira.corp.local,INTERNAL,238496,WKSTN-U1034
NET005932,2026-06-26 08:11:00,U1015,lisa.hernandez,mail.corp.local,INTERNAL,232871,WKSTN-U1015
NET012249,2026-06-26 07:42:00,U1029,michelle.garcia54,mail.corp.local,INTERNAL,138061,WKSTN-U1029
NET017870,2026-06-26 08:17:00,U1043,thomas.williams91,jira.corp.local,INTERNAL,444541,WKSTN-U1043
NET028683,2026-06-26 08:17:00,U1070,betty.thomas40,jira.corp.local,INTERNAL,6800,WKSTN-U1070
NET021841,2026-06-26 08:09:00,U1053,john.jackson31,confluence.corp.local,INTERNAL,487159,WKSTN-U1053
NET020258,2026-06-26 08:29:00,U1049,michelle.jones59,,INTERNAL,368038,WKSTN-U1049
NET032282,2026-06-26 08:26:00,U1079,emily.jones,sharepoint.corp.local,INTERNAL,457799,WKSTN-U1079
NET039359,2026-06-26 08:50:00,U1095,RICHARD.THOMAS74,confluence.corp.local,INTERNAL,386645,WKSTN-U1095
NET025469,2026-06-26 08:19:00,U1062,william.martin,vpn.corp.local,INTERNAL,424600,WKSTN-U1062
NET017483,2026-06-26 08:29:00,U1042,michael.hill56,jira.corp.local,INTERNAL,139366,
NET040572,2026-06-26 08:44:00,U1098,nancy.wright49,jira.corp.local,INTERNAL,443934,WKSTN-U1098
NET032723,2026-06-26 08:11:00,U1080,joseph.jackson91,sharepoint.corp.local,INTERNAL,176691,WKSTN-U1080
NET030295,2026-06-26 08:44:00,U1074,sarah.williams7,vpn.corp.local,INTERNAL,273291,WKSTN-U1074
NET021454,2026-06-26 08:47:00,U1052,paul.taylor,sharepoint.corp.local,internal,208038,WKSTN-U1052
NET025076,2026-06-26 08:48:00,U1061,jessica.rodriguez,hr-portal.corp.local,INTERNAL,499161,WKSTN-U1061
NET024258,2026-06-26 08:16:00,U1059,daniel.perez98,confluence.corp.local,INTERNAL,331809,WKSTN-U1059
NET024261,2026-06-26 08:16:00,U1059,daniel.perez98,confluence.corp.local,INTERNAL,419269,WKSTN-U1059
NET036738,2026-06-26 07:46:00,U1089,paul.brown27,hr-portal.corp.local,INTERNAL,187444,WKSTN-U1089
NET040186,2026-06-26 08:17:00,U1097,mark.martinez10,confluence.corp.local,INTERNAL,39322,WKSTN-U1097
NET012248,2026-06-26 08:45:00,U1029,,vpn.corp.local,INTERNAL,334034,WKSTN-U1029
NET033570,2026-06-26 09:26:00,U1082,karen.hill96,sharepoint.corp.local,INTERNAL,,WKSTN-U1082
NET019491,2026-06-26 09:17:00,U1047,sandra.lewis,mail.corp.local,INTERNAL,57675,
NET009565,2026-06-26 09:11:00,U1023,richard.wright,jira.corp.local,INTERNAL,47272,
NET015485,2026-06-26 09:37:00,U1037,robert.martin,,INTERNAL,159183,WKSTN-U1037
NET036737,2026-06-26 09:01:00,U1089,paul.brown27,confluence.corp.local,INTERNAL,105705,WKSTN-U1089
NET031457,2026-06-26 09:37:00,U1077,kimberly.harris58,confluence.corp.local,INTERNAL,20946,WKSTN-U1077
NET038967,2026-06-26 09:22:00,U1094,elizabeth.lewis69,vpn.corp.local,INTERNAL,129561,WKSTN-U1094
NET008214,2026-06-26 09:25:00,U1020,andrew.thomas36,vpn.corp.local,INTERNAL,268298,WKSTN-U1020
NET012691,2026-06-26 09:16:00,U1030,betty.rodriguez86,mail.corp.local,INTERNAL,9731,WKSTN-U1030
NET034501,2026-06-26 08:52:00,U1084,joshua.taylor,mail.corp.local,INTERNAL,132075,WKSTN-U1084
NET040946,2026-06-26 08:52:00,U1099,joseph.garcia,vpn.corp.local,INTERNAL,390155,WKSTN-U1099
NET029494,2026-06-26 09:08:00,U1072,kenneth.lopez,confluence.corp.local,INTERNAL,18510,WKSTN-U1072
NET013097,2026-06-26 09:01:00,U1031,john.wright28,mail.corp.local,INTERNAL,305243,WKSTN-U1031
NET022672,2026-06-26 09:29:00,U1055,patricia.wilson54,,INTERNAL,298495,WKSTN-U1055
NET027461,2026-06-26 09:10:00,U1067,paul.thomas97,vpn.corp.local,INTERNAL,376252,WKSTN-U1067
NET018267,2026-06-26 09:25:00,U1044,lisa.ramirez9,confluence.corp.local,INTERNAL,98732,WKSTN-U1044
NET000780,2026-06-26 09:17:00,U1002,donna.ramirez,  jira.corp.local ,INTERNAL,273947,
NET005518,2026-06-26 09:26:00,U1014,JAMES.TAYLOR,mail.corp.local,INTERNAL,381692,WKSTN-U1014
NET024650,2026-06-26 09:32:00,U1060,matthew.anderson,jira.corp.local,INTERNAL,328162,WKSTN-U1060
NET038968,2026-06-26 09:24:00,U1094,elizabeth.lewis69,sharepoint.corp.local,INTERNAL,171513,WKSTN-U1094
NET016683,2026-06-26 09:38:00,U1040,matthew.martin,hr-portal.corp.local,INTERNAL,64852,WKSTN-U1040
NET001582,2026-06-26 09:17:00,U1004,ELIZABETH.WILSON98,  hr-portal.corp.local ,INTERNAL,276690,WKSTN-U1004
NET040574,2026-06-26 09:05:00,U1098,nancy.wright49,vpn.corp.local,INTERNAL,6145,WKSTN-U1098
NET015482,2026-06-26 08:58:00,U1037,robert.martin,sharepoint.corp.local,INTERNAL,99431,WKSTN-U1037
NET028682,2026-06-26 09:14:00,U1070,betty.thomas40,sharepoint.corp.local,INTERNAL,,
NET012693,2026-06-26 09:58:00,U1030,betty.rodriguez86,vpn.corp.local,INTERNAL,23254,WKSTN-U1030
NET013897,2026-06-26 10:02:00,U1033,linda.miller,jira.corp.local,INTERNAL,366761,WKSTN-U1033
NET009564,2026-06-26 10:05:00,U1023,richard.wright,hr-portal.corp.local,INTERNAL,456577,WKSTN-U1023
NET039777,2026-06-26 09:45:00,U1096,david.allen76,sharepoint.corp.local,INTERNAL,27675,WKSTN-U1096
NET007316,2026-06-26 10:01:00,U1018,betty.white57,hr-portal.corp.local,INTERNAL,79325,WKSTN-U1018
NET038534,2026-06-26 10:02:00,U1093,  sarah.clark44 ,vpn.corp.local,INTERNAL,49694,WKSTN-U1093
NET031066,2026-06-26 09:40:00,U1076,john.torres,vpn.corp.local,INTERNAL,391557,WKSTN-U1076
NET015483,2026-06-26 09:45:00,U1037,robert.martin,hr-portal.corp.local,,434867,WKSTN-U1037
NET024649,2026-06-26 10:06:00,U1060,matthew.anderson,confluence.corp.local,INTERNAL,44043,WKSTN-U1060
NET024260,2026-06-26 09:42:00,U1059,daniel.perez98,sharepoint.corp.local,INTERNAL,245361,WKSTN-U1059
NET018266,2026-06-26 09:44:00,U1044,lisa.ramirez9,mail.corp.local,INTERNAL,,WKSTN-U1044
NET021455,2026-06-26 09:42:00,U1052,paul.taylor,hr-portal.corp.local,INTERNAL,14631,WKSTN-U1052
NET003535,2026-06-26 10:03:00,U1009,daniel.brown,mail.corp.local,INTERNAL,341874,WKSTN-U1009
NET005933,2026-06-26 10:05:00,U1015,lisa.hernandez,hr-portal.corp.local,INTERNAL,54247,WKSTN-U1015
NET008215,2026-06-26 10:02:00,U1020,  andrew.thomas36 ,vpn.corp.local,INTERNAL,54982,WKSTN-U1020
NET022670,2026-06-26 09:41:00,U1055,patricia.wilson54,confluence.corp.local,INTERNAL,337731,WKSTN-U1055	
NET034933,2026-06-26 09:39:00,U1085,barbara.walker67,sharepoint.corp.local,INTERNAL,22993,WKSTN-U1085
NET034031,2026-06-26 10:01:00,U1083,sarah.allen70,vpn.corp.local,INTERNAL,159245,WKSTN-U1083
NET003128,2026-06-26 10:01:00,U1008,joshua.hernandez,vpn.corp.local,INTERNAL,57517,WKSTN-U1008
NET036297,2026-06-26 09:57:00,U1088,andrew.smith85,mail.corp.local,INTERNAL,267607,WKSTN-U1088
NET038536,2026-06-26 09:45:00,U1093,sarah.clark44,hr-portal.corp.local,INTERNAL,441044,WKSTN-U1093
NET011378,2026-06-26 09:55:00,U1027,patricia.brown75,mail.corp.local,INTERNAL,209056,WKSTN-U1027
NET023446,2026-06-26 09:56:00,U1057,nancy.sanchez,sharepoint.corp.local,INTERNAL,255461,WKSTN-U1057
NET011810,2026-06-26 09:57:00,U1028,JOHN.HILL,sharepoint.corp.local,INTERNAL,99797,WKSTN-U1028
NET002380,2026-06-26 09:42:00,U1006,george.gonzalez,mail.corp.local,INTERNAL,329037,WKSTN-U1006
NET020671,2026-06-26 10:21:00,U1050,michael.ramirez,sharepoint.corp.local,INTERNAL,159681,WKSTN-U1050
NET032285,2026-06-26 10:21:00,U1079,emily.jones,sharepoint.corp.local,INTERNAL,413490,WKSTN-U1079
NET022674,2026-06-26 10:32:00,U1055,patricia.wilson54,weather.com,EXTERNAL,3486,WKSTN-U1055
NET041330,2026-06-26 10:42:00,U1100,daniel.brown38	,vpn.corp.local,INTERNAL,483882,WKSTN-U1100
NET029493,2026-06-26 10:37:00,U1072,kenneth.lopez,mail.corp.local,INTERNAL,143010,WKSTN-U1072
NET030296,2026-06-26 10:13:00,U1074,sarah.williams7,mail.corp.local,INTERNAL,486534,WKSTN-U1074
NET018268,2026-06-26 10:07:00,U1044,lisa.ramirez9,jira.corp.local,INTERNAL,,WKSTN-U1044
NET026675,2026-06-26 10:14:00,U1065,michael.ramirez47,confluence.corp.local,INTERNAL,420314,WKSTN-U1065
NET015894,2026-06-26 10:18:00,U1038,emily.clark,vpn.corp.local,INTERNAL,2682,WKSTN-U1038
NET019088,2026-06-26 10:12:00,U1046,michelle.torres39,hr-portal.corp.local,INTERNAL,406720,WKSTN-U1046
NET000778,2026-06-26 10:28:00,U1002,donna.ramirez,sharepoint.corp.local,INTERNAL,412058,WKSTN-U1002
NET029088,2026-06-26 10:34:00,U1071,matthew.robinson35,jira.corp.local,INTERNAL,328627,WKSTN-U1071
NET027841,2026-06-26 10:27:00,U1068,susan.thompson34,vpn.corp.local,INTERNAL,141738,WKSTN-U1068
NET019087,2026-06-26 10:25:00,U1046,michelle.torres39,confluence.corp.local,INTERNAL,320373,WKSTN-U1046
NET011811,2026-06-26 10:26:00,U1028,john.hill,hr-portal.corp.local,INTERNAL,253469,WKSTN-U1028
NET020259,2026-06-26 10:16:00,U1049,michelle.jones59,hr-portal.corp.local,INTERNAL,296560,WKSTN-U1049
NET021063,2026-06-26 10:31:00,U1051,sandra.king72,linkedin.com,EXTERNAL,10415,WKSTN-U1051
NET027077,2026-06-26 10:16:00,U1066,michelle.wright62,vpn.corp.local,INTERNAL,291537,WKSTN-U1066
NET006370,2026-06-26 10:22:00,U1016,patricia.thomas,vpn.corp.local,INTERNAL,386793,WKSTN-U1016
NET014684,2026-06-26 10:41:00,U1035,nancy.rodriguez82,jira.corp.local,,42298,WKSTN-U1035
NET038093,2026-06-26 10:07:00,U1092,steven.thomas,mail.corp.local,INTERNAL,231721,WKSTN-U1092
NET009566,2026-06-26 10:42:00,U1023,richard.wright,sharepoint.corp.local,INTERNAL,52761,WKSTN-U1023
NET030294,2026-06-26 10:26:00,U1074,sarah.williams7,hr-portal.corp.local,INTERNAL,309352,WKSTN-U1074
NET027076,2026-06-26 10:29:00,U1066,michelle.wright62,vpn.corp.local,INTERNAL,263983,WKSTN-U1066
NET035373,2026-06-26 10:11:00,U1086,steven.thompson53,vpn.corp.local,INTERNAL,318513,  WKSTN-U1086 
NET003534,2026-06-26 10:49:00,U1009,daniel.brown,confluence.corp.local,INTERNAL,207185,WKSTN-U1009
NET004699,2026-06-26 10:54:00,U1012,linda.martinez,jira.corp.local,INTERNAL,114608,WKSTN-U1012
NET039779,2026-06-26 11:13:00,U1096,david.allen76,hr-portal.corp.local,INTERNAL,180219,WKSTN-U1096
NET026674,2026-06-26 10:58:00,U1065,michael.ramirez47,mail.corp.local,INTERNAL,411950,WKSTN-U1065
NET015062,2026-06-26 11:06:00,U1036,linda.jones,confluence.corp.local,,384830,WKSTN-U1036
NET010902,2026-06-26 10:58:00,U1026,elizabeth.gonzalez,jira.corp.local,INTERNAL,432371,WKSTN-U1026
NET013503,2026-06-26 10:53:00,U1032,paul.wright91,hr-portal.corp.local,INTERNAL,475796,WKSTN-U1032
NET008664,2026-06-26 11:13:00,U1021,jessica.walker,jira.corp.local,,308711,
NET017871,2026-06-26 10:55:00,U1043,thomas.williams91,sharepoint.corp.local,INTERNAL,222239,WKSTN-U1043
NET010458,2026-06-26 11:11:00,U1025,betty.brown22,confluence.corp.local,INTERNAL,157342,WKSTN-U1025
NET005519,2026-06-26 11:02:00,U1014,james.taylor,jira.corp.local,INTERNAL,169446,WKSTN-U1014
NET006373,2026-06-26 10:51:00,U1016,patricia.thomas,sharepoint.corp.local,INTERNAL,250818,WKSTN-U1016
NET031869,2026-06-26 11:14:00,U1078,michelle.miller,sharepoint.corp.local,INTERNAL,152941,WKSTN-U1078
NET029870,2026-06-26 10:53:00,U1073,michael.gonzalez,sharepoint.corp.local,INTERNAL,440028,WKSTN-U1073
NET017075,2026-06-26 11:10:00,U1041,matthew.allen52,sharepoint.corp.local,INTERNAL,28476,WKSTN-U1041
NET023445,2026-06-26 10:52:00,U1057,nancy.sanchez,confluence.corp.local,INTERNAL,11207,WKSTN-U1057
NET020670,2026-06-26 11:03:00,U1050,michael.ramirez,confluence.corp.local,INTERNAL,445097,WKSTN-U1050
NET027840,2026-06-26 11:12:00,U1068,susan.thompson34,mail.corp.local,INTERNAL,103108,WKSTN-U1068
NET027075,2026-06-26 10:49:00,U1066,michelle.wright62,hr-portal.corp.local,INTERNAL,80283,WKSTN-U1066
NET002766,2026-06-26 10:50:00,U1007,sarah.robinson82,mail.corp.local,INTERNAL,307429,WKSTN-U1007
NET026672,2026-06-26 10:52:00,U1065,michael.ramirez47,mail.corp.local,INTERNAL,484128,WKSTN-U1065
NET008663,2026-06-26 11:12:00,U1021,jessica.walker,mail.corp.local,INTERNAL,315574,WKSTN-U1021
NET029867,2026-06-26 11:03:00,U1073,michael.gonzalez,vpn.corp.local,INTERNAL,243809,WKSTN-U1073
NET007315,2026-06-26 11:05:00,U1018,betty.white57,jira.corp.local,INTERNAL,125924,WKSTN-U1018
NET010013,2026-06-26 10:53:00,U1024,EMILY.MILLER,vpn.corp.local	,INTERNAL,386473,WKSTN-U1024
NET010456,2026-06-26 11:40:00,U1025,betty.brown22,mail.corp.local,INTERNAL,242597,WKSTN-U1025	
NET025470,2026-06-26 11:19:00,U1062,william.martin,vpn.corp.local,INTERNAL,87104,WKSTN-U1062
NET014290,2026-06-26 11:28:00,U1034,thomas.allen63,mail.corp.local,INTERNAL,208204,WKSTN-U1034
NET038094,2026-06-26 11:18:00,U1092,steven.thomas,sharepoint.corp.local,INTERNAL,416263,WKSTN-U1092
NET031067,2026-06-26 11:24:00,U1076,,hr-portal.corp.local,INTERNAL,185989,WKSTN-U1076
NET039778,2026-06-26 11:43:00,U1096,david.allen76,vpn.corp.local,INTERNAL,465829,WKSTN-U1096
NET019085,2026-06-26 11:42:00,U1046,michelle.torres39,hr-portal.corp.local,INTERNAL,139825,WKSTN-U1046
NET014685,2026-06-26 11:29:00,U1035,nancy.rodriguez82,sharepoint.corp.local,INTERNAL,292113,WKSTN-U1035
NET033574,2026-06-26 11:32:00,U1082,karen.hill96,  vpn.corp.local ,INTERNAL,263200,WKSTN-U1082
NET024257,2026-06-26 11:26:00,U1059,,jira.corp.local,INTERNAL,340810,WKSTN-U1059
NET025468,2026-06-26 11:34:00,U1062,william.martin,jira.corp.local,INTERNAL,279567,WKSTN-U1062
NET019495,2026-06-26 11:15:00,U1047,sandra.lewis,news.com,EXTERNAL,12677,WKSTN-U1047
NET040187,2026-06-26 11:40:00,U1097,mark.martinez10,confluence.corp.local,INTERNAL,412840,WKSTN-U1097
NET000777,2026-06-26 11:36:00,U1002,  donna.ramirez ,vpn.corp.local	,INTERNAL,289442,WKSTN-U1002
NET038535,2026-06-26 11:29:00,U1093,sarah.clark44,sharepoint.corp.local,INTERNAL,430919,WKSTN-U1093
NET004697,2026-06-26 11:22:00,U1012,linda.martinez,confluence.corp.local,INTERNAL,233058,WKSTN-U1012
NET001193,2026-06-26 11:43:00,U1003,kenneth.clark29,  confluence.corp.local ,INTERNAL,75216,WKSTN-U1003
NET038969,2026-06-26 11:25:00,U1094,elizabeth.lewis69,linkedin.com,EXTERNAL,19786,WKSTN-U1094
NET031454,2026-06-26 11:32:00,U1077,kimberly.harris58,hr-portal.corp.local,INTERNAL,5591,WKSTN-U1077
NET016268,2026-06-26 11:21:00,U1039,mark.thomas,hr-portal.corp.local,INTERNAL,9957,WKSTN-U1039
NET041329,2026-06-26 11:46:00,U1100,daniel.brown38,vpn.corp.local,INTERNAL,402320,WKSTN-U1100
NET000781,2026-06-26 11:43:00,U1002,donna.ramirez,linkedin.com,EXTERNAL,14129,WKSTN-U1002
NET002764,2026-06-26 11:21:00,U1007,sarah.robinson82,hr-portal.corp.local,INTERNAL,8407,WKSTN-U1007
NET015061,2026-06-26 11:41:00,U1036,linda.jones,mail.corp.local,INTERNAL,335547,WKSTN-U1036
NET007773,2026-06-26 11:19:00,U1019,donna.anderson,hr-portal.corp.local,INTERNAL,188136,WKSTN-U1019
NET037197,2026-06-26 12:06:00,U1090,mary.hill,mail.corp.local,INTERNAL,84953,
NET023843,2026-06-26 11:57:00,U1058,jennifer.ramirez18	,mail.corp.local,INTERNAL,46537,WKSTN-U1058
NET022669,2026-06-26 11:54:00,U1055,patricia.wilson54,jira.corp.local,INTERNAL,198485,WKSTN-U1055
NET025077,2026-06-26 12:10:00,U1061,jessica.rodriguez,mail.corp.local,INTERNAL,460926,WKSTN-U1061
NET011379,2026-06-26 12:11:00,U1027,patricia.brown75,mail.corp.local,INTERNAL,299608,WKSTN-U1027
NET028280,2026-06-26 12:06:00,U1069,jessica.clark,,INTERNAL,489588,WKSTN-U1069
NET033571,2026-06-26 12:00:00,U1082,karen.hill96,hr-portal.corp.local,INTERNAL,83017,WKSTN-U1082
NET013501,2026-06-26 12:11:00,U1032,paul.wright91,sharepoint.corp.local,INTERNAL,57371,WKSTN-U1032
NET020260,2026-06-26 11:53:00,U1049,michelle.jones59,confluence.corp.local,INTERNAL,357117,WKSTN-U1049
NET014292,2026-06-26 12:02:00,U1034,,weather.com,EXTERNAL,6400,WKSTN-U1034
NET033572,2026-06-26 12:22:00,U1082,karen.hill96,confluence.corp.local,INTERNAL,,WKSTN-U1082
NET007774,2026-06-26 11:55:00,U1019,donna.anderson,confluence.corp.local,INTERNAL,181709,WKSTN-U1019
NET035812,2026-06-26 11:56:00,U1087,charles.sanchez,sharepoint.corp.local,INTERNAL,50649,WKSTN-U1087
NET018270,2026-06-26 11:47:00,U1044,lisa.ramirez9,mail.corp.local,INTERNAL,77734,WKSTN-U1044
NET038537,2026-06-26 12:09:00,U1093,sarah.clark44,hr-portal.corp.local,INTERNAL,234601,WKSTN-U1093
NET013898,2026-06-26 12:19:00,U1033,linda.miller,confluence.corp.local,INTERNAL,457263,WKSTN-U1033
NET010457,2026-06-26 12:20:00,U1025,betty.brown22,hr-portal.corp.local,INTERNAL,33080,WKSTN-U1025
NET030682,2026-06-26 11:56:00,U1075,steven.lewis,sharepoint.corp.local,INTERNAL,470893,WKSTN-U1075
NET037639,2026-06-26 12:16:00,U1091,linda.robinson,mail.corp.local,INTERNAL,495175,WKSTN-U1091
NET015892,2026-06-26 12:16:00,U1038,emily.clark,hr-portal.corp.local,INTERNAL,400312,WKSTN-U1038
NET034032,2026-06-26 11:59:00,U1083,sarah.allen70,vpn.corp.local,INTERNAL,345154,WKSTN-U1083
NET030683,2026-06-26 11:49:00,U1075,steven.lewis,vpn.corp.local,INTERNAL,,  WKSTN-U1075 
NET022278,2026-06-26 12:11:00,U1054,anthony.martinez,mail.corp.local,INTERNAL,408101,WKSTN-U1054
NET026673,2026-06-26 12:23:00,U1065,michael.ramirez47,sharepoint.corp.local,INTERNAL,203465,WKSTN-U1065
NET009121,2026-06-26 11:50:00,U1022,sandra.brown,vpn.corp.local,INTERNAL,,WKSTN-U1022
NET039780,2026-06-26 12:34:00,U1096,david.allen76,weather.com,EXTERNAL,18965000.0,WKSTN-U1096
NET040573,2026-06-26 12:28:00,U1098,nancy.wright49,jira.corp.local,INTERNAL,410789,  WKSTN-U1098 
NET013896,2026-06-26 12:33:00,U1033,linda.miller,jira.corp.local,INTERNAL,79380,WKSTN-U1033
NET032724,2026-06-26 12:47:00,U1080,joseph.jackson91,mail.corp.local,,255052,WKSTN-U1080
NET021839,2026-06-26 12:43:00,U1053,john.jackson31,hr-portal.corp.local,INTERNAL,86655,WKSTN-U1053
NET027078,2026-06-26 12:43:00,U1066,michelle.wright62,news.com,EXTERNAL,4635,
NET006855,2026-06-26 12:41:00,U1017,emily.hernandez34,jira.corp.local,INTERNAL,234898,WKSTN-U1017
NET019869,2026-06-26 12:27:00,U1048,jennifer.thomas87,jira.corp.local,internal,91979,WKSTN-U1048
NET003908,2026-06-26 12:42:00,U1010,susan.young51,hr-portal.corp.local,INTERNAL,33259,WKSTN-U1010
NET009567,2026-06-26 12:33:00,U1023,richard.wright,mail.corp.local,internal,296698,WKSTN-U1023
NET006854,2026-06-26 12:31:00,U1017,emily.hernandez34,jira.corp.local,INTERNAL,308984,WKSTN-U1017
NET023447,2026-06-26 12:29:00,U1057,nancy.sanchez,confluence.corp.local,INTERNAL,272637,WKSTN-U1057
NET035374,2026-06-26 12:37:00,U1086,steven.thompson53,hr-portal.corp.local,INTERNAL,300867,WKSTN-U1086
NET025467,2026-06-26 12:23:00,U1062,william.martin,mail.corp.local,INTERNAL,86895,WKSTN-U1062
NET007771,2026-06-26 12:52:00,U1019,donna.anderson,vpn.corp.local,INTERNAL,173878,WKSTN-U1019
NET015484,2026-06-26 12:29:00,U1037,  robert.martin ,mail.corp.local,INTERNAL,336853,WKSTN-U1037
NET001583,2026-06-26 12:52:00,U1004,elizabeth.wilson98,mail.corp.local,INTERNAL,,WKSTN-U1004
NET037641,2026-06-26 12:41:00,U1091,LINDA.ROBINSON,jira.corp.local,INTERNAL,13221,WKSTN-U1091
NET034034,2026-06-26 12:35:00,U1083,sarah.allen70,vpn.corp.local,INTERNAL,472781,WKSTN-U1083
NET002378,2026-06-26 12:25:00,U1006,,sharepoint.corp.local,INTERNAL,258444,WKSTN-U1006
NET033573,2026-06-26 12:43:00,U1082,karen.hill96,confluence.corp.local,INTERNAL,60856,WKSTN-U1082
NET008216,2026-06-26 12:28:00,U1020,andrew.thomas36,vpn.corp.local,INTERNAL,143316,WKSTN-U1020
NET025868,2026-06-26 12:30:00,U1063,john.nguyen,mail.corp.local,INTERNAL,91742,WKSTN-U1063
NET007314,2026-06-26 12:46:00,U1018,betty.white57,hr-portal.corp.local,INTERNAL,378943,WKSTN-U1018
NET028278,2026-06-26 12:39:00,U1069,jessica.clark,sharepoint.corp.local,INTERNAL,263802,WKSTN-U1069
NET019868,2026-06-26 13:20:00,U1048,JENNIFER.THOMAS87,confluence.corp.local,INTERNAL,477612,WKSTN-U1048
NET011812,2026-06-26 13:36:00,U1028,john.hill,sharepoint.corp.local,INTERNAL,422943,WKSTN-U1028
NET000779,2026-06-26 13:27:00,U1002,donna.ramirez,confluence.corp.local	,INTERNAL,276458,WKSTN-U1002
NET020261,2026-06-26 13:05:00,U1049,michelle.jones59,vpn.corp.local,INTERNAL,431181,WKSTN-U1049
NET000354,2026-06-26 13:06:00,U1001,linda.johnson95,sharepoint.corp.local,internal,95033,WKSTN-U1001
NET011377,2026-06-26 13:15:00,U1027,patricia.brown75,jira.corp.local,INTERNAL,83756,WKSTN-U1027
NET001981,2026-06-26 13:29:00,U1005,  robert.robinson ,sharepoint.corp.local,INTERNAL,224472,WKSTN-U1005
NET015891,2026-06-26 13:11:00,U1038,emily.clark,hr-portal.corp.local,INTERNAL,473944,WKSTN-U1038
NET006371,2026-06-26 13:24:00,U1016,patricia.thomas,vpn.corp.local	,INTERNAL,106887,WKSTN-U1016
NET021838,2026-06-26 13:04:00,U1053,john.jackson31,sharepoint.corp.local,INTERNAL,291108,WKSTN-U1053
NET039363,2026-06-26 13:27:00,U1095,richard.thomas74,linkedin.com,EXTERNAL,18269,WKSTN-U1095
NET006372,2026-06-26 12:59:00,U1016,patricia.thomas,jira.corp.local,INTERNAL,84797,WKSTN-U1016
NET018269,2026-06-26 13:28:00,U1044,lisa.ramirez9,vpn.corp.local,INTERNAL,342245,WKSTN-U1044
NET008217,2026-06-26 12:55:00,U1020,andrew.thomas36,  mail.corp.local ,INTERNAL,303721,WKSTN-U1020
NET010455,2026-06-26 13:17:00,U1025,betty.brown22,hr-portal.corp.local,INTERNAL,286278,WKSTN-U1025
NET012692,2026-06-26 13:03:00,U1030,betty.rodriguez86,vpn.corp.local,INTERNAL,419333,
NET027460,2026-06-26 13:19:00,U1067,paul.thomas97,hr-portal.corp.local,INTERNAL,245353,WKSTN-U1067
NET034500,2026-06-26 13:35:00,U1084,joshua.taylor,confluence.corp.local,INTERNAL,418987,WKSTN-U1084
NET009122,2026-06-26 13:03:00,U1022,sandra.brown,hr-portal.corp.local,INTERNAL,217625,WKSTN-U1022
NET031065,2026-06-26 13:00:00,U1076,john.torres,sharepoint.corp.local,INTERNAL,297954,WKSTN-U1076
NET028281,2026-06-26 13:32:00,U1069,jessica.clark,news.com,EXTERNAL,15948,WKSTN-U1069
NET025867,2026-06-26 13:31:00,U1063,john.nguyen,vpn.corp.local,INTERNAL,308480,WKSTN-U1063
NET001192,2026-06-26 13:37:00,U1003,kenneth.clark29,confluence.corp.local,INTERNAL,289025,WKSTN-U1003
NET017482,2026-06-26 13:07:00,U1042,michael.hill56,jira.corp.local,INTERNAL,88272,WKSTN-U1042
NET035811,2026-06-26 13:08:00,U1087,charles.sanchez,jira.corp.local,INTERNAL,343177,WKSTN-U1087
NET008666,2026-06-26 13:48:00,U1021,jessica.walker,jira.corp.local,INTERNAL,143027,WKSTN-U1021
NET028279,2026-06-26 14:14:00,U1069,jessica.clark,jira.corp.local,INTERNAL,431499,WKSTN-U1069
NET023844,2026-06-26 13:39:00,U1058,jennifer.ramirez18,vpn.corp.local,INTERNAL,351478,WKSTN-U1058
NET028681,2026-06-26 13:53:00,U1070,betty.thomas40	,hr-portal.corp.local,INTERNAL,132708,WKSTN-U1070
NET017873,2026-06-26 13:56:00,U1043,thomas.williams91,hr-portal.corp.local,INTERNAL,16420,WKSTN-U1043
NET018664,2026-06-26 14:00:00,U1045,daniel.sanchez90,,INTERNAL,294810,WKSTN-U1045
NET021840,2026-06-26 14:06:00,U1053,john.jackson31,confluence.corp.local,INTERNAL,118753,WKSTN-U1053
NET039776,2026-06-26 13:56:00,U1096,david.allen76,hr-portal.corp.local,INTERNAL,173536,WKSTN-U1096
NET015890,2026-06-26 13:48:00,U1038,emily.clark,sharepoint.corp.local,INTERNAL,121526,WKSTN-U1038
NET001979,2026-06-26 14:13:00,U1005,robert.robinson,vpn.corp.local,INTERNAL,436799,WKSTN-U1005
NET013096,2026-06-26 13:46:00,U1031,john.wright28,mail.corp.local,INTERNAL,492395,WKSTN-U1031
NET040185,2026-06-26 13:43:00,U1097,mark.martinez10,hr-portal.corp.local,INTERNAL,186915,WKSTN-U1097	
NET017076,2026-06-26 13:43:00,U1041,matthew.allen52,sharepoint.corp.local,INTERNAL,,WKSTN-U1041
NET019871,2026-06-26 13:49:00,U1048,jennifer.thomas87,weather.com	,EXTERNAL,10156,WKSTN-U1048
NET032281,2026-06-26 14:07:00,U1079,emily.jones,hr-portal.corp.local,INTERNAL,473470,WKSTN-U1079
NET003907,2026-06-26 13:41:00,U1010,susan.young51,jira.corp.local,INTERNAL,245151,WKSTN-U1010
NET016681,2026-06-26 14:06:00,U1040,matthew.martin,  hr-portal.corp.local ,INTERNAL,373116,WKSTN-U1040
NET023066,2026-06-26 14:02:00,U1056,anthony.clark,hr-portal.corp.local,INTERNAL,453897,WKSTN-U1056
NET014289,2026-06-26 14:10:00,U1034,thomas.allen63,sharepoint.corp.local,INTERNAL,-210248.0,WKSTN-U1034
NET024259,2026-06-26 14:17:00,U1059,daniel.perez98,vpn.corp.local,INTERNAL,381905,WKSTN-U1059
NET005117,2026-06-26 14:12:00,U1013,emily.smith,hr-portal.corp.local,,458885,WKSTN-U1013
NET005516,2026-06-26 14:00:00,U1014,james.taylor,confluence.corp.local	,INTERNAL,253554,WKSTN-U1014
NET018662,2026-06-26 13:38:00,U1045,daniel.sanchez90,confluence.corp.local,INTERNAL,413950,WKSTN-U1045
NET019494,2026-06-26 13:52:00,U1047,sandra.lewis,sharepoint.corp.local,INTERNAL,104616,WKSTN-U1047
NET032283,2026-06-26 14:07:00,U1079,emily.jones,mail.corp.local,INTERNAL,401096,WKSTN-U1079
NET019870,2026-06-26 14:31:00,U1048,jennifer.thomas87,jira.corp.local,INTERNAL,145046,WKSTN-U1048
NET003129,2026-06-26 14:42:00,U1008,JOSHUA.HERNANDEZ,hr-portal.corp.local,INTERNAL,52682,WKSTN-U1008
NET031453,2026-06-26 14:21:00,U1077,kimberly.harris58,confluence.corp.local,INTERNAL,27300,WKSTN-U1077
NET013900,2026-06-26 14:25:00,U1033,linda.miller,sharepoint.corp.local,INTERNAL,397467,WKSTN-U1033
NET003906,2026-06-26 14:35:00,U1010,,confluence.corp.local,INTERNAL,174828,WKSTN-U1010
NET003130,2026-06-26 14:34:00,U1008,,,INTERNAL,62589,WKSTN-U1008
NET029869,2026-06-26 14:27:00,U1073,michael.gonzalez,  confluence.corp.local ,INTERNAL,376533,WKSTN-U1073
NET003132,2026-06-26 14:37:00,U1008,joshua.hernandez,,INTERNAL,372880,WKSTN-U1008
NET025869,2026-06-26 14:40:00,U1063,john.nguyen,mail.corp.local,INTERNAL,27403,WKSTN-U1063
NET005934,2026-06-26 14:37:00,U1015,lisa.hernandez,jira.corp.local,INTERNAL,441330,WKSTN-U1015
NET036298,2026-06-26 14:40:00,U1088,andrew.smith85,sharepoint.corp.local,INTERNAL,259322,WKSTN-U1088
NET017872,2026-06-26 14:30:00,U1043,thomas.williams91,jira.corp.local,INTERNAL,264140,WKSTN-U1043
NET029087,2026-06-26 14:45:00,U1071,matthew.robinson35,confluence.corp.local,INTERNAL,151226,WKSTN-U1071
NET006369,2026-06-26 14:23:00,U1016,patricia.thomas	,mail.corp.local,INTERNAL,230921,WKSTN-U1016
NET000357,2026-06-26 14:30:00,U1001,linda.johnson95,weather.com,EXTERNAL,13551,WKSTN-U1001
NET012250,2026-06-26 14:23:00,U1029,michelle.garcia54,sharepoint.corp.local,INTERNAL,318205,WKSTN-U1029
NET008665,2026-06-26 14:20:00,U1021,jessica.walker,vpn.corp.local,INTERNAL,494445,WKSTN-U1021
NET028684,2026-06-26 14:28:00,U1070,betty.thomas40,sharepoint.corp.local,INTERNAL,407490,WKSTN-U1070
NET004283,2026-06-26 14:36:00,U1011,donna.ramirez75,mail.corp.local,INTERNAL,354548,WKSTN-U1011
NET021062,2026-06-26 14:29:00,U1051,sandra.king72,mail.corp.local,INTERNAL,444598,WKSTN-U1051
NET016267,2026-06-26 14:35:00,U1039,mark.thomas,vpn.corp.local,INTERNAL,N/A,WKSTN-U1039
NET031870,2026-06-26 14:33:00,U1078,michelle.miller,,INTERNAL,283580,WKSTN-U1078
NET038095,2026-06-26 14:24:00,U1092,steven.thomas,jira.corp.local,INTERNAL,151926,WKSTN-U1092
NET029871,2026-06-26 14:31:00,U1073,michael.gonzalez,sharepoint.corp.local,INTERNAL,345939,WKSTN-U1073
NET022671,2026-06-26 14:42:00,U1055,patricia.wilson54,mail.corp.local,INTERNAL,218916,WKSTN-U1055
NET016680,2026-06-26 14:51:00,U1040,matthew.martin,confluence.corp.local,INTERNAL,,WKSTN-U1040
NET036739,2026-06-26 15:15:00,U1089,paul.brown27,jira.corp.local,INTERNAL,46879,WKSTN-U1089
NET015893,2026-06-26 15:02:00,U1038,emily.clark,mail.corp.local,INTERNAL,107464,WKSTN-U1038
NET019492,2026-06-26 14:57:00,U1047,sandra.lewis,hr-portal.corp.local,INTERNAL,160699,WKSTN-U1047
NET016682,2026-06-26 14:52:00,U1040,matthew.martin,sharepoint.corp.local,INTERNAL,451860,WKSTN-U1040
NET015063,2026-06-26 15:18:00,U1036,linda.jones,jira.corp.local,INTERNAL,91852,
NET005517,2026-06-26 14:59:00,U1014,JAMES.TAYLOR,confluence.corp.local,INTERNAL,92425,WKSTN-U1014
NET031068,2026-06-26 15:18:00,U1076,john.torres,confluence.corp.local,INTERNAL,435168,WKSTN-U1076
NET020257,2026-06-26 15:18:00,U1049,michelle.jones59,,INTERNAL,80763,WKSTN-U1049
NET026250,2026-06-26 15:02:00,U1064,matthew.wright55,confluence.corp.local,INTERNAL,355870,WKSTN-U1064
NET038092,2026-06-26 15:12:00,U1092,steven.thomas,jira.corp.local,INTERNAL,11609,  WKSTN-U1092 
NET002381,2026-06-26 14:56:00,U1006,george.gonzalez,news.com,EXTERNAL,12796,WKSTN-U1006
NET029495,2026-06-26 14:58:00,U1072,kenneth.lopez,mail.corp.local,INTERNAL,300235,WKSTN-U1072
NET000353,2026-06-26 15:10:00,U1001,linda.johnson95,vpn.corp.local,INTERNAL,296441,WKSTN-U1001
NET022277,2026-06-26 14:59:00,U1054,anthony.martinez,jira.corp.local,INTERNAL,352495,WKSTN-U1054
NET034502,2026-06-26 14:59:00,U1084,joshua.taylor,vpn.corp.local,INTERNAL,292780,WKSTN-U1084
NET005935,2026-06-26 14:57:00,U1015,lisa.hernandez,hr-portal.corp.local,INTERNAL,472228,WKSTN-U1015
NET004282,2026-06-26 14:58:00,U1011,donna.ramirez75,jira.corp.local,INTERNAL,268857,WKSTN-U1011
NET018663,2026-06-26 14:53:00,U1045,daniel.sanchez90,sharepoint.corp.local,INTERNAL,80149,WKSTN-U1045
NET021453,2026-06-26 14:56:00,U1052,paul.taylor,sharepoint.corp.local,INTERNAL,174216,WKSTN-U1052
NET026671,2026-06-26 15:17:00,U1065,michael.ramirez47,mail.corp.local,INTERNAL,392941,WKSTN-U1065	
NET029086,2026-06-26 15:04:00,U1071,matthew.robinson35,hr-portal.corp.local,INTERNAL,452057,WKSTN-U1071
NET035375,2026-06-26 14:48:00,U1086,steven.thompson53,jira.corp.local,INTERNAL,,WKSTN-U1086
NET011376,2026-06-26 14:51:00,U1027,patricia.brown75,jira.corp.local,INTERNAL,30621,WKSTN-U1027
NET026252,2026-06-26 15:00:00,U1064,matthew.wright55,hr-portal.corp.local,INTERNAL,286751,WKSTN-U1064
NET040948,2026-06-26 15:20:00,U1099,joseph.garcia,mail.corp.local,INTERNAL,51383,WKSTN-U1099
NET017874,2026-06-26 15:29:00,U1043,thomas.williams91,linkedin.com,EXTERNAL,9504,WKSTN-U1043
NET000356,2026-06-26 15:42:00,U1001,linda.johnson95,jira.corp.local,INTERNAL,308775,WKSTN-U1001
NET034033,2026-06-26 15:26:00,U1083,sarah.allen70,sharepoint.corp.local,INTERNAL,370031,WKSTN-U1083
NET029868,2026-06-26 15:34:00,U1073,michael.gonzalez,jira.corp.local,INTERNAL,87641,WKSTN-U1073
NET034035,2026-06-26 15:56:00,U1083,sarah.allen70,sharepoint.corp.local,INTERNAL,384686,WKSTN-U1083
NET021456,2026-06-26 15:33:00,U1052,paul.taylor,hr-portal.corp.local,INTERNAL,296390,WKSTN-U1052
NET010900,2026-06-26 15:47:00,U1026,elizabeth.gonzalez,confluence.corp.local,INTERNAL,374013,WKSTN-U1026
NET040945,2026-06-26 15:52:00,U1099,joseph.garcia	,jira.corp.local,,200135,WKSTN-U1099
NET039361,2026-06-26 15:29:00,U1095,richard.thomas74,mail.corp.local,INTERNAL,62568,WKSTN-U1095
NET038096,2026-06-26 15:33:00,U1092,steven.thomas,hr-portal.corp.local,INTERNAL,10376,WKSTN-U1092
NET023065,2026-06-26 15:24:00,U1056,anthony.clark,  confluence.corp.local ,INTERNAL,384744,WKSTN-U1056
NET026251,2026-06-26 15:56:00,U1064,matthew.wright55,confluence.corp.local,INTERNAL,5879,WKSTN-U1064
NET010901,2026-06-26 15:24:00,U1026,elizabeth.gonzalez,sharepoint.corp.local,INTERNAL,90407,WKSTN-U1026
NET037198,2026-06-26 15:22:00,U1090,mary.hill,hr-portal.corp.local,INTERNAL,40281,WKSTN-U1090
NET037640,2026-06-26 15:49:00,U1091,linda.robinson,sharepoint.corp.local,INTERNAL,276027,  WKSTN-U1091 
NET020669,2026-06-26 15:27:00,U1050,michael.ramirez,jira.corp.local,INTERNAL,39701,WKSTN-U1050
NET037199,2026-06-26 15:34:00,U1090,mary.hill,jira.corp.local,INTERNAL,289016,WKSTN-U1090	
NET031456,2026-06-26 15:32:00,U1077,kimberly.harris58,sharepoint.corp.local,INTERNAL,492931,WKSTN-U1077
NET001980,2026-06-26 15:57:00,U1005,robert.robinson,jira.corp.local,INTERNAL,124894,WKSTN-U1005
NET040947,2026-06-26 15:46:00,U1099,joseph.garcia	,confluence.corp.local,INTERNAL,122430,WKSTN-U1099
NET000355,2026-06-26 15:25:00,U1001,linda.johnson95,confluence.corp.local,INTERNAL,9209,WKSTN-U1001
NET002379,2026-06-26 15:52:00,U1006,george.gonzalez,sharepoint.corp.local,INTERNAL,217921,WKSTN-U1006
NET005936,2026-06-26 15:35:00,U1015,lisa.hernandez,jira.corp.local,INTERNAL,53507,WKSTN-U1015
NET022673,2026-06-26 15:59:00,U1055,patricia.wilson54,mail.corp.local,INTERNAL,263983,  WKSTN-U1055 
NET004696,2026-06-26 16:19:00,U1012,linda.martinez,mail.corp.local,INTERNAL,251859,WKSTN-U1012
NET031455,2026-06-26 16:58:00,U1077,kimberly.harris58,confluence.corp.local,INTERNAL,341571,WKSTN-U1077
NET020668,2026-06-26 16:06:00,U1050,michael.ramirez,jira.corp.local,INTERNAL,34952,WKSTN-U1050
NET007772,2026-06-26 16:48:00,U1019,donna.anderson,sharepoint.corp.local,INTERNAL,307792,WKSTN-U1019
NET001194,2026-06-26 17:02:00,U1003,kenneth.clark29,hr-portal.corp.local,INTERNAL,422529,WKSTN-U1003
NET026248,2026-06-26 16:18:00,U1064,matthew.wright55,sharepoint.corp.local,INTERNAL,40781,WKSTN-U1064
NET033158,2026-06-26 16:16:00,U1081,margaret.davis,sharepoint.corp.local,INTERNAL,149549,WKSTN-U1081
NET013502,2026-06-26 16:13:00,U1032,paul.wright91,vpn.corp.local,INTERNAL,474428,WKSTN-U1032
NET006853,2026-06-26 16:49:00,U1017,,vpn.corp.local,INTERNAL,374745,WKSTN-U1017
NET028277,2026-06-26 16:58:00,U1069,jessica.clark,mail.corp.local,INTERNAL,,WKSTN-U1069
NET026249,2026-06-26 17:03:00,U1064,matthew.wright55,sharepoint.corp.local,INTERNAL,246526,WKSTN-U1064
NET002765,2026-06-26 16:20:00,U1007,sarah.robinson82,jira.corp.local,INTERNAL,144959,WKSTN-U1007
NET019493,2026-06-26 16:15:00,U1047,sandra.lewis,hr-portal.corp.local,INTERNAL,487612,WKSTN-U1047
NET021061,2026-06-26 16:43:00,U1051,sandra.king72,vpn.corp.local,INTERNAL,485973,WKSTN-U1051
NET033157,2026-06-26 16:53:00,U1081,margaret.davis,hr-portal.corp.local,INTERNAL,N/A,WKSTN-U1081
NET013504,2026-06-26 16:18:00,U1032,paul.wright91,jira.corp.local,INTERNAL,422244,WKSTN-U1032
NET023846,2026-06-26 16:23:00,U1058,jennifer.ramirez18,jira.corp.local,INTERNAL,150752,WKSTN-U1058
NET021060,2026-06-26 16:13:00,U1051,sandra.king72,confluence.corp.local,INTERNAL,378265,WKSTN-U1051
NET041328,2026-06-26 16:18:00,U1100,daniel.brown38,jira.corp.local,INTERNAL,422670,WKSTN-U1100
NET004698,2026-06-26 16:05:00,U1012,linda.martinez,confluence.corp.local,INTERNAL,69694,WKSTN-U1012
NET013899,2026-06-26 16:24:00,U1033,linda.miller,mail.corp.local,INTERNAL,383972,WKSTN-U1033
NET039360,2026-06-26 16:21:00,U1095,richard.thomas74,jira.corp.local,INTERNAL,379298,WKSTN-U1095
NET006856,2026-06-26 16:03:00,U1017,emily.hernandez34,mail.corp.local,INTERNAL,413725,WKSTN-U1017
NET011380,2026-06-26 16:33:00,U1027,patricia.brown75,sharepoint.corp.local,INTERNAL,25038,WKSTN-U1027
NET019086,2026-06-26 16:15:00,U1046,MICHELLE.TORRES39,jira.corp.local,INTERNAL,339824,WKSTN-U1046
NET015080,2026-06-27 07:59:00,U1036,linda.jones,hr-portal.corp.local,INTERNAL,489657,  WKSTN-U1036 
NET026695,2026-06-27 12:05:00,U1065,michael.ramirez47,mail.corp.local,INTERNAL,322645,WKSTN-U1065
NET021858,2026-06-28 10:43:00,U1053,john.jackson31,mail.corp.local,INTERNAL,-216905.0,WKSTN-U1053
NET010012,2026-06-26 17:26:00,U1024,emily.miller,vpn.corp.local,INTERNAL,286525,WKSTN-U1024
NET027074,2026-06-26 17:36:00,U1066,michelle.wright62,jira.corp.local,INTERNAL,41365,WKSTN-U1066
NET016269,2026-06-26 17:36:00,U1039,mark.thomas,jira.corp.local,INTERNAL,19765,  WKSTN-U1039 
NET005139,2026-06-27 12:59:00,U1013,emily.smith,hr-portal.corp.local,INTERNAL,343254,WKSTN-U1013
NET023845,2026-06-26 17:35:00,U1058,jennifer.ramirez18,sharepoint.corp.local,INTERNAL,391689,WKSTN-U1058
NET041405,2026-06-28 01:09:00,U1022,sandra.brown,gmail.com,EXTERNAL,196279512,WKSTN-U1022
NET026694,2026-06-27 15:50:00,U1065,michael.ramirez47,sharepoint.corp.local,INTERNAL,30152,WKSTN-U1065
NET026696,2026-06-27 15:10:00,U1065,michael.ramirez47,sharepoint.corp.local,INTERNAL,453394,WKSTN-U1065
NET005138,2026-06-27 10:26:00,U1013,emily.smith,vpn.corp.local,INTERNAL,210377,WKSTN-U1013
NET005116,2026-06-26 17:52:00,U1013,emily.smith,confluence.corp.local,INTERNAL,102188,WKSTN-U1013
NET005137,2026-06-27 09:35:00,U1013,emily.smith,mail.corp.local,INTERNAL,,WKSTN-U1013
NET041655,2026-06-27 01:29:00,U1088,andrew.smith85,personal-cloud-storage.net,EXTERNAL,282144818,WKSTN-U1088
NET041350,2026-06-28 08:06:00,U1100,daniel.brown38,jira.corp.local,INTERNAL,227637,WKSTN-U1100
NET015078,2026-06-27 11:52:00,U1036,linda.jones,mail.corp.local,INTERNAL,79184,WKSTN-U1036
NET033159,2026-06-26 17:20:00,U1081,margaret.davis,jira.corp.local,INTERNAL,181123,WKSTN-U1081
NET003131,2026-06-26 17:54:00,U1008,joshua.hernandez,jira.corp.local,INTERNAL,190111,WKSTN-U1008
NET041348,2026-06-28 08:41:00,U1100,DANIEL.BROWN38,hr-portal.corp.local,INTERNAL,24558,WKSTN-U1100
NET041349,2026-06-28 10:37:00,U1100,daniel.brown38,sharepoint.corp.local,INTERNAL,341328,WKSTN-U1100
NET010899,2026-06-26 17:18:00,U1026,elizabeth.gonzalez,vpn.corp.local,INTERNAL,437357,WKSTN-U1026
NET026693,2026-06-27 11:15:00,U1065,michael.ramirez47,hr-portal.corp.local,INTERNAL,67331,WKSTN-U1065
NET015079,2026-06-27 08:07:00,U1036,linda.jones,jira.corp.local,internal,368415,WKSTN-U1036
NET005140,2026-06-27 17:08:00,U1013,emily.smith,linkedin.com	,EXTERNAL,1651,WKSTN-U1013
NET011834,2026-06-29 07:38:00,U1028,john.hill,news.com,EXTERNAL,7224,WKSTN-U1028
NET033596,2026-06-28 12:26:00,U1082,karen.hill96,jira.corp.local,INTERNAL,494442,WKSTN-U1082
NET007337,2026-06-28 16:45:00,U1018,betty.white57,vpn.corp.local,INTERNAL,340358,WKSTN-U1018
NET021859,2026-06-28 14:31:00,U1053,john.jackson31,vpn.corp.local,INTERNAL,53188,WKSTN-U1053
NET007335,2026-06-28 14:04:00,U1018,betty.white57,vpn.corp.local,INTERNAL,25576,WKSTN-U1018
NET007338,2026-06-28 11:21:00,U1018,betty.white57,linkedin.com,EXTERNAL,10101,WKSTN-U1018
NET007336,2026-06-28 15:20:00,U1018,betty.white57,jira.corp.local,INTERNAL,142668,WKSTN-U1018
NET029888,2026-06-28 10:51:00,U1073,michael.gonzalez,vpn.corp.local,INTERNAL,106653,WKSTN-U1073
NET021857,2026-06-28 14:34:00,U1053,john.jackson31,mail.corp.local,INTERNAL,289396,WKSTN-U1053
NET006873,2026-06-28 14:37:00,U1017,emily.hernandez34,confluence.corp.local,INTERNAL,307663,WKSTN-U1017
NET026269,2026-06-29 07:43:00,U1064,  matthew.wright55 ,hr-portal.corp.local,INTERNAL,477417,WKSTN-U1064
NET033595,2026-06-28 12:19:00,U1082,karen.hill96,sharepoint.corp.local,INTERNAL,356827,WKSTN-U1082
NET041434,2026-06-29 00:59:00,U1022,sandra.brown,wetransfer.com,EXTERNAL,275853861,WKSTN-U1022
NET029887,2026-06-28 14:54:00,U1073,michael.gonzalez,confluence.corp.local,INTERNAL,410730,WKSTN-U1073
NET029889,2026-06-28 10:48:00,U1073,michael.gonzalez,confluence.corp.local,INTERNAL,370964,WKSTN-U1073
NET033592,2026-06-28 14:11:00,U1082,karen.hill96,mail.corp.local,INTERNAL,,WKSTN-U1082
NET021860,2026-06-28 17:18:00,U1053,john.jackson31,mail.corp.local,INTERNAL,361267,WKSTN-U1053
NET041347,2026-06-28 15:23:00,U1100,daniel.brown38,jira.corp.local,INTERNAL,245878,WKSTN-U1100
NET033594,2026-06-28 14:11:00,U1082,karen.hill96,confluence.corp.local,INTERNAL,442614,WKSTN-U1082
NET029886,2026-06-28 16:17:00,U1073,michael.gonzalez,vpn.corp.local,INTERNAL,114516,WKSTN-U1073
NET033593,2026-06-28 11:00:00,U1082,karen.hill96,hr-portal.corp.local,INTERNAL,270083,WKSTN-U1082
NET006875,2026-06-28 14:42:00,U1017,emily.hernandez34,mail.corp.local,INTERNAL,41787,WKSTN-U1017
NET006874,2026-06-28 14:05:00,U1017,EMILY.HERNANDEZ34,hr-portal.corp.local,INTERNAL,190620,WKSTN-U1017
NET006876,2026-06-28 13:32:00,U1017,emily.hernandez34,weather.com,EXTERNAL,16945,WKSTN-U1017
NET021856,2026-06-28 11:57:00,U1053,john.jackson31,vpn.corp.local,INTERNAL,23953,WKSTN-U1053
NET026268,2026-06-29 08:37:00,U1064,matthew.wright55,vpn.corp.local,INTERNAL,490166,WKSTN-U1064
NET001604,2026-06-29 08:44:00,U1004,elizabeth.wilson98,confluence.corp.local,INTERNAL,387331,WKSTN-U1004
NET025090,2026-06-29 08:55:00,U1061,jessica.rodriguez,confluence.corp.local,INTERNAL,34357,WKSTN-U1061
NET002000,2026-06-29 07:47:00,U1005,robert.robinson,confluence.corp.local,INTERNAL,331800,WKSTN-U1005
NET018285,2026-06-29 08:25:00,U1044,lisa.ramirez9,jira.corp.local,INTERNAL,102274,WKSTN-U1044
NET017088,2026-06-29 08:42:00,U1041,matthew.allen52,mail.corp.local,INTERNAL,402967,WKSTN-U1041
NET010923,2026-06-29 07:52:00,U1026,elizabeth.gonzalez,sharepoint.corp.local,INTERNAL,169229,
NET024276,2026-06-29 08:55:00,U1059,,,INTERNAL,446669,WKSTN-U1059
NET028299,2026-06-29 08:01:00,U1069,jessica.clark,hr-portal.corp.local,INTERNAL,,WKSTN-U1069
NET029514,2026-06-29 08:38:00,U1072,kenneth.lopez,weather.com,EXTERNAL,16613,WKSTN-U1072	
NET010477,2026-06-29 08:07:00,U1025,betty.brown22,hr-portal.corp.local	,INTERNAL,80356,WKSTN-U1025
NET034052,2026-06-29 08:15:00,U1083,sarah.allen70,sharepoint.corp.local,INTERNAL,158489,WKSTN-U1083
NET031476,2026-06-29 08:20:00,U1077,kimberly.harris58,sharepoint.corp.local,INTERNAL,410118,WKSTN-U1077
NET027092,2026-06-29 08:44:00,U1066,michelle.wright62,confluence.corp.local,INTERNAL,217302,  WKSTN-U1066 
NET026714,2026-06-29 08:27:00,U1065,michael.ramirez47,hr-portal.corp.local,INTERNAL,224150,WKSTN-U1065
NET020686,2026-06-29 08:36:00,U1050,michael.ramirez,confluence.corp.local,INTERNAL,243706,WKSTN-U1050
NET038985,2026-06-29 08:55:00,U1094,,hr-portal.corp.local,INTERNAL,336048,WKSTN-U1094
NET018287,2026-06-29 09:09:00,U1044,lisa.ramirez9,linkedin.com,EXTERNAL,9406,WKSTN-U1044
NET015504,2026-06-29 07:48:00,U1037,robert.martin,jira.corp.local,INTERNAL,487657,WKSTN-U1037
NET013116,2026-06-29 08:21:00,U1031,john.wright28,sharepoint.corp.local,INTERNAL,157458,WKSTN-U1031
NET008234,2026-06-29 08:41:00,U1020,andrew.thomas36,vpn.corp.local,INTERNAL,122046,WKSTN-U1020
NET019103,2026-06-29 08:09:00,U1046,michelle.torres39,,INTERNAL,208141,WKSTN-U1046
NET034518,2026-06-29 08:31:00,U1084,joshua.taylor,vpn.corp.local,INTERNAL,460098,WKSTN-U1084
NET032304,2026-06-29 08:57:00,U1079,emily.jones	,confluence.corp.local,INTERNAL,1302,WKSTN-U1079
NET039381,2026-06-29 08:16:00,U1095,richard.thomas74,confluence.corp.local,INTERNAL,150177,WKSTN-U1095
NET023862,2026-06-29 09:30:00,U1058,jennifer.ramirez18,sharepoint.corp.local,INTERNAL,111942,WKSTN-U1058
NET026713,2026-06-29 09:33:00,U1065,,hr-portal.corp.local,INTERNAL,119678,WKSTN-U1065
NET021080,2026-06-29 09:37:00,U1051,sandra.king72,jira.corp.local,INTERNAL,269454,WKSTN-U1051
NET030312,2026-06-29 09:34:00,U1074,sarah.williams7,confluence.corp.local,INTERNAL,276865,WKSTN-U1074
NET005152,2026-06-29 09:12:00,U1013,emily.smith,mail.corp.local,INTERNAL,59174,WKSTN-U1013
NET026710,2026-06-29 09:10:00,U1065,michael.ramirez47,vpn.corp.local,INTERNAL,,WKSTN-U1065
NET021079,2026-06-29 09:40:00,U1051,sandra.king72,sharepoint.corp.local,INTERNAL,377747,WKSTN-U1051
NET008239,2026-06-29 09:19:00,U1020,andrew.thomas36,linkedin.com,EXTERNAL,15951,WKSTN-U1020
NET038558,2026-06-29 09:23:00,U1093,sarah.clark44,  hr-portal.corp.local ,INTERNAL,462471,WKSTN-U1093
NET001601,2026-06-29 09:44:00,U1004,elizabeth.wilson98,confluence.corp.local,INTERNAL,322352,WKSTN-U1004
NET024279,2026-06-29 09:17:00,U1059,daniel.perez98,sharepoint.corp.local,INTERNAL,322446,WKSTN-U1059
NET031478,2026-06-29 09:15:00,U1077,kimberly.harris58,mail.corp.local,INTERNAL,43632,WKSTN-U1077
NET011831,2026-06-29 09:29:00,U1028,john.hill,confluence.corp.local,INTERNAL,498027,WKSTN-U1028
NET037218,2026-06-29 09:42:00,U1090,  mary.hill ,vpn.corp.local,INTERNAL,,WKSTN-U1090
NET023085,2026-06-29 09:26:00,U1056,,mail.corp.local,INTERNAL,3384,WKSTN-U1056
NET001999,2026-06-29 09:36:00,U1005,,jira.corp.local,INTERNAL,251465,WKSTN-U1005
NET038114,2026-06-29 09:19:00,U1092,steven.thomas,mail.corp.local,INTERNAL,476659,WKSTN-U1092
NET026266,2026-06-29 09:28:00,U1064,matthew.wright55,confluence.corp.local,INTERNAL,286221,WKSTN-U1064
NET031475,2026-06-29 09:39:00,U1077,kimberly.harris58,vpn.corp.local,INTERNAL,394549,WKSTN-U1077
NET013115,2026-06-29 09:30:00,U1031,john.wright28,  jira.corp.local ,INTERNAL,249489,WKSTN-U1031
NET019104,2026-06-29 09:20:00,U1046,michelle.torres39,hr-portal.corp.local,INTERNAL,347175,WKSTN-U1046
NET018688,2026-06-29 09:39:00,U1045,,mail.corp.local,INTERNAL,415613,WKSTN-U1045
NET039377,2026-06-29 09:39:00,U1095,richard.thomas74,mail.corp.local,INTERNAL,213184,WKSTN-U1095
NET034053,2026-06-29 09:20:00,U1083,SARAH.ALLEN70,mail.corp.local,INTERNAL,406454,WKSTN-U1083
NET029907,2026-06-29 09:36:00,U1073,michael.gonzalez,jira.corp.local,INTERNAL,425478,WKSTN-U1073
NET024278,2026-06-29 10:10:00,U1059,daniel.perez98,confluence.corp.local,INTERNAL,28109,WKSTN-U1059
NET001211,2026-06-29 10:01:00,U1003,kenneth.clark29,confluence.corp.local,INTERNAL,280312,WKSTN-U1003
NET017089,2026-06-29 10:13:00,U1041,matthew.allen52,jira.corp.local,INTERNAL,340801,WKSTN-U1041
NET007790,2026-06-29 09:50:00,U1019,donna.anderson,sharepoint.corp.local,INTERNAL,67096,WKSTN-U1019
NET036752,2026-06-29 10:15:00,U1089,,jira.corp.local,internal,226090,WKSTN-U1089
NET001603,2026-06-29 10:00:00,U1004,elizabeth.wilson98,mail.corp.local,INTERNAL,469017,WKSTN-U1004
NET038986,2026-06-29 10:14:00,U1094,elizabeth.lewis69,mail.corp.local,INTERNAL,140070,WKSTN-U1094
NET035835,2026-06-29 09:50:00,U1087,charles.sanchez,sharepoint.corp.local,INTERNAL,159627,WKSTN-U1087
NET031884,2026-06-29 10:05:00,U1078,michelle.miller,  mail.corp.local ,INTERNAL,487001,WKSTN-U1078
NET008238,2026-06-29 10:12:00,U1020,andrew.thomas36,vpn.corp.local,INTERNAL,109998,WKSTN-U1020
NET025489,2026-06-29 10:04:00,U1062,william.martin,jira.corp.local,INTERNAL,N/A,WKSTN-U1062
NET016283,2026-06-29 10:12:00,U1039,mark.thomas,mail.corp.local,INTERNAL,331636,WKSTN-U1039
NET029511,2026-06-29 09:58:00,U1072,kenneth.lopez,hr-portal.corp.local,INTERNAL,432399,WKSTN-U1072
NET029104,2026-06-29 10:12:00,U1071,matthew.robinson35,confluence.corp.local,INTERNAL,487652,WKSTN-U1071	
NET007356,2026-06-29 10:10:00,U1018,betty.white57,vpn.corp.local,INTERNAL,283436,WKSTN-U1018
NET028704,2026-06-29 10:12:00,U1070,betty.thomas40,vpn.corp.local,INTERNAL,10222,WKSTN-U1070
NET034054,2026-06-29 09:54:00,U1083,sarah.allen70,vpn.corp.local,INTERNAL,42984,WKSTN-U1083
NET015502,2026-06-29 10:10:00,U1037,robert.martin,hr-portal.corp.local,INTERNAL,142697,WKSTN-U1037	
NET040202,2026-06-29 10:04:00,U1097,mark.martinez10,hr-portal.corp.local,INTERNAL,40676,WKSTN-U1097	
NET032738,2026-06-29 10:11:00,U1080,joseph.jackson91,mail.corp.local,INTERNAL,339165,WKSTN-U1080
NET025487,2026-06-29 10:10:00,U1062,william.martin,jira.corp.local,INTERNAL,397398,WKSTN-U1062
NET013117,2026-06-29 10:10:00,U1031,john.wright28,jira.corp.local,INTERNAL,386900,  WKSTN-U1031 
NET013525,2026-06-29 10:12:00,U1032,paul.wright91,,,210565,WKSTN-U1032
NET037662,2026-06-29 09:50:00,U1091,linda.robinson,hr-portal.corp.local,INTERNAL,303110,WKSTN-U1091
NET029108,2026-06-29 10:08:00,U1071,matthew.robinson35,news.com,EXTERNAL,12317,WKSTN-U1071
NET030694,2026-06-29 10:34:00,U1075,steven.lewis,mail.corp.local,INTERNAL,320524,WKSTN-U1075
NET016698,2026-06-29 10:29:00,U1040,matthew.martin,jira.corp.local,INTERNAL,58248,WKSTN-U1040
NET028300,2026-06-29 10:30:00,U1069,jessica.clark,news.com,EXTERNAL,18124,WKSTN-U1069
NET021879,2026-06-29 10:27:00,U1053,john.jackson31,hr-portal.corp.local,INTERNAL,256106,WKSTN-U1053
NET023865,2026-06-29 10:30:00,U1058,jennifer.ramirez18,news.com,EXTERNAL,7603,
NET037221,2026-06-29 10:38:00,U1090,mary.hill,news.com,EXTERNAL,9940,WKSTN-U1090
NET026270,2026-06-29 10:18:00,U1064,matthew.wright55,  vpn.corp.local ,INTERNAL,277042,WKSTN-U1064
NET036316,2026-06-29 10:36:00,U1088,andrew.smith85,jira.corp.local,INTERNAL,61099,WKSTN-U1088
NET000375,2026-06-29 10:26:00,U1001,linda.johnson95,confluence.corp.local,INTERNAL,158879,WKSTN-U1001
NET035838,2026-06-29 10:34:00,U1087,charles.sanchez,vpn.corp.local,INTERNAL,459386,
NET011832,2026-06-29 10:30:00,U1028,john.hill,hr-portal.corp.local,INTERNAL,97774,WKSTN-U1028
NET015908,2026-06-29 10:31:00,U1038,emily.clark,sharepoint.corp.local,INTERNAL,383356,WKSTN-U1038
NET010921,2026-06-29 10:25:00,U1026,elizabeth.gonzalez,confluence.corp.local,INTERNAL,17343,WKSTN-U1026
NET018286,2026-06-29 10:32:00,U1044,lisa.ramirez9,mail.corp.local,INTERNAL,276928,WKSTN-U1044
NET027091,2026-06-29 10:22:00,U1066,michelle.wright62,mail.corp.local,INTERNAL,464959,WKSTN-U1066
NET027859,2026-06-29 10:39:00,U1068,susan.thompson34,vpn.corp.local,INTERNAL,399620,WKSTN-U1068
NET034519,2026-06-29 10:21:00,U1084,joshua.taylor,hr-portal.corp.local,INTERNAL,285962,WKSTN-U1084
NET012268,2026-06-29 10:17:00,U1029,michelle.garcia54,linkedin.com,,11916,
NET025882,2026-06-29 10:18:00,U1063,john.nguyen,hr-portal.corp.local,,,WKSTN-U1063
NET015505,2026-06-29 10:37:00,U1037,robert.martin,mail.corp.local,INTERNAL,359757,WKSTN-U1037
NET017890,2026-06-29 10:22:00,U1043,thomas.williams91,sharepoint.corp.local,INTERNAL,164106,WKSTN-U1043
NET003150,2026-06-29 10:26:00,U1008,joshua.hernandez,news.com,EXTERNAL,1021,WKSTN-U1008
NET018686,2026-06-29 10:30:00,U1045,daniel.sanchez90,sharepoint.corp.local,INTERNAL,142605,WKSTN-U1045
NET030311,2026-06-29 10:15:00,U1074,sarah.williams7,confluence.corp.local,INTERNAL,52514,WKSTN-U1074
NET031887,2026-06-29 10:35:00,U1078,michelle.miller,,INTERNAL,88217,WKSTN-U1078
NET003922,2026-06-29 11:05:00,U1010,susan.young51,hr-portal.corp.local,INTERNAL,198809,WKSTN-U1010
NET029906,2026-06-29 11:10:00,U1073,michael.gonzalez,sharepoint.corp.local,INTERNAL,378019,
NET014699,2026-06-29 10:41:00,U1035,nancy.rodriguez82,hr-portal.corp.local,INTERNAL,229149,WKSTN-U1035
NET007793,2026-06-29 11:15:00,U1019,donna.anderson,news.com,EXTERNAL,18159,WKSTN-U1019
NET014698,2026-06-29 11:16:00,U1035,nancy.rodriguez82,sharepoint.corp.local,INTERNAL,424135,WKSTN-U1035
NET009588,2026-06-29 11:11:00,U1023,richard.wright,sharepoint.corp.local,INTERNAL,342002,WKSTN-U1023
NET015093,2026-06-29 11:10:00,U1036,linda.jones,hr-portal.corp.local,INTERNAL,10382,WKSTN-U1036
NET017092,2026-06-29 10:58:00,U1041,matthew.allen52,jira.corp.local,INTERNAL,196690,WKSTN-U1041
NET031085,2026-06-29 11:08:00,U1076,john.torres,confluence.corp.local,INTERNAL,263320,WKSTN-U1076
NET040962,2026-06-29 10:57:00,U1099,joseph.garcia,confluence.corp.local,INTERNAL,120078,WKSTN-U1099
NET008235,2026-06-29 11:18:00,U1020,andrew.thomas36,jira.corp.local,INTERNAL,470347,WKSTN-U1020
NET031886,2026-06-29 11:14:00,U1078,michelle.miller,sharepoint.corp.local,INTERNAL,425588,WKSTN-U1078
NET025091,2026-06-29 10:44:00,U1061,jessica.rodriguez,sharepoint.corp.local,INTERNAL,405118,WKSTN-U1061
NET034055,2026-06-29 10:51:00,U1083,sarah.allen70,jira.corp.local,INTERNAL,121431,WKSTN-U1083
NET025093,2026-06-29 10:55:00,U1061,jessica.rodriguez,confluence.corp.local,INTERNAL,242676,WKSTN-U1061
NET024665,2026-06-29 10:52:00,U1060,matthew.anderson,sharepoint.corp.local,INTERNAL,450397,WKSTN-U1060
NET017496,2026-06-29 10:50:00,U1042,michael.hill56,vpn.corp.local,INTERNAL,127151,WKSTN-U1042
NET017892,2026-06-29 11:15:00,U1043,  thomas.williams91 ,sharepoint.corp.local,INTERNAL,42583,WKSTN-U1043
NET026267,2026-06-29 11:05:00,U1064,matthew.wright55,mail.corp.local,INTERNAL,157442,WKSTN-U1064
NET000798,2026-06-29 10:56:00,U1002,donna.ramirez,sharepoint.corp.local,INTERNAL,205211,  WKSTN-U1002 
NET031083,2026-06-29 10:58:00,U1076,,vpn.corp.local,INTERNAL,267845,WKSTN-U1076
NET015503,2026-06-29 11:12:00,U1037,robert.martin,mail.corp.local,INTERNAL,186265,  WKSTN-U1037 
NET013915,2026-06-29 10:48:00,U1033,linda.miller,mail.corp.local,INTERNAL,296703,
NET025883,2026-06-29 11:00:00,U1063,john.nguyen,hr-portal.corp.local,,,WKSTN-U1063
NET012712,2026-06-29 10:46:00,U1030,betty.rodriguez86,vpn.corp.local,INTERNAL,166668,WKSTN-U1030
NET011833,2026-06-29 11:49:00,U1028,john.hill,vpn.corp.local,INTERNAL,410861,WKSTN-U1028
NET023864,2026-06-29 11:39:00,U1058,jennifer.ramirez18,jira.corp.local,INTERNAL,23900,WKSTN-U1058
NET002784,2026-06-29 11:43:00,U1007,sarah.robinson82,jira.corp.local	,INTERNAL,14262,WKSTN-U1007
NET019510,2026-06-29 11:37:00,U1047,sandra.lewis,vpn.corp.local,INTERNAL,194696,WKSTN-U1047
NET037216,2026-06-29 11:43:00,U1090,MARY.HILL,hr-portal.corp.local,INTERNAL,284620,WKSTN-U1090
NET010922,2026-06-29 11:30:00,U1026,elizabeth.gonzalez,mail.corp.local,INTERNAL,463596,WKSTN-U1026
NET025094,2026-06-29 11:30:00,U1061,jessica.rodriguez,sharepoint.corp.local,INTERNAL,212705,WKSTN-U1061
NET032737,2026-06-29 11:36:00,U1080,joseph.jackson91,hr-portal.corp.local,INTERNAL,281961,WKSTN-U1080
NET023464,2026-06-29 11:40:00,U1057,nancy.sanchez,sharepoint.corp.local,INTERNAL,334484,WKSTN-U1057
NET004299,2026-06-29 11:46:00,U1011,donna.ramirez75,vpn.corp.local,,210783,WKSTN-U1011
NET001605,2026-06-29 11:31:00,U1004,elizabeth.wilson98,jira.corp.local,INTERNAL,292333,WKSTN-U1004
NET022298,2026-06-29 11:45:00,U1054,anthony.martinez,vpn.corp.local,,72462,WKSTN-U1054
NET000796,2026-06-29 11:43:00,U1002,donna.ramirez	,mail.corp.local,INTERNAL,237519,WKSTN-U1002
NET038115,2026-06-29 11:47:00,U1092,steven.thomas,jira.corp.local,INTERNAL,283306,WKSTN-U1092
NET003555,2026-06-29 11:31:00,U1009,daniel.brown,confluence.corp.local,INTERNAL,27735,WKSTN-U1009
NET021078,2026-06-29 11:25:00,U1051,sandra.king72,vpn.corp.local,INTERNAL,142574,WKSTN-U1051
NET033619,2026-06-29 11:44:00,U1082,karen.hill96,news.com,EXTERNAL,7498,WKSTN-U1082
NET036750,2026-06-29 11:41:00,U1089,paul.brown27,vpn.corp.local,INTERNAL,341101,WKSTN-U1089
NET005542,2026-06-29 11:25:00,U1014,james.taylor,mail.corp.local,INTERNAL,466490,WKSTN-U1014
NET004301,2026-06-29 11:26:00,U1011,donna.ramirez75,vpn.corp.local,INTERNAL,22541,WKSTN-U1011
NET016281,2026-06-29 11:19:00,U1039,mark.thomas,confluence.corp.local,INTERNAL,77969,WKSTN-U1039	
NET035837,2026-06-29 11:44:00,U1087,charles.sanchez,hr-portal.corp.local	,INTERNAL,175890,WKSTN-U1087
NET037666,2026-06-29 11:19:00,U1091,LINDA.ROBINSON,weather.com,EXTERNAL,9413,WKSTN-U1091
NET006902,2026-06-29 11:26:00,U1017,emily.hernandez34	,news.com,EXTERNAL,9100,WKSTN-U1017
NET033617,2026-06-29 11:18:00,U1082,karen.hill96,confluence.corp.local,internal,144462,WKSTN-U1082
NET035395,2026-06-29 11:52:00,U1086,steven.thompson53,mail.corp.local,INTERNAL,375672,WKSTN-U1086
NET037663,2026-06-29 11:54:00,U1091,linda.robinson,confluence.corp.local,INTERNAL,,WKSTN-U1091
NET009141,2026-06-29 12:22:00,U1022,sandra.brown,mail.corp.local,INTERNAL,346719,WKSTN-U1022
NET001210,2026-06-29 12:11:00,U1003,kenneth.clark29,vpn.corp.local,INTERNAL,341499,WKSTN-U1003
NET010034,2026-06-29 12:01:00,U1024,emily.miller,vpn.corp.local,INTERNAL,51322,WKSTN-U1024
NET013916,2026-06-29 12:07:00,U1033,linda.miller,jira.corp.local,internal,110371,
NET022299,2026-06-29 11:57:00,U1054,anthony.martinez,hr-portal.corp.local,INTERNAL,177733,WKSTN-U1054
NET023465,2026-06-29 12:18:00,U1057,nancy.sanchez,mail.corp.local,INTERNAL,282254,WKSTN-U1057
NET041368,2026-06-29 11:53:00,U1100,daniel.brown38,vpn.corp.local,INTERNAL,127291,WKSTN-U1100
NET029106,2026-06-29 11:51:00,U1071,matthew.robinson35,sharepoint.corp.local,INTERNAL,428211,WKSTN-U1071
NET003923,2026-06-29 11:50:00,U1010,susan.young51,  mail.corp.local ,INTERNAL,334884,WKSTN-U1010	
NET003148,2026-06-29 11:59:00,U1008,joshua.hernandez,confluence.corp.local,INTERNAL,423522,WKSTN-U1008
NET040201,2026-06-29 12:18:00,U1097,mark.martinez10,jira.corp.local,INTERNAL,291525,WKSTN-U1097
NET008688,2026-06-29 12:06:00,U1021,jessica.walker,sharepoint.corp.local,INTERNAL,451260,WKSTN-U1021
NET024277,2026-06-29 11:59:00,U1059,daniel.perez98,mail.corp.local,INTERNAL,142345,WKSTN-U1059
NET012266,2026-06-29 11:59:00,U1029,michelle.garcia54,mail.corp.local,INTERNAL,496326,WKSTN-U1029
NET019511,2026-06-29 11:57:00,U1047,sandra.lewis,jira.corp.local,INTERNAL,498662,WKSTN-U1047
NET024664,2026-06-29 12:12:00,U1060,matthew.anderson,mail.corp.local,INTERNAL,456686,WKSTN-U1060
NET028298,2026-06-29 11:50:00,U1069,jessica.clark,sharepoint.corp.local,INTERNAL,289772,WKSTN-U1069
NET003146,2026-06-29 12:15:00,U1008,joshua.hernandez,jira.corp.local,INTERNAL,139768,WKSTN-U1008
NET037665,2026-06-29 12:21:00,U1091,linda.robinson,mail.corp.local,INTERNAL,163299,WKSTN-U1091
NET006900,2026-06-29 12:03:00,U1017,emily.hernandez34,mail.corp.local,INTERNAL,157883,WKSTN-U1017
NET040589,2026-06-29 12:00:00,U1098,nancy.wright49,vpn.corp.local,,352112,WKSTN-U1098
NET029510,2026-06-29 12:12:00,U1072,kenneth.lopez,vpn.corp.local,INTERNAL,486087,WKSTN-U1072
NET036315,2026-06-29 12:18:00,U1088,andrew.smith85,mail.corp.local,INTERNAL,299155,WKSTN-U1088
NET015506,2026-06-29 12:27:00,U1037,robert.martin,hr-portal.corp.local,INTERNAL,377935,WKSTN-U1037
NET007355,2026-06-29 12:39:00,U1018,betty.white57,confluence.corp.local,INTERNAL,86765,WKSTN-U1018
NET020272,2026-06-29 12:43:00,U1049,michelle.jones59,sharepoint.corp.local,INTERNAL,347369,WKSTN-U1049
NET030698,2026-06-29 12:42:00,U1075,steven.lewis,vpn.corp.local	,INTERNAL,153634,WKSTN-U1075
NET002003,2026-06-29 12:39:00,U1005,robert.robinson,news.com,EXTERNAL,,WKSTN-U1005
NET027857,2026-06-29 12:26:00,U1068,susan.thompson34,confluence.corp.local,INTERNAL,243483,WKSTN-U1068
NET004717,2026-06-29 12:40:00,U1012,linda.martinez,hr-portal.corp.local,INTERNAL,198119,WKSTN-U1012
NET020687,2026-06-29 12:40:00,U1050,michael.ramirez,mail.corp.local,INTERNAL,32821,WKSTN-U1050
NET039797,2026-06-29 12:40:00,U1096,david.allen76,confluence.corp.local,INTERNAL,338707,
NET032306,2026-06-29 12:33:00,U1079,emily.jones,sharepoint.corp.local,INTERNAL,287474,WKSTN-U1079
NET011401,2026-06-29 12:26:00,U1027,patricia.brown75,hr-portal.corp.local,internal,240363,WKSTN-U1027
NET014700,2026-06-29 12:34:00,U1035,nancy.rodriguez82,mail.corp.local,INTERNAL,443590,WKSTN-U1035
NET005956,2026-06-29 12:31:00,U1015,lisa.hernandez,hr-portal.corp.local,INTERNAL,481770,WKSTN-U1015
NET039798,2026-06-29 12:39:00,U1096,david.allen76,confluence.corp.local,INTERNAL,454366,WKSTN-U1096
NET019886,2026-06-29 12:34:00,U1048,jennifer.thomas87,mail.corp.local,INTERNAL,122957,WKSTN-U1048
NET005544,2026-06-29 12:44:00,U1014,james.taylor,hr-portal.corp.local,INTERNAL,,  WKSTN-U1014 
NET004718,2026-06-29 12:48:00,U1012,linda.martinez,jira.corp.local,INTERNAL,310819,WKSTN-U1012
NET025488,2026-06-29 12:45:00,U1062,william.martin,jira.corp.local,INTERNAL,231200,WKSTN-U1062
NET003149,2026-06-29 12:44:00,U1008,joshua.hernandez,confluence.corp.local,,396717,WKSTN-U1008
NET013914,2026-06-29 12:35:00,U1033,linda.miller,sharepoint.corp.local,INTERNAL,478068,WKSTN-U1033
NET012710,2026-06-29 12:32:00,U1030,betty.rodriguez86,sharepoint.corp.local,INTERNAL,,WKSTN-U1030
NET035394,2026-06-29 12:27:00,U1086,steven.thompson53,confluence.corp.local,INTERNAL,145393,WKSTN-U1086
NET033616,2026-06-29 12:39:00,U1082,karen.hill96,sharepoint.corp.local,INTERNAL,177887,WKSTN-U1082
NET028703,2026-06-29 12:42:00,U1070,betty.thomas40,mail.corp.local,INTERNAL,75051,WKSTN-U1070
NET006396,2026-06-29 12:48:00,U1016,patricia.thomas,mail.corp.local,INTERNAL,240012,WKSTN-U1016
NET027093,2026-06-29 12:58:00,U1066,michelle.wright62,jira.corp.local,INTERNAL,258258,WKSTN-U1066
NET030695,2026-06-29 12:58:00,U1075,steven.lewis,confluence.corp.local	,INTERNAL,269766,WKSTN-U1075
NET009142,2026-06-29 13:21:00,U1022,sandra.brown,vpn.corp.local,INTERNAL,297901,WKSTN-U1022
NET002400,2026-06-29 13:10:00,U1006,george.gonzalez,mail.corp.local,INTERNAL,154864,WKSTN-U1006
NET012709,2026-06-29 13:31:00,U1030,betty.rodriguez86,confluence.corp.local,INTERNAL,45320,WKSTN-U1030
NET010032,2026-06-29 13:16:00,U1024,  emily.miller ,mail.corp.local,INTERNAL,395316,WKSTN-U1024
NET002001,2026-06-29 13:31:00,U1005,robert.robinson,hr-portal.corp.local,INTERNAL,15814,WKSTN-U1005
NET041366,2026-06-29 13:31:00,U1100,daniel.brown38,vpn.corp.local,INTERNAL,7192,WKSTN-U1100
NET025092,2026-06-29 13:08:00,U1061,jessica.rodriguez,vpn.corp.local,INTERNAL,427587,WKSTN-U1061
NET012711,2026-06-29 13:12:00,U1030,betty.rodriguez86,hr-portal.corp.local,internal,118385,WKSTN-U1030
NET037217,2026-06-29 13:31:00,U1090,mary.hill,hr-portal.corp.local,INTERNAL,82732,WKSTN-U1090
NET017494,2026-06-29 13:10:00,U1042,michael.hill56,sharepoint.corp.local,INTERNAL,231070,WKSTN-U1042
NET038987,2026-06-29 13:31:00,U1094,elizabeth.lewis69,mail.corp.local,INTERNAL,16037,WKSTN-U1094
NET012267,2026-06-29 13:31:00,U1029,michelle.garcia54,mail.corp.local,INTERNAL,88731,WKSTN-U1029
NET003556,2026-06-29 13:28:00,U1009,  daniel.brown ,hr-portal.corp.local,INTERNAL,257670,WKSTN-U1009
NET036751,2026-06-29 13:05:00,U1089,paul.brown27,mail.corp.local,INTERNAL,431484,WKSTN-U1089
NET017090,2026-06-29 12:58:00,U1041,matthew.allen52,hr-portal.corp.local,INTERNAL,296233,WKSTN-U1041
NET012263,2026-06-29 12:52:00,U1029,michelle.garcia54,hr-portal.corp.local,INTERNAL,90157,WKSTN-U1029
NET033614,2026-06-29 13:17:00,U1082,karen.hill96,mail.corp.local,,133059,WKSTN-U1082
NET008684,2026-06-29 12:49:00,U1021,jessica.walker,confluence.corp.local,INTERNAL,182754,WKSTN-U1021
NET007792,2026-06-29 13:01:00,U1019,donna.anderson,confluence.corp.local	,INTERNAL,225764,WKSTN-U1019
NET022297,2026-06-29 12:53:00,U1054,anthony.martinez,jira.corp.local,INTERNAL,129951,WKSTN-U1054
NET002002,2026-06-29 13:27:00,U1005,robert.robinson,hr-portal.corp.local,INTERNAL,339340,WKSTN-U1005
NET008237,2026-06-29 13:05:00,U1020,andrew.thomas36,jira.corp.local,INTERNAL,98642,WKSTN-U1020
NET005153,2026-06-29 13:06:00,U1013,,jira.corp.local,INTERNAL,287868,WKSTN-U1013
NET006898,2026-06-29 13:42:00,U1017,emily.hernandez34,hr-portal.corp.local,INTERNAL,389313,
NET035836,2026-06-29 13:51:00,U1087,charles.sanchez,confluence.corp.local,INTERNAL,356778,WKSTN-U1087
NET014309,2026-06-29 13:49:00,U1034,thomas.allen63,sharepoint.corp.local,INTERNAL,203948,WKSTN-U1034
NET000797,2026-06-29 13:37:00,U1002,donna.ramirez,mail.corp.local,INTERNAL,228029,WKSTN-U1002
NET005955,2026-06-29 13:38:00,U1015,lisa.hernandez,mail.corp.local,INTERNAL,192916,WKSTN-U1015
NET039380,2026-06-29 13:37:00,U1095,richard.thomas74,hr-portal.corp.local,INTERNAL,437034,WKSTN-U1095
NET040961,2026-06-29 13:59:00,U1099,joseph.garcia,jira.corp.local,INTERNAL,121979,WKSTN-U1099
NET023462,2026-06-29 13:33:00,U1057,nancy.sanchez,jira.corp.local,INTERNAL,18148,WKSTN-U1057
NET035393,2026-06-29 13:47:00,U1086,steven.thompson53,hr-portal.corp.local,INTERNAL,408463,WKSTN-U1086
NET033176,2026-06-29 13:48:00,U1081,margaret.davis,hr-portal.corp.local,INTERNAL,55090,WKSTN-U1081
NET039379,2026-06-29 13:42:00,U1095,richard.thomas74,mail.corp.local,INTERNAL,151955,WKSTN-U1095
NET010475,2026-06-29 13:47:00,U1025,betty.brown22,sharepoint.corp.local,INTERNAL,456934,
NET011402,2026-06-29 13:58:00,U1027,patricia.brown75,mail.corp.local,INTERNAL,498391,WKSTN-U1027
NET031885,2026-06-29 13:49:00,U1078,michelle.miller,hr-portal.corp.local,INTERNAL,237821,WKSTN-U1078
NET040588,2026-06-29 13:46:00,U1098,nancy.wright49,confluence.corp.local,INTERNAL,,WKSTN-U1098
NET019105,2026-06-29 13:55:00,U1046,michelle.torres39,mail.corp.local,INTERNAL,292701,WKSTN-U1046
NET019106,2026-06-29 13:46:00,U1046,michelle.torres39,confluence.corp.local,INTERNAL,455723,WKSTN-U1046
NET029904,2026-06-29 13:37:00,U1073,michael.gonzalez,confluence.corp.local,INTERNAL,111530,WKSTN-U1073
NET037664,2026-06-29 13:55:00,U1091,linda.robinson,jira.corp.local,INTERNAL,43013,WKSTN-U1091
NET017495,2026-06-29 13:40:00,U1042,michael.hill56,vpn.corp.local,INTERNAL,50650,
NET023863,2026-06-29 13:52:00,U1058,jennifer.ramirez18,jira.corp.local,INTERNAL,375723,WKSTN-U1058
NET008686,2026-06-29 13:42:00,U1021,jessica.walker,jira.corp.local,INTERNAL,194078,WKSTN-U1021
NET007789,2026-06-29 13:55:00,U1019,donna.anderson,confluence.corp.local,INTERNAL,305418,WKSTN-U1019
NET034950,2026-06-29 13:34:00,U1085,barbara.walker67,jira.corp.local,INTERNAL,290730,WKSTN-U1085
NET029107,2026-06-29 13:31:00,U1071,matthew.robinson35,jira.corp.local,INTERNAL,442421,WKSTN-U1071
NET008689,2026-06-29 14:12:00,U1021,jessica.walker,,external,4894,WKSTN-U1021
NET008685,2026-06-29 14:26:00,U1021,jessica.walker,confluence.corp.local,INTERNAL,316272,WKSTN-U1021
NET013523,2026-06-29 14:01:00,U1032,paul.wright91,confluence.corp.local,INTERNAL,217939,
NET029905,2026-06-29 14:28:00,U1073,  michael.gonzalez ,jira.corp.local,INTERNAL,301083,WKSTN-U1073
NET001602,2026-06-29 14:24:00,U1004,elizabeth.wilson98,confluence.corp.local,INTERNAL,272042,WKSTN-U1004
NET003554,2026-06-29 14:11:00,U1009,daniel.brown,vpn.corp.local,INTERNAL,221459,WKSTN-U1009
NET003145,2026-06-29 14:27:00,U1008,joshua.hernandez,jira.corp.local,INTERNAL,397657,WKSTN-U1008
NET010031,2026-06-29 14:03:00,U1024,emily.miller,confluence.corp.local,INTERNAL,247197,WKSTN-U1024
NET015909,2026-06-29 14:12:00,U1038,emily.clark,mail.corp.local,internal,301118,WKSTN-U1038
NET009587,2026-06-29 14:01:00,U1023,,hr-portal.corp.local,INTERNAL,381673,WKSTN-U1023
NET031084,2026-06-29 14:08:00,U1076,john.torres,hr-portal.corp.local,INTERNAL,209408,WKSTN-U1076
NET000799,2026-06-29 13:59:00,U1002,donna.ramirez,sharepoint.corp.local,INTERNAL,281407,WKSTN-U1002
NET034520,2026-06-29 14:15:00,U1084,joshua.taylor,hr-portal.corp.local,INTERNAL,485680,WKSTN-U1084
NET020273,2026-06-29 14:17:00,U1049,michelle.jones59,vpn.corp.local,INTERNAL,391440,WKSTN-U1049
NET041367,2026-06-29 14:12:00,U1100,daniel.brown38,confluence.corp.local,INTERNAL,209561,WKSTN-U1100
NET000800,2026-06-29 14:23:00,U1002,donna.ramirez,weather.com,EXTERNAL,2572,WKSTN-U1002
NET000373,2026-06-29 14:07:00,U1001,,vpn.corp.local,INTERNAL,89910,WKSTN-U1001
NET039378,2026-06-29 14:20:00,U1095,richard.thomas74,jira.corp.local,INTERNAL,233251,WKSTN-U1095
NET032305,2026-06-29 14:24:00,U1079,emily.jones,sharepoint.corp.local,INTERNAL,55359,WKSTN-U1079
NET004300,2026-06-29 14:02:00,U1011,donna.ramirez75,hr-portal.corp.local,INTERNAL,264092,WKSTN-U1011
NET007357,2026-06-29 14:16:00,U1018,betty.white57,jira.corp.local,INTERNAL,438289,WKSTN-U1018
NET014701,2026-06-29 14:13:00,U1035,nancy.rodriguez82,hr-portal.corp.local,INTERNAL,409806,WKSTN-U1035
NET006899,2026-06-29 14:06:00,U1017,emily.hernandez34	,confluence.corp.local,INTERNAL,88901,WKSTN-U1017
NET008236,2026-06-29 14:02:00,U1020,andrew.thomas36,jira.corp.local,INTERNAL,261724,
NET033618,2026-06-29 14:14:00,U1082,karen.hill96	,hr-portal.corp.local,INTERNAL,377449,WKSTN-U1082
NET024662,2026-06-29 14:37:00,U1060,matthew.anderson,mail.corp.local,INTERNAL,299367,WKSTN-U1060
NET005151,2026-06-29 14:35:00,U1013,emily.smith,mail.corp.local,INTERNAL,416418,WKSTN-U1013
NET035397,2026-06-29 15:05:00,U1086,steven.thompson53,confluence.corp.local,INTERNAL,371603,WKSTN-U1086
NET030697,2026-06-29 14:52:00,U1075,,confluence.corp.local,INTERNAL,-85401.0,WKSTN-U1075
NET014312,2026-06-29 14:29:00,U1034,thomas.allen63,hr-portal.corp.local,INTERNAL,141316,WKSTN-U1034
NET027858,2026-06-29 14:51:00,U1068,susan.thompson34,sharepoint.corp.local,INTERNAL,431449,WKSTN-U1068
NET035834,2026-06-29 14:40:00,U1087,charles.sanchez,sharepoint.corp.local,INTERNAL,421758,WKSTN-U1087
NET030699,2026-06-29 14:52:00,U1075,steven.lewis,news.com,EXTERNAL,1452,WKSTN-U1075
NET031477,2026-06-29 15:00:00,U1077,kimberly.harris58,vpn.corp.local,INTERNAL,97511,WKSTN-U1077
NET003557,2026-06-29 14:54:00,U1009,daniel.brown,sharepoint.corp.local,INTERNAL,250754,WKSTN-U1009
NET011404,2026-06-29 14:59:00,U1027,patricia.brown75,hr-portal.corp.local,INTERNAL,149042,WKSTN-U1027
NET009143,2026-06-29 14:59:00,U1022,sandra.brown,mail.corp.local,INTERNAL,345598,WKSTN-U1022
NET027478,2026-06-29 14:44:00,U1067,paul.thomas97,hr-portal.corp.local,INTERNAL,417318,WKSTN-U1067
NET023861,2026-06-29 14:41:00,U1058,jennifer.ramirez18,confluence.corp.local,INTERNAL,216383,WKSTN-U1058
NET033615,2026-06-29 14:57:00,U1082,karen.hill96,hr-portal.corp.local,INTERNAL,434235,WKSTN-U1082
NET016699,2026-06-29 14:55:00,U1040,matthew.martin,hr-portal.corp.local,INTERNAL,251295,WKSTN-U1040
NET021471,2026-06-29 14:31:00,U1052,  paul.taylor ,vpn.corp.local,INTERNAL,438405,WKSTN-U1052
NET029105,2026-06-29 14:57:00,U1071,matthew.robinson35,vpn.corp.local,INTERNAL,56140,WKSTN-U1071
NET010478,2026-06-29 14:38:00,U1025,betty.brown22,jira.corp.local,INTERNAL,287753,WKSTN-U1025
NET013917,2026-06-29 15:00:00,U1033,linda.miller,sharepoint.corp.local,,126026,WKSTN-U1033
NET010479,2026-06-29 14:43:00,U1025,betty.brown22,hr-portal.corp.local,INTERNAL,-93975.0,WKSTN-U1025
NET002782,2026-06-29 14:35:00,U1007,sarah.robinson82,sharepoint.corp.local,INTERNAL,293502,WKSTN-U1007
NET026711,2026-06-29 14:53:00,U1065,michael.ramirez47,sharepoint.corp.local,INTERNAL,401378,WKSTN-U1065
NET018689,2026-06-29 14:45:00,U1045,daniel.sanchez90,confluence.corp.local,INTERNAL,252584,WKSTN-U1045
NET015094,2026-06-29 14:53:00,U1036,linda.jones,mail.corp.local,INTERNAL,12044,WKSTN-U1036
NET019885,2026-06-29 15:28:00,U1048,jennifer.thomas87,confluence.corp.local,INTERNAL,13099,WKSTN-U1048
NET017091,2026-06-29 15:23:00,U1041,matthew.allen52,jira.corp.local,INTERNAL,320763,WKSTN-U1041
NET032739,2026-06-29 15:20:00,U1080,joseph.jackson91,vpn.corp.local,INTERNAL,461597,WKSTN-U1080
NET041369,2026-06-29 15:16:00,U1100,daniel.brown38,hr-portal.corp.local,INTERNAL,62137,WKSTN-U1100
NET001998,2026-06-29 15:24:00,U1005,robert.robinson,mail.corp.local,INTERNAL,386699,WKSTN-U1005
NET036314,2026-06-29 15:21:00,U1088,andrew.smith85,sharepoint.corp.local,INTERNAL,424814,WKSTN-U1088
NET005154,2026-06-29 15:08:00,U1013,emily.smith,sharepoint.corp.local,INTERNAL,249492,
NET028702,2026-06-29 15:21:00,U1070,betty.thomas40,vpn.corp.local,INTERNAL,441541,WKSTN-U1070
NET005543,2026-06-29 15:09:00,U1014,james.taylor,mail.corp.local,INTERNAL,478744,WKSTN-U1014
NET025490,2026-06-29 15:08:00,U1062,william.martin,jira.corp.local,INTERNAL,4136,WKSTN-U1062
NET000374,2026-06-29 15:05:00,U1001,linda.johnson95,mail.corp.local,INTERNAL,89867,WKSTN-U1001
NET007791,2026-06-29 15:16:00,U1019,donna.anderson,mail.corp.local,INTERNAL,112278,WKSTN-U1019
NET034953,2026-06-29 15:24:00,U1085,barbara.walker67,jira.corp.local,INTERNAL,427602,WKSTN-U1085
NET034951,2026-06-29 15:08:00,U1085,barbara.walker67,confluence.corp.local,INTERNAL,331741,WKSTN-U1085
NET022690,2026-06-29 15:20:00,U1055,patricia.wilson54,sharepoint.corp.local,INTERNAL,123513,WKSTN-U1055
NET029908,2026-06-29 15:14:00,U1073,michael.gonzalez,confluence.corp.local,INTERNAL,460192,WKSTN-U1073
NET008687,2026-06-29 15:05:00,U1021,jessica.walker,confluence.corp.local,INTERNAL,267497,WKSTN-U1021
NET025491,2026-06-29 15:07:00,U1062,william.martin,weather.com,EXTERNAL,3008,WKSTN-U1062
NET035396,2026-06-29 15:25:00,U1086,steven.thompson53	,sharepoint.corp.local,INTERNAL,168983,WKSTN-U1086
NET024663,2026-06-29 15:17:00,U1060,matthew.anderson,confluence.corp.local,INTERNAL,363282,WKSTN-U1060
NET032303,2026-06-29 15:19:00,U1079,emily.jones,jira.corp.local,INTERNAL,61092,WKSTN-U1079
NET018690,2026-06-29 15:12:00,U1045,daniel.sanchez90,vpn.corp.local,INTERNAL,281964,WKSTN-U1045
NET015095,2026-06-29 15:23:00,U1036,linda.jones,vpn.corp.local,INTERNAL,404845,WKSTN-U1036
NET029513,2026-06-29 15:20:00,U1072,KENNETH.LOPEZ,jira.corp.local,INTERNAL,408832,WKSTN-U1072
NET012265,2026-06-29 15:27:00,U1029,michelle.garcia54,hr-portal.corp.local,INTERNAL,310496,WKSTN-U1029
NET023860,2026-06-29 16:00:00,U1058,jennifer.ramirez18,vpn.corp.local,INTERNAL,408659,WKSTN-U1058
NET027477,2026-06-29 15:42:00,U1067,paul.thomas97,vpn.corp.local,INTERNAL,319539,WKSTN-U1067
NET025881,2026-06-29 15:41:00,U1063,john.nguyen,jira.corp.local,INTERNAL,50953,WKSTN-U1063
NET021881,2026-06-29 16:09:00,U1053,john.jackson31,vpn.corp.local,INTERNAL,193913,WKSTN-U1053
NET007358,2026-06-29 15:36:00,U1018,betty.white57,hr-portal.corp.local,INTERNAL,400493,WKSTN-U1018
NET010033,2026-06-29 15:55:00,U1024,emily.miller,hr-portal.corp.local,INTERNAL,98213,WKSTN-U1024
NET005954,2026-06-29 16:04:00,U1015,lisa.hernandez,sharepoint.corp.local,INTERNAL,187157,WKSTN-U1015
NET014311,2026-06-29 15:35:00,U1034,thomas.allen63,,INTERNAL,211730,WKSTN-U1034
NET022691,2026-06-29 15:39:00,U1055,patricia.wilson54,hr-portal.corp.local,INTERNAL,269506,WKSTN-U1055
NET002785,2026-06-29 16:08:00,U1007,sarah.robinson82,confluence.corp.local,INTERNAL,449461,WKSTN-U1007
NET026712,2026-06-29 15:42:00,U1065,michael.ramirez47,confluence.corp.local,INTERNAL,400926,WKSTN-U1065
NET012264,2026-06-29 16:01:00,U1029,michelle.garcia54,jira.corp.local,INTERNAL,108514,WKSTN-U1029
NET010476,2026-06-29 15:44:00,U1025,betty.brown22,mail.corp.local,INTERNAL,103214,WKSTN-U1025
NET018687,2026-06-29 15:57:00,U1045,daniel.sanchez90,confluence.corp.local,INTERNAL,48447,WKSTN-U1045
NET034952,2026-06-29 15:38:00,U1085,barbara.walker67,jira.corp.local,INTERNAL,429146,WKSTN-U1085
NET021880,2026-06-29 16:03:00,U1053,john.jackson31,confluence.corp.local,INTERNAL,,WKSTN-U1053
NET037220,2026-06-29 16:10:00,U1090,mary.hill,confluence.corp.local,INTERNAL,487751,WKSTN-U1090
NET010924,2026-06-29 15:32:00,U1026,elizabeth.gonzalez,jira.corp.local,INTERNAL,482410,WKSTN-U1026
NET023463,2026-06-29 15:36:00,U1057,nancy.sanchez,hr-portal.corp.local,INTERNAL,15587,WKSTN-U1057
NET022296,2026-06-29 15:37:00,U1054,anthony.martinez,jira.corp.local,INTERNAL,290837,WKSTN-U1054
NET021472,2026-06-29 16:08:00,U1052,paul.taylor,sharepoint.corp.local,INTERNAL,218824,WKSTN-U1052
NET014310,2026-06-29 15:44:00,U1034,thomas.allen63,sharepoint.corp.local,INTERNAL,204292,WKSTN-U1034
NET030696,2026-06-29 15:40:00,U1075,STEVEN.LEWIS,mail.corp.local,INTERNAL,107625,WKSTN-U1075
NET029512,2026-06-29 15:57:00,U1072,kenneth.lopez,hr-portal.corp.local,INTERNAL,135903,WKSTN-U1072
NET021081,2026-06-29 15:51:00,U1051,sandra.king72,vpn.corp.local,INTERNAL,278679,WKSTN-U1051
NET006901,2026-06-29 17:12:00,U1017,emily.hernandez34,confluence.corp.local,INTERNAL,434907,WKSTN-U1017
NET003147,2026-06-29 16:18:00,U1008,joshua.hernandez,hr-portal.corp.local,INTERNAL,255510,WKSTN-U1008
NET037219,2026-06-29 17:42:00,U1090,mary.hill,jira.corp.local,INTERNAL,254831,WKSTN-U1090
NET002399,2026-06-29 16:20:00,U1006,george.gonzalez,vpn.corp.local,INTERNAL,133678,WKSTN-U1006
NET023086,2026-06-29 16:23:00,U1056,anthony.clark,vpn.corp.local,INTERNAL,418402,
NET014308,2026-06-29 17:04:00,U1034,thomas.allen63,mail.corp.local,INTERNAL,,WKSTN-U1034
NET016700,2026-06-29 17:12:00,U1040,matthew.martin,confluence.corp.local,INTERNAL,395151,WKSTN-U1040
NET002783,2026-06-29 16:25:00,U1007,sarah.robinson82,mail.corp.local,INTERNAL,342884,WKSTN-U1007
NET023087,2026-06-29 17:03:00,U1056,anthony.clark,vpn.corp.local,INTERNAL,374415,WKSTN-U1056
NET016701,2026-06-29 17:17:00,U1040,matthew.martin,hr-portal.corp.local,,478989,WKSTN-U1040
NET006395,2026-06-29 16:51:00,U1016,patricia.thomas,mail.corp.local,INTERNAL,416948,WKSTN-U1016
NET011403,2026-06-29 17:20:00,U1027,patricia.brown75,mail.corp.local,INTERNAL,364451,WKSTN-U1027
NET037661,2026-06-29 17:02:00,U1091,linda.robinson,confluence.corp.local,,348880,WKSTN-U1091
NET021878,2026-06-29 16:47:00,U1053,john.jackson31,sharepoint.corp.local,INTERNAL,453272,
NET033177,2026-06-29 16:42:00,U1081,margaret.davis	,mail.corp.local,INTERNAL,401863,WKSTN-U1081
NET013524,2026-06-29 17:44:00,U1032,paul.wright91,sharepoint.corp.local,INTERNAL,45216,WKSTN-U1032
NET005957,2026-06-29 16:25:00,U1015,lisa.hernandez,weather.com,EXTERNAL,5326,WKSTN-U1015
NET038557,2026-06-29 16:14:00,U1093,sarah.clark44,confluence.corp.local,INTERNAL,79681,WKSTN-U1093
NET015910,2026-06-29 17:24:00,U1038,emily.clark,jira.corp.local,INTERNAL,133481,WKSTN-U1038
NET006397,2026-06-29 16:35:00,U1016,patricia.thomas,,INTERNAL,499139,WKSTN-U1016
NET041365,2026-06-29 16:13:00,U1100,daniel.brown38,confluence.corp.local,INTERNAL,148242,WKSTN-U1100
NET017891,2026-06-29 17:18:00,U1043,thomas.williams91,jira.corp.local,INTERNAL,445852,WKSTN-U1043
NET019887,2026-06-29 16:30:00,U1048,jennifer.thomas87,hr-portal.corp.local,INTERNAL,,WKSTN-U1048
NET041452,2026-06-30 00:58:00,U1022,sandra.brown,github.com/anon-uploads,EXTERNAL,229274614,WKSTN-U1022
NET016282,2026-06-29 16:51:00,U1039,mark.thomas,hr-portal.corp.local,INTERNAL,413933,WKSTN-U1039
NET010055,2026-06-30 08:32:00,U1024,emily.miller,confluence.corp.local,INTERNAL,286409,WKSTN-U1024
NET027493,2026-06-30 09:01:00,U1067,paul.thomas97,jira.corp.local,INTERNAL,337368,WKSTN-U1067
NET027108,2026-06-30 08:05:00,U1066,michelle.wright62,confluence.corp.local,INTERNAL,401521,WKSTN-U1066
NET016298,2026-06-30 07:50:00,U1039,mark.thomas,jira.corp.local,INTERNAL,309111,WKSTN-U1039
NET027110,2026-06-30 08:06:00,U1066,michelle.wright62,mail.corp.local	,INTERNAL,377580,WKSTN-U1066
NET010054,2026-06-30 08:52:00,U1024,emily.miller,sharepoint.corp.local,INTERNAL,303314,WKSTN-U1024
NET032760,2026-06-30 08:18:00,U1080,joseph.jackson91,mail.corp.local,INTERNAL,80265,WKSTN-U1080
NET025899,2026-06-30 08:13:00,U1063,john.nguyen,hr-portal.corp.local,INTERNAL,182486,WKSTN-U1063
NET018706,2026-06-30 08:51:00,U1045,daniel.sanchez90,vpn.corp.local,INTERNAL,164479,WKSTN-U1045
NET031904,2026-06-30 09:00:00,U1078,michelle.miller,,INTERNAL,352474,WKSTN-U1078
NET039008,2026-06-30 08:43:00,U1094,elizabeth.lewis69,vpn.corp.local,INTERNAL,149398,WKSTN-U1094
NET015109,2026-06-30 08:45:00,U1036,linda.jones,vpn.corp.local,INTERNAL,493535,WKSTN-U1036
NET026288,2026-06-30 08:39:00,U1064,matthew.wright55,jira.corp.local,INTERNAL,240691,WKSTN-U1064
NET037241,2026-06-30 08:59:00,U1090,mary.hill,confluence.corp.local,INTERNAL,82004,WKSTN-U1090
NET033190,2026-06-30 08:44:00,U1081,margaret.davis,jira.corp.local,INTERNAL,232357,WKSTN-U1081
NET002020,2026-06-30 08:58:00,U1005,robert.robinson,news.com,EXTERNAL,4585,WKSTN-U1005
NET027496,2026-06-30 08:32:00,U1067,paul.thomas97,sharepoint.corp.local,INTERNAL,176374,WKSTN-U1067
NET017516,2026-06-30 08:07:00,U1042,michael.hill56,news.com,EXTERNAL,6153,WKSTN-U1042
NET039397,2026-06-30 08:23:00,U1095,richard.thomas74,,INTERNAL,18086,WKSTN-U1095
NET020288,2026-06-30 08:56:00,U1049,michelle.jones59,mail.corp.local,INTERNAL,178806,WKSTN-U1049
NET026731,2026-06-30 08:50:00,U1065,michael.ramirez47	,confluence.corp.local,INTERNAL,295791,WKSTN-U1065
NET034972,2026-06-30 08:37:00,U1085,barbara.walker67,sharepoint.corp.local,INTERNAL,227443,WKSTN-U1085
NET029922,2026-06-30 08:55:00,U1073,michael.gonzalez,mail.corp.local	,INTERNAL,428451,WKSTN-U1073
NET018705,2026-06-30 08:23:00,U1045,daniel.sanchez90,vpn.corp.local,INTERNAL,202631,WKSTN-U1045
NET038574,2026-06-30 07:54:00,U1093,sarah.clark44,confluence.corp.local,INTERNAL,338764,WKSTN-U1093
NET016716,2026-06-30 09:44:00,U1040,matthew.martin,vpn.corp.local,INTERNAL,231097,WKSTN-U1040
NET030333,2026-06-30 09:32:00,U1074,sarah.williams7,vpn.corp.local,INTERNAL,140962,WKSTN-U1074	
NET040222,2026-06-30 09:33:00,U1097,mark.martinez10,weather.com,EXTERNAL,13174,WKSTN-U1097
NET020702,2026-06-30 09:48:00,U1050,michael.ramirez,confluence.corp.local,INTERNAL,2744,WKSTN-U1050
NET013934,2026-06-30 09:46:00,U1033,linda.miller,hr-portal.corp.local,INTERNAL,215116,WKSTN-U1033
NET033632,2026-06-30 09:50:00,U1082,karen.hill96,sharepoint.corp.local,INTERNAL,277658,WKSTN-U1082
NET023104,2026-06-30 09:09:00,U1056,anthony.clark,hr-portal.corp.local,INTERNAL,412029,WKSTN-U1056
NET029123,2026-06-30 09:36:00,U1071,matthew.robinson35,jira.corp.local,INTERNAL,271548,WKSTN-U1071
NET026291,2026-06-30 09:12:00,U1064,matthew.wright55,hr-portal.corp.local,INTERNAL,29961,WKSTN-U1064
NET010500,2026-06-30 09:48:00,U1025,betty.brown22,mail.corp.local,INTERNAL,233094,WKSTN-U1025
NET026289,2026-06-30 09:20:00,U1064,matthew.wright55,vpn.corp.local,INTERNAL,73755,WKSTN-U1064
NET013136,2026-06-30 09:34:00,U1031,john.wright28,jira.corp.local,,119760,WKSTN-U1031
NET023880,2026-06-30 09:48:00,U1058,jennifer.ramirez18,sharepoint.corp.local,INTERNAL,394001,WKSTN-U1058
NET015528,2026-06-30 09:32:00,U1037,robert.martin,weather.com,EXTERNAL,3339,WKSTN-U1037
NET014328,2026-06-30 09:05:00,U1034,thomas.allen63,confluence.corp.local,INTERNAL,364770,WKSTN-U1034	
NET038578,2026-06-30 09:12:00,U1093,sarah.clark44,weather.com,EXTERNAL,12848,WKSTN-U1093
NET013933,2026-06-30 09:24:00,U1033,linda.miller,vpn.corp.local,INTERNAL,-51304.0,WKSTN-U1033
NET033630,2026-06-30 09:28:00,U1082,karen.hill96,vpn.corp.local,INTERNAL,15337,WKSTN-U1082
NET010499,2026-06-30 09:19:00,U1025,betty.brown22,jira.corp.local,INTERNAL,123667,WKSTN-U1025
NET040219,2026-06-30 09:39:00,U1097,mark.martinez10,vpn.corp.local,INTERNAL,268025,WKSTN-U1097
NET027878,2026-06-30 09:44:00,U1068,susan.thompson34,confluence.corp.local,INTERNAL,68626,WKSTN-U1068
NET028318,2026-06-30 09:10:00,U1069,jessica.clark,news.com,EXTERNAL,16372,WKSTN-U1069
NET010501,2026-06-30 09:36:00,U1025,betty.brown22,hr-portal.corp.local,INTERNAL,301980,WKSTN-U1025
NET016715,2026-06-30 09:45:00,U1040,matthew.martin,jira.corp.local,INTERNAL,315714,WKSTN-U1040
NET033193,2026-06-30 09:40:00,U1081,margaret.davis,jira.corp.local,internal,98915,WKSTN-U1081
NET006919,2026-06-30 09:55:00,U1017,emily.hernandez34,vpn.corp.local,INTERNAL,108759,WKSTN-U1017
NET035417,2026-06-30 09:55:00,U1086,steven.thompson53,hr-portal.corp.local,INTERNAL,274239,WKSTN-U1086
NET010945,2026-06-30 09:59:00,U1026,elizabeth.gonzalez,mail.corp.local,INTERNAL,52129,WKSTN-U1026
NET031902,2026-06-30 10:07:00,U1078,michelle.miller,mail.corp.local,INTERNAL,118819,WKSTN-U1078
NET009161,2026-06-30 09:55:00,U1022,sandra.brown,hr-portal.corp.local,INTERNAL,35844,WKSTN-U1022
NET038134,2026-06-30 10:10:00,U1092,steven.thomas,hr-portal.corp.local,internal,172929,WKSTN-U1092	
NET003167,2026-06-30 10:24:00,U1008,joshua.hernandez,confluence.corp.local,INTERNAL,472886,WKSTN-U1008
NET002017,2026-06-30 10:27:00,U1005,robert.robinson,mail.corp.local	,INTERNAL,232069,WKSTN-U1005
NET007814,2026-06-30 10:17:00,U1019,donna.anderson,sharepoint.corp.local,INTERNAL,446697,WKSTN-U1019
NET028316,2026-06-30 10:25:00,U1069,jessica.clark,sharepoint.corp.local,INTERNAL,482345,WKSTN-U1069
NET026732,2026-06-30 10:21:00,U1065,,jira.corp.local,INTERNAL,303181,WKSTN-U1065
NET012727,2026-06-30 10:13:00,U1030,betty.rodriguez86,jira.corp.local,INTERNAL,157060,WKSTN-U1030
NET028720,2026-06-30 09:50:00,U1070,betty.thomas40,mail.corp.local,INTERNAL,126761,WKSTN-U1070
NET040218,2026-06-30 10:19:00,U1097,mark.martinez10,jira.corp.local,INTERNAL,402664,WKSTN-U1097
NET038573,2026-06-30 10:24:00,U1093,sarah.clark44,mail.corp.local,INTERNAL,79163,WKSTN-U1093
NET006921,2026-06-30 09:57:00,U1017,emily.hernandez34,confluence.corp.local,,280179,WKSTN-U1017
NET034071,2026-06-30 10:28:00,U1083,sarah.allen70,confluence.corp.local,internal,474860,WKSTN-U1083
NET025900,2026-06-30 09:56:00,U1063,john.nguyen,confluence.corp.local,INTERNAL,22885,WKSTN-U1063	
NET012729,2026-06-30 10:07:00,U1030,betty.rodriguez86,confluence.corp.local,INTERNAL,181643,WKSTN-U1030
NET019121,2026-06-30 10:03:00,U1046,michelle.torres39,vpn.corp.local,INTERNAL,154298,WKSTN-U1046
NET021488,2026-06-30 10:26:00,U1052,paul.taylor,hr-portal.corp.local,INTERNAL,278847,WKSTN-U1052
NET023488,2026-06-30 09:56:00,U1057,nancy.sanchez,linkedin.com,EXTERNAL,2481,WKSTN-U1057
NET001623,2026-06-30 10:16:00,U1004,elizabeth.wilson98,vpn.corp.local,INTERNAL,316774,WKSTN-U1004
NET018303,2026-06-30 10:08:00,U1044,lisa.ramirez9,jira.corp.local,INTERNAL,,WKSTN-U1044	
NET002415,2026-06-30 10:20:00,U1006,,mail.corp.local,INTERNAL,50870,  WKSTN-U1006 
NET010947,2026-06-30 10:55:00,U1026,elizabeth.gonzalez,sharepoint.corp.local,INTERNAL,470843,WKSTN-U1026
NET041386,2026-06-30 10:49:00,U1100,daniel.brown38,vpn.corp.local,INTERNAL,83733,WKSTN-U1100
NET022319,2026-06-30 10:40:00,U1054,anthony.martinez,,INTERNAL,352850,WKSTN-U1054
NET019532,2026-06-30 10:37:00,U1047,sandra.lewis,vpn.corp.local,INTERNAL,208394,WKSTN-U1047
NET032324,2026-06-30 10:39:00,U1079,emily.jones,confluence.corp.local,INTERNAL,231924,WKSTN-U1079
NET037686,2026-06-30 10:44:00,U1091,linda.robinson,jira.corp.local,INTERNAL,184224,WKSTN-U1091
NET029122,2026-06-30 10:57:00,U1071,matthew.robinson35,jira.corp.local,INTERNAL,369420,WKSTN-U1071
NET033191,2026-06-30 11:09:00,U1081,margaret.davis,hr-portal.corp.local,INTERNAL,147738,WKSTN-U1081
NET001233,2026-06-30 11:06:00,U1003,kenneth.clark29,vpn.corp.local,INTERNAL,202638,WKSTN-U1003
NET021900,2026-06-30 10:57:00,U1053,john.jackson31,hr-portal.corp.local,INTERNAL,213142,WKSTN-U1053
NET010502,2026-06-30 10:44:00,U1025,betty.brown22,jira.corp.local,INTERNAL,105140,WKSTN-U1025
NET035416,2026-06-30 10:42:00,U1086,,hr-portal.corp.local,INTERNAL,212508,WKSTN-U1086
NET005171,2026-06-30 10:30:00,U1013,emily.smith,mail.corp.local,INTERNAL,292505,WKSTN-U1013
NET010056,2026-06-30 10:49:00,U1024,emily.miller,jira.corp.local,INTERNAL,-273978.0,WKSTN-U1024	
NET009159,2026-06-30 10:45:00,U1022,sandra.brown,sharepoint.corp.local,INTERNAL,39293,WKSTN-U1022
NET020292,2026-06-30 10:53:00,U1049,michelle.jones59,hr-portal.corp.local,INTERNAL,382478,  WKSTN-U1049 
NET012730,2026-06-30 10:43:00,U1030,betty.rodriguez86,news.com,EXTERNAL,9430,WKSTN-U1030
NET000393,2026-06-30 10:54:00,U1001,linda.johnson95,vpn.corp.local,INTERNAL,252257,WKSTN-U1001
NET031494,2026-06-30 10:44:00,U1077,kimberly.harris58,  sharepoint.corp.local ,INTERNAL,398382,WKSTN-U1077
NET027876,2026-06-30 10:51:00,U1068,susan.thompson34,vpn.corp.local,INTERNAL,362945,WKSTN-U1068
NET001232,2026-06-30 10:58:00,U1003,kenneth.clark29,mail.corp.local,INTERNAL,73912,WKSTN-U1003
NET013137,2026-06-30 11:06:00,U1031,john.wright28,hr-portal.corp.local,INTERNAL,11401,WKSTN-U1031
NET025506,2026-06-30 10:48:00,U1062,william.martin,jira.corp.local,INTERNAL,147794,WKSTN-U1062
NET015926,2026-06-30 10:31:00,U1038,emily.clark,mail.corp.local,INTERNAL,475041,WKSTN-U1038
NET034537,2026-06-30 11:06:00,U1084,joshua.taylor,mail.corp.local,INTERNAL,268500,WKSTN-U1084
NET021489,2026-06-30 11:32:00,U1052,paul.taylor,mail.corp.local,INTERNAL,377025,WKSTN-U1052
NET034536,2026-06-30 11:22:00,U1084,  joshua.taylor ,hr-portal.corp.local,INTERNAL,257843,WKSTN-U1084
NET012286,2026-06-30 11:24:00,U1029,michelle.garcia54,hr-portal.corp.local,,307806,WKSTN-U1029
NET013138,2026-06-30 11:22:00,U1031,john.wright28,hr-portal.corp.local,INTERNAL,416909,WKSTN-U1031
NET039005,2026-06-30 11:20:00,U1094,elizabeth.lewis69,mail.corp.local,INTERNAL,226738,WKSTN-U1094
NET031903,2026-06-30 11:20:00,U1078,michelle.miller,confluence.corp.local,INTERNAL,216176,WKSTN-U1078
NET029532,2026-06-30 11:14:00,U1072,kenneth.lopez,mail.corp.local,INTERNAL,331168,WKSTN-U1072
NET035863,2026-06-30 11:27:00,U1087,charles.sanchez,mail.corp.local,INTERNAL,425626,WKSTN-U1087
NET023484,2026-06-30 11:21:00,U1057,nancy.sanchez,jira.corp.local,INTERNAL,434957,WKSTN-U1057
NET000819,2026-06-30 11:16:00,U1002,donna.ramirez,sharepoint.corp.local,INTERNAL,165214,WKSTN-U1002
NET007374,2026-06-30 11:13:00,U1018,  betty.white57 ,jira.corp.local,INTERNAL,388627,WKSTN-U1018
NET032758,2026-06-30 11:21:00,U1080,joseph.jackson91,mail.corp.local,INTERNAL,331160,WKSTN-U1080
NET000395,2026-06-30 11:24:00,U1001,linda.johnson95,hr-portal.corp.local,INTERNAL,220310,WKSTN-U1001
NET017513,2026-06-30 11:31:00,U1042,michael.hill56,jira.corp.local,INTERNAL,478541,WKSTN-U1042
NET025106,2026-06-30 11:27:00,U1061,jessica.rodriguez,sharepoint.corp.local,INTERNAL,420759,WKSTN-U1061
NET032759,2026-06-30 11:19:00,U1080,joseph.jackson91,confluence.corp.local,INTERNAL,156139,WKSTN-U1080
NET029533,2026-06-30 11:28:00,U1072,kenneth.lopez,,,8113,WKSTN-U1072
NET026733,2026-06-30 11:13:00,U1065,michael.ramirez47,jira.corp.local,INTERNAL,471809,WKSTN-U1065
NET023103,2026-06-30 11:32:00,U1056,anthony.clark,mail.corp.local,INTERNAL,383389,WKSTN-U1056
NET023879,2026-06-30 11:17:00,U1058,jennifer.ramirez18,sharepoint.corp.local,INTERNAL,2489,WKSTN-U1058
NET003940,2026-06-30 11:24:00,U1010,susan.young51,mail.corp.local,INTERNAL,209577,WKSTN-U1010
NET011850,2026-06-30 11:26:00,U1028,john.hill,jira.corp.local,INTERNAL,346590,WKSTN-U1028
NET016718,2026-06-30 11:31:00,U1040,matthew.martin,hr-portal.corp.local,INTERNAL,307858,WKSTN-U1040
NET024680,2026-06-30 11:32:00,U1060,matthew.anderson,,INTERNAL,233566,WKSTN-U1060
NET008708,2026-06-30 11:31:00,U1021,jessica.walker,sharepoint.corp.local,INTERNAL,261275,WKSTN-U1021
NET029120,2026-06-30 11:52:00,U1071,matthew.robinson35,mail.corp.local,INTERNAL,72336,WKSTN-U1071
NET021897,2026-06-30 11:35:00,U1053,john.jackson31,confluence.corp.local,INTERNAL,382140,WKSTN-U1053
NET006421,2026-06-30 11:57:00,U1016,patricia.thomas,hr-portal.corp.local,INTERNAL,308622,WKSTN-U1016
NET019535,2026-06-30 11:51:00,U1047,sandra.lewis,sharepoint.corp.local,INTERNAL,360713,WKSTN-U1047
NET020290,2026-06-30 11:55:00,U1049,michelle.jones59,jira.corp.local	,,280632,WKSTN-U1049
NET032761,2026-06-30 11:54:00,U1080,joseph.jackson91,vpn.corp.local,INTERNAL,327787,WKSTN-U1080
NET013931,2026-06-30 11:46:00,U1033,linda.miller,sharepoint.corp.local,internal,294408,WKSTN-U1033
NET005172,2026-06-30 11:59:00,U1013,emily.smith,vpn.corp.local,INTERNAL,354613,WKSTN-U1013
NET039006,2026-06-30 11:36:00,U1094,elizabeth.lewis69,confluence.corp.local,INTERNAL,130068,WKSTN-U1094
NET005173,2026-06-30 11:55:00,U1013,emily.smith,jira.corp.local,INTERNAL,113142,WKSTN-U1013
NET022705,2026-06-30 11:54:00,U1055,patricia.wilson54,vpn.corp.local,INTERNAL,262101,WKSTN-U1055
NET000396,2026-06-30 11:43:00,U1001,linda.johnson95,sharepoint.corp.local,INTERNAL,415565,WKSTN-U1001
NET003574,2026-06-30 11:51:00,U1009,daniel.brown,jira.corp.local,INTERNAL,388535,WKSTN-U1009
NET018304,2026-06-30 11:47:00,U1044,lisa.ramirez9,jira.corp.local,INTERNAL,464131,WKSTN-U1044
NET001625,2026-06-30 11:50:00,U1004,elizabeth.wilson98,jira.corp.local,INTERNAL,126871,WKSTN-U1004
NET025107,2026-06-30 11:47:00,U1061,jessica.rodriguez,mail.corp.local,INTERNAL,477805,WKSTN-U1061	
NET012726,2026-06-30 11:53:00,U1030,betty.rodriguez86,,INTERNAL,1077,WKSTN-U1030
NET017512,2026-06-30 11:51:00,U1042,michael.hill56,mail.corp.local,INTERNAL,471282,WKSTN-U1042
NET027495,2026-06-30 11:42:00,U1067,paul.thomas97,confluence.corp.local,INTERNAL,25347,WKSTN-U1067
NET039813,2026-06-30 11:48:00,U1096,david.allen76,  vpn.corp.local ,INTERNAL,42014,WKSTN-U1096
NET019537,2026-06-30 11:56:00,U1047,sandra.lewis,weather.com,EXTERNAL,11584,WKSTN-U1047
NET028721,2026-06-30 11:34:00,U1070,betty.thomas40,confluence.corp.local,INTERNAL,128817,WKSTN-U1070
NET017514,2026-06-30 11:46:00,U1042,michael.hill56,sharepoint.corp.local,INTERNAL,31591,WKSTN-U1042
NET011423,2026-06-30 11:43:00,U1027,patricia.brown75,sharepoint.corp.local,INTERNAL,218267,WKSTN-U1027
NET004317,2026-06-30 11:59:00,U1011,donna.ramirez75,vpn.corp.local,INTERNAL,476819,WKSTN-U1011
NET022706,2026-06-30 12:07:00,U1055,patricia.wilson54,mail.corp.local,INTERNAL,80252,WKSTN-U1055
NET040221,2026-06-30 12:26:00,U1097,mark.martinez10,hr-portal.corp.local,INTERNAL,384883,WKSTN-U1097
NET038135,2026-06-30 12:29:00,U1092,steven.thomas,sharepoint.corp.local,INTERNAL,466343,WKSTN-U1092
NET036328,2026-06-30 12:17:00,U1088,andrew.smith85,mail.corp.local,INTERNAL,242233,  WKSTN-U1088 
NET034973,2026-06-30 12:19:00,U1085,barbara.walker67,linkedin.com,,3569,WKSTN-U1085
NET001622,2026-06-30 12:25:00,U1004,elizabeth.wilson98,sharepoint.corp.local,INTERNAL,390965,WKSTN-U1004
NET020704,2026-06-30 12:27:00,U1050,michael.ramirez,vpn.corp.local,INTERNAL,393463,WKSTN-U1050
NET013547,2026-06-30 12:27:00,U1032,paul.wright91,confluence.corp.local,INTERNAL,448636,
NET005174,2026-06-30 12:17:00,U1013,emily.smith,mail.corp.local	,INTERNAL,31821,WKSTN-U1013
NET036331,2026-06-30 12:03:00,U1088,andrew.smith85,hr-portal.corp.local,INTERNAL,8038,WKSTN-U1088
NET003943,2026-06-30 12:13:00,U1010,susan.young51,linkedin.com,EXTERNAL,10998,WKSTN-U1010
NET005974,2026-06-30 12:00:00,U1015,lisa.hernandez,hr-portal.corp.local,INTERNAL,252402,WKSTN-U1015
NET034072,2026-06-30 12:21:00,U1083,sarah.allen70,jira.corp.local,INTERNAL,365377,WKSTN-U1083	
NET019903,2026-06-30 12:06:00,U1048,jennifer.thomas87,sharepoint.corp.local,INTERNAL,78297,WKSTN-U1048
NET039007,2026-06-30 12:25:00,U1094,elizabeth.lewis69,vpn.corp.local,INTERNAL,25284,WKSTN-U1094
NET021098,2026-06-30 12:29:00,U1051,sandra.king72,vpn.corp.local,INTERNAL,443052,WKSTN-U1051
NET037244,2026-06-30 12:02:00,U1090,mary.hill,sharepoint.corp.local,INTERNAL,177923,WKSTN-U1090
NET000394,2026-06-30 12:03:00,U1001,linda.johnson95,mail.corp.local,INTERNAL,281162,WKSTN-U1001
NET038137,2026-06-30 12:08:00,U1092,steven.thomas,sharepoint.corp.local,internal,,WKSTN-U1092
NET017109,2026-06-30 12:00:00,U1041,matthew.allen52,hr-portal.corp.local,INTERNAL,393396,WKSTN-U1041
NET039398,2026-06-30 12:13:00,U1095,richard.thomas74,hr-portal.corp.local,INTERNAL,205573,WKSTN-U1095
NET033634,2026-06-30 12:09:00,U1082,karen.hill96,mail.corp.local,INTERNAL,295158,WKSTN-U1082
NET031101,2026-06-30 12:03:00,U1076,john.torres	,jira.corp.local,INTERNAL,359544,WKSTN-U1076
NET029121,2026-06-30 12:29:00,U1071,matthew.robinson35,mail.corp.local,INTERNAL,172078,  WKSTN-U1071 
NET030334,2026-06-30 12:04:00,U1074,sarah.williams7	,news.com,EXTERNAL,19944,WKSTN-U1074
NET001235,2026-06-30 13:03:00,U1003,kenneth.clark29,jira.corp.local,INTERNAL,152241,WKSTN-U1003
NET005565,2026-06-30 12:36:00,U1014,james.taylor,confluence.corp.local,INTERNAL,321206,WKSTN-U1014
NET028722,2026-06-30 13:03:00,U1070,betty.thomas40,jira.corp.local,INTERNAL,298630,WKSTN-U1070
NET019901,2026-06-30 12:48:00,U1048,jennifer.thomas87,hr-portal.corp.local,INTERNAL,497378,
NET038576,2026-06-30 12:56:00,U1093,sarah.clark44,confluence.corp.local,INTERNAL,316944,WKSTN-U1093
NET030329,2026-06-30 13:00:00,U1074,sarah.williams7,hr-portal.corp.local,INTERNAL,297430,WKSTN-U1074
NET030713,2026-06-30 12:59:00,U1075,steven.lewis,jira.corp.local,INTERNAL,418518,WKSTN-U1075
NET015107,2026-06-30 12:58:00,U1036,linda.jones,jira.corp.local,INTERNAL,113519,WKSTN-U1036
NET025108,2026-06-30 13:05:00,U1061,jessica.rodriguez,hr-portal.corp.local,INTERNAL,192690,WKSTN-U1061
NET009607,2026-06-30 12:41:00,U1023,richard.wright,vpn.corp.local,INTERNAL,213619,WKSTN-U1023
NET001624,2026-06-30 12:55:00,U1004,elizabeth.wilson98,sharepoint.corp.local,INTERNAL,210116,WKSTN-U1004
NET003577,2026-06-30 12:42:00,U1009,daniel.brown,confluence.corp.local,INTERNAL,108546,WKSTN-U1009
NET005563,2026-06-30 12:57:00,U1014,james.taylor,sharepoint.corp.local,INTERNAL,240883,WKSTN-U1014
NET018708,2026-06-30 12:46:00,U1045,daniel.sanchez90,confluence.corp.local,INTERNAL,138810,WKSTN-U1045
NET015527,2026-06-30 12:50:00,U1037,robert.martin,  jira.corp.local ,INTERNAL,69763,WKSTN-U1037
NET005975,2026-06-30 12:57:00,U1015,lisa.hernandez,hr-portal.corp.local,INTERNAL,467280,WKSTN-U1015
NET036329,2026-06-30 12:45:00,U1088,ANDREW.SMITH85,jira.corp.local,INTERNAL,331071,WKSTN-U1088
NET033631,2026-06-30 12:54:00,U1082,karen.hill96,hr-portal.corp.local	,INTERNAL,431893,WKSTN-U1082
NET016717,2026-06-30 12:32:00,U1040,matthew.martin,sharepoint.corp.local,INTERNAL,96442,WKSTN-U1040	
NET002798,2026-06-30 12:59:00,U1007,sarah.robinson82,sharepoint.corp.local,INTERNAL,30385,WKSTN-U1007
NET027109,2026-06-30 12:43:00,U1066,MICHELLE.WRIGHT62,jira.corp.local,INTERNAL,357743,WKSTN-U1066
NET014725,2026-06-30 13:06:00,U1035,nancy.rodriguez82,hr-portal.corp.local,INTERNAL,478161,WKSTN-U1035
NET015526,2026-06-30 12:43:00,U1037,robert.martin,vpn.corp.local,INTERNAL,481688,WKSTN-U1037
NET017108,2026-06-30 12:38:00,U1041,matthew.allen52,sharepoint.corp.local,INTERNAL,153262,WKSTN-U1041
NET036768,2026-06-30 13:03:00,U1089,paul.brown27,jira.corp.local,INTERNAL,208108,WKSTN-U1089
NET012725,2026-06-30 13:09:00,U1030,betty.rodriguez86	,mail.corp.local,INTERNAL,201501,WKSTN-U1030
NET019536,2026-06-30 13:06:00,U1047,sandra.lewis,mail.corp.local,INTERNAL,435506,WKSTN-U1047
NET027494,2026-06-30 13:19:00,U1067,paul.thomas97,vpn.corp.local,INTERNAL,12643,WKSTN-U1067
NET009606,2026-06-30 13:10:00,U1023,richard.wright,mail.corp.local,INTERNAL,479338,WKSTN-U1023
NET019902,2026-06-30 13:41:00,U1048,jennifer.thomas87,confluence.corp.local,,376011,WKSTN-U1048
NET011425,2026-06-30 13:35:00,U1027,  patricia.brown75 ,linkedin.com,EXTERNAL,19863,WKSTN-U1027
NET003576,2026-06-30 13:19:00,U1009,daniel.brown,mail.corp.local,INTERNAL,13072,WKSTN-U1009
NET008258,2026-06-30 13:27:00,U1020,andrew.thomas36,vpn.corp.local,INTERNAL,191138,WKSTN-U1020
NET011849,2026-06-30 13:15:00,U1028,john.hill,sharepoint.corp.local,INTERNAL,191724,WKSTN-U1028
NET024294,2026-06-30 13:33:00,U1059,daniel.perez98,hr-portal.corp.local	,INTERNAL,268719,WKSTN-U1059
NET004318,2026-06-30 13:33:00,U1011,donna.ramirez75,sharepoint.corp.local,INTERNAL,455190,WKSTN-U1011
NET021097,2026-06-30 13:29:00,U1051,sandra.king72,vpn.corp.local,INTERNAL,369775,WKSTN-U1051
NET024681,2026-06-30 13:21:00,U1060,matthew.anderson,sharepoint.corp.local,INTERNAL,96255,WKSTN-U1060
NET040606,2026-06-30 13:31:00,U1098,nancy.wright49,sharepoint.corp.local,INTERNAL,444152,WKSTN-U1098
NET025898,2026-06-30 13:08:00,U1063,john.nguyen,jira.corp.local,INTERNAL,484220,WKSTN-U1063
NET013139,2026-06-30 13:10:00,U1031,john.wright28	,jira.corp.local,INTERNAL,201568,WKSTN-U1031
NET007373,2026-06-30 13:30:00,U1018,betty.white57,sharepoint.corp.local,INTERNAL,146320,WKSTN-U1018
NET040975,2026-06-30 13:16:00,U1099,joseph.garcia,sharepoint.corp.local,INTERNAL,45454,WKSTN-U1099
NET015108,2026-06-30 13:06:00,U1036,linda.jones,jira.corp.local,INTERNAL,67534,WKSTN-U1036
NET002018,2026-06-30 13:35:00,U1005,  robert.robinson ,vpn.corp.local,,58249,WKSTN-U1005
NET025505,2026-06-30 13:23:00,U1062,william.martin,hr-portal.corp.local,INTERNAL,460400,WKSTN-U1062
NET020291,2026-06-30 13:29:00,U1049,michelle.jones59,jira.corp.local,,82688,WKSTN-U1049
NET019904,2026-06-30 13:30:00,U1048,jennifer.thomas87,,INTERNAL,388956,WKSTN-U1048
NET003164,2026-06-30 13:37:00,U1008,joshua.hernandez,confluence.corp.local,INTERNAL,371538,WKSTN-U1008
NET016297,2026-06-30 13:30:00,U1039,mark.thomas,sharepoint.corp.local,INTERNAL,57943,WKSTN-U1039
NET009609,2026-06-30 13:56:00,U1023,richard.wright,sharepoint.corp.local	,INTERNAL,86735,WKSTN-U1023
NET019900,2026-06-30 13:48:00,U1048,jennifer.thomas87,vpn.corp.local,INTERNAL,90472,WKSTN-U1048
NET024678,2026-06-30 13:51:00,U1060,MATTHEW.ANDERSON,mail.corp.local,INTERNAL,226978,WKSTN-U1060
NET019905,2026-06-30 13:55:00,U1048,jennifer.thomas87,weather.com,EXTERNAL,7177,WKSTN-U1048
NET037242,2026-06-30 14:14:00,U1090,mary.hill,sharepoint.corp.local,INTERNAL,419643,WKSTN-U1090
NET027877,2026-06-30 14:12:00,U1068,susan.thompson34,hr-portal.corp.local,INTERNAL,264072,WKSTN-U1068
NET003166,2026-06-30 14:05:00,U1008,joshua.hernandez,confluence.corp.local,INTERNAL,227133,  WKSTN-U1008 
NET003165,2026-06-30 14:02:00,U1008,joshua.hernandez,confluence.corp.local,INTERNAL,422226,WKSTN-U1008
NET028317,2026-06-30 13:42:00,U1069,jessica.clark,jira.corp.local,INTERNAL,,WKSTN-U1069
NET000392,2026-06-30 13:49:00,U1001,linda.johnson95,mail.corp.local,INTERNAL,39779,WKSTN-U1001
NET012287,2026-06-30 14:12:00,U1029,michelle.garcia54,hr-portal.corp.local,INTERNAL,398408,WKSTN-U1029
NET027875,2026-06-30 14:13:00,U1068,susan.thompson34,hr-portal.corp.local,INTERNAL,359950,WKSTN-U1068
NET019534,2026-06-30 13:50:00,U1047,sandra.lewis	,hr-portal.corp.local,INTERNAL,498275,WKSTN-U1047
NET033192,2026-06-30 14:10:00,U1081,margaret.davis,confluence.corp.local,INTERNAL,368476,WKSTN-U1081
NET038577,2026-06-30 14:09:00,U1093,sarah.clark44,sharepoint.corp.local,INTERNAL,,WKSTN-U1093
NET028315,2026-06-30 14:13:00,U1069,jessica.clark,mail.corp.local,INTERNAL,447740,  WKSTN-U1069 
NET037687,2026-06-30 13:46:00,U1091,linda.robinson,news.com,EXTERNAL,2649,WKSTN-U1091
NET040609,2026-06-30 13:46:00,U1098,nancy.wright49,sharepoint.corp.local,INTERNAL,-427458.0,WKSTN-U1098
NET038136,2026-06-30 13:57:00,U1092,steven.thomas,vpn.corp.local,INTERNAL,90357,WKSTN-U1092
NET040607,2026-06-30 14:08:00,U1098,nancy.wright49,confluence.corp.local,,460894,WKSTN-U1098
NET040220,2026-06-30 14:02:00,U1097,mark.martinez10,vpn.corp.local,INTERNAL,107852,
NET012285,2026-06-30 14:05:00,U1029,michelle.garcia54,mail.corp.local,INTERNAL,46242,WKSTN-U1029
NET001231,2026-06-30 14:09:00,U1003,kenneth.clark29,jira.corp.local,INTERNAL,348334,WKSTN-U1003
NET023487,2026-06-30 14:08:00,U1057,nancy.sanchez,hr-portal.corp.local,INTERNAL,306973,WKSTN-U1057
NET037685,2026-06-30 13:47:00,U1091,linda.robinson,jira.corp.local,INTERNAL,149960,WKSTN-U1091
NET029119,2026-06-30 14:15:00,U1071,matthew.robinson35,mail.corp.local,INTERNAL,161219,WKSTN-U1071
NET036769,2026-06-30 14:16:00,U1089,paul.brown27,jira.corp.local,INTERNAL,278720,WKSTN-U1089
NET013935,2026-06-30 14:29:00,U1033,linda.miller,weather.com,EXTERNAL,18401,WKSTN-U1033	
NET008256,2026-06-30 14:22:00,U1020,andrew.thomas36	,mail.corp.local,INTERNAL,104923,WKSTN-U1020
NET009611,2026-06-30 14:37:00,U1023,richard.wright,weather.com,EXTERNAL,1327,WKSTN-U1023
NET039400,2026-06-30 14:32:00,U1095,RICHARD.THOMAS74,vpn.corp.local,internal,479078,WKSTN-U1095
NET040610,2026-06-30 14:32:00,U1098,nancy.wright49,jira.corp.local,INTERNAL,216780,WKSTN-U1098
NET035418,2026-06-30 14:30:00,U1086,steven.thompson53,confluence.corp.local,INTERNAL,451767,WKSTN-U1086
NET006420,2026-06-30 14:15:00,U1016,patricia.thomas,sharepoint.corp.local,INTERNAL,176413,WKSTN-U1016
NET040976,2026-06-30 14:42:00,U1099,joseph.garcia,vpn.corp.local,INTERNAL,146596,WKSTN-U1099
NET011424,2026-06-30 14:36:00,U1027,patricia.brown75,hr-portal.corp.local,INTERNAL,114484,WKSTN-U1027
NET019122,2026-06-30 14:32:00,U1046,michelle.torres39	,jira.corp.local,INTERNAL,115067,WKSTN-U1046
NET032762,2026-06-30 14:30:00,U1080,joseph.jackson91,confluence.corp.local,INTERNAL,288508,WKSTN-U1080
NET007377,2026-06-30 14:22:00,U1018,betty.white57,confluence.corp.local,INTERNAL,92497,WKSTN-U1018
NET022318,2026-06-30 14:16:00,U1054,anthony.martinez,jira.corp.local,INTERNAL,,WKSTN-U1054
NET029531,2026-06-30 14:18:00,U1072,kenneth.lopez,mail.corp.local,INTERNAL,340039,WKSTN-U1072
NET005976,2026-06-30 14:42:00,U1015,lisa.hernandez,news.com,EXTERNAL,18930,WKSTN-U1015
NET035864,2026-06-30 14:41:00,U1087,charles.sanchez,mail.corp.local,INTERNAL,89643,WKSTN-U1087
NET018707,2026-06-30 14:35:00,U1045,daniel.sanchez90,sharepoint.corp.local,INTERNAL,425670,WKSTN-U1045
NET007812,2026-06-30 14:15:00,U1019,donna.anderson,mail.corp.local,INTERNAL,411620,WKSTN-U1019
NET030330,2026-06-30 14:15:00,U1074,sarah.williams7,mail.corp.local,INTERNAL,174252,WKSTN-U1074
NET024293,2026-06-30 14:22:00,U1059,daniel.perez98,jira.corp.local,INTERNAL,112923,WKSTN-U1059
NET000817,2026-06-30 14:39:00,U1002,donna.ramirez,vpn.corp.local,,192099,WKSTN-U1002
NET008257,2026-06-30 14:31:00,U1020,andrew.thomas36,  vpn.corp.local ,INTERNAL,225749,WKSTN-U1020
NET006918,2026-06-30 14:33:00,U1017,emily.hernandez34,vpn.corp.local,INTERNAL,94226,WKSTN-U1017
NET017515,2026-06-30 15:05:00,U1042,michael.hill56,hr-portal.corp.local,INTERNAL,205441,WKSTN-U1042
NET027879,2026-06-30 14:53:00,U1068,susan.thompson34,confluence.corp.local,INTERNAL,245125,WKSTN-U1068
NET014723,2026-06-30 14:47:00,U1035,nancy.rodriguez82,confluence.corp.local,INTERNAL,301884,WKSTN-U1035
NET007813,2026-06-30 14:52:00,U1019,DONNA.ANDERSON,vpn.corp.local,INTERNAL,77916,WKSTN-U1019
NET033194,2026-06-30 15:15:00,U1081,margaret.davis,linkedin.com,EXTERNAL,8908,WKSTN-U1081
NET008707,2026-06-30 15:05:00,U1021,jessica.walker,hr-portal.corp.local,INTERNAL,106884,WKSTN-U1021
NET014724,2026-06-30 15:05:00,U1035,nancy.rodriguez82,sharepoint.corp.local,INTERNAL,74399,WKSTN-U1035
NET039009,2026-06-30 15:12:00,U1094,elizabeth.lewis69,vpn.corp.local,,76804,WKSTN-U1094
NET026290,2026-06-30 15:13:00,U1064,matthew.wright55,jira.corp.local,INTERNAL,20046,WKSTN-U1064
NET007375,2026-06-30 15:08:00,U1018,betty.white57,hr-portal.corp.local,INTERNAL,310311,WKSTN-U1018
NET021490,2026-06-30 14:46:00,U1052,paul.taylor,news.com,EXTERNAL,16725,WKSTN-U1052
NET018306,2026-06-30 15:09:00,U1044,lisa.ramirez9,confluence.corp.local,INTERNAL,459699,WKSTN-U1044
NET005564,2026-06-30 15:17:00,U1014,james.taylor,sharepoint.corp.local,,280913,WKSTN-U1014
NET019533,2026-06-30 15:16:00,U1047,sandra.lewis,  mail.corp.local ,INTERNAL,228683,WKSTN-U1047
NET024679,2026-06-30 14:53:00,U1060,matthew.anderson,hr-portal.corp.local,INTERNAL,316195,WKSTN-U1060
NET003168,2026-06-30 15:08:00,U1008,,jira.corp.local,INTERNAL,168853,WKSTN-U1008
NET030714,2026-06-30 14:54:00,U1075,steven.lewis,mail.corp.local,INTERNAL,38338,WKSTN-U1075
NET039399,2026-06-30 14:51:00,U1095,richard.thomas74,jira.corp.local,INTERNAL,41218,WKSTN-U1095
NET037243,2026-06-30 15:03:00,U1090,mary.hill	,confluence.corp.local,INTERNAL,389822,WKSTN-U1090
NET019123,2026-06-30 14:49:00,U1046,michelle.torres39,linkedin.com,EXTERNAL,8047,WKSTN-U1046
NET029923,2026-06-30 14:51:00,U1073,michael.gonzalez,sharepoint.corp.local,INTERNAL,145313,  WKSTN-U1073 
NET036332,2026-06-30 15:06:00,U1088,andrew.smith85,hr-portal.corp.local,INTERNAL,112270,WKSTN-U1088
NET035419,2026-06-30 15:04:00,U1086,steven.thompson53,mail.corp.local,INTERNAL,7501,WKSTN-U1086
NET022707,2026-06-30 15:14:00,U1055,patricia.wilson54,mail.corp.local,INTERNAL,56052,WKSTN-U1055
NET038575,2026-06-30 15:01:00,U1093,sarah.clark44,confluence.corp.local,INTERNAL,394127,WKSTN-U1093
NET003941,2026-06-30 15:52:00,U1010,susan.young51,vpn.corp.local,INTERNAL,47336,WKSTN-U1010
NET027111,2026-06-30 15:36:00,U1066,michelle.wright62,jira.corp.local,INTERNAL,130300,WKSTN-U1066
NET002796,2026-06-30 15:26:00,U1007,sarah.robinson82,hr-portal.corp.local,INTERNAL,93750,WKSTN-U1007
NET006422,2026-06-30 15:29:00,U1016,patricia.thomas	,news.com,EXTERNAL,1717,WKSTN-U1016
NET002019,2026-06-30 15:39:00,U1005,robert.robinson,hr-portal.corp.local,INTERNAL,88097,WKSTN-U1005
NET026287,2026-06-30 15:42:00,U1064,matthew.wright55,sharepoint.corp.local,INTERNAL,92413,WKSTN-U1064
NET034971,2026-06-30 15:22:00,U1085,barbara.walker67,hr-portal.corp.local,INTERNAL,5454,WKSTN-U1085
NET003575,2026-06-30 15:39:00,U1009,daniel.brown,mail.corp.local,INTERNAL,446952,WKSTN-U1009
NET009160,2026-06-30 16:00:00,U1022,sandra.brown,confluence.corp.local,INTERNAL,136179,WKSTN-U1022
NET029530,2026-06-30 15:30:00,U1072,kenneth.lopez,,INTERNAL,450413,WKSTN-U1072
NET007376,2026-06-30 15:52:00,U1018,betty.white57,jira.corp.local,INTERNAL,415808,WKSTN-U1018
NET014327,2026-06-30 15:38:00,U1034,thomas.allen63,confluence.corp.local,INTERNAL,253404,WKSTN-U1034
NET015525,2026-06-30 15:59:00,U1037,robert.martin,mail.corp.local,INTERNAL,275817,
NET021487,2026-06-30 15:58:00,U1052,paul.taylor,vpn.corp.local,INTERNAL,267890,WKSTN-U1052
NET012288,2026-06-30 15:49:00,U1029,michelle.garcia54,weather.com,EXTERNAL,10253,WKSTN-U1029
NET004736,2026-06-30 15:51:00,U1012,linda.martinez,vpn.corp.local,,334936,WKSTN-U1012
NET003578,2026-06-30 15:36:00,U1009,daniel.brown,hr-portal.corp.local,INTERNAL,258697,WKSTN-U1009
NET017909,2026-06-30 15:27:00,U1043,thomas.williams91,,INTERNAL,492331,WKSTN-U1043
NET017908,2026-06-30 15:17:00,U1043,thomas.williams91,mail.corp.local,INTERNAL,284472,WKSTN-U1043
NET003942,2026-06-30 15:18:00,U1010,susan.young51,sharepoint.corp.local,INTERNAL,203524,WKSTN-U1010
NET009610,2026-06-30 15:57:00,U1023,richard.wright,confluence.corp.local,INTERNAL,435875,WKSTN-U1023
NET020703,2026-06-30 15:27:00,U1050,michael.ramirez,vpn.corp.local,INTERNAL,199568,WKSTN-U1050
NET030331,2026-06-30 15:40:00,U1074,sarah.williams7,confluence.corp.local,INTERNAL,31513,WKSTN-U1074
NET000816,2026-06-30 15:45:00,U1002,donna.ramirez,vpn.corp.local,INTERNAL,80898,WKSTN-U1002
NET023486,2026-06-30 15:45:00,U1057,nancy.sanchez,vpn.corp.local,INTERNAL,309305,WKSTN-U1057
NET036767,2026-06-30 16:16:00,U1089,paul.brown27,confluence.corp.local,INTERNAL,301295,WKSTN-U1089
NET020289,2026-06-30 16:12:00,U1049,michelle.jones59,confluence.corp.local,INTERNAL,153244,WKSTN-U1049
NET035861,2026-06-30 16:10:00,U1087,charles.sanchez,hr-portal.corp.local,INTERNAL,455882,WKSTN-U1087
NET040608,2026-06-30 16:23:00,U1098,nancy.wright49,mail.corp.local,INTERNAL,68675,WKSTN-U1098
NET015524,2026-06-30 16:33:00,U1037,robert.martin,confluence.corp.local,INTERNAL,409234,WKSTN-U1037
NET009162,2026-06-30 16:08:00,U1022,sandra.brown,linkedin.com,EXTERNAL,5005,WKSTN-U1022
NET009608,2026-06-30 16:27:00,U1023,richard.wright,jira.corp.local,INTERNAL,331697,WKSTN-U1023
NET041385,2026-06-30 16:01:00,U1100,daniel.brown38,sharepoint.corp.local,INTERNAL,208058,WKSTN-U1100
NET005973,2026-06-30 16:23:00,U1015,lisa.hernandez,confluence.corp.local,INTERNAL,440236,WKSTN-U1015
NET024682,2026-06-30 16:01:00,U1060,matthew.anderson,mail.corp.local,INTERNAL,448643,WKSTN-U1060
NET005175,2026-06-30 16:04:00,U1013,emily.smith,sharepoint.corp.local,INTERNAL,263248,WKSTN-U1013
NET013932,2026-06-30 16:29:00,U1033,linda.miller,jira.corp.local,INTERNAL,391095,WKSTN-U1033
NET021899,2026-06-30 16:36:00,U1053,john.jackson31,vpn.corp.local,INTERNAL,221624,WKSTN-U1053
NET036330,2026-06-30 16:16:00,U1088,andrew.smith85,confluence.corp.local,INTERNAL,86885,WKSTN-U1088
NET031493,2026-06-30 16:26:00,U1077,kimberly.harris58,  hr-portal.corp.local ,INTERNAL,284432,WKSTN-U1077
NET037684,2026-06-30 16:09:00,U1091,linda.robinson,confluence.corp.local,INTERNAL,103319,WKSTN-U1091
NET021896,2026-06-30 16:12:00,U1053,JOHN.JACKSON31,jira.corp.local,INTERNAL,376994,WKSTN-U1053
NET021486,2026-06-30 16:22:00,U1052,paul.taylor,hr-portal.corp.local,INTERNAL,450664,WKSTN-U1052
NET033633,2026-06-30 16:10:00,U1082,karen.hill96,confluence.corp.local,INTERNAL,424367,WKSTN-U1082
NET001234,2026-06-30 16:41:00,U1003,kenneth.clark29,confluence.corp.local,INTERNAL,441382,
NET018305,2026-06-30 16:25:00,U1044,lisa.ramirez9,sharepoint.corp.local,INTERNAL,440473,WKSTN-U1044
NET023485,2026-06-30 16:21:00,U1057,nancy.sanchez,,INTERNAL,464776,WKSTN-U1057
NET010946,2026-06-30 16:40:00,U1026,elizabeth.gonzalez	,vpn.corp.local,INTERNAL,305459,WKSTN-U1026
NET006920,2026-06-30 16:07:00,U1017,emily.hernandez34,sharepoint.corp.local,INTERNAL,309069,WKSTN-U1017
NET030332,2026-06-30 16:13:00,U1074,sarah.williams7,confluence.corp.local,INTERNAL,102118,WKSTN-U1074
NET000818,2026-06-30 16:43:00,U1002,donna.ramirez,confluence.corp.local,INTERNAL,225556,WKSTN-U1002
NET018307,2026-06-30 17:30:00,U1044,lisa.ramirez9,vpn.corp.local,INTERNAL,406332,WKSTN-U1044
NET031492,2026-06-30 17:02:00,U1077,kimberly.harris58,hr-portal.corp.local,INTERNAL,348217,WKSTN-U1077
NET031100,2026-06-30 17:12:00,U1076,john.torres,sharepoint.corp.local	,INTERNAL,216579,WKSTN-U1076
NET005972,2026-06-30 17:16:00,U1015,LISA.HERNANDEZ,sharepoint.corp.local,INTERNAL,120499,WKSTN-U1015
NET002416,2026-06-30 16:49:00,U1006,george.gonzalez,mail.corp.local,INTERNAL,380193,WKSTN-U1006
NET037683,2026-06-30 17:03:00,U1091,linda.robinson,vpn.corp.local,INTERNAL,27861,WKSTN-U1091
NET027742,2026-06-19 13:45:00,U1068,susan.thompson34,confluence.corp.local,internal,406485,WKSTN-U1068
NET002797,2026-06-30 16:50:00,U1007,sarah.robinson82,jira.corp.local,INTERNAL,44423,WKSTN-U1007
NET015928,2026-06-30 17:33:00,U1038,emily.clark,jira.corp.local,INTERNAL,248907,WKSTN-U1038
NET032323,2026-06-30 17:02:00,U1079,emily.jones,confluence.corp.local,INTERNAL,76500,WKSTN-U1079
NET004735,2026-06-30 17:48:00,U1012,linda.martinez,vpn.corp.local,INTERNAL,353381,WKSTN-U1012
NET013546,2026-06-30 17:04:00,U1032,paul.wright91,jira.corp.local,INTERNAL,427111,WKSTN-U1032
NET039812,2026-06-30 17:18:00,U1096,david.allen76,mail.corp.local,INTERNAL,379606,WKSTN-U1096
NET035862,2026-06-30 16:59:00,U1087,charles.sanchez,jira.corp.local,INTERNAL,,WKSTN-U1087
NET039777,2026-06-26 09:45:00,U1096,david.allen76,sharepoint.corp.local,INTERNAL,27675,WKSTN-U1096
NET021898,2026-06-30 17:20:00,U1053,john.jackson31,hr-portal.corp.local,INTERNAL,47418,WKSTN-U1053
NET022317,2026-06-30 16:42:00,U1054,  anthony.martinez ,confluence.corp.local,INTERNAL,239036,WKSTN-U1054
NET012728,2026-06-30 17:05:00,U1030,,mail.corp.local,INTERNAL,400458,WKSTN-U1030
NET041478,2026-07-01 00:48:00,U1022,sandra.brown,personal-cloud-storage.net,EXTERNAL,197522407,WKSTN-U1022
NET016894,2026-06-12 12:15:00,U1041,matthew.allen52,vpn.corp.local,INTERNAL,191361,WKSTN-U1041
NET010633,2026-06-08 09:47:00,U1026,elizabeth.gonzalez,vpn.corp.local,INTERNAL,263712,WKSTN-U1026
NET010948,2026-06-30 17:35:00,U1026,elizabeth.gonzalez,news.com,EXTERNAL,17452,WKSTN-U1026
NET015927,2026-06-30 16:57:00,U1038,emily.clark,sharepoint.corp.local,INTERNAL,339358,WKSTN-U1038	
NET008412,2026-06-10 09:36:00,U1021,jessica.walker,vpn.corp.local,INTERNAL,423910,WKSTN-U1021
NET030146,2026-06-17 16:10:00,U1074,sarah.williams7,confluence.corp.local,INTERNAL,188509,WKSTN-U1074
NET030453,2026-06-09 14:34:00,U1075,steven.lewis,confluence.corp.local,INTERNAL,25861,WKSTN-U1075
NET021147,2026-06-03 13:30:00,U1052,paul.taylor,hr-portal.corp.local,INTERNAL,479312,WKSTN-U1052
NET017161,2026-06-03 10:53:00,U1042,michael.hill56,vpn.corp.local,INTERNAL,337900,WKSTN-U1042
NET009775,2026-06-10 15:48:00,U1024,emily.miller,sharepoint.corp.local,INTERNAL,110066,WKSTN-U1024
NET018109,2026-06-15 11:49:00,U1044,lisa.ramirez9,jira.corp.local,internal,245784,WKSTN-U1044
NET032758,2026-06-30 11:21:00,U1080,joseph.jackson91,mail.corp.local,INTERNAL,331160,WKSTN-U1080
NET033934,2026-06-19 14:11:00,U1083,sarah.allen70,hr-portal.corp.local,INTERNAL,379627,WKSTN-U1083
NET008876,2026-06-10 11:52:00,U1022,sandra.brown,sharepoint.corp.local,INTERNAL,428075,  WKSTN-U1022 
NET002646,2026-06-17 15:31:00,U1007,sarah.robinson82,jira.corp.local,INTERNAL,173325,WKSTN-U1007
NET035051,2026-06-04 11:35:00,U1086,steven.thompson53,mail.corp.local,INTERNAL,258517,WKSTN-U1086
NET017852,2026-06-25 11:21:00,U1043,thomas.williams91,sharepoint.corp.local,INTERNAL,213457,WKSTN-U1043
NET003256,2026-06-05 09:42:00,U1009,daniel.brown,hr-portal.corp.local,INTERNAL,35147,WKSTN-U1009
NET024682,2026-06-30 16:01:00,U1060,matthew.anderson,mail.corp.local,INTERNAL,448643,WKSTN-U1060
NET010075,2026-06-01 09:58:00,U1025,betty.brown22,sharepoint.corp.local,INTERNAL,333322,WKSTN-U1025
NET023993,2026-06-06 17:07:00,U1059,daniel.perez98,vpn.corp.local,INTERNAL,,WKSTN-U1059
NET018200,2026-06-22 11:54:00,U1044,lisa.ramirez9,vpn.corp.local,INTERNAL,273827,
NET030697,2026-06-29 14:52:00,U1075,steven.lewis,confluence.corp.local,INTERNAL,85401,WKSTN-U1075
NET015852,2026-06-24 08:12:00,U1038,emily.clark,vpn.corp.local,INTERNAL,499311,WKSTN-U1038
NET008341,2026-06-04 09:10:00,U1021,,sharepoint.corp.local,INTERNAL,88739,WKSTN-U1021
NET025782,2026-06-19 13:24:00,U1063,john.nguyen,vpn.corp.local,INTERNAL,323660,WKSTN-U1063
NET010457,2026-06-26 12:20:00,U1025,betty.brown22,hr-portal.corp.local,INTERNAL,33080,WKSTN-U1025
NET024042,2026-06-10 09:27:00,U1059,daniel.perez98,vpn.corp.local,,316678,WKSTN-U1059
NET008622,2026-06-24 10:45:00,U1021,jessica.walker,vpn.corp.local,INTERNAL,234777,WKSTN-U1021
NET023007,2026-06-23 13:39:00,U1056,anthony.clark,jira.corp.local,,3511,
NET008132,2026-06-22 13:34:00,U1020,andrew.thomas36,jira.corp.local,INTERNAL,80790,WKSTN-U1020
NET005745,2026-06-12 08:31:00,U1015,lisa.hernandez,sharepoint.corp.local,INTERNAL,259643,WKSTN-U1015
NET011423,2026-06-30 11:43:00,U1027,patricia.brown75,sharepoint.corp.local,INTERNAL,218267,WKSTN-U1027
NET012652,2026-06-24 08:26:00,U1030,betty.rodriguez86,hr-portal.corp.local,INTERNAL,201049,WKSTN-U1030
NET005498,2026-06-25 15:33:00,U1014,james.taylor,hr-portal.corp.local,INTERNAL,104089,WKSTN-U1014
NET035812,2026-06-26 11:56:00,U1087,charles.sanchez,  sharepoint.corp.local ,INTERNAL,50649,WKSTN-U1087
NET026528,2026-06-17 12:17:00,U1065,michael.ramirez47,confluence.corp.local,INTERNAL,249478,WKSTN-U1065
NET017778,2026-06-19 10:55:00,U1043,  thomas.williams91 ,mail.corp.local,INTERNAL,412092,WKSTN-U1043
NET040552,2026-06-25 13:15:00,U1098,nancy.wright49,vpn.corp.local,INTERNAL,141086,WKSTN-U1098
NET017851,2026-06-25 13:57:00,U1043,thomas.williams91,confluence.corp.local,INTERNAL,411856,WKSTN-U1043
NET041366,2026-06-29 13:31:00,U1100,daniel.brown38,vpn.corp.local,INTERNAL,7192,WKSTN-U1100
NET016346,2026-06-03 13:04:00,U1040,matthew.martin,jira.corp.local,INTERNAL,301318,WKSTN-U1040
NET037023,2026-06-15 15:31:00,U1090,mary.hill,mail.corp.local,INTERNAL,184744,
NET036850,2026-06-04 14:28:00,U1090,mary.hill,mail.corp.local,INTERNAL,461995,WKSTN-U1090
NET017730,2026-06-16 15:39:00,U1043,thomas.williams91,sharepoint.corp.local,INTERNAL,39746,WKSTN-U1043
NET009387,2026-06-15 10:44:00,U1023,richard.wright,vpn.corp.local,INTERNAL,374318,WKSTN-U1023
NET027661,2026-06-12 14:50:00,U1068,susan.thompson34,mail.corp.local,INTERNAL,425942,WKSTN-U1068
NET025449,2026-06-25 09:44:00,U1062,william.martin,sharepoint.corp.local,INTERNAL,446663,WKSTN-U1062
NET019772,2026-06-18 14:58:00,U1048,,jira.corp.local,internal,348601,WKSTN-U1048
NET021275,2026-06-12 11:38:00,U1052,paul.taylor,confluence.corp.local,INTERNAL,5469,WKSTN-U1052
NET027820,2026-06-25 10:58:00,U1068,susan.thompson34,linkedin.com,EXTERNAL,14702,WKSTN-U1068
NET040049,2026-06-16 10:13:00,U1097,mark.martinez10,confluence.corp.local,INTERNAL,117973,WKSTN-U1097
NET034655,2026-06-08 14:23:00,U1085,barbara.walker67,  mail.corp.local ,INTERNAL,381905,WKSTN-U1085
NET007852,2026-06-02 10:49:00,U1020,andrew.thomas36,confluence.corp.local,INTERNAL,71011,WKSTN-U1020
NET034736,2026-06-12 16:48:00,U1085,barbara.walker67,hr-portal.corp.local,internal,142992,WKSTN-U1085
NET018509,2026-06-16 17:11:00,U1045,daniel.sanchez90,vpn.corp.local,INTERNAL,499616,WKSTN-U1045
NET008356,2026-06-05 09:38:00,U1021,jessica.walker,vpn.corp.local,INTERNAL,476619,WKSTN-U1021
NET036329,2026-06-30 12:45:00,U1088,,jira.corp.local,INTERNAL,331071,WKSTN-U1088
NET016093,2026-06-12 13:38:00,U1039,mark.thomas,vpn.corp.local,INTERNAL,262805,WKSTN-U1039
NET015154,2026-06-03 13:35:00,U1037,robert.martin,hr-portal.corp.local,INTERNAL,116367,WKSTN-U1037
NET005605,2026-06-02 08:23:00,U1015,lisa.hernandez,sharepoint.corp.local,INTERNAL,94660,WKSTN-U1015
NET029294,2026-06-11 08:53:00,U1072,kenneth.lopez,sharepoint.corp.local,INTERNAL,449518,WKSTN-U1072
NET031808,2026-06-23 12:19:00,U1078,michelle.miller,jira.corp.local,INTERNAL,90749,WKSTN-U1078
NET022277,2026-06-26 14:59:00,U1054,,jira.corp.local,INTERNAL,352495,WKSTN-U1054
NET004587,2026-06-19 14:48:00,U1012,linda.martinez,vpn.corp.local,INTERNAL,393048,WKSTN-U1012
NET000213,2026-06-16 11:20:00,U1001,linda.johnson95,vpn.corp.local,INTERNAL,186018,WKSTN-U1001
NET032958,2026-06-12 09:47:00,U1081,margaret.davis,jira.corp.local,INTERNAL,347050,WKSTN-U1081
NET004681,2026-06-25 14:07:00,U1012,linda.martinez,hr-portal.corp.local,INTERNAL,98772,WKSTN-U1012
NET028622,2026-06-23 11:17:00,U1070,betty.thomas40,confluence.corp.local,INTERNAL,459825,WKSTN-U1070
NET011335,2026-06-24 15:38:00,U1027,patricia.brown75,sharepoint.corp.local,INTERNAL,185474,WKSTN-U1027
NET034501,2026-06-26 08:52:00,U1084,joshua.taylor,mail.corp.local,INTERNAL,132075,WKSTN-U1084
NET035186,2026-06-12 15:15:00,U1086,steven.thompson53,hr-portal.corp.local,INTERNAL,265706,WKSTN-U1086
NET015192,2026-06-05 14:34:00,U1037,robert.martin,jira.corp.local,INTERNAL,205256,WKSTN-U1037
NET021583,2026-06-05 13:09:00,U1053,john.jackson31,confluence.corp.local,INTERNAL,58307,WKSTN-U1053
NET007406,2026-06-02 09:21:00,U1019,donna.anderson,hr-portal.corp.local,INTERNAL,216229,WKSTN-U1019
NET033785,2026-06-10 17:19:00,U1083,sarah.allen70,hr-portal.corp.local,INTERNAL,189083,WKSTN-U1083
NET003204,2026-06-02 11:44:00,U1009,daniel.brown,sharepoint.corp.local,INTERNAL,184004,WKSTN-U1009
NET028316,2026-06-30 10:25:00,U1069,jessica.clark,sharepoint.corp.local,INTERNAL,482345,WKSTN-U1069
NET040516,2026-06-23 14:48:00,U1098,nancy.wright49,hr-portal.corp.local,INTERNAL,344779,WKSTN-U1098
NET009122,2026-06-26 13:03:00,U1022,sandra.brown,hr-portal.corp.local,INTERNAL,217625,WKSTN-U1022
NET008856,2026-06-09 16:32:00,U1022,sandra.brown,hr-portal.corp.local,INTERNAL,125127,WKSTN-U1022
NET020133,2026-06-17 13:34:00,U1049,michelle.jones59,news.com,EXTERNAL,15599,WKSTN-U1049
NET012137,2026-06-18 12:29:00,U1029,michelle.garcia54,vpn.corp.local,INTERNAL,394403,WKSTN-U1029
NET020628,2026-06-24 10:01:00,U1050,michael.ramirez,vpn.corp.local,INTERNAL,140943,WKSTN-U1050
NET008374,2026-06-08 13:35:00,U1021,JESSICA.WALKER,jira.corp.local,INTERNAL,459647,WKSTN-U1021
NET013843,2026-06-23 15:24:00,U1033,linda.miller,vpn.corp.local,INTERNAL,80005,WKSTN-U1033
NET031663,2026-06-11 11:56:00,U1078,michelle.miller,vpn.corp.local,INTERNAL,209342,  WKSTN-U1078 
NET022156,2026-06-18 14:34:00,U1054,anthony.martinez,mail.corp.local,INTERNAL,246448,WKSTN-U1054
NET016680,2026-06-26 14:51:00,U1040,matthew.martin	,confluence.corp.local,internal,221006,WKSTN-U1040
NET023677,2026-06-12 13:55:00,U1058,jennifer.ramirez18,mail.corp.local,INTERNAL,474521,WKSTN-U1058
NET026933,2026-06-16 13:52:00,U1066,michelle.wright62,hr-portal.corp.local,INTERNAL,55362,WKSTN-U1066
NET013454,2026-06-23 14:09:00,U1032,paul.wright91,mail.corp.local,INTERNAL,338064,WKSTN-U1032
NET002243,2026-06-16 15:07:00,U1006,george.gonzalez,  linkedin.com ,EXTERNAL,1920,WKSTN-U1006
NET036048,2026-06-09 14:59:00,U1088,andrew.smith85,confluence.corp.local,INTERNAL,175314,WKSTN-U1088
NET016131,2026-06-16 14:59:00,U1039,mark.thomas,mail.corp.local,INTERNAL,321129,WKSTN-U1039
NET011969,2026-06-08 17:00:00,U1029,michelle.garcia54,vpn.corp.local,INTERNAL,235289,WKSTN-U1029
NET030898,2026-06-12 10:56:00,U1076,john.torres,mail.corp.local,INTERNAL,165849,WKSTN-U1076
